OrganizationId,OrganizationFormalName,StampInit,StampDate,OwnerId
1,25TH ID (LIGHT) & USARHAW,sli,2002-08-22 08:53:54,2406
2,3 W PARTNERS,rkwan,1997-11-28 11:39:16,1069
3,300 CORPORATION,SUP,1992-02-26 00:00:00,1246
4,328 KALIHI ST LTD PARTNERS,CCLARK,1997-05-09 11:25:02,2165
5,5/57TH ATC CO. (FWD),rkwan,2001-08-22 16:32:35,2
6,50 Space Wing/CC,RKWAN,2004-09-21 10:01:11,2481
7,510 PIIKOI LLC,rkwan,2003-04-14 09:14:51,2448
8,900 EHA CORPORATION,RKWAN,1997-10-30 14:14:16,2082
9,"A & B PROPERTIES, INC",RSK,1995-09-13 00:00:00,2098
10,"A & B PROPERTIES, INC.",RKWAN,1997-09-22 15:09:57,153
13,A & M CORPORATION,rkwan,1998-11-16 13:50:31,1777
14,A T & T COMMUNICATION,rilaga,2006-01-12 09:32:12,4
16,A T & T COMMUNICATIONS CORP,knatarajan,2000-10-20 14:10:37,2306
17,"A. B. DELA CRUZ, INC.",,,9
18,A. H. BRODIE,,,1459
19,A.L. KILGO,rkwan,1999-03-04 15:13:14,2334
20,"A-1 A-LECTRICIAN, INC.",,,5
21,"AA ELECTRIC, LTD.",,,10
22,AALA PRODUCE,,,1566
23,ABC CHEMICAL,CJR,1995-09-13 00:00:00,1802
24,ABC CORPORATION,,,11
25,ABE LAUNDRY & DRY CLEANING,,,12
26,ACE TRANSMISSION,RKWAN,1998-12-24 10:30:10,1256
27,"AERONAUTICAL RADIO, INC",rkwan,2001-08-21 08:56:07,1420
28,"AIRPORT FLOWER AND FRUIT, INC",RKWAN,1997-09-22 15:11:05,1771
29,AIRPORT INDUSTRIAL PARK ASS.,rkwan,2001-05-02 11:55:46,1398
30,AIRPORT URGENT CARE,SUP,1992-12-22 00:00:00,1334
31,AKANA PETROLEUM INC.,,,14
32,AKINA BUS SERVICE,rkwan,1998-12-21 15:54:36,2297
33,"AKITA ENTERPRISES, LTD",rkwan,2000-02-17 11:41:12,15
34,AL PHILLIPS THE CLEANER,,,17
37,AL TAKAHATA SUBARU,SUP,1992-06-01 00:00:00,1533
38,"Ala Moana Property Development, LLC",rilaga,2006-06-13 08:33:58,84
39,ALAMO RENT A CAR,EJS,1996-02-29 00:00:00,1617
40,"ALAMO RENT-A-CAR, INC.",RKWAN,2004-02-11 09:32:29,21
41,"ALBERT C. KOBAYASHI, INC",SUP,1993-02-22 00:00:00,1528
42,ALBERT CASTILLO,SUP,1992-06-29 00:00:00,1549
43,ALBERT'S DRY CLEANERS,,,23
44,ALEX N. OKADA,,,24
46,ALEXANDER & BALDWIN INC.,,,25
48,ALEXANDER TOWER,rkwan,1999-05-25 13:27:03,2350
49,ALFRED & BETTY G. SANTOS,EJS,1996-03-01 00:00:00,194
50,ALFRED G. SANTOS SR,SUP,1993-08-13 00:00:00,1800
51,ALFRED I. CASTILLO (LEASEE),SUP,1992-07-20 00:00:00,1644
52,"ALII MOTORS, INC.",,,27
53,ALII STOR-MOR,,,1450
54,ALL POOL & SPA,,,28
55,ALLIED AGGREGATES CORPORATION,,,29
56,ALLIED BUILDERS SYSTEM,SUP,1993-03-11 00:00:00,1348
57,ALLIED FLOOR CORPORATION,rkwan,1999-08-25 11:43:50,30
58,ALLIED MACHINERY CORP,rkwan,1996-10-07 09:46:53,2151
59,Allied Machinery Corporation,cclark,1996-11-26 14:31:46,2158
60,ALLIED PACIFIC COMPANY OF HAWAII,,,31
61,"ALOHA AIRLINES, INC.",,,32
62,ALOHA COUNCIL,,,33
63,"ALOHA PETROLEUM, LTD.",rkwan,2006-08-01 09:59:06,34
64,ALOHA STATE CORPORATION,,,44
65,ALOHA STATE SALES CO.,,,45
66,"ALOHA TOWER ASSOCIATED PIERS 7, 8, 9",SUP,1994-02-15 00:00:00,1936
67,ALPAC CORPORATION,SUP,1992-01-17 00:00:00,1368
68,ALSCOM INC.,EJS,1996-02-29 00:00:00,2046
69,ALVIN MAKIMOTO,rkwan,2004-03-01 12:01:32,2464
70,AMA PRO SPORTING GOODS,,,46
71,AMARCO REAL ESTATE COMPANY,EJS,1996-02-29 00:00:00,1683
72,AMELCO CORPORATION,SUP,1993-07-28 00:00:00,47
73,AMERICAN FENCE,RKWAN,1999-01-12 10:12:10,2205
74,AMERICAN FENCE COMPANY,,,49
77,AMERICAN PACIFIC TRANSPORT CO.,rkwan,1998-08-28 10:56:30,51
78,AMERON H C & D,,,52
80,AMERON QUARRY & PROPOSED,EJS,1996-02-29 00:00:00,1977
81,AMFAC DISTRIBUTION HAWAII,rkwan,1996-11-20 16:45:13,56
82,AMFAC GARDEN HAWAII,,,59
83,AMFAC PROPERTY INVESTMENT CORP.,,,60
84,AMFAC SUGAR KAUAI,rkwan,1999-10-27 11:44:44,648
85,ANDRADE SERVICE INC.,rkwan,1998-12-10 17:06:15,61
86,"ANDREWS, JOSEPH DR.",CCLARK,1997-03-07 14:59:33,2181
87,ANTHONY A. TAM TRUST,RKWAN,2003-09-11 15:05:39,1435
88,AOAO HARBOR SQUARE,RKWAN,2000-09-06 14:31:25,2329
89,"ARAKI TAXI & U-DRIVE, INC.",rkwan,1999-11-29 17:02:28,64
90,ARAKI TAXI AND U DRIVE DBA PACIFIC RENT A CAR,rkwan,1999-11-29 17:06:57,2370
91,ARCADIA RETIREMENT,rkwan,1998-11-16 16:17:19,2275
92,ARISUMI BROTHERS. INC.,,,65
93,ARMY AIR FORCE EXCHANGE SERVICE (aafes),RKWAN,2006-08-01 15:03:59,2516
94,ARTHUR K. DUNCAN,,,66
95,ASAHI JYUKEN (U.S.A.) INC,RKWAN,2006-06-07 10:34:53,1379
96,ASAKURA BROTHERS LTD.,SUP,1993-08-06 00:00:00,1703
97,"ASSOCIATED STEEL WORKERS, LTD",SUP,1993-03-18 00:00:00,1662
99,"ASSOCIATED STEEL WORKERS, LTD.",,,67
101,ASSOCIATES FOUR,,,69
102,ATELIER USA INC,rkwan,1999-05-27 11:10:32,2351
103,ATHERTON FAMILY FOUNDATION,,,70
104,ATLAS PACIFIC,esadoyama,1997-08-25 10:28:34,71
105,ATSUGI KOKUSAI KANKO LTD.,rkwan,1999-10-19 13:03:36,72
106,"ATTCO, INC.",,,73
107,"AUTO IMPORTS OF HAWAII, INC.",,,74
108,"AUTOMOTIVE WAREHOUSE, INC.",SUP,1992-10-29 00:00:00,75
109,AVCO RESEARCH LAB,,,76
110,AVIS RENT A CAR,rkwan,2003-03-04 10:49:20,81
111,AZEKA BUILDING CORPORATION,rkwan,1996-09-24 10:29:15,2147
112,"AZEKA'S ENTERPRISES, INC.",,,85
113,B & A AUTOMOTIVE,,,86
114,"B & C TRUCKING CO., LTD.",rkwan,2000-03-16 08:47:49,87
115,B&C TRUST C/O ALAKAI REALITY INC,EJS,1996-02-29 00:00:00,1046
116,BACON-UNIVERSAL CO. INC.,SUP,1992-02-12 00:00:00,88
117,BANK OF HAWAII,rkwan,1999-08-03 11:53:01,90
119,Bank of Hawaii Central Processing Facility,rkwan,2007-01-18 13:58:59,2523
120,BARNEY SCHEDELL,EJS,1996-02-29 00:00:00,100
121,BAU PHAN NGOC,,,91
122,BAYFRONT SERVICE INC.,,,92
123,"BC OIL VENTURES, LLC",rkwan,2001-11-19 14:25:51,2338
124,BEACON MOVING & STORAGE,LNAGATOSHI,1996-08-13 13:45:29,2038
125,BEKINS MOVING & STORAGE CO.,rkwan,2000-02-28 09:15:44,98
126,BENIYA SHOKUDO,rkwan,1998-08-28 12:00:08,2260
127,"BENJAMIN ALONZO, SR",RKWAN,1998-10-28 15:29:41,1066
128,"BERGER'S AUTOHAUS, INC.",rkwan,1998-09-29 12:01:52,99
129,BETTY SHINTAKU TOMORI,SUP,1993-10-20 00:00:00,1769
130,"BFI, INC",rkwan,2000-02-28 09:32:58,1679
131,BHP HAWAII INC.,esadoyama,1997-08-18 15:43:42,1291
132,"BHP PETROLEUM AMERICAS TERMINALS, INC",SUP,1993-04-12 00:00:00,811
133,BIG ISLAND BRAKE AND FRONT REPAIR,rkwan,2002-04-24 09:53:34,2433
134,BIG ISLE MOVING & DRAYING,SUP,1993-05-03 00:00:00,1739
135,BIG ISLE MOVING & DRAYING INC.,,,102
136,BIG SAVE CORP.,rkwan,2000-02-02 14:46:14,103
137,"BIG THREE INDUSTRIES, INC.",SUP,1993-04-01 00:00:00,104
138,"BILL'S CRANE SERVICE, INC.",,,105
139,BILS FAMILY PARTNEERSHIP,rkwan,1999-03-03 10:22:14,2333
140,BLANCO INVESTMENTS,EJS,1996-02-29 00:00:00,1781
141,"BLUE & WHITE BUS LINE, LTD.",,,107
142,BOBO'S AUTO SERVICE,,,1302
143,BOISE CASCADE OFFICE PRODUCTS,EJS,1996-02-29 00:00:00,1411
144,"BORDEN, INC",SUP,1993-05-12 00:00:00,1756
145,BORTHWICK KAUAI MORTUARY,SUP,1992-08-06 00:00:00,1649
146,BORTHWICK MEMORIAL SERVICES,,,1217
147,BOY SCOUTS OF AMERICA,SUP,1992-01-31 00:00:00,1384
148,BRAIN WHITTAKER,,,240
149,BREWER ENVIRONMENTAL INDUSTRIES,rkwan,2003-11-28 13:48:33,1399
150,BRIGHAM YOUNG UNIVERSITY,rkwan,2001-05-18 09:12:14,1613
151,BROWNING-FERRIS INDUSTRIES OF HI,SUP,1993-01-21 00:00:00,113
152,BUCHANAN & CO. INC.,,,114
153,"BUCHANAN & COMPANY, INC.",SUP,1994-04-04 00:00:00,1947
154,"BUDGET RENT-A-CAR SYSTEMS, INC.",rkwan,1999-05-27 16:27:29,117
157,BURLINGTON AIR EXPRESS,EJS,1996-02-29 00:00:00,1345
158,"BUSINESS INVESTMENT, LTD",,,1427
159,C AND F MACHINERY CORP.,,,137
160,C&C HNL,rkwan,2000-10-30 14:34:15,1780
162,C&C HNL - DEPT OF ENVIRONMENTAL SERVICES,RKWAN,2006-11-24 13:58:26,2451
163,C&C HNL - DEPT OF FACILITY MAINTENANCE,RKWAN,2004-09-07 16:27:51,2477
164,C&C HNL - DEPT OF TRANSPORTATION,RKWAN,2004-09-07 16:44:52,2479
165,C&C HNL - DEPT. OF FACILITY MAINTENANCE,RKWAN,2004-09-07 16:30:32,2478
166,C&C of HNL,rkwan,2004-06-14 09:47:27,2471
167,C&C OF HNL - ALA WAI GOLF COURSE,rkwan,2000-10-30 14:36:35,1927
168,C&C OF HNL - BOARD OF WATER SUPPLY,rkwan,2000-10-30 14:33:55,109
169,C&C OF HNL - DEPT OF COMMUNITY SERVICES,rkwan,2000-10-30 14:39:01,2340
170,C&C OF HNL - DEPT OF DESIGN & CONSTRUCTION,RKWAN,2004-09-07 16:26:15,124
172,C&C OF HNL - DEPT OF DESIGN AND CONSTRUCTION,RKWAN,2002-08-19 11:40:52,272
173,C&C OF HNL - DEPT OF ENTERPRISE SERVICES,RKWAN,2004-09-07 16:21:32,2204
174,C&C OF HNL - DEPT OF ENVIRONMENTAL SERVICES,rkwan,2002-02-22 10:36:40,2394
176,C&C OF HNL - DEPT OF FACILITY MAINTENANCE,RKWAN,2002-08-19 11:34:02,1381
177,"C&C OF HNL - DEPT OF FACILITY MAINTENANCE, AES",RKWAN,2004-09-07 16:40:04,2303
178,C&C OF HNL - DEPT OF HOUSING AND COMM DEVELOPMENT,rkwan,2000-10-30 14:34:38,1784
179,C&C OF HNL - DEPT OF PARKS AND RECREATION,rkwan,2000-10-30 14:37:42,1745
180,C&C OF HNL - DEPT OF TRANSPORTATION SERV,RKWAN,2004-09-07 16:36:34,2375
181,C&C OF HNL - DIVISION OF WASTEWATER MANAGEMENT,rkwan,2002-09-05 16:33:30,125
182,C&C OF HNL - HONOLULU FIRE DEPARATMENT,rkwan,2006-04-28 10:02:37,130
183,C&C OF HNL - OAHU CIVIL DEFENSE AGENCY,rkwan,2000-10-30 14:40:18,1554
184,C&C OF HNL - POLICE DEPT,RKWAN,2003-05-07 15:57:31,132
185,C. BREWER HOMES,CCLARK,1997-01-23 15:26:48,2150
186,"C. Q. YEE HOP & CO., LTD.",,,139
187,C.K. CASH,SUP,1992-10-09 00:00:00,1659
188,C.M. COOKE III,,,140
190,C.Q. YEE HOP,SUP,1994-04-06 00:00:00,1786
191,"C.W. ASSOCIATES, INC. DBA GEOLABS HAWAII",,,1487
192,CA. ASSOC.-RESEARCH IN ASTRONOMY,,,141
194,CAESAR L. SILVA,,,142
195,"CAFE 100, INC.",,,143
197,CALASA SERVICE,,,144
198,CALIFORNIA & HAWAIIAN SUGAR CO.,sli,2000-07-12 08:05:22,145
199,CALVIN S. NEMOTO TRUST,esadoyama,1998-07-15 08:02:56,1625
200,CANADA FRANCE HAWAII TELSCOPE CORP,rkwan,1998-10-07 10:21:59,2274
201,CANADIAN AIRLINES INTERNATIONAL,,,147
202,CANCER RESEARCH CENTER OF HAWAII,rkwan,1999-05-05 09:58:31,2344
203,CAP'S INC.,EJS,1996-02-29 00:00:00,148
204,CASTLE & COOKE INC,RKWAN,2003-07-10 11:30:42,1422
205,"CASTLE & COOKE, INC",SUP,1993-08-11 00:00:00,1797
206,"CASTLE AND COOKE PROPERTIES, INC",rkwan,2002-12-06 12:10:44,2443
207,"CASTLE AND COOKE RESORTS, LLC",bquinland-francis,2002-09-19 15:44:20,2411
208,CASTLE MEDICAL CENTER,rkwan,2000-02-22 15:07:48,2339
209,CATERAIR INTERNATIONAL,EJS,1996-03-01 00:00:00,678
210,"CBI, INC",rkwan,1996-12-27 13:39:38,1582
211,CCHH MAUI LLC,rilaga,2006-09-27 09:58:33,1935
212,CCL HOLDINGS,rkwan,2001-09-07 10:04:40,2236
213,CEC HAWAII INC,RKWAN,2002-02-08 15:59:47,2432
214,CENDANT CAR RENTAL GROUP,RKWAN,2003-09-03 09:33:37,2293
215,CENPAC PROPERTIES,rkwan,1999-06-02 12:04:24,2265
216,CENTRAL SUPPLY,RSK,1995-10-12 00:00:00,2116
217,CENTURY AVIATION,SUP,1993-03-05 00:00:00,1707
218,CHANG CHOW PROPERTIES,rkwan,1999-10-27 09:02:38,2122
219,CHARLES AND JANET FUJII,SUP,1993-04-26 00:00:00,1560
220,CHARLES R. SASAKI,SUP,1992-10-09 00:00:00,1660
221,"CHARLEY'S AUTO SERVICE, INC.",EJS,1996-03-01 00:00:00,152
761,JOHN TAIRA,,,552
222,CHEVRON PRODUCTS COMPANY,rkwan,2005-04-11 15:59:10,179
223,"CHEVRON U.S.A., INC",rkwan,1998-10-19 15:25:53,1404
224,"CHIKA NAKANO REPAIR SHOP, INC.",RKWAN,1998-08-27 15:53:14,182
225,"CHING TONG LEONG, INC.",EJS,1996-02-29 00:00:00,183
226,CHING YOUNG VILLAGE,rkwan,1998-10-16 11:23:54,2278
227,CHOCK WAIMEA PARTNERS,rkwan,1996-12-05 15:43:33,2168
228,CHORAL LLC,rkwan,2002-08-07 11:29:53,2438
229,CHRISTIAN BROADCASTING,knatarajan,2000-01-12 15:36:53,184
230,CHRYSLER REALTY CORPORATION,esadoyama,1997-08-25 10:36:26,1999
231,"CHUEI SOKOH, INC",rkwan,1999-01-29 09:54:27,2307
232,"CIRCLE K HAWAII, INC.",,,186
233,CITIZENS UTILITIES COMPANY,,,189
234,City and County of Honolulu,rkwan,2005-12-12 14:22:48,2505
235,CKSS ASSOCIATES,rkwan,2000-06-05 10:28:54,2353
236,CLARA TAKEKUCHI,SUP,1992-01-15 00:00:00,1638
237,CLARKLIFT PACIFIC,RKWAN,1998-08-26 14:43:53,195
238,CLASSIC PROPERTIES,SUP,1993-05-12 00:00:00,196
239,CLEANWELL CLEANERS,,,197
240,Clifford Koki,rkwan,2005-01-05 12:12:16,2486
241,CLIFFORD'S FERREIRA,,,325
242,COALITION FOR SPECIALIZED HOUSING,SUP,1994-02-15 00:00:00,1937
243,COAST & COAST SERVICE,,,198
244,COCA-COLA BOTTLING CO. OF HILO,,,199
245,COCA-COLA BOTTLING CO. OF HONOLULU,,,200
246,COCA-COLA BOTTLING CO. OF KAUAI,,,201
247,COCA-COLA USA,,,202
248,COCO PALMS HOTEL,RKWAN,1998-08-05 11:11:27,2252
249,COLIN YOKOYAMA,rkwan,2004-10-19 16:37:47,2484
250,COMMAND CONSTRUCTION CO.,rkwan,2000-03-20 11:45:59,526
251,COMMANDING OFFICER,EJS,1996-02-29 00:00:00,205
253,COMMANDING OFFICER NAVAL STATION,,,209
254,COMMANDING OFFICIER,rkwan,2000-04-10 17:04:53,2093
255,"COMMERCIAL ELECTRIC, INC.",rkwan,2001-05-08 16:26:10,210
256,"COMMERCIAL SHEETMETAL CO, INC.",rkwan,2001-12-04 09:09:49,211
257,COMMERCIAL SHELVING INC.,,,212
258,CONOCOPHILLIPS COMPANY,RKWAN,2004-10-06 16:27:55,2446
259,"CONTINENTAL AIRLINES, INC.",SUP,1994-01-06 00:00:00,216
260,"Corporation AOK Enterprises, Inc",RKWAN,2004-09-23 14:24:57,2482
261,COSTCO WHOLESALE,RKWAN,2003-04-28 15:15:23,2381
262,COUNTY  OF MAUI - FIRE DEPT,,,1559
263,COUNTY OF HAWAII,RSK,1995-05-31 00:00:00,1488
264,COUNTY OF HAWAII -  DEPT OF PARKS AND RECREATION,SUP,1992-12-04 00:00:00,269
265,COUNTY OF HAWAII -  DEPT OF PUBLIC WORKS,rkwan,2004-10-26 14:08:56,1327
266,COUNTY OF HAWAII -  DEPT OF WATER SUPPLY,SUP,1992-04-08 00:00:00,266
267,COUNTY OF HAWAII -  FIRE DEPT,CJR,1995-04-19 00:00:00,410
268,COUNTY OF HAWAII -  POLICE DEPARTMENT,RKWAN,2003-05-21 09:43:50,1686
269,COUNTY of Kauai -  FIRE DEPT.,RKWAN,2004-10-13 17:13:39,223
270,COUNTY OF MAUI,,,225
271,COUNTY OF MAUI  -  POLICE DEPT,rkwan,1998-12-31 14:17:02,233
272,COUNTY OF MAUI -  BOARD OF WATER SUPPLY,rkwan,1998-10-26 15:13:03,2286
273,COUNTY OF MAUI  - DEPT OF PARKS AND RECREATION,rkwan,2001-07-11 09:40:19,1230
274,COUNTY OF MAUI  - DEPT OF WATER SUPPLY,rkwan,1998-10-30 16:51:51,263
275,COUNTY OF MAUI  - PUBLIC WORKS & WASTE MANAGEMENT,rkwan,2001-07-25 16:40:00,226
276,COUNTY OF MAUI - DEPT OF PUBLIC WORKS,SUP,1993-03-03 00:00:00,1702
277,COUNTY OF MAUI - FIRE PREVENTION BUREAU,rkwan,2001-07-11 09:51:42,1788
278,COUNTY OF MAUI - HIGHWAYS DIVISION,rkwan,2000-01-18 11:24:27,2374
279,COUNTY OF MAUI - MOLOKAI FIRE STATION #4,EJS,1996-02-29 00:00:00,2033
280,"COURTESY PONTIAC & AMC, JEEP",,,235
281,"COVIC CONSTRUCTIONS CO., INC",RSK,1996-02-07 00:00:00,2130
282,"COYNE MATTRESS CO, LTD.",,,236
283,CPB PROPERTIES,SUP,1994-06-24 00:00:00,1989
284,"CPM & F, INC.",,,237
285,"CUMMINS HAWAII DIESEL POWER, INC.",rkwan,1999-05-10 13:24:25,238
286,CUTTER MANAGEMENT,SUP,1993-04-05 00:00:00,1713
287,CUTTER MITSUBISHI,,,239
288,"CUTTER MOTOR CARS, LTD",RKWAN,2004-01-14 13:52:28,1164
289,"CUTTER OF MAUI, INC",RKWAN,1998-12-24 12:12:37,1661
290,D C ELECTRIC INC.,,,241
291,D/E HAWAII c/o EQUITABLE LIFE,EJS,1996-02-29 00:00:00,927
292,DAGS - DEPT OF EDUCATION,RKWAN,2002-12-19 08:56:40,2444
293,DAIO USA CORP,SUP,1991-12-22 00:00:00,1396
294,DAIRY ROAD PARTNERS,rkwan,2002-10-07 10:41:50,245
295,DALEICO RANCH,EJS,1996-02-29 00:00:00,246
296,DANA LABELS,,,1221
297,DANDI'S SERVICE,,,248
298,DANIEL P.S. FONG,,,247
299,"DAVENROYE ENTRPRISES, LTD",rkwan,2000-06-28 14:08:39,249
300,DAVID PICO,,,250
301,DCL - HONOLULU SHIP SUPPLY CO.,rkwan,2001-05-11 10:12:50,251
302,"DEEN MORITA PLUMBING, INC.",,,252
303,DEFENSE FINANCE AND ACCOUNTING SERVICE,rkwan,2000-05-01 10:52:23,1581
304,DEG LLC,rkwan,2006-07-05 12:51:11,1525
305,DEKALB PFIZER GENETICS,,,253
307,DEL MONTE CORPORATION,SUP,1992-05-13 00:00:00,1546
308,"DEL MONTE FRESH PRODUCE (HI), INC.",RKWAN,2003-11-18 11:57:07,1547
309,"DELTA AIRLINES, INC. - HNL",RKWAN,1998-08-26 13:24:04,1186
310,DELTA CONSTRUCTION CORPORATION,,,257
311,"DELUXE SHEET METAL WORKS, INC",,,1619
312,DENNIS & DAYLE KUROKAWA,SUP,1992-04-14 00:00:00,1429
313,DENNIS FUNAI,rkwan,1999-10-25 09:06:11,1293
314,DENNY'S REPAIR & SERVICE,SUP,1992-04-24 00:00:00,1498
315,DEPARTMENT OF DEFENSE,rkwan,1997-07-09 08:32:12,2109
316,Dept of Army - USA Corps of Engineer,RKWAN,2006-08-30 09:13:34,2518
317,DEPT OF LOGISTIC,RKWAN,1998-10-01 15:36:07,2272
318,DETROIT DIESEL CORP.,EJS,1996-03-01 00:00:00,1357
319,Devine Trust,rkwan,2005-06-20 09:30:31,2490
320,DI MAURO PROPERTIES,esadoyama,1998-12-28 10:03:37,2267
321,DIAMOND HEAD AMBASSADOR HOTEL,,,273
322,DIAMOND HEAD MEMORIAL PARK,,,274
323,DIAMOND HEAD PETROLEUM,RKWAN,2005-07-25 11:50:09,1943
324,DICK CHUN,rkwan,2001-10-12 09:03:26,2393
325,DILLINGHAM CONSTRUCTION PACIFIC LTD,rkwan,2002-05-29 10:40:25,2431
326,DILLINGHAM PARTNERS,SUP,1992-07-16 00:00:00,1642
327,DISCOUNT RENT-A-CAR,rkwan,1999-02-17 12:36:16,1687
328,DISCOVERY BAY,,,1233
329,DIVISION OF REFUSE COLLECTION AND DISPOSAL,rkwan,2000-03-21 13:14:33,2379
330,DMM CB HOLDINGS LLC,rkwan,2005-09-06 11:01:13,2498
331,"DOBBS INTERNATIONAL SERVICES,INC",,,280
332,"DOLE FOOD COMPANY HAWAII, INC",RKWAN,2002-11-07 09:32:10,151
333,DOLE K. YI (TONY),rkwan,2002-04-02 11:27:05,2387
334,DOLE PACKAGED FOODS CO.,rkwan,2000-06-13 16:27:47,281
335,DOLLAR RENT A CAR,rkwan,2000-07-25 08:50:21,2390
336,DON DETRICH,SUP,1993-04-05 00:00:00,1712
337,DON LUCAS HONDA WINDWARD,,,289
338,DON ROSSITER,EJS,1996-02-29 00:00:00,1444
339,Donald Graham-TRUSTEE OF THE ESTATE OF RUTH GRAHAM,knatarajan,2000-11-27 12:27:43,2310
340,"DON'S BUS CO., LTD.",,,290
341,DOROTHY TANAKA,SUP,1993-05-04 00:00:00,292
342,"DORVIN LEIS CO., INC",SUP,1992-02-20 00:00:00,1409
343,"DOTY EQUITIES, INC",rkwan,1999-10-21 16:58:50,296
344,DOUGLAS TAKATA EQUIPMENT,rkwan,1998-12-21 11:13:57,2311
345,DOWN TO EARTH NATURAL FOODSTORE,EJS,1996-02-29 00:00:00,2022
346,DTG OPERATION INC,rkwan,2005-05-27 11:09:10,2463
347,DTG Operations Inc DBA THRIFTY CAR RENTAL,rkwan,2006-07-27 15:40:26,2407
348,DURANT REALTY CORP,,,1349
349,DURATE & SONS BUILDING AND PLUMBING INC,RKWAN,1999-04-20 13:43:19,2337
350,"DUVAUCHELLE'S, INC.",SUP,1994-04-04 00:00:00,1948
351,E.E. BLACK LTD.,,,293
352,"E.K. FERNANDEZ SHOWS, INC.",,,294
353,"E.M. RIVERA & SONS, INC.",SUP,1991-11-14 00:00:00,295
354,"E.S. GLENWOOD, INC. DBA HIRANO STORE",rkwan,2000-01-18 14:57:40,1181
355,EARLE M. JORGENSEN CO.,SUP,1993-08-28 00:00:00,297
356,EASLEY CORPORATION,rkwan,2003-12-23 09:50:03,2461
357,East Bay Tire Company,RKWAN,2003-10-20 09:55:16,2455
358,"EAST MAUI IRRIGATION CO., LTD.",,,298
359,"ECONOMY PLUMBING & SHEETMETAL, INC",rkwan,1997-10-02 11:14:22,299
360,"ED DANG MACHINE WORKS, INC.",RSK,1995-09-06 00:00:00,300
361,ED'S AUTO REPAIR,,,301
362,EDSUNG FOOD SERVICE CO,SUP,1992-02-05 00:00:00,1394
363,EDWARD E. CROOK,EJS,1996-03-01 00:00:00,302
365,EDWARD G. & JOAN E. EVONUK,,,303
366,EDWARD R. KUWAYE & CO.,rkwan,2000-01-18 15:07:10,62
367,"EDWARDS & SANDS CONSTRUCTION CO, INC.",,,304
368,EDWIN KAGEHIRO,RKWAN,1998-07-28 09:52:55,2071
369,ELAINE O. LOO,,,305
370,ELEANOR PACK,RKWAN,2004-03-24 14:15:12,2466
371,"ELECTRICANS, INC",akatsura,1997-09-12 09:10:20,1464
372,ELEELE CHEVRON STATION,SUP,1994-07-20 00:00:00,2020
373,ELFRIEDE T. PUGA,SUP,1992-06-26 00:00:00,1467
374,ENDO PAINTING SERVICE,,,306
375,ENOKI PARTNERSHIP,rkwan,2000-05-17 09:17:09,2062
376,"EQUILON ENTERPRISES, LLC DBA SHELL OIL PRODUCTS US",rilaga,2005-02-17 09:03:06,2308
377,EQUITY-RICHARDS VENTURE,rkwan,1998-08-14 16:51:35,1351
378,"ERNEST K.F. LUM CONSTRUCTION, INC",RKWAN,2001-05-09 13:49:49,2405
379,ESTATE OF HARRY WEINBERG,SUP,1994-02-25 00:00:00,1939
380,ESTATE OF JAMES CAMPBELL,LNAGATOSHI,1996-08-07 15:15:10,1811
381,ESTATE OF MARY HELELA,,,1614
382,ESTATE OF SAMUEL MILLS DAMON,rkwan,1997-11-18 09:28:43,307
383,EVA WINONA PASCHOAL,EJS,1996-03-01 00:00:00,1462
384,"EXCELSIOR DIARY, INC",sli,2002-02-21 11:13:50,2343
385,"EXPERIMENT STATION, HSPA",SUP,1994-04-06 00:00:00,1961
386,"F & M CONTRACTORS, INC.",,,309
387,F. T. OPPERMAN COMPANY,cclark,1996-12-27 09:19:43,310
389,F.R. PETER GREENWELL,SUP,1994-03-07 00:00:00,1941
390,FAA HAWAII-PACIFIC SMO,ajohn,2000-01-27 11:56:57,323
391,"FAA, HNL AFS, HILO SFO",,,1544
392,"FAA, KAALA SFO",,,1545
393,FAIN FOOD INC.,rkwan,2004-06-01 09:43:08,737
394,"FAIR CONTRACTING CO., LTD.",akatsura,1997-09-12 08:57:56,320
395,"FASTOP PETROLEUM MARKETING, INC.",rkwan,2001-05-16 09:09:07,1264
396,FAY INVESTMENT ASSOCIATES,,,322
398,FAY INVESTMENTS ASSOCIATES,SUP,1992-08-06 00:00:00,1648
399,FDASA,CJR,1995-08-24 00:00:00,2104
400,FEDERAL AVIATION ADMINISTRATION,RKWAN,2001-08-03 09:46:21,1543
402,FEDERAL EMERGENCY MANAGEMENT AGENCY,rkwan,1999-03-15 09:19:04,2336
403,"FEDERATED DEPARTMENT STORES, INC.",jishihara,2004-02-11 15:48:23,647
404,"FHR (ml) hOTEL HOLDINGS, LLC",rkwan,2005-09-20 10:37:00,2068
405,FIFTY ASSOCIATION,EJS,1996-02-29 00:00:00,1572
406,FIRST DISCOUNT AUTO LEASING CORP,,,326
407,FIRST HAWAIIAN BANK,rilaga,2006-06-16 13:57:47,327
409,FIRST INTERSTATE BANK CENTER,EJS,1996-03-01 00:00:00,1367
410,FKS RENTALS & SALES,SUP,1992-09-25 00:00:00,328
411,"FLAMINGO ENTERPRISES, INC.",,,329
412,"FLAVORS OF HAWAII, INC.",,,330
413,FLEET AVIATION SPEC.,EJS,1996-02-29 00:00:00,331
414,Fleet industrial supply center,RKWAN,2006-10-09 13:15:36,2519
415,FLEET TRAINING GROUP,,,332
416,FLORENCE CHING,RKWAN,1999-10-13 17:10:17,400
417,FLYNN LEARNER,akatsura,1997-09-12 14:25:53,333
418,"FONG CONSTRUCTION CO., LTD.",,,336
419,"FOOD PANTRY, LTD.",rkwan,2002-07-15 10:37:13,337
420,FORMER KANEOHE DISTRICT COURTHOUSE,RKWAN,2004-04-12 09:46:55,2468
421,"FOSTER EQUIPMENT CO., LTD.",SUP,1991-11-11 00:00:00,339
422,FOUNDATION INTERNATIONAL,SUP,1992-01-27 00:00:00,1378
423,FRANK & SALLY WHITE & GEORG KILLBREW III,SUP,1994-06-24 00:00:00,1983
424,FRANK DECAIRES,rkwan,2000-01-03 09:56:00,2281
425,FRANK F. JACINTHO,,,342
427,FRANK S. NONAKA,SUP,1994-07-01 00:00:00,2012
428,FRANK'S  FOODS INC,esadoyama,1999-01-14 10:36:47,2255
429,"FRITO-LAY OF HAWAII, INC",rkwan,2001-05-15 11:18:00,1600
430,"FUJIMOTO SUPER SERVICE, INC.",,,345
431,"FUJISHIGE TRUCKING CO, LTD.",,,346
432,FUKUE B. SHIRAKI,,,347
434,FUKUOKAS INC.,rkwan,2000-05-15 17:31:40,348
435,"FUKUSHIMA AUTO CENTER, INC",rkwan,2005-11-22 10:07:16,2504
436,"FUMIO TERUYA, LTD",rkwan,2000-08-17 08:50:07,1949
437,"FUROMOTO SERVICE, INC.",,,349
438,"G. A. CONSTRUCTION, INC.",,,350
439,G. MINAMI FARM,SUP,1993-08-24 00:00:00,1629
440,G. W. MURPHY CONSTRUCTION CO.,rkwan,1999-10-27 11:58:51,351
441,"GARLOW PETROLEUM, INC.",rkwan,2002-03-04 10:24:39,1014
442,GARY I. KODANI,RKWAN,2001-05-07 13:35:57,1391
443,GAS 'N GLO INC,,,352
445,GASPRO,,,353
446,GE AMERICAN COMMUNICATIONS,EJS,1996-02-29 00:00:00,883
447,"GEM OF HAWAII, INC",RKWAN,1996-09-20 10:31:35,1767
448,GENE USHIRODA,,,354
449,GENERAL GROWTH PROPERTIES INC.,rkwan,2002-09-19 14:59:23,2097
450,"GENERAL TIRE, INC.",,,356
451,GENSIRO KAWAMOTO C/O MS. CAROL Y. ASAI-SATO,rkwan,1999-10-27 14:09:28,2013
452,"GENTRY COMMERICAL, LTD",SUP,1992-04-24 00:00:00,1502
453,"GENTRY HOMES, LTD.",SUP,1994-10-21 00:00:00,2023
454,"GEO CO., INC",RKWAN,1998-10-14 11:18:33,2014
455,GEO LABS HAWAII,,,1425
456,GEO. OKANO ELECTR. CONTR. CORP,RKWAn,1996-09-18 15:49:47,357
457,GEORGE O. RADFORD,EJS,1996-02-29 00:00:00,875
458,GEORGE S. FUJII,akatsura,1997-10-28 15:22:26,358
459,GEORGE S./ JEAN FUNAI,akatsura,1997-09-22 11:26:06,2131
460,GEORGE WILLIAMSON,SUP,1992-09-10 00:00:00,1656
461,GERALD M. SANCHEZ,cclark,1996-12-19 15:59:09,2170
462,GERALDINE L. CARVALHO,SUP,1994-09-19 00:00:00,1710
463,Getta Mallick,RKWAN,2006-03-16 13:29:21,2510
464,GGP VICTORIA WARD LTD,rilaga,2006-03-02 11:03:53,2081
465,GILWICK INC.,SUP,1991-11-14 00:00:00,1550
466,"GKM,Inc",RKWAN,2005-06-27 16:20:31,675
467,GLENN & CATHLEEN SAKAMOTO,SUP,1993-04-08 00:00:00,1714
468,"GLOBAL CONSTRUCTION CO., INC.",,,361
469,GLOBAL RESORT PARTNERS,SUP,1993-11-15 00:00:00,1073
471,GOLD COAST INVESTMENT CO.,CCLARK,1997-01-22 09:14:31,1285
472,GOLDEN STATE FOODS CORP.,,,362
473,GOMES CONSTRUCTION & REPAIRS INC,,,363
474,GOODYEAR TIRE & RUBBER CO.,EJS,1996-02-29 00:00:00,1576
478,GORDON LOUI,,,658
479,GRACE PACIFIC CORPORATION,,,371
480,"GRANGER PACIFIC, INC.",,,372
481,GRA-PAC PROPERTIES,,,370
482,"GRAY LINE HAWAII, LTD.",CCLARK,1997-05-12 10:36:07,373
484,GRAY LINE MAUI,akatsura,1997-09-12 08:56:15,375
485,GREEN MILL FOOD MANUFACTURER LTD,RSK,1995-09-20 00:00:00,2095
486,GREEN THUMB INC,,,1433
487,GRENTRE INVESTMENTS,rkwan,1997-07-29 08:25:35,1380
488,GRG ENTERPRISE INC. BASIN MARINE,,,377
489,GROSVENOR INTERNATIONAL (HI) LTD,rkwan,2000-01-07 09:15:45,378
490,GROVE FARM COMPANY INC,SUP,1992-10-05 00:00:00,1668
491,GTE HAWAIIAN TELEPHONE CO.,rkwan,1999-04-13 15:25:47,2341
492,GTE SPACENET CORP,SUP,1994-03-24 00:00:00,1944
493,GTE SPRINT,,,380
494,"GUSHING WATERS, INC.",,,381
495,GUTMAN REALTY CO.,SUP,1993-04-28 00:00:00,1726
496,GUY STILLMAN,rkwan,1997-12-11 12:11:21,1959
497,"H & G HAWAII, INC",,,383
498,"H T & T COMPANY, INC.",,,504
500,"H. CHO ENTERPRISES, INC.",,,384
501,H. H. & S INC.,rkwan,2000-02-10 13:51:25,578
502,H. HAMADA STORE INC.,,,385
503,"H. HARADA CONTRACTOR, INC.",,,386
504,H. HIRONAKA TRUCKING LTD.,SUP,1994-09-30 00:00:00,387
505,H. M. MARTENS TRUST,,,1247
506,H. NAITO STORE INC,rkwan,1999-02-02 10:43:59,1799
507,H.J. Inc,rkwan,2007-01-18 13:23:25,2522
508,"HABILITAT, INC.",,,388
509,"HAIKU TOWN CENTER, INC",rkwan,1997-08-12 09:44:34,2201
510,HAKKEI ENTERPRISE,esadoyama,1997-08-28 08:52:16,2175
511,HAKUYOSHA HAWAII,,,389
512,"HALE KAUAI, LTD.",knatarajan,1999-11-24 13:41:11,390
513,HALE MAKUA,rkwan,1998-12-15 08:52:33,1496
514,HALE PUA NUI HOTEL APT,SUP,1994-05-18 00:00:00,1992
515,"HALE PUMEHANA, INC",SUP,1992-06-26 00:00:00,1465
516,HALEAKALA DAIRY,EJS,1996-02-29 00:00:00,391
518,HALEAKALA RANCH COMPANY,EJS,1996-02-29 00:00:00,393
520,"HALEIWA POI, INC",rkwan,1997-08-11 10:31:42,394
521,"HALEIWA YACHT CLUB, LLC",rkwan,2002-06-17 09:35:31,1231
522,HALEKULANI CORPORATION,SUP,1992-01-15 00:00:00,1630
523,HALEKULANI HOTEL,rkwan,2000-04-13 11:36:24,1266
524,HALL-MARK CLEANERS,,,395
525,"HAMAKUA SUGAR COMPANY, INC.",lnagatoshi,1996-07-18 13:29:47,396
526,HANALEI TRADER CORP.,,,1251
527,HANAMAULU SERVICE CENTER,rkwan,2000-01-12 16:57:42,1669
528,HANATO'S REPAIR SHOP,rkwan,1998-12-31 11:00:29,2257
529,HARBOUR COURT DEVELOPERS,,,1585
530,HARDERS CO.,,,399
531,HAROLD SASAKI,RKWAN,2003-10-07 09:51:48,1439
532,Harper Car & Truck Rentals of Hawaii,rkwan,2000-02-28 09:59:08,2193
533,HARRIS CARPET MILL - HAWAII,,,1604
534,HARRIS RUG N CARPET,SUP,1993-04-28 00:00:00,1728
535,HARRY & JEANETTE WEINBERG FOUNDATION,SUP,1994-07-11 00:00:00,1995
536,HARRY HADAMA,,,1222
537,HARRY HAMAMURA,rkwan,2002-02-01 15:45:55,402
538,HASEGAWA GENERAL STORE,SUP,1994-05-20 00:00:00,1996
539,"HASEKO (HAWAII), INC.",,,403
540,HASHIRO RITSUYO,,,1446
541,"HATADA BAKERY, INC.",,,404
542,"HAWAII BAKING CO., INC.",,,405
543,HAWAII BAPTIST CONVENTION,,,406
544,HAWAII COUNTRY CLUB,rkwan,1999-01-22 10:21:29,407
545,HAWAII COUNTY,EJS,1996-03-01 00:00:00,1609
547,HAWAII COUNTY POLICE DEPT,SUP,1992-03-31 00:00:00,1485
548,HAWAII COUNTY POLICE DEPT - HAMAKUA STATION,RKWAN,1998-12-11 12:37:08,1774
549,"Hawaii Dairy Holding, inc",rkwan,2004-10-20 14:48:57,619
550,"HAWAII ELECTRIC LIGHT CO., INC.",RKWAN,2002-07-16 14:18:17,408
551,HAWAII FOOD PRODUCTS,EJS,1996-03-01 00:00:00,412
552,Hawaii Health Emporium Inc,rkwan,2006-11-02 09:48:23,2520
553,HAWAII HELICOPTERS,RKWAN,2003-08-19 09:03:26,2389
554,"HAWAII HELICOPTERS, INC",rkwan,2000-05-08 09:56:46,1824
555,HAWAII INTERNATIONAL MOVERS INC.,SUP,1991-12-06 00:00:00,415
556,HAWAII IRRIGATION SUPPLY CO.,RKWAN,1997-10-17 13:41:04,2192
557,HAWAII JOB CORPS,esadoyama,1998-12-01 09:06:51,416
558,HAWAII JOB CORPS CENTER,RSK,1995-08-04 00:00:00,2094
559,HAWAII KAI CHEVRON,,,417
560,HAWAII MEAT CO. LTD.,SUP,1992-01-23 00:00:00,418
561,"HAWAII MEAT COMPANY, LTD",EJS,1996-02-29 00:00:00,1375
562,HAWAII METAL FORMING CORP,RKWAN,2001-05-09 10:58:36,419
563,HAWAII METAL RECYCLING CO,,,1611
564,"HAWAII MOTORS, INC.",,,1215
565,"HAWAII NEWSPAPER AGENCY, INC.",SUP,1993-03-05 00:00:00,420
566,"HAWAII NUT & BOLT, INC",,,1218
567,HAWAII PACIFIC AVIATION,rkwan,1997-08-27 15:23:19,421
568,HAWAII PETROLEUM DIST. INC.,rkwan,1999-08-02 12:37:52,422
569,"HAWAII PLANING MILL, LTD.",,,423
571,HAWAII PREPARATORY ACADEMY,SUP,1994-08-18 00:00:00,425
572,HAWAII PRINCE GOLF CLUB,rkwan,2001-01-02 10:21:02,1466
573,"HAWAII RESERVES, INC.",CJR,1996-01-24 00:00:00,2129
574,"HAWAII STEVEDORES, INC.",,,426
575,HAWAII TOFU,SUP,1992-05-26 00:00:00,427
576,"HAWAII TRACTOR, LTD",rkwan,1998-12-21 12:38:05,2312
577,"HAWAII TRANSFER CO., LTD.",,,428
578,HAWAII TRIBUNE-HERALD,,,1292
579,"HAWAIIAN AGENTS, INC",SUP,1992-01-13 00:00:00,1365
580,HAWAIIAN AIRLINES INC.,CJR,1995-07-18 00:00:00,429
581,HAWAIIAN ASSOCIATION OF 7TH DAY ADVENTISTS,,,468
582,HAWAIIAN BITUMULS & PAVING,,,430
583,HAWAIIAN CEMENT,SUP,1992-07-15 00:00:00,431
585,HAWAIIAN CEMENT - CONCRETE & AGGREGATE DIVISION,rkwan,2000-02-02 15:35:39,1532
586,HAWAIIAN CEMENT CO,EJS,1996-03-01 00:00:00,1633
587,HAWAIIAN CEMENT CORPORATION,cclark,1996-12-12 15:17:16,2171
588,HAWAIIAN COMMERCIAL AND SUGAR CO,,,433
589,HAWAIIAN DREDGING & CONSTRUCTION CO,SUP,1993-04-28 00:00:00,1385
590,"HAWAIIAN ELECTRIC CO., INC.",RKWAN,2003-05-07 15:40:26,434
591,"HAWAIIAN FOLIAGE & LANDSCAPE, INC",SUP,1994-05-18 00:00:00,1993
592,"HAWAIIAN FOLIAGE & LANDSCAPE,INC",,,436
593,"HAWAIIAN FOLIAGE& LANDSCAPE, INC",SUP,1994-04-04 00:00:00,1954
594,HAWAIIAN GRAIN CORP.,,,673
595,"HAWAIIAN GROCERY STORES, LTD",,,1319
596,"HAWAIIAN HOUSEWARES, LTD",RSK,1996-01-19 00:00:00,2127
597,HAWAIIAN HUMANE SOCIETY,,,437
598,HAWAIIAN INDUSTRIAL PROPERTIES,,,1353
599,"HAWAIIAN ISLES ENTERPRISES, INC",SUP,1994-07-11 00:00:00,2016
600,HAWAIIAN MEMORIAL PARK CEMETERY,,,1306
601,HAWAIIAN MILLING CORP.,RKWAN,2001-05-09 10:43:55,439
602,HAWAIIAN MISO & SOY COMPANY,SUP,1992-07-09 00:00:00,1553
603,HAWAIIAN MISSION ACADEMY,,,1558
604,HAWAIIAN REINFORCING STEEL CO.,,,440
605,"HAWAIIAN SCENIC TOURS, INC",rkwan,1998-12-22 10:04:20,2316
606,"HAWAIIAN SECURITIES & REALTY, LTD",RKWAN,1998-08-05 10:58:40,2251
607,HAWAIIAN SUGAR PLANTERS ASSOCIATION,SUP,1993-02-12 00:00:00,308
610,"HAWAIIAN SUN PRODUCTS, INC.",rkwan,1997-08-11 09:51:45,443
611,Hawaiian Telcom,RKWAN,2005-08-04 12:13:10,2497
612,HAWAIIAN TRUST,SUP,1994-10-19 00:00:00,2035
613,HAWAIIAN WESTERN STEEL LTD,akatsura,1997-09-12 08:48:09,458
614,HELEN L. CHING,,,735
615,HELEN LOW,,,463
616,HENRY & MARCELINA MEDFORD,SUP,1993-01-14 00:00:00,1690
617,HENRY RABAINO,SUP,1992-03-09 00:00:00,1445
618,HENRY SUZUKI CONSTRUCTION,,,464
620,HERBERT HORITA REALTY INC.,,,1228
621,HERMAN CABATA,RKWAN,2003-09-05 14:11:59,479
622,HI ELECTRICIAN'S TRAINING CENTER,,,1212
623,"HICKS CONSTRUCTION CO., INC.",,,469
624,HIDEO SHIMABUKURO,SUP,1993-06-29 00:00:00,1773
625,HIGASHI STORE,,,1325
627,"HIGHWAY CONSTRUCTION CO., LTD.",,,1517
628,"HI-GRADE PLUMBING, INC.",,,466
629,HIKOHARU UYESATO,,,470
630,HILO COAST PROCESSING CO.,rkwan,1998-09-15 11:09:13,471
632,HILO MECHANICAL,SUP,1994-04-04 00:00:00,1951
633,HILO MEDICAL CENTER,rkwan,1998-12-31 11:53:26,980
634,HILO PETROLEUM,rkwan,2000-05-12 11:19:28,2383
635,"HILO QUALITY CLEANERS, LTD",,,335
636,HILO QUALITY WASHERETTE,,,473
637,HILO RADIATOR & GLASS,SUP,1992-01-27 00:00:00,1377
638,HILO SODA WORKS,cclark,1997-02-21 08:49:08,2164
639,HILO WOOD TREATING INC.,,,474
640,HILTON HAWAIIAN VILLAGE,,,475
641,HIROJI TAKI,,,476
642,HIROSHI YOZA,EJS,1996-02-29 00:00:00,1738
643,"HIROTA PAINTING CO., INC.",RKWAN,1997-09-19 11:21:04,480
644,HITCO MOVING & STORAGE,,,481
645,HI-WAY TRANS. & CONTRACTING CO.,,,467
646,HMSA,,,1593
647,HOLIDAY ACTION GAS INC.,,,482
648,"HOLIDAY MART, INC",SUP,1992-03-18 00:00:00,1461
649,HOLO HOLO U-DRIVE AND CAMPERS,rkwan,1998-12-22 10:00:20,2315
650,"HOME CONTRACTORS, INC",,,1236
651,"HOMELANI MEMORIAL PARK, INC.",,,483
652,HON. FUELING FACILITIES CORP.,SUP,1993-02-03 00:00:00,490
653,HONBUSHIN MISSION INTERNATIONAL,SUP,1993-04-28 00:00:00,484
654,HONOKAA GARAGE,,,485
655,HONOLULU BODY & FENDER SHOP,,,486
656,HONOLULU CELLULAR TELEPHONE CO.,SUP,1992-04-24 00:00:00,487
657,"HONOLULU DISPOSAL SERVICE, INC.",,,488
658,Honolulu Ford,RKWAN,2004-08-11 15:46:04,2474
659,HONOLULU FORD INC.,,,489
660,HONOLULU INTERNATIONAL COUNTRY CLUB,SUP,1991-12-08 00:00:00,491
661,"HONOLULU LAUNDRY CO., LTD.",,,492
662,HONOLULU LIMITED,rkwan,2000-09-06 09:45:53,2391
663,"HONOLULU PAINTING CO., LTD.",,,493
664,"HONOLULU PLUMBING CO., LTD.",esadoyama,1997-12-17 15:48:33,494
665,HONOLULU ROOFING CO.,,,496
666,"HONOLULU SAKE BREWERY CO, LTD",,,497
667,"HONOLULU WOOD TREATING CO., LTD.",,,498
668,HONOMACH,SUP,1993-04-12 00:00:00,1717
669,HONSADOR,SUP,1992-12-15 00:00:00,499
670,HONSADOR LUMBER,rkwan,1998-11-17 15:37:23,2250
671,"HOSE SERVICE, INC.",,,501
672,"HOWARD BUILDING CENTER, INC",EJS,1996-03-01 00:00:00,1804
673,"HOWARD CONSTRUCTION, INC.",,,502
674,"HPC FOODS, LTD",RKWAN,1996-08-19 09:20:40,2141
675,"HPC FOODS, LTD.",,,495
676,"HRT, LTD",RKWAN,2002-10-04 09:45:17,1733
677,HUALALAI GARAGE,SUP,1992-06-02 00:00:00,1537
678,HUALALAI LAND CO.,,,506
679,HUEHUE RANCH,RKWAN,1999-07-09 14:26:46,507
680,HUGO VAN PLATEN,rkwan,1997-12-11 12:13:15,1990
681,HUNG LUM CHUN ETAL,rkwan,1998-06-22 11:05:24,2242
682,HYGIENIC STORE,rkwan,1999-01-28 15:26:35,2330
683,I. DOI HAULING CONTRACTOR INC,rkwan,1999-05-12 11:50:23,2346
684,"I. KITAGAWA & COMPANY, LTD.",,,509
685,I. V. B. INC.,,,513
686,ILC INTERNATIONAL,rkwan,1999-11-08 09:35:30,2367
687,ILIKAI HOTEL,,,1356
688,IMA HANADA TRUST,,,1412
689,IMAI BROTHERS ENTERPRISES,rkwan,1999-11-02 11:04:43,514
690,"INAGAKI, JOHN Y.",,,515
691,"INDEPENDENT INVESTMENTS, INC",rkwan,1997-11-10 11:34:06,1513
692,INDUSTRIAL INVESTORS,,,1335
693,INDUSTRIAL TECHNOLOGY,SUP,1993-11-23 00:00:00,1919
694,"INDUSTRIAL WELDING, INC.",RKWAN,1999-03-09 14:08:43,516
695,INTELSAT GLOBAL SERVICES CORP,RKWAN,2003-05-05 11:15:11,213
696,Inter Island Petroleum,RKWAN,2005-07-25 13:49:38,2495
697,INTERNATIONAL INFLIGHT CATERING,,,518
698,INTER-PACIFIC MOTORS INC.,,,517
699,IOLANI SCHOOL,RKWAN,1998-12-18 14:09:04,519
700,ISAMI OKUNAMI,,,520
701,"ISAO, HARRIET AND JANIE MASUNAGA, TRUSTEES",rkwan,1999-11-29 09:02:36,108
702,ISLAND COMMODITIES CORP.,,,521
703,ISLAND HOLIDAYS,EJS,1996-02-29 00:00:00,522
705,ISLAND LANDSCAPING,SUP,1994-04-21 00:00:00,1980
706,"ISLAND MOVERS, INC.",rkwan,2000-09-22 09:45:48,523
708,ISLAND NEON,,,525
709,"ISLAND ROOFING, INC",SUP,1994-06-24 00:00:00,2002
710,ISLAND WIDE TOWING,rkwan,2000-05-31 11:56:42,897
711,J & B SILVA LTD.,rkwan,1999-04-20 17:05:34,528
712,"J & J AUTO REPAIR, INC.",,,529
713,J. C. HEARN CO.,,,530
714,J. GORDON CRAN,SUP,1994-04-07 00:00:00,1975
715,J. MICHAEL & CHARLICE BRYD,RKWAN,2000-05-26 13:44:27,2040
716,J.C. PENNEY,EJS,1996-02-29 00:00:00,1658
717,"J.C. PENNEY CO., INC.",SUP,1992-04-22 00:00:00,546
718,"J.C. PENNEY COMPANY, INC.",,,531
719,J.C. PENNEY PROPERTIES,EJS,1996-02-29 00:00:00,547
720,J.J.R. INC.,RKWAN,2003-06-18 14:30:53,2421
721,JACK ENDO ELECTRIC,sborduz,2003-01-15 13:50:46,1142
722,JACK HARTER HELICOPTERS INC.,rkwan,1997-07-09 13:11:17,534
723,JACK IWAO MIYASHIRO RECOVABLE LIVING TRUST,rkwan,2002-07-24 11:54:29,2436
724,JACK KOBAYASHI (DECEASED),,,535
725,JACK KOUCHI,rkwan,2002-02-01 15:39:52,1688
726,"JACK L. AYERS, JR.",,,1491
727,"JACK WADA ELECTIC, INC",rkwan,1999-04-26 10:29:44,2342
728,JACK WONG YUEN,EJS,1996-03-01 00:00:00,536
729,JACK'S U-DRIVE,rkwan,1998-12-22 09:52:42,2314
730,"JADE PAINTING & DECORATING, INC.",EJS,1996-03-01 00:00:00,537
731,JAMES D. BRENNAN,rkwan,1999-02-03 12:10:30,2282
732,"JAMES H. LUKE & SONS, INC.",,,538
733,"JAMES L. K. TOM, INC.",,,539
734,JAMES M. SHISHIDO,EJS,1996-02-29 00:00:00,540
735,JAN SCHUCK BOND,SUP,1993-03-18 00:00:00,1711
736,JANE C. CLARK (MRS. JOHN CLARK),EJS,1996-02-29 00:00:00,541
737,Jane Takamiya,cclark,1996-12-27 09:33:17,511
738,JAPAN AIRLINES,rkwan,2001-06-22 11:27:23,2400
739,JAPANESE CULTURAL CENTER OF HAWAII,SUP,1993-07-09 00:00:00,1697
740,JAPO I. YOKOYAMA BDG.CONTR'S INC,,,542
741,"JAS W. GLOVER, LTD",SUP,1992-11-27 00:00:00,1674
742,"JAS W. GLOVER, LTD.",,,543
743,JAY M. ARAKAWA,RKWAN,1999-04-20 13:30:18,545
744,JBL HAWAII LTD,,,1618
745,JEROME J. JACINTHO,EJS,1996-02-29 00:00:00,548
746,JERRY CHING REALTY,SUP,1994-06-16 00:00:00,1998
747,JERRY GOO,,,1497
748,JH SAKAMOTO & ASSOCIATES,SUP,1992-01-23 00:00:00,1373
749,JIM SLEMONS HAWAII INC.,,,549
750,JIMMY'S SERVICE STATIN,rkwan,1999-01-20 15:31:55,1392
751,JJ Partners,lnagatoshi,1996-07-01 14:47:33,2136
752,JMH INC DBA EWA MART,RKWAN,2004-03-15 09:52:33,2465
753,JMY ASSOCIATION,,,1339
754,JN Group Inc.,rkwan,2005-01-24 09:44:06,217
755,JOE CORREA,SUP,1994-12-15 00:00:00,2042
756,"JOHIRO BROTHERS, INC.",,,550
757,JOHN L. WADE JR.,rkwan,1999-09-20 10:07:34,2361
758,JOHN M. KEAN,,,1591
759,JOHN MILLS,SUP,1993-11-08 00:00:00,1835
760,JOHN T. KING,rkwan,2000-02-02 15:29:14,551
762,JOINT ASTRONONY CENTRE,RKWAN,1998-10-06 13:57:05,2273
763,JONATHAN & JEANETTE BOCKRATH,RSK,1995-10-05 00:00:00,2114
764,JON'S SERVICE,rkwan,1998-10-26 14:15:48,1390
765,"JOSEPH F. CORREA, JR.",,,553
766,JOSEPH M TOY,rkwan,1997-07-09 12:03:13,2188
767,JUNE S. OTAKA,SUP,1993-02-18 00:00:00,1624
768,JUNE S. OTAKE,,,1608
769,"K C & S DEVELOPMENT CO., LTD",RKWAN,1997-08-11 13:52:14,2018
770,K W SERVICE,SUP,1992-12-08 00:00:00,1678
771,K&S,,,1589
772,K. HAYASHI STORE,SUP,1994-06-24 00:00:00,2011
773,"K. KOMO STORE, INC.",,,554
774,"K. MIURA PLUMBING, INC.",,,555
775,"K. NAGATA CONSTRUCTION, INC.",,,556
776,K. NAITO,EJS,1996-02-29 00:00:00,557
777,"K. OUE, LTD.",,,558
778,K. PACIFIC,,,559
779,"K. SHIOI CONSTRUCTION, INC.",SUP,1994-08-09 00:00:00,560
780,"K. TANIGUCHI, LTD",SUP,1993-08-06 00:00:00,1795
781,"K. YAMADA DISTRIBUTORS, LTD.",,,561
782,K. YOUNG KALAKAUA PARTNERS INC.,rkwan,2000-03-20 11:37:56,2137
783,Kaanapali Development Corp,RKWAN,2006-05-16 14:48:41,2512
784,KAHALA HILTON HOTEL,EJS,1996-03-01 00:00:00,1294
785,KAHUKU HOUSING CORP.,EJS,1996-02-29 00:00:00,566
786,"KAHUKU SHRIMP CO., INC",RKWAN,1998-12-23 10:53:29,2296
787,"KAIKOO COIN LAUNDRY, INC.",,,568
791,"KAINEHE SERVICE STATION, INC",rkwan,1999-10-04 10:17:14,571
792,KAISER PERMANENTE,CCLARK,1997-01-31 15:39:22,2143
794,"KALAKAUA KLEANERS, INC.",,,572
795,"KALEPA CO., LLC",RKWAN,2005-11-25 11:55:55,2368
796,KALUAKOI CORP.,,,574
797,KAMAME SUMIDA,,,575
798,KAMEHAMEHA INVESTMENT CORP.,SUP,1995-02-08 00:00:00,576
799,KAMEHAMEHA SCHOOLS BERNICE PAUAHI BISHOP ESTATE,rkwan,2000-01-18 15:13:49,2358
800,Kamehameha Schools Bishop Estate,RKWAN,1998-12-11 11:40:08,577
802,KAMEHAMEHA SCHOOLS/BISHOP ESTATE,rkwan,1999-07-15 08:29:52,2355
803,"KAM'S EXPRESS, INC.",RKWAN,1998-12-24 11:35:41,1570
804,"KAMUELA VACUUM COOLING CORP., LTD",,,579
805,KANEDA'S FOOD & PARTY SUPPLIES,SUP,1992-06-03 00:00:00,1389
806,KANEOHE RANCH,,,1588
807,KANO TRUCKING SVC. LTD.,,,580
809,"KANOA ESTATE, INC.",rkwan,1997-12-11 12:15:38,1565
810,KAPALAMA WAREHOUSE,CCLARK,1997-01-23 10:49:27,2155
811,KAPALUA BAY HOTEL,jishihara,2003-12-05 11:39:01,582
812,"KAPALUA LAND CO., LTD.",SUP,1992-08-24 00:00:00,584
813,"KAPALUA WASTE TREATMENT CO., LTD",,,585
814,KAPIOLANI BAKERY,,,1424
815,KAPIOLANI MEDICAL CENTER AT PALI MOMI,rkwan,1999-08-05 14:25:25,462
816,KAPIOLANI WOMEN'S & CHILDREN'S MEDICAL CENTER,,,586
817,KAPOLEI  PEOPLE'S INC,RKWAN,2001-07-02 14:24:28,2304
818,KAPUNAKEA PARTNERS,jishihara,2003-12-05 11:42:09,2321
819,KAT'S REPAIR & SERVICE,,,1341
820,KATSUTOSHI MATSUMURA,EJS,1996-02-29 00:00:00,1787
821,KA'U AGRIBUSINESS CO. INC.,SUP,1993-04-13 00:00:00,562
822,KAUAI  AUTOMATED FUELS NETWORK,rkwan,2004-11-04 14:25:19,936
823,KAUAI BEVERAGE & ICE CREAM CO.,rkwan,1998-08-14 17:06:44,587
824,"KAUAI BUILDERS, LTD",SUP,1994-02-18 00:00:00,1938
825,KAUAI CIGAR SHOP,RKWAN,1998-12-24 11:31:48,1393
826,KAUAI COMMERCIAL COMPANY,CJR,1995-04-25 00:00:00,567
827,KAUAI COMMUNITY COLLEGE - UNIVERSITY OF HAWAII,rkwan,1999-05-10 17:25:21,2345
828,KAUAI COUNTY,SUP,1993-04-21 00:00:00,1719
830,KAUAI COUNTY - DEPT OF PUBLIC WORKS,rkwan,1999-01-04 09:53:26,592
831,KAUAI COUNTY - LIHUE CIVIC CENTER,RKWAN,1998-09-08 08:45:13,2264
832,KAUAI COUNTY CIVIL DEFENSE,esadoyama,1998-03-10 12:07:21,2197
833,KAUAI COUNTY POLICE DEPT,SUP,1993-08-11 00:00:00,1782
834,KAUAI COUNTY POLICE DEPT.,SUP,1992-12-30 00:00:00,224
835,KAUAI COUNTY WATER DEPT,,,261
836,"KAUAI Golf LLC, a Hawaii Corporation",RKWAN,2004-01-29 09:17:20,1468
837,"KAUAI ISLAND TOURS, INC.",,,589
839,KAUAI NURSERY & LANDSCAPING,,,590
841,"KAUAI PAINT AND JALOUSIE, INC",RSK,1995-09-20 00:00:00,2111
842,"KAUAI PETROLEUM CO., LTD.",RKWAN,2000-11-16 12:03:30,591
843,KAUAI SELF SERVE CORP.,knatarajan,2000-01-18 17:20:13,1748
844,KAUAI VETERANS' SERVICE STATION,,,597
845,KAUPULEHU MAKAI VENTURE,rkwan,1996-10-23 13:29:00,2154
846,Kawaihae Cement,RKWAN,2004-05-25 16:15:28,2470
847,KAWAIHAE SERVICE,RKWAN,1998-10-01 11:31:09,2268
848,KAWAILOA DEV. DBA POIPU BAY RESORT GOLF COURSE,knatarajan,1999-12-09 08:39:09,2309
849,KAWAILOA DEVELOPMENT DBA HYATT REGENCY KAUAI,knatarajan,1999-12-09 08:51:27,2302
850,"KAWAMATA BROS, LTD",EJS,1996-02-29 00:00:00,1603
851,KAY HIGASHI,SUP,1994-05-03 00:00:00,1982
852,KAYA'S GENERAL MERCHANDISE,EJS,1996-02-29 00:00:00,598
853,"KAZU INC., DBA EWA MART",RKWAN,2004-03-15 09:51:45,2427
854,KAZU MORITA SERVICE,EJS,1996-02-29 00:00:00,1665
855,KAZUO YANAGIDA,,,599
856,KBP LIMITED PARTNERSHIP,,,600
857,"KEAAU SERVICE STATION, INC",RKWAN,1998-10-28 15:31:15,862
858,"KEAAU SERVICE STATION, INC DBA BJ'S 76",RKWAN,2003-07-25 16:03:10,1694
859,KEAAU STEAK HOUSE,,,601
860,KEAKEALANI L. CHAR,RKWAN,1997-08-29 10:31:21,1249
861,"KEALAKEKUA RANCH, LTD.",,,602
862,KEAUHOU BEACH HOTEL,,,603
863,"KEAUHOU COMMUNITY SERVICES, INC",esadoyama,1997-07-31 08:15:40,2050
864,KEEAUMOKU PARTNERS,SUP,1992-01-19 00:00:00,1463
865,Kee-Thelma Inc,RKWAN,2005-05-25 07:19:40,2489
866,"KEKAHA SUGAR COMPANY, LTD.",,,605
868,KEMS INC.,,,606
869,KEN ASATO,,,607
870,KEN DIRECTION CORP.,EJS,1996-03-01 00:00:00,617
871,KEN YEE,,,609
872,KENAI AIR HAWAII,EJS,1996-02-29 00:00:00,611
873,KENNETH HIGUCHI,SUP,1992-04-24 00:00:00,1503
874,"KENNETH S. OYADOMAR, TRUSTEE",SUP,1994-06-16 00:00:00,1997
875,"KENNETH SHIOI & CO., LTD",rkwan,1996-10-23 13:59:23,612
876,KEN'S SERVICE STATION INC.,RKWAN,1998-12-24 10:01:22,101
877,KEN'S TIRE & SUPPLY INC.,RKWAN,1998-06-25 10:59:24,610
878,KENT NAKAMARU,rkwan,1998-12-30 16:32:47,614
879,KEOLA HANA MAUI INC.,rkwan,1999-11-30 10:34:43,1562
880,KEWALO INCINERATOR,rkwan,1997-12-11 12:16:15,2029
881,KGU Radio Station,rkwan,2000-02-02 15:11:30,2159
882,KIAHUNA GOLF COURSE,RKWAN,1999-01-11 09:41:58,2241
883,"KIHARA ELECTRIC, INC.",,,616
884,KIKUYAMA ENTERPRISES,rilaga,2005-07-05 14:27:37,1812
885,Kilihau Commercial Partners,cclark,1996-12-27 08:35:15,414
887,KILLEBREW & WHITE CO.,rkwan,1998-06-22 11:12:21,2243
888,KING KAMEHAMEHA KONA BEACH HOTEL,RKWAN,1999-01-25 10:44:55,2283
889,KING'S BAKERY,SUP,1992-01-13 00:00:00,1364
890,KING'S GOSPEL CENTER,SUP,1991-11-15 00:00:00,397
891,KING'S VILLAGE SHOPPING CENTER,rkwan,1999-11-29 14:14:33,2369
892,KIRCHMEYER DEVELOPMENT CORP,SUP,1993-03-18 00:00:00,608
893,KITAGAWA MOTORS INC,,,618
894,KIYOMI OMOTO,RKWAN,1998-08-27 15:31:48,2238
895,"KO OLINA MARINA, LLC",rkwan,2006-12-08 12:01:52,2382
896,"KOBAYASHI HOTEL, INC",EJS,1996-02-29 00:00:00,1672
897,"KOBAYASHI HOTEL, INC.",,,620
898,"KOEI USA ENTERPRISE, INC.",RSK,1995-08-24 00:00:00,2087
899,KOLOA SHELL SERVICE INC.,rkwan,2000-04-10 15:04:33,621
900,KONA COUNTRY CLUB,RKWAN,2001-04-17 09:12:38,2399
901,KONA FARMERS COOPERATIVE,rkwan,1998-09-15 10:55:30,622
902,KONA STOP AND SHOP,rkwan,1999-06-10 09:56:47,2347
903,KONA STYLE PRODUCTS (CHAI ENTPR),,,623
904,"KONA TRANSPORTATION CO., INC",rkwan,1999-09-22 16:27:10,1622
905,KONA VILLAGE RESORT,rkwan,1998-09-15 11:04:07,625
906,KOOL KUTZ III,EJS,1996-02-29 00:00:00,2123
907,"KOOLAU REFUSE, INC.",,,626
908,KRAFT FOODS INC.,EJS,1996-03-01 00:00:00,2037
909,"KRAFT GENERAL FOODS, INC.",,,627
910,KRIMPS INC SERVICE STATION,,,628
911,KSL GRAND WAILEA RESORT INC.,rkwan,2000-02-02 15:02:45,2318
912,KTA SUPER STORES,SUP,1993-06-29 00:00:00,1775
913,KUAKINI MEDICAL CENTER,rkwan,1999-12-30 08:58:35,629
914,"KUHIO MOTORS, INC.",,,630
915,KUI & I FLORIST,SUP,1992-06-26 00:00:00,1529
916,KUILIMA DEVELOPMENT COMPANY,,,631
917,Kuilima Resort Co,RKWAN,2006-06-07 10:35:04,2513
918,KUILIMA RESORT COMPANY,rkwan,1998-12-31 11:22:30,2322
919,KUKUI (MOLOKAI) INC,rkwan,1998-12-21 16:22:13,1536
920,Kukuiula South Shore Community Services LLC,rkwan,2004-01-22 10:58:43,2435
921,Kula Ace Hardware,RKWAN,2003-09-11 15:04:11,2454
922,"KULANA FOODS, LTD.",,,632
923,"KUNIA STORE, LTD.",,,634
924,"KURIHARA PAINTING CO., LTD.",rkwan,1998-01-14 09:40:18,635
925,KURISU & FERGUS,rkwan,2000-02-17 14:32:53,6
930,KUWAYE TRUCKING INC.,,,636
931,KYOTARU HAWAII CORPORATION,rkwan,2001-07-25 16:26:41,2412
932,"KYO-YA COMPANY, INC",SUP,1993-01-21 00:00:00,1518
933,L. L. MAGBA INC.,SUP,1993-01-21 00:00:00,637
934,"L. T. KUWASAKI, INC.",,,638
935,L.A. SERVICES INC.,rkwan,2000-08-28 10:46:30,1754
936,L.B.B. PARTNERS,SUP,1992-02-27 00:00:00,1438
937,LAHAINA FOREIGN CAR REPAIR,esadoyama,1998-02-20 13:11:07,2229
938,Lahaina Petroleum LLC,rkwan,2005-09-28 15:02:05,2502
939,"LANAI CITY SERVICE, INC",rkwan,2003-01-30 13:09:42,2447
940,"LANAI CO., INC.",rkwan,2001-06-08 14:58:12,1369
941,"LANAI COMPANY, INC.",rkwan,2001-06-08 15:14:14,1750
942,LANAI RESORT PARTNERS,,,639
943,LARRY LEON,rkwan,1997-12-11 12:18:38,640
944,"LAU CHEE, INC",,,1354
945,LAUPAHOEHOE TRANSPORATION CO.,jsherrer,1998-06-17 08:50:41,641
946,Lawrence Kanno,rkwan,2004-11-12 16:38:23,2485
947,"LBTC hOLDINGS, LLC dba Lex Brodie's Tire company",RKWAN,2007-01-12 14:31:34,8
948,LDS HAWAII TEMPLE,EJS,1996-02-29 00:00:00,642
949,LEAHI HOSPITAL - HAWAII HEALTH SYSTEMS CORP,rkwan,1999-01-19 08:50:48,643
950,LEEWARD FUNERAL HOME,SUP,1994-01-06 00:00:00,1843
951,LEEWARD PETROLEUM,SUP,1993-08-28 00:00:00,1813
952,"LENAKONA DEVELOPMENT, LTD",RKWAN,2001-01-02 15:14:47,1436
953,LENGO CONSTRUCTION,SUP,1993-08-11 00:00:00,1695
954,LEOLUA REGENT,,,1227
955,LEONARDS BAKERY INC.,,,646
956,LIHUE COUNTY COMPLEX,rkwan,1997-08-06 08:24:44,2198
957,LIHUE SHELL SERVICE,,,652
958,LIKELIKE DRIVE IN,SUP,1994-05-04 00:00:00,1985
959,LILIUOKALANI TRUST - FIRST HAWAIIAN BANK,rkwan,1998-12-21 15:37:35,2313
960,LILLIAN APING,CCLARK,1997-04-17 13:34:02,2173
961,LILY Z. LEE / DEXTER LEE,RSK,1995-08-24 00:00:00,2075
962,LIN F. KAM,,,653
963,LINDA KAIAKAPU,rilaga,2006-07-27 09:41:00,1187
964,"LING BROTHERS, LTD.",rkwan,1997-12-11 12:19:25,654
965,"LOCKHEED AIR TERMINAL, INC.",,,655
966,LOKAHI PACIFIC,rkwan,1998-12-21 09:18:37,766
967,LONGS DRUGS INC.,,,1388
968,LOOMIS ARMORED INC.,,,657
969,LOUISE T. ABE,rkwan,1997-09-29 15:48:32,13
970,LOVES BAKERY,,,659
971,LOWELL PANG,,,1431
972,LSG LUFTHANSA SERVICE SKY CHEFS,esadoyama,1999-03-03 13:22:56,969
973,LUCILLE M. ADAMS,,,661
974,LUCY HENRIQUES MEDICAL CENTER,akatsura,1997-09-09 09:35:06,1639
975,LUNALILO TRUST,rkwan,1998-07-13 13:28:45,2247
976,Luwai Ltd.,cclark,1996-12-27 08:27:45,834
977,M K EQUIPMENT CORPORATION,SUP,1992-07-30 00:00:00,662
978,"M. DYER & SONS, INC.",RKWAN,1997-07-25 15:07:08,663
979,"M. NAKAHARA STORES, LTD.",RKWAN,1998-12-24 10:20:20,664
981,"M. NAKAI REPAIR SERVICE, LTD.",,,666
982,"M. SONOMURA CONTRACTING CO, INC.",,,667
983,M.S. PETROLEUM CORP.,RKWAN,2003-02-20 10:20:43,533
984,"MACFARMS OF HAWAII, INC.",jruiz,2000-04-18 10:22:36,668
986,MAGIC ISLAND ENTERPRISES,,,669
987,MAGNUM TRANSPORTATION,,,670
988,MAKAHA Hotels and Resorts,rkwan,2004-05-14 15:52:41,1929
989,MAKAWAE PARTNERS,EJS,1996-02-29 00:00:00,1842
991,MAKENA WASTEWATER CORP,rkwan,2002-10-01 15:25:37,2420
992,MALAMA PACIFIC,RKWAN,2000-10-26 16:33:44,1383
993,MALIBU GRAND PRIX,rkwan,2000-05-22 15:06:21,671
994,MALOLO BEVERAGES & SUPPLIES LTD.,,,672
995,MALUHIA ELDERLY HOUSING,RSK,1995-05-08 00:00:00,2079
996,MALULANI HALE,SUP,1994-07-13 00:00:00,1984
997,MARCUS AND ASSOCIATES,rkwan,2001-11-29 16:40:33,2404
998,"MARGARET M. LEONG, ETAL",,,674
999,MARGERET T. QUESNEL,EJS,1996-02-29 00:00:00,1484
1000,MARK SPERRY,rkwan,2000-02-28 14:01:40,2277
1001,MARKET CENTER SERVICE STATION,rkwan,2001-01-11 09:50:12,676
1002,"MARMAC, INC.",,,677
1003,MARRIOTT IN FLITE SERVICES #343,SUP,1992-12-22 00:00:00,1307
1004,"MARRIOTT KAUAI, INC",knatarajan,1999-11-30 10:46:47,2365
1005,"MARS VALLEY OF HONOLULU, INC",SUP,1992-08-27 00:00:00,1505
1006,"MARTMARY INVESTMENTS, INC",rkwan,2000-02-17 14:20:33,1708
1007,"MARTMARY INVESTMENTS, INC.",SUP,1993-03-05 00:00:00,679
1008,MARY OSHIRO,rkwan,1998-11-05 15:38:32,26
1009,MASAMI & MAE M. AITO,,,680
1011,MASAO & JILL FUJIMOTO,,,1481
1012,MASAO AOTAKI,esadoyama,1997-06-03 14:49:55,2178
1013,MASASHI OGAWA,,,681
1014,MASATSUGU FUKUYAMA,rkwan,2000-01-05 08:48:27,682
1015,MASTER SHEET METAL INC.,,,684
1016,"MATSON NAVIGATION COMPANY, INC",RKWAN,2001-01-19 15:05:11,685
1017,"MATSUMOTO PETS, INC",SUP,1993-08-31 00:00:00,1479
1018,"MATSUMOTO SERVICE STATION, INC",SUP,1992-06-02 00:00:00,1511
1019,MATSUYAMA ENTERPRISES,cclark,1996-12-11 11:00:47,686
1020,"MAUI BLOCKS AKA R&M SERVICE CO., INC",rkwan,1997-08-11 09:47:16,870
1021,"MAUI CAR RENTAL & LEASING, INC.",,,687
1022,"MAUI DISPOSAL CO., INC.",RKWAN,2000-03-14 15:57:11,690
1023,"MAUI ECONOMIC CONCERNS OF THE COMMUNITY, INC",rkwan,2001-11-09 10:09:37,2422
1024,"MAUI ELECTRIC CO., INC.",SUP,1993-02-11 00:00:00,691
1026,MAUI FARMERS COOPERATIVE XCHANGE,rmaniulit,2000-11-13 14:42:32,692
1027,MAUI FUNERAL TRUST,,,698
1028,"MAUI ISLAND TOURS, LTD.",rkwan,2000-05-09 09:51:47,693
1029,"MAUI LAND & PINEAPPLE CO., LTD.",,,694
1030,"MAUI MEAT CO., INC.",,,696
1031,MAUI OIL CO. INC.,jishihara,2003-12-05 12:02:19,1301
1032,MAUI PALMS HOTEL,rkwan,1997-07-30 14:49:39,2194
1033,MAUI PETROLEUM,jishihara,2003-12-05 13:11:39,1052
1034,"MAUI PINEAPPLE COMPANY, LTD.",esadoyama,1998-06-15 14:29:55,700
1035,"MAUI POTATO CHIP, INC.",,,701
1036,MAUI PRINCE HOTEL,rkwan,2001-11-02 10:02:45,2419
1037,"MAUI SODA & ICE WORKS, LTD.",,,702
1038,MAUI TOYOTA,SUP,1992-07-16 00:00:00,1584
1039,MAUI TROPICAL PLANTATION,rkwan,2001-09-27 09:44:11,2414
1040,"MAUI VENTURE CAPITAL CO.,INC",JRICHARDSON,2002-12-24 16:29:30,1223
1041,MAUNA KEA AGRIBUSINESS CO,rkwan,2003-01-22 09:45:17,1705
1042,MAUNA KEA BEACH HOTEL,rkwan,2000-02-28 09:52:57,1645
1043,MAUNA KEA BEACH RESORT,rkwan,2000-02-14 09:48:41,1188
1044,MAUNA KEA ELECTRIC INC,RKWAN,1997-09-19 12:57:53,1408
1045,MAUNA KEA PETROLEUM,sli,2000-01-24 08:45:57,2259
1046,MAUNA KEA RANCH,rkwan,1999-07-26 09:58:23,2349
1047,MAUNA LANI BAY HOTEL,rkwan,1998-09-15 10:41:05,704
1048,MAUNA LANI RESORT,rkwan,1997-10-13 11:29:31,2218
1049,"MAUNA LANI RESORT, INC.",,,1483
1050,MAUNA LOA MACADAMIA NUT CORPORATION,,,705
1053,MAUNALANI HOSPITAL,,,706
1054,MAUNALANI NURSING CENTER,SUP,1992-01-23 00:00:00,1374
1055,"MAUNAWILI PRODUCE, INC.",,,707
1056,McBARNET PAIA CORP,rkwan,2000-03-23 09:58:53,2380
1057,McCABE CORPORATION,esadoyama,1998-10-07 14:46:58,708
1058,McCULLY Union Service,rkwan,2006-12-18 11:58:56,2521
1059,"MCI International s/o WorldCom, Inc.",rkwan,2001-10-03 11:23:17,2148
1060,McKESSON DRUG COMPANY,rkwan,2000-02-28 09:56:01,740
1061,McKINLEY MOTOR SERVICE INC.,rkwan,2000-08-21 10:18:47,741
1063,MEADOW GOLD DAIRIES,,,95
1065,"MEDEIROS FARM, INC.",,,709
1066,MELIM LTD.,RKWAN,2001-03-01 14:54:51,710
1067,MEL'S UNION SERVICE,akatsura,1997-09-12 14:17:57,149
1068,MENEHUNE MAC,SUP,1992-03-09 00:00:00,1451
1069,"MERCANTILE PRINTING CO., LTD.",,,711
1070,MERCANTILE TRUCKING SERVICE,RKWAN,1998-12-24 11:07:17,712
1071,"MERIDIAN PACIFIC MANAGEMENT CO., LTD",EJS,1996-02-29 00:00:00,1372
1072,MERTIN LAU,,,1402
1073,MICHAEL OSBURNE,RKWAN,2002-08-19 10:13:10,2439
1074,Mid Pac Petroleum LLC,RKWAN,2006-11-06 11:10:46,2483
1075,MIDAS MUFFLER,EJS,1996-02-29 00:00:00,1663
1076,MID-PACIFIC COUNTRY CLUB,,,1255
1077,MID-PACIFIC INSTITUTE,SUP,1992-04-14 00:00:00,713
1078,"MIHARA TRANSFER,INC.",,,714
1079,MIKE & JOANNA WOODS,,,1229
1080,MIKE SALTA PONTIAC,,,715
1081,MIKE'S ALOHA SERVICE,EJS,1996-03-01 00:00:00,1607
1082,"MIKES ALOHA SERVICE, INC.",,,716
1083,MIKO MEATS SLAUGHTER HOUSE,EJS,1996-03-01 00:00:00,2005
1084,MILDRED KANESHIRO,rkwan,2000-02-28 10:45:19,1592
1085,MILDRED NOUYE,EJS,1996-02-29 00:00:00,738
1086,"MILILANI GOLF CLUB, INC.",EJS,1996-02-29 00:00:00,717
1087,MILILANI GROUP INC.,,,718
1088,MILILANI SHOPPING CENTER ASSOCIATION,,,1575
1089,MINIT STOP -76,RKWAN,1999-11-03 08:50:16,2366
1090,MINORU KAYATANI,RKWAN,1998-01-26 14:50:27,719
1091,MINORU TAMASHIRO,RKWAN,2004-07-06 11:14:16,2472
1092,"MIRAMAR HOTEL HAWAII, INC.",,,721
1093,MIRIAN F. NAKAGAWA,rkwan,2001-12-10 10:41:14,214
1094,MITCHELL LAUNDRY (FORMERLY),,,338
1095,"MIYASHIRO POULTRY HOG FARM, INC",RKWAN,1998-12-24 12:31:16,722
1096,MIYAZAKI AIRPORT SERVICE STATION,rkwan,1998-12-30 17:02:04,723
1097,"MNS, LTD.",rkwan,2000-02-17 14:10:29,724
1098,MOANALUA GOLF CLUB,CJR,1995-04-21 00:00:00,727
1099,"MODERN MACARONI CO, LTD",SUP,1994-06-24 00:00:00,2008
1100,MOLOKAI AIRPORT,rkwan,1999-08-27 16:31:57,2359
1101,MOLOKAI GENERAL HOSPITAL,SUP,1994-06-24 00:00:00,1994
1102,MOLOKAI ISLAND U DRIVE ( OLD DOLLAR RENT-A-CAR),rkwan,1997-10-13 15:25:31,2220
1103,"MOLOKAI PROPERTIES, LTD",RKWAN,2004-07-23 10:45:20,2473
1104,MOLOKAI RANCH,EJS,1996-02-29 00:00:00,2049
1107,"MOLOKAI RANCH, LTD",RSK,1995-05-22 00:00:00,1430
1108,MONARCH BUILDING SUPPLY,EJS,1996-02-29 00:00:00,3
1110,MONROE FRIEDLANDER MANAGEMENT INC,RKWAN,1998-12-28 11:25:46,2203
1111,Montgomery Motors Ltd,RKWAN,2006-11-24 13:50:07,2501
1112,MOOS MACHINE SHOP,,,1568
1113,"MORENO ENTERPRISES, INC.",rkwan,1997-10-02 11:20:20,729
1114,"MORIYAMA BROTHERS, LTD.",,,730
1116,MORRIS ANGELO,rkwan,1999-02-17 11:19:01,2331
1117,MOTOR SUPPLY LTD,CJR,1996-02-22 00:00:00,1646
1118,"MOTOR SUPPLY, LTD.",,,731
1119,"MOUNTAIN VIEW DAIRY, INC.",,,732
1121,MR AND MRS WALTER TAKARA,RKWAN,2003-08-19 09:18:06,2453
1122,MR. & MRS. EDWARD DOTY,,,734
1123,MR. BENNETT OHTA,EJS,1996-02-29 00:00:00,1976
1124,MR. FRANCIS LEANDRO,rkwan,2001-12-27 09:08:14,2428
1125,MR. GORDON NISHIKI,SUP,1994-02-11 00:00:00,1932
1126,MR. LUN,rkwan,2000-02-15 13:22:04,2356
1127,MR. MORIKAMI,,,1587
1128,MR. SADAMU OKUNI,SUP,1992-06-01 00:00:00,1534
1129,MR. WALTER NAGAI,EJS,1996-03-01 00:00:00,2091
1130,MRS. CHARLES KAWAMOTO,SUP,1994-04-07 00:00:00,1974
1131,MRS. JUDY HILL,rkwan,2002-04-24 09:38:42,2426
1132,MRS. MARGO BOURLAND,rkwan,1996-08-20 08:46:42,2142
1133,MRS. PERRY C/O HAWAIIAN TRUST,,,736
1134,MS Auto Inc,rkwan,2005-07-06 13:49:33,2493
1135,MS. MIHO YONEYAMA - KOHALA TRADE CENTER,CJR,1995-07-20 00:00:00,2092
1136,MS. NOBUKO KIMATA,rkwan,2001-09-20 10:06:55,2418
1137,MS. SERVICE INC.,RKWAN,2002-12-16 09:41:13,1284
1138,MURRAY AIR LTD.,,,739
1139,"MUTUAL WELDING COMPANY, LTD.",rkwan,1999-03-04 08:40:39,1516
1140,NA EA PARTNERSHIP,,,743
1141,NABARRETE STORE,rkwan,2001-12-05 16:39:39,720
1142,NAKAI ELECTRICAL SERVICE,SUP,1995-01-19 00:00:00,2044
1143,NAKAMURA INVESTMENT CORP,akatsura,1997-09-12 09:13:26,1836
1144,"NAKAMURA MORTUARY, INC",,,1482
1145,"NAKAMURA SALES & SERVICE, LTD.",,,744
1146,"NAKAOKA PAINTING, INC.",,,745
1147,NAOHIRO TAKAHASHI,,,746
1148,NAS - BARBERS POINT,rkwan,1999-11-02 09:18:36,1790
1149,"NATIONAL CAR RENTAL SYSTEM, INC.",,,747
1150,"NATIONAL CONCRETE SAWING, INC.",SUP,1993-11-16 00:00:00,1844
1151,NATIONAL TROPICAL BOTANICAL GARDENS,RKWAN,2000-03-01 09:12:10,1460
1152,NAURU PHOSPHATE ROYALITIES DEVELOPMENT,rkwan,1999-09-08 13:52:55,1763
1153,NAV. & MARINE CORPS RESERVE CENTER,,,749
1154,NAVAL MAGAZINE LUALUALEI,RKWAN,1999-01-14 16:05:13,751
1155,"NAVAL MEDICAL CLINIC, PEARL HARBOR",rkwan,2001-05-09 09:21:11,748
1156,NAVAL PACIFIC METEOROLOGY & OCEANOGRAPHY/JTWC,rkwan,2006-05-25 14:01:23,758
1157,NAVAL STATION PEARL HARBOR,rkwan,2000-04-10 16:59:28,752
1160,NAVAL SUBMARINE TRAINING CENTER,rkwan,2000-04-10 16:18:22,756
1161,NAVAL SUPPLY CENTER,rkwan,2000-04-10 15:57:26,1597
1162,NAVCAMS EASTPAC,RKWAN,1997-07-15 15:31:42,1810
1163,NAVY DATA AUTOMATION FACILITY,rkwan,1999-07-30 16:25:10,759
1164,NAVY ENVIRONMENTAL & PREVENTIVE MEDICINE UNIT SIX,rkwan,2000-05-01 10:56:39,761
1165,NAVY PUBLICATIONS & PRINTING SVC,,,762
1166,"NCRS HAWAII, INC.",RKWAN,2003-10-28 15:08:24,1735
1167,"NEON ELECTRIC SERVICE, LTD",CCLARK,1997-05-05 10:11:50,1636
1168,NII'S PROPERTIES,rkwan,1997-09-26 14:52:47,2004
1169,"NIKKO RESTORATION MASSAGE,INC.",,,763
1170,"NISHI SERVICE STATION, LTD.",,,764
1171,"NISSAN MOTOR CORP. IN HAWAII, LTD",,,765
1172,NISSAN OF WAIPAHU,SUP,1991-11-11 00:00:00,1637
1173,"NISSAN OF WAIPAHU, INC.",EJS,1996-02-29 00:00:00,1626
1174,NITTAKU INVESTMENT,SUP,1993-03-03 00:00:00,767
1175,"NITTO HAWAII CO., LTD",,,1421
1176,NO KA OI TERMITE & PEST CONTROL,,,768
1177,NOBORU UEHARA,RSK,1995-03-09 00:00:00,2028
1178,"NORDIC CONSTRUCTION, LTD.",,,769
1179,NORMA CHRISTIAN,,,63
1180,NORMAN K. SATO,,,771
1181,NORTH KONA SHOPPING CENTER,rkwan,1999-03-25 09:51:24,291
1182,NORTHWEST AIRLINES,jishihara,2004-04-07 11:04:42,772
1183,"NURSERY ASSOCIATES, LTD.",,,775
1184,"O. THRONAS, INC.",rkwan,1999-01-04 14:12:05,776
1185,"OAHU BINDERY, INC.",,,777
1186,OAHU CEMETERY ASSOCIATION,,,778
1187,"OAHU CONSTRUCTION CO., LTD.",,,781
1188,OAHU COUNTRY CLUB,,,782
1189,OAHU DISTRIBUTION,rkwan,2000-02-28 11:44:46,57
1190,"OAHU GAS SERVICE, INC.",,,783
1191,OAHU LANDSCAPING,SUP,1991-11-15 00:00:00,1640
1192,"OAHU LUMBER & HARDWARE CO., LTD.",,,784
1193,"OAHU PAVING CO., INC.",,,785
1194,"OAHU PLUMBING & SHEET METAL, LTD",RKWAN,1998-12-24 11:03:12,786
1195,OAHU PLUMBING & SHEETMETAL,rkwan,1997-12-12 14:50:27,2227
1196,"OAHU SUGAR CO., LTD",SUP,1993-07-30 00:00:00,787
1197,"OAHU SUGAR COMPANY, LTD.",,,788
1198,OAHU TIRE,rkwan,2000-12-26 16:37:52,1371
1199,"Oahu Waste Services, inc",rkwan,2005-07-12 15:38:53,1305
1200,OCEANIC CABLEVISION,,,789
1202,OHANA STATION COMPANY LLC,rkwan,2001-09-17 09:22:26,2371
1203,"OKA AUTO PAINT & REPAIR, INC.",,,790
1204,"OKADA TRUCKING CO., LTD.",,,791
1205,"OKAZAKI & SUGAI PLASTERERS, INC.",,,792
1206,OLD VIENNA BAKE SHOP,,,793
1207,"OLOKELE SUGAR CO., LTD",EJS,1996-02-29 00:00:00,1706
1208,"OLOMANA GOLF LINKS, INC.",SUP,1993-02-08 00:00:00,794
1209,ORCHIDLAND GULSONS LLC.,rkwan,2001-09-07 14:26:51,2416
1210,"OTO'S SERVICE, INC.",,,796
1211,"OTSUKA SALES & SERVICE, LTD.",SUP,1992-04-07 00:00:00,797
1212,OUTRIGGER PRINCE HOTEL,,,1598
1213,"OVERSEAS FREIGHT FORWARDERS, INC",,,798
1214,"PACIFIC AMUSEMENT CO., LTD",RSK,1995-03-09 00:00:00,2055
1215,"PACIFIC AMUSEMENT CO., LTD.",EJS,1996-03-01 00:00:00,799
1216,"PACIFIC CAR RENTAL MANAGEMENT, INC",SUP,1992-03-16 00:00:00,1456
1217,Pacific Carriage LTD,rkwan,2005-12-15 09:31:41,2507
1218,"PACIFIC CONSTRUCTION CO., LTD.",,,801
1219,"PACIFIC DIVING INDUSTRIES, INC.",rkwan,1999-03-25 09:08:47,1567
1220,"PACIFIC FABRICATIONS, INC",,,1578
1221,"PACIFIC FENCE, INC.",,,803
1222,PACIFIC INTERNATIONAL SERVICES,RKWAN,2005-03-18 15:48:40,285
1223,"PACIFIC INVESTORS PROPERTY MANAGEMENT, INC",RKWAN,2001-05-09 13:31:58,2402
1224,Pacific light net,rkwan,2004-08-17 16:24:48,2476
1225,PACIFIC MACHINERY,,,804
1231,PACIFIC MISSILE RANGE FACILITY,RKWAN,1996-09-27 15:23:47,809
1232,PACIFIC OLDSMOBILE-GMC,,,810
1233,"PACIFIC STAR COMMUNICATION, INC",rkwan,1998-12-10 16:36:37,2294
1234,PACIFIC TERRAZZO & TILE CORP.,,,812
1235,"PACIFIC TRANSFER & WAREHOUSE, INC.",SUP,1992-06-02 00:00:00,813
1236,"PACIFIC WEST FUELS, INC",rkwan,1997-12-02 09:26:29,2226
1237,PACIFIC-TMR,,,615
1238,"PALAMA MEAT CO., INC.",,,814
1239,"PALANI RANCH CO., INC.",,,815
1240,"PALOLO AUTO SERVICE, INC.",,,816
1241,Pam Fujita property,RKWAN,2004-01-07 13:08:58,2462
1242,PANGOLA,RKWAN,1996-12-13 09:46:17,683
1244,PANKOW DEVELOPMENT,,,818
1245,PANNER ASSOCIATES,RKWAN,1997-10-17 11:07:25,2015
1246,PANORAMA AIR,SUP,1993-04-26 00:00:00,819
1247,"PAN-PACIFIC CONSTRUCTION, INC.",,,817
1248,"PANTHEON COMPANY, LTD.",,,1332
1249,PAPILLON HAWAIIAN HELICOPTERS,rkwan,1997-08-28 15:40:39,1358
1250,PAPILLON HELICOPTERS LTD.,rkwan,1998-01-13 10:11:14,820
1251,PARADISE AUCTION,RKWAN,1998-12-24 12:34:23,2269
1252,PARADISE BEVERAGES,RKWAN,1999-07-28 16:34:16,821
1253,"PARADISE PARK, INC.",,,822
1254,PARADISE PETROLEUM DBA ALII PETROLEUM,RKWAN,2003-07-22 10:14:42,2054
1255,PARKER RANCH,,,823
1256,PATEL'S TEXACO,RSK,1995-04-27 00:00:00,824
1257,PATRICK IBARA,,,825
1258,PATRICK WATANABE,,,826
1259,PATRIOT AMERICAN HOSPITALITY INC,rkwan,2004-04-07 16:15:41,2467
1260,PAUAHI BLOCK A NON-PROFIT CORP.,,,827
1261,PAULEY PETROLEUM,EJS,1996-02-29 00:00:00,828
1262,PAUL'S AUTO REPAIR,EJS,1996-03-01 00:00:00,1670
1263,"PEACOCK ROOFING AND TERMITE CO., LTD",esadoyama,1999-02-18 16:20:58,2230
1264,PEARL AUTO SERVICE & SUPPLY INC.,rkwan,1999-10-27 14:47:24,831
1265,PEARL CITY EARTH STATION A T & T,,,1577
1266,PEARL CITY UNION 76 STATION,,,1347
1267,PEARL COUNTRY CLUB,SUP,1992-01-14 00:00:00,832
1268,PEARL HARBOR NAVAL SHIPYARD,RKWAN,1997-08-18 10:34:08,2202
1269,PEARL HARBOR NAVAL SHIPYARD & IMF,rkwan,2000-04-11 09:00:47,833
1270,PELCO INC H.R.C.,,,1248
1271,PEPSI-COLA/7-UP BOTTLING CO.,,,835
1272,"PERFECTION DRY CLEANERS, LTD.",,,836
1273,PERSIS CORP,rkwan,1997-11-28 11:23:03,2224
1274,PFLUEGER ACURA,SUP,1991-11-14 00:00:00,1623
1275,PFLUEGER HAWAII INC.,SUP,1992-02-24 00:00:00,837
1276,PFLUEGER LINCOLN MERCURY INC.,,,838
1277,PH CORPORATION/REFUSE INC,RKWAN,2001-03-27 14:17:49,1628
1278,PHAEDRA LLC (ROGER QUINN),rkwan,2000-05-22 17:04:13,2384
1279,PHILIP & CAROLYN CASCAVILLA,,,839
1280,PHILIP & DOLLY WON,,,1225
1281,PHILLIPS 66 COMPANY,,,840
1282,PHILLIPS U DRIVE INC.,SUP,1993-08-05 00:00:00,841
1283,"PHOENIX CONTRACTING, INC",rkwan,2004-08-17 16:24:19,1798
1284,"PILIALOHA, INC",SUP,1995-02-10 00:00:00,2052
1285,"PIONEER CONTRACTING CO., LTD.",,,842
1286,PIONEER LUMBER & TREATING OF KAWAIHAE INC,EJS,1996-02-29 00:00:00,2043
1287,"PIONEER MILL CO., LTD.",,,843
1288,PLEASANT HAWAIIAN HOLIDAYS,RKWAN,1999-03-31 16:00:08,906
1290,PNEUMATIC EQUIPMENT CO.,,,844
1291,POHAI NANI GOOD SAMARITAN KAUHALE,EJS,1996-02-29 00:00:00,1386
1292,POLYNESIAN HOSPITALITY,rkwan,2001-08-23 10:25:42,2061
1293,POLYNESIAN MANAGEMENT,SUP,1992-11-23 00:00:00,1673
1294,PONY EXPRESS COURIER CORP,,,845
1295,"PR DRILLING CO., INC.",,,846
1296,PRECISION ELECTRIC,RKWAN,1997-09-11 11:11:09,2206
1297,"PRECISION WOOD OF HAWAII,INC.",,,847
1298,PRESTRESSED CONCRETE,,,848
1299,"PRI GASCO, INC.",,,849
1300,PRINCEVILLE CORPORATION,rkwan,1999-03-25 10:52:21,1838
1301,"PRINCEVILLE SERVICE STATION, INC.",rkwan,2006-11-02 09:46:59,2233
1302,PRODUCE CENTER DEV. LTD.,,,850
1303,PRUDENTIAL INSURANCE CO. OF AMERICA,SUP,1992-04-24 00:00:00,860
1304,"PUNA SUGAR COMPANY, LTD.",,,863
1305,PUNAHOU REPAIR SHOP,SUP,1993-03-13 00:00:00,864
1306,PUNAHOU SCHOOL,,,865
1307,"PUNALU'U DEVELOPMENT, INC",SUP,1994-11-10 00:00:00,2031
1308,PUUEO POI FACTORY INC.,,,866
1309,PUUWAAWAA RANCH,,,867
1310,"QUALITY GENERAL, INC",rkwan,1998-08-12 14:33:10,2256
1311,QUALITY MASONS INC.,SUP,1993-04-29 00:00:00,868
1312,QUALITY SHEETMETAL & AIR CONDITIONING CO.,rkwan,1998-01-12 10:09:40,869
1313,"R. ELECTRIC, INC.",,,871
1314,"R. FUJIOKA & SONS, LTD.",,,872
1315,"R. OTANI CONTRACTOR, INC.",,,873
1316,"R.H.S. LEE, INC.",rkwan,2000-09-25 08:58:01,874
1317,RAILROADS OF HAWAII INC.,rkwan,1998-12-30 16:15:03,876
1318,"RAINBOW CHEVROLET, INC.",,,877
1319,"RAINBOW TOURS, INC.",,,878
1320,Rakuyo Ken U.S.A.,esadoyama,1998-04-28 15:36:51,2237
1321,RALPH KATO,rkwan,1997-09-29 15:26:56,2119
1322,RALPH M. TOMA DBA TOMA GARAGE,rkwan,1997-09-30 08:18:52,1061
1323,"RALPH S. INOUYE CO., LTD.",SUP,1993-07-17 00:00:00,879
1324,RALPH S. NISHIDA,,,880
1325,Ralph Saito,rkwan,2005-07-14 14:04:49,2494
1326,RALPH'S 76 INC.,,,881
1327,RAM CORPORATION,,,882
1328,RAY NAKAGAWA,rkwan,2005-02-28 08:55:19,2487
1329,RAYMOND TAMURA,SUP,1993-05-28 00:00:00,1469
1330,RAYMOND TANOUYE,RSK,1995-09-07 00:00:00,2106
1331,REAL ESTATE DELIVERY INC.,system admin,1997-04-16 08:29:10,2179
1332,REDONDO'S INC.,CCLARK,1997-01-23 14:22:53,884
1333,"REGO'S PURITY FOODS CO., INC.",,,885
1334,REHAB HOSPITAL OF THE PACIFIC,RKWAN,1997-09-22 14:49:05,2210
1335,RENT-A-WRECK,EJS,1996-02-29 00:00:00,1414
1336,REX TANAKA,rkwan,2001-05-25 11:30:04,2408
1337,REYNOLDS METALS COMPANY,rkwan,2001-05-08 16:59:19,886
1338,RICHARD & ANN KNAPP,EJS,1996-02-29 00:00:00,1716
1339,RICHARD F. TAM SING,RKWAN,2001-01-26 15:46:14,887
1340,RICHARD HIGA,SUP,1992-03-17 00:00:00,1458
1341,RICHARD ING,,,1226
1342,"RICHARD K. W. TOM, INC.",,,888
1343,RICHARD K.K. GRACE dba HAWAIIAN WESTERN TRANSPORT,,,1521
1344,RICHARD NISHIHARA,rkwan,1997-07-09 14:48:00,2190
1345,RICHARD R. KELLY - LIVING TRUST,,,1477
1346,RICHARD TOMISA,,,1219
1347,RICHARD Y. SAKIHAMA TRUST,SUP,1992-12-04 00:00:00,889
1348,"ROBERT CISCO & AMERICAN TRUST CO. OF HAWAII, INC.",SUP,1992-05-22 00:00:00,1397
1349,ROBERT FINAN,rkwan,1999-09-27 08:57:02,2363
1350,ROBERT HENRIQUES,SUP,1992-04-24 00:00:00,1499
1351,"ROBERT McMULLAN AND SON, INC.",rkwan,1999-04-22 13:45:54,890
1352,ROBERT P. TEMA,SUP,1993-08-27 00:00:00,1779
1353,ROBERT R. PERREIRA,,,891
1354,ROBERT S. FUJIWARA,SUP,1992-02-14 00:00:00,892
1355,"ROBERT'S BAKERY, INC.",,,893
1356,"ROBERTS HAWAII TOURS, INC",SUP,1994-02-24 00:00:00,896
1357,"ROBERTS HAWAII, INC.",SUP,1992-10-05 00:00:00,894
1359,ROJAC TRUCKING,SUP,1995-01-19 00:00:00,2045
1360,ROKAN PARTNERS,,,898
1361,ROLF VOSSEN,EJS,1996-02-29 00:00:00,2078
1362,RONALD DENIS,EJS,1996-02-29 00:00:00,899
1363,RONALD GOYA,,,1220
1364,RONALD HAMADA,EJS,1996-03-01 00:00:00,1709
1365,RONALD K./ MICHAEL T. TOSHIKAWA,EJS,1996-02-29 00:00:00,900
1366,"RONWILL, INC.",SUP,1993-04-29 00:00:00,901
1367,ROOFING SUPPLY,RKWAN,2001-05-07 13:32:10,2284
1368,ROSCOE MOSS COMPANY,,,902
1369,Rovens Tanaka Contractors Inc.,LNAGATOSHI,1996-09-05 15:48:23,2145
1370,ROY & ARDA TOGUCHI,,,903
1371,ROY S. MIYASAKI,RKWAN,2001-08-02 15:44:34,934
1372,"ROYAL CONTRACTING CO., LTD.",,,904
1373,"ROYAL HAWAIIAN MOVERS, INC.",rkwan,1999-01-13 09:58:03,905
1374,ROYAL KUHIO CONDOMINIUM ASSOCIATION OF APT OWNERS,RKWAN,2001-02-20 17:16:29,2364
1375,ROYAL WAIKOLOAN INC.,rkwan,1999-07-27 14:52:41,2254
1376,RTH INC. DBA HANZAWA STORE,RSK,1995-05-09 00:00:00,398
1377,"RURAL FOOD PROD., INC.",,,908
1378,RUSSELL ONODERA,RKWAN,1999-08-06 13:00:17,911
1379,"RYKOFF-SEXTON, INC",rkwan,1996-10-10 08:41:16,2153
1380,RYUSAKI CORPORATION,rkwan,2000-11-20 11:29:33,478
1381,S & F LAND CO.,rkwan,1998-11-02 11:46:10,2222
1382,"S & M SAKAMOTO, INC.",,,909
1383,"S & M WELDING CO., LTD.",rkwan,2000-06-28 14:04:10,910
1384,"S & Y CLOTHES CLEANING SERVICE, INC",SUP,1992-06-26 00:00:00,1514
1385,S I CENTER PARTNERS,SUP,1992-12-22 00:00:00,1684
1386,"S. YOKOYAMA, INC.",rkwan,1997-12-29 08:57:34,912
1387,S. YOSHIYAMA STORE LTD.,EJS,1996-03-01 00:00:00,913
1389,"S. YOSHIYAMA STORE, LTD.",SUP,1994-04-07 00:00:00,1972
1390,"S.K. ODA, LTD.",,,915
1391,S.Y. YAMANAKA LTD.,,,917
1392,SADAO MINAMI,rkwan,1996-08-13 11:10:18,2139
1393,SAIKI & SONS INC.,,,918
1394,SAINT FRANCIS HOSPITAL,,,919
1395,SAKO ELECTRIC,RSK,1995-12-20 00:00:00,2118
1396,"SAKODA GARAGE, INC.",,,920
1397,SALLY M. WOODDELL,,,921
1398,SAN AUTO BODY AND PAINTING,rkwan,1999-12-02 14:52:50,2372
1399,SAND ISLAND BUSINESS ASSN,SUP,1993-06-22 00:00:00,1768
1400,SAND ISLAND BUSINESS ASSOC.,SUP,1993-05-06 00:00:00,1746
1401,"SANKEN USA, INC",SUP,1993-11-08 00:00:00,1837
1402,SASAKI HONTEN,SUP,1992-12-16 00:00:00,1119
1403,SAVAGE WHOLESALE,SUP,1993-02-03 00:00:00,1333
1404,SAWAI BROTHERS PAINTING CO. LTD.,jruiz,2001-06-13 10:56:32,924
1405,SCAN LINE BUILDING,SUP,1993-06-29 00:00:00,1770
1406,SCHUBERT INDUSTRIES,,,1596
1407,"SCHUMAN CARRIAGE CO., LTD.",CJR,1995-04-19 00:00:00,926
1408,"SCHUMAN CARRIAGE MOTORS, LTD.",rkwan,2005-04-04 13:27:59,925
1409,SEABURY HALL,rkwan,2001-05-11 10:16:47,1363
1410,SEARS ROEBUCK & COMPANY,SUP,1994-02-18 00:00:00,928
1415,Security Armored Car Services of Hawaii,LNAGATOSHI,1996-09-05 14:33:30,2144
1416,"SEIBU HAWAII, INC.",,,933
1417,SEICHI HONMA STATION,rkwan,1999-01-04 16:04:26,2323
1418,Sen Plex Corporation,esadoyama,1998-02-20 11:31:58,2232
1419,"SENTER PETROLEUM, INC",rkwan,2004-05-10 14:13:15,935
1420,SENTINEL ALARM CO.,rkwan,2000-08-24 11:53:09,2376
1421,SERVCO PACIFIC,SUP,1993-04-01 00:00:00,1175
1422,SERVCO PACIFIC INC. DBA VEHICLE PROCESSING CENTER,rilaga,2005-05-24 14:07:46,1278
1423,"SERVCO PACIFIC, INC",SUP,1994-03-10 00:00:00,1945
1424,"SERVCO PACIFIC, INC.",,,937
1426,SEVEN HAWAIIANS CORP.,,,1300
1427,SHELL OIL COMPANY,RKWAN,2002-10-04 09:47:50,946
1428,SHELL OIL CORPORATION,RKWAN,2003-05-16 09:40:47,945
1429,Shelll Oil Products,rkwan,2005-08-01 10:24:27,2496
1430,SHELLY MOTORS INC.,RKWAN,1998-01-13 12:29:45,959
1431,"SHELLY MOTORS, INC",SUP,1993-01-04 00:00:00,1689
1432,SHELTON INVESTMENTS,rkwan,1999-02-17 12:44:31,2328
1433,SHELTON PROPERTIES PEARL HARBOR,rkwan,2000-02-24 11:47:56,830
1434,SHERMAN ENTERPRISES INC,,,961
1435,SHERWIN-WILLIAMS,,,1432
1436,SHIGEO SAKUDA Trust,RKWAN,2004-09-03 10:54:54,1599
1437,SHIGE'S SERVICE STATION INC.,,,962
1438,"SHIMAYA SHOTEN, LTD.",,,963
1439,"SHIMIZU & SONS CONSTRUCTION, INC",RSK,1995-09-19 00:00:00,964
1440,SHIRLEY RAWLINS,RKWAN,2006-01-17 10:00:48,2508
1441,"SHISHIDO MANJU SHOP, INC.",,,965
1442,SHORE INTERMEDIATE MAINT. ACT.,SUP,1994-09-06 00:00:00,966
1443,SHOSO TANAKA dba S. TANAKA STORE,,,967
1444,SHRINERS HOSPITALS FOR CRIPPLED CHILDREN,,,1507
1445,SIC PARTNERS,,,1418
1446,SIDNEY LEE,SUP,1993-03-03 00:00:00,1704
1447,SIGN DESIGN,SUP,1992-12-17 00:00:00,1337
1448,SILVERSWORD GOLF CLUB,rkwan,1998-12-21 16:09:46,2291
1449,"SMILE SERVICE STATION, INC.",SUP,1992-02-27 00:00:00,970
1450,SNOW WHITE LINEN,rkwan,1998-01-06 09:12:53,695
1451,"SOKEI DAIRY, LTD",rkwan,1997-09-29 14:49:48,2214
1452,SONOMURA ENTERPRISES,SUP,1993-05-04 00:00:00,1743
1453,SONY HAWAII COMPANY,,,1410
1454,Southern Foods Group L.P. dba Meadow Gold Dairies,rkwan,2005-12-06 13:08:20,1548
1455,SPALDING/WATAMULL HI PARTNERSHIP,,,401
1456,SPAWARSYCOM,SUP,1993-02-25 00:00:00,1700
1457,SPENCECLIFF CORPORATION,,,972
1458,"SPORTS SHINKO (PUKALANI) CO., LTD",RKWAN,1998-12-24 09:46:52,861
1459,SPRINGS INC,SUP,1994-08-18 00:00:00,2006
1460,ST. FRANCIS MEDICAL CENTER - WEST,rkwan,1998-10-20 11:55:05,2261
1461,ST. LOUIS-CHAMINADE ED. CENTER,,,973
1462,STADIUM MALL PARTNERSHIPS,,,1573
1463,STAN KOGASAKA,SUP,1992-05-01 00:00:00,1508
1464,"STANDARD ELECTRIC, INC.",,,974
1465,"STANDARD PLUMBING, INC.",,,975
1466,Stanely A. Wada Revocable Trust,RKWAN,2006-12-12 15:51:14,1615
1467,STANELY-KOPKE PARTNERS,SUP,1993-06-25 00:00:00,1766
1468,STANLEY & COLEEN MORINAKA,rilaga,2006-07-27 08:47:18,1675
1469,STANLEY I. HARA,RKWAN,1998-12-24 12:25:58,2276
1470,STANLEY KODAMA,rkwan,1996-11-25 11:20:19,2156
1471,STAN'S CONTRACTING,rkwan,1998-12-14 14:50:44,2258
1472,STAR ICE & SODA WORKS,SUP,1994-05-10 00:00:00,1988
1473,Starwoord Hotels and Resorts,rilaga,2006-09-26 13:16:05,2511
1474,STATE - DEPARTMENT OF ARGRICULTURE,rkwan,1999-02-26 09:21:11,1322
1475,STATE DAGS,SUP,1992-02-07 00:00:00,1407
1476,STATE DAGS - AUTO MANAGEMENT DIVISION,sborduz,2002-12-19 12:05:08,242
1477,STATE DAGS - DIVISION OF PUBLIC WORK,RKWAN,2002-01-02 08:49:51,2429
1478,STATE DAGS - DIVISION OF PUBLIC WORKS,SUP,1993-02-17 00:00:00,1667
1480,STATE DAGS - PROJECT MANAGEMENT BRANCH,SUP,1993-02-17 00:00:00,244
1481,STATE DB&F - HOUSING FINANCE & DEVELOPMENT CORP,SUP,1993-08-20 00:00:00,1805
1483,STATE DBEDT - CONVENTION CENTER AUTHORITY,RSK,1995-09-13 00:00:00,2108
1484,STATE DBEDT - HAWAII COMM DEVELOPMENT AUTHORITY,,,1401
1485,STATE DHHL,rkwan,1996-09-12 12:51:01,264
1487,STATE DHS - HAWAII HOUSING AUTHORITY,,,413
1489,STATE DHS - YOUTH CORRECTIONAL FACILITY,,,1298
1490,STATE DLNR,RKWAN,1998-10-14 11:19:19,267
1494,STATE DLNR - DIVISION OF FORESTRY & WILDLIFE,SUP,1992-07-22 00:00:00,1366
1496,STATE DLNR - DIVISION OF WATER AND LAND DEV,SUP,1994-07-29 00:00:00,2024
1497,STATE DLNR - ENGINEERING BRANCH,rkwan,2001-07-30 14:13:56,1526
1498,STATE DLNR - LAND DIVISION,rkwan,2000-10-04 10:08:04,2395
1500,STATE DLNR - STATE PARKS DIVISION,,,279
1501,STATE DOA,EJS,1996-02-29 00:00:00,1321
1502,STATE DOD,rkwan,1998-09-02 11:42:50,2263
1503,STATE DOD - ARMY NATIONAL GUARD,rkwan,1998-02-11 09:05:28,2041
1504,STATE DOD - HAWAII AIR NATIONAL GUARD,RKWAN,1998-02-26 09:14:19,1921
1505,STATE DOE,,,1606
1509,STATE DOE - AUXILIARY SERVICES SECTION,SUP,1993-04-26 00:00:00,1720
1510,STATE DOE - LAUPAHOEHOE HIGH & ELEMENTARY SCHOOL,RSK,1995-05-04 00:00:00,2077
1511,STATE DOE - LEEWARD COMMUNITY COLLEGE,RSK,1995-09-15 00:00:00,2088
1512,STATE DOE - PAHOA HIGH & INTERMEDIATE SCHOOL,rkwan,1998-10-16 11:18:04,243
1513,STATE DOH,rkwan,2002-09-23 16:34:11,573
1515,STATE DOH - COMMUNITY HOSPITALS DIVISION,knatarajan,1999-12-22 15:27:44,923
1516,STATE DOH - DEVELOPMENTAL DISAB. SERVICES BRANCH,RKWAN,2000-09-11 09:26:44,1001
1517,STATE DOH - HAWAII HEALTH SYSTEM CORP,rkwan,1999-01-19 08:49:51,2262
1518,STATE DOH - HAWAII STATE HOSPITAL,rkwan,1998-12-30 11:40:51,1512
1519,STATE DOH - HHSC,rkwan,1998-12-15 10:32:54,2280
1520,STATE DOH - KAUAI VETERANS MEMORIAL HOSPITAL,RKWAN,2003-05-27 12:54:07,596
1521,STATE DOH - KULA HOSPITAL,esadoyama,1998-12-01 09:13:20,2279
1522,STATE DOH - MALUHIA HOSPITAL,CJR,1995-05-01 00:00:00,2076
1523,STATE DOH - MAUI MEMORIAL HOSPITAL,,,697
1524,STATE DOH - VECTOR CONTROL,rkwan,2000-03-14 11:43:06,1160
1525,STATE DOH - VECTOR CONTROL BLDG,EJS,1996-02-29 00:00:00,1809
1526,STATE DOH KOHALA HOSPITAL,rkwan,2000-07-05 09:46:12,2248
1527,STATE DOT -  AIRPORTS,RKWAN,2005-11-08 09:59:47,1747
1528,STATE DOT - AIRPORTS DIVISION,,,981
1539,STATE DOT - HARBORS DIVISION,,,995
1541,STATE DOT - HIGHWAYS DIVISION,rkwan,2001-06-19 16:23:24,977
1546,STATE OF HAWAII,lnagatoshi,1996-07-22 14:50:04,1942
1547,STATE Of HAWAII - DAGS,RKWAN,2003-12-08 10:47:35,979
1548,STATE OF HAWAII - DAGS/ICSD,rilaga,2006-05-03 16:05:50,2348
1549,STATE OF HAWAII - HALE HOOLA HAMAKUA,rkwan,1998-12-30 16:08:39,2246
1550,STATE OF HAWAII - JUDICIARY,RKWAN,1999-07-09 12:02:34,2354
1551,STATE of Hawaii DAGS - CENTRAL SERVICES DIVISION,RKWAN,2004-01-29 10:20:12,565
1552,STATE OF HAWAII JUCICIARY,rkwan,2000-01-21 08:53:59,2300
1553,STATE OFFICE OF AGING,SUP,1993-12-08 00:00:00,1808
1554,"STATE POULTRY PROCESSORS, INC.",,,999
1555,STATE PSD,knatarajan,1999-09-27 10:21:10,633
1556,STATE PSD - MAUI COMMUNITY CORRECTIONAL CENTER,SUP,1992-12-18 00:00:00,1299
1557,STATE PSD - WAIAWA CORRECTIONAL FACILITY,RKWAN,1998-11-18 14:28:41,2295
1558,STATE PSD - WOMEN'S COMMUNITY CORRECTIONAL CENTER,rkwan,2000-06-05 17:01:48,1605
1559,STATE TL EQUIPMENT CORP.,,,1000
1560,STATE U.H.,SUP,1992-03-11 00:00:00,1564
1561,STATE U.H. - COLLEGE OF TROPICAL AGRICULTURE,,,1089
1563,STATE U.H. - CTAHR,RSK,1995-03-16 00:00:00,2060
1564,STATE U.H. - HAWAII AGRICULTURAL EXP STATION,,,1086
1565,STATE U.H. - HAWAII COMMUNITY COLLEGE,rkwan,1999-06-09 09:09:49,2270
1566,STATE U.H. - HAWAII NATURAL ENERGY INSTITUTE,,,1428
1567,STATE U.H. - HONOLULU COMMUNITY COLLEGE,rkwan,2000-09-05 16:33:08,2191
1568,STATE U.H. - KULA EXPERIMENT STATION,esadoyama,1998-12-01 09:12:29,2070
1569,STATE U.H. - MARINE CENTER,SUP,1992-04-24 00:00:00,1087
1570,STATE U.H. - MAUI COMMUNITY COLLEGE,RKWAN,1999-01-27 10:01:28,1652
1571,STATE U.H. - MAUI COUNTY RESEARCH,,,689
1572,STATE U.H. - MAUNA KEA OBSERVATORY SUPPORT SVCS,,,703
1573,STATE U.H. EXPERIMENT STATION,,,1084
1577,STATE UNIVERSITYOF HAWAII - MANOA,rkwan,1999-09-02 16:32:14,1453
1578,"STEELTECH, INC",SUP,1994-06-22 00:00:00,2001
1579,STEINER CORPORATION,,,1002
1580,STEPHANIE  K. LAUIFI,rkwan,2000-02-10 13:56:42,2209
1581,STEVE PARKER,jsherrer,1998-06-16 16:13:15,1776
1582,Steve Riggs,RKWAN,2006-02-16 14:27:31,2509
1583,STEVEN S. NAGAMINE,,,1003
1584,"STEVEN SUPER SERVICE, INC.",,,1004
1585,STOUFFER POIPU BEACH RESORT,EJS,1996-03-01 00:00:00,1760
1586,STOUFFER WAILEA BEACH RESORT,EJS,1996-02-29 00:00:00,1563
1587,STOUFFER WAIOHAI BEACH RESORT,EJS,1996-02-29 00:00:00,1005
1588,STRAUB CLINIC & HOSPITAL INC.,SUP,1993-05-12 00:00:00,1006
1589,"SUDA CONSTRUCTION & MASON, INC.",EJS,1996-03-01 00:00:00,1007
1590,"SUDA KIHEI STORE, INC.",rkwan,2001-01-17 15:54:22,1008
1591,SUE SHEN MARK,SUP,1994-08-03 00:00:00,1569
1592,SUISAN COMPANY LTD.,,,1009
1593,SUMIDA SERVICE STATION,,,1010
1594,SUN INDUSTRIES,SUP,1994-01-11 00:00:00,1930
1595,SUN SUN LAU LTD.,,,1011
1597,SUNAO MASUDA,,,1012
1598,"Sunset Heights Hawaii, llc",rkwan,2005-09-22 16:25:00,2499
1599,SUNSHINE RENT-A-CAR,,,1013
1600,"SUPER EXPRESS CO., LTD.",,,1015
1601,SUSAN ARAI,,,1016
1602,SUSAN SUENAGA,esadoyama,1997-07-02 19:00:14,2185
1603,SYLVA BRAIDWOOD,RSK,1995-06-08 00:00:00,2086
1604,T & T SALES & SERVICE,,,1017
1605,"T W SYSTEMS, LTD.",,,1240
1606,"T. OTAKE & SONS, LTD.",,,1018
1607,TABA SERVICE,rilaga,2006-07-27 10:21:02,2211
1608,TADAUUKI HORIUCHI,rkwan,2001-05-15 11:05:49,2021
1609,"TAGAMI AUTO SERVICE, LTD.",RKWAN,1998-12-24 10:41:37,1019
1610,"TAI HING CO., INC.",,,1020
1611,TAJIRO URANAKA,SUP,1994-05-17 00:00:00,1991
1612,TAKENAKA INTERNATIONAL (USA) LTD,EJS,1996-03-01 00:00:00,1555
1613,TAKEO & TOSHIO GOYA,,,369
1614,TAKEO KOMODA,SUP,1992-03-10 00:00:00,1452
1615,TAKEO NAGAMINE,,,1216
1616,TAKEO NAGAMORI,SUP,1993-03-13 00:00:00,1454
1617,TAKESHI YAMAMOTO,,,1021
1619,TAMEKICHI ISHIMARU,,,1062
1620,TANIGUCHI LAND TRUST,,,1022
1621,TATSUO KIMOTO,EJS,1996-02-29 00:00:00,1664
1622,"TED'S WIRING SERVICE, LTD.",,,1023
1624,"TERMINAL TRANSPORTATION, INC.",rkwan,2000-02-15 08:27:47,1024
1625,"TERRY'S NURSERY, INC.",rkwan,1997-12-11 14:01:45,1025
1626,TESORO HAWAII CORPORATION,rilaga,2005-11-04 13:58:05,2244
1627,TESTING,RKWAN,1996-08-02 09:50:46,2138
1628,TEVES REFRIGERATION & ALC INC.,,,1026
1629,TEXACO REFINING & MARKETING INC.,rkwan,2000-06-02 10:48:31,1027
1630,TEXRON DEFENSE SYSTEMS,gtabil,2006-12-11 09:38:51,1539
1631,THE BREAKERS HOTEL,,,1039
1632,THE CONNECTICUT BANK AND TRUST,EJS,1996-02-29 00:00:00,1267
1633,THE CONTEMPORARY MUSEUM,,,215
1634,"THE DAIEI (USA), INC",RSK,1995-03-23 00:00:00,1405
1635,THE ESTATE OF JAMES CAMPBELL,rkwan,1999-10-27 14:15:21,1352
1636,THE GAS COMPANY,rkwan,1998-10-28 12:04:18,2289
1637,THE GUTMAN REALTY COMPANY,,,1040
1638,THE HERTZ CORPORATION,rkwan,2000-05-31 11:31:20,2386
1639,THE HONU GROUP,rkwan,2002-05-06 11:29:50,2423
1640,THE MERRITT T. LAWS FAMILY TRUST,rkwan,2002-01-10 10:49:41,2425
1641,THE MODERN CLEANERS,rkwan,2000-09-15 10:10:40,2392
1642,THE O'BRIEN CORPORATION,EJS,1996-02-29 00:00:00,1583
1643,THE QUEEN'S MEDICAL CENTER,rkwan,2005-09-07 10:32:19,1047
1644,THE SALVATION ARMY,,,922
1647,THE SALVATION ARMY-ADULT REHAB.,SUP,1992-02-26 00:00:00,1048
1648,THE SOUTHLAND CORPORATION,,,1049
1649,THE VOLCANO STORE,EJS,1996-02-29 00:00:00,1474
1650,THE WHALER ON KAANAPALI BEACH,JRICHARDSON,2003-07-14 15:20:12,2298
1651,"THEO H. DAVIES EUROMOTORS, LTD.",SUP,1992-09-28 00:00:00,1051
1652,"THEO. H. DAVIES & CO., LTD.",,,1050
1653,"THOHT CONSTRUCTION, INC.",,,1053
1654,THOMAS AGAWA & ASS,RSK,1995-10-05 00:00:00,2115
1655,THOMAS ARTHUR HUGHES III TURST,rkwan,2004-05-02 10:08:40,2469
1656,Thomas Chock,rkwan,2005-03-01 10:18:40,2488
1657,THOMAS E. KILMER,,,1224
1658,THOMAS HAUPTMAN,rkwan,2000-04-13 15:46:11,2239
1659,THOMAS W.F. KAM TRUST,RSK,1995-08-14 00:00:00,2096
1660,"THOS. FUJIKAWA PAINTING CO.,INC.",,,1054
1661,TIDEWATER OIL COMPANY,EJS,1996-02-29 00:00:00,1792
1662,TIME OIL CO. OF NEVADA (SUB-LEASEE),SUP,1993-02-22 00:00:00,1055
1663,"TIP TOP CAFE & BAKERY, INC.",SUP,1992-06-01 00:00:00,1056
1664,"TMS-CURCI, LLC",rkwan,2005-09-20 10:26:02,2324
1665,TODOKI MACHINE & MARINE WORKS,,,1057
1666,"TOGUCHI SERVICE STATION, LTD.",rkwan,1999-08-02 13:58:21,1058
1667,"TOKUNAGA MASONRY, INC.",SUP,1992-09-25 00:00:00,1059
1668,TOLEDO TWIN PINE DAIRY INC,,,1060
1669,TOLLAN ASSOCIATES,CCLARK,1997-03-19 10:19:52,2083
1670,"TOM OKANO ENTERPRISES, INC",SUP,1994-05-10 00:00:00,1987
1671,TOM YOSHINAGA,EJS,1996-02-29 00:00:00,2048
1672,"TOMMY OF HAWAII, INC",SUP,1993-07-01 00:00:00,1778
1673,"TOMORI'S TOFU FACTORY, INC.",,,1063
1674,TONY HONDA PEARLRIDGE,,,1065
1675,Tosco Marketing Company,rkwan,2003-02-06 15:21:07,2187
1676,TOUCHSTONE PROPERTIES,SUP,1995-02-09 00:00:00,2051
1677,"TOUCHSTONE PROPERTIES, LTD",SUP,1995-02-10 00:00:00,2053
1678,TOWN INN,jruiz,2000-04-18 10:00:02,1979
1679,TOYO'S AUTO SALES & SERVICE,,,1067
1680,TRADEWINDS ELECTR. SERV & CONT,,,1068
1681,"TRANS HAWAIIAN - MAUI, INC.",RKWAN,2002-10-11 14:06:20,907
1682,"TRANS HAWAIIAN - OAHU, INC. OAHU",akatsura,1997-09-12 10:05:15,1791
1683,TRANS HAWAIIAN MAUI,,,1070
1684,TRANSCONTINENTAL DEVELOPMENT CO.,SUP,1993-03-22 00:00:00,1326
1685,TRANSPACIFIC RESOURCES,,,1074
1686,"TRAVEL PLAZA TRANSPORTATION, LLC",rkwan,1999-03-17 12:41:08,2034
1687,TRAVELERS R.A.C. CORP.,,,1075
1688,TRAVELERS RENT A CAR,SUP,1993-04-28 00:00:00,1727
1689,TRAVELERS USA,EJS,1996-02-29 00:00:00,1415
1690,TRI ISLE INC,rkwan,1998-12-21 12:27:18,1156
1691,TRI ISLE INC.,CCLARK,1997-03-19 14:17:10,2166
1692,"TROJAN LUMBER CO., INC.",,,1076
1694,TROPHONIUS LLC,rkwan,2005-09-28 15:01:34,2385
1695,TROPICAL FRUITS DISTRIBUTORS OF,,,1078
1696,TROPICAL RENT A CAR SYSTEMS INC.,,,1079
1697,TROPICAL ROBERT LTD.,EJS,1996-02-29 00:00:00,1732
1698,"Truststreet Properties, Inc. c/o Mahalo Express",rkwan,2005-09-22 16:53:18,2500
1699,TSUGO AOYAMA,,,1083
1700,Tsumoto Brothers,RKWAN,2004-09-21 08:56:31,2480
1701,TSURUYO GUSHIKEN,,,1480
1702,TSUTOMU ONOMURA,RSK,1995-03-20 00:00:00,1314
1703,U OF H  - FACILITIES PLANNING AND MANAGEMENT OFFIC,rkwan,2001-02-15 09:28:28,2397
1704,"U. OKADA & COMPANY, LTD.",,,1090
1705,U.S. AIR FORCE,RKWAN,2005-08-11 09:54:33,1108
1710,U.S. ARMY,rkwan,1999-07-30 16:49:12,2047
1711,U.S. Army - Contracting Officer's Representative,cclark,1996-11-27 10:18:51,2160
1713,U.S. ARMY 125TH SIGNAL BATTALION,rkwan,1999-07-30 16:42:03,1
1714,U.S. ARMY 25TH ID (L) & USARHAW,SUP,1994-06-06 00:00:00,1860
1715,U.S. ARMY CORPS OF ENGINEERS,SUP,1994-03-28 00:00:00,1946
1716,U.S. ARMY ENGINEER DISTRICT,rkwan,1999-02-17 11:32:59,1718
1717,"U.S. ARMY ENGINEER DISTRICT, HAWAII",RSK,1995-04-25 00:00:00,2073
1718,U.S. ARMY ENGINEER DIVISION,,,1343
1719,U.S. ARMY ENGINEERING DIVISION,SUP,1994-02-11 00:00:00,1934
1720,U.S. ARMY GARRISON,RKWAN,1998-08-28 16:32:30,1981
1721,"U.S. ARMY GARRISON, HAWAII",RSK,1995-09-07 00:00:00,2107
1722,U.S. ARMY SUPPORT COMMAND HAWAII,SUP,1993-11-16 00:00:00,1360
1724,"U.S. ARMY SUPPORT COMMAND, HAWAII",,,1150
1795,"U.S. ARMY SUPPORT COMMAND, HAWAII DPW",rkwan,2000-12-12 10:25:02,1144
1796,U.S. COAST GUARD,EJS,1996-03-01 00:00:00,1116
1798,U.S. COAST GUARD BASE (KKH),,,1091
1799,U.S. COAST GUARD BASE EXCHANGE SYSTEM,rkwan,1999-08-02 09:03:07,1092
1800,U.S. COAST GUARD LORSTA KURE ISLAND,EJS,1996-02-29 00:00:00,1601
1801,U.S. DEPARTMENT OF AGRICULTURE APHIS PPQ,rkwan,1996-09-24 10:40:05,2149
1802,U.S. DEPARTMENT OF ARMY,EJS,1996-03-01 00:00:00,2120
1803,U.S. DEPARTMENT OF COMMERCE,,,1093
1804,U.S. DEPARTMENT OF DEFENSE,EJS,1996-02-29 00:00:00,2027
1805,U.S. DEPARTMENT OF ENERGY,,,1571
1806,U.S. DEPARTMENT OF INTERIOR NATIONAL PARK SERVICES,,,1154
1807,U.S. DEPARTMENT OF NAVY,RKWAN,1997-08-01 11:13:59,2195
1808,U.S. DEPT OF AGRICULTURE SOIL CONSERVATION SERVICE,RKWAN,2004-04-26 16:18:35,1448
1809,U.S. DEPT OF COMMERCE - NOAA,rkwan,1997-10-23 14:06:09,2200
1810,U.S. DEPT OF THE AIR FORCE,rkwan,2005-08-11 09:26:56,2025
1811,U.S. DEPT OF THE ARMY,,,1523
1814,U.S. DEPT OF THE NAVY,rkwan,2000-04-10 16:05:41,260
1822,U.S. DEPT. OF INTERIOR - NPS,EJS,1996-02-29 00:00:00,773
1823,U.S. DOI - NPS - PUUKOHOLA HEIAU NAT'L HISTORICAL,SUP,1993-03-12 00:00:00,774
1824,U.S. FEDERAL AVIATION ADMINISTRATION,SUP,1992-05-01 00:00:00,1509
1825,U.S. FEDERAL AVIATION ADMINISTRATION HIPAFS,SUP,1993-07-30 00:00:00,1789
1826,U.S. FEDERAL COMMUNICATIONS COMMISSION,,,324
1827,U.S. FEDERAL EMERGENCY MANAGEMENT AGENCY,EJS,1996-02-29 00:00:00,1796
1828,U.S. FISH & WILDLIFE SERVICE,RKWAN,1997-10-17 10:58:08,2196
1829,U.S. FOURTEENTH COAST GUARD DIST,SUP,1992-01-14 00:00:00,341
1830,U.S. GENERAL SERVICES ADMINISTRATION,rkwan,2002-01-31 12:12:11,1238
1831,U.S. GEOLOGICAL SURVEY,EJS,1996-02-29 00:00:00,1094
1832,U.S. MARINE CORPS AIR STATION,EJS,1996-02-29 00:00:00,2084
1833,U.S. MARINE CORPS BASE HAWAII,akatsura,1997-09-09 10:05:24,204
1835,U.S. NAVAL SECURITY GROUP ACTIVITY - KUNIA,rkwan,1998-12-31 10:10:15,2176
1836,"U.S. NAVY, PACIFIC DIVISION",rkwan,2000-05-01 10:40:07,1744
1837,U.S. POSTAL SERVICE,rkwan,1996-09-18 09:32:59,1095
1838,"U.S. RESTAURANT PROPERTIES, INC",sli,2003-10-28 16:02:47,2424
1941,WHC LTD.,SUP,1992-01-27 00:00:00,1191
1839,"U.S. SUPPORT COMMAND, HI",SUP,1993-11-18 00:00:00,1883
1840,UH MANOA Student Housing Services,rkwan,2006-06-28 11:38:43,2514
1841,"U-HAUL OF HAWAII, INC.",SUP,1991-11-11 00:00:00,1088
1842,"ULUPALAKUA RANCH, INC.",,,1096
1843,UNDETERMINED AT THIS TIME,RKWAN,1999-07-28 17:10:35,2133
1844,UNITED AIRLINES,rkwan,2001-06-27 10:53:48,1104
1845,UNITED AIRLINES FLIGHT KITCHEN,SUP,1992-02-05 00:00:00,1395
1846,"UNITED CAR RENTAL SYSTEMS, INC.",,,1105
1847,UNITED PARCEL SERVICE,rKWAN,1996-08-29 16:52:38,1107
1848,"UNITED TIRE & RECAPPING CO.,LTD.",RKWAN,1999-07-28 16:37:34,1117
1849,UNITED TRUCK RENTAL,SUP,1994-04-04 00:00:00,1952
1850,UNITEK ENVIRONMENTAL SERVICES,rkwan,1998-02-10 15:40:58,1118
1851,UNIVERSAL DOVE CORP.,,,1120
1852,"UNIVERSAL ENTERPRISES, INC.",,,1121
1853,"UNIVERSAL SHEETMETAL, INC.",,,1122
1854,UNIVERSITY OF HAWAII - INSTITUTE OF ASTROMONY,rkwan,2002-01-14 11:08:12,2373
1855,UNKNOWN AT THIS TIME,rkwan,1999-09-20 11:43:07,2362
1856,"UNO, INC DBA MAALAEA ST",SUP,1993-11-15 00:00:00,1594
1857,UNOCAL,,,1099
1859,UNOCAL CORPORATION,RKWAN,2005-10-17 16:38:17,1552
1860,"UP-TO-DATE CLEANERS KAUAI, INC.",rkwan,1997-11-18 10:36:42,1143
1861,URASENKE INTERNATIONAL INC,SUP,1993-08-06 00:00:00,1793
1862,US ARMY PACIFIC,rkwan,1999-02-17 14:43:50,2332
1863,US Navy - Commandar Navy Region Hawaii,rkwan,2006-05-25 14:00:26,2503
1864,US NAVY - COMNAVREG - HI,rkwan,2001-07-02 10:02:38,203
1865,US SPRINT COMMUNICATIONS CO.,akatsura,1997-09-12 08:51:08,1152
1866,"USACE, PACIFIC OCEAN",rkwan,1997-10-16 09:20:53,2221
1867,USMC -  CAMP H.M. SMITH,rilaga,2007-01-10 14:17:22,146
1868,VA NATIONAL MEMORIAL CEMETERY OF THE PACIFIC,RKWAN,2003-04-23 10:14:14,1155
1869,VALLEY ISLE INC.,,,1157
1870,"VALLEY ISLE MOTORS, LTD.",,,1158
1871,VALLEY OF THE TEMPLES MEMORIAL PARK,SUP,1993-04-08 00:00:00,1715
1872,Vanguard Car Rental USA Inc.,rkwan,2007-01-02 13:28:47,2456
1873,"VARSITY MOTORS, LTD.",SUP,1992-09-28 00:00:00,1159
1874,VERIZON HAWAII,rkwan,2005-09-19 14:42:23,379
1875,Verizon Hawaii International,rkwan,2005-12-14 15:29:34,2506
1876,VICTOR & JEANETTE LEE,SUP,1992-10-04 00:00:00,1666
1877,VICTOR ROOFING,rkwan,1999-01-08 11:33:23,2327
1878,VICTORIA WARD LTD,cclark,1996-12-11 11:54:20,1612
1879,VIP FOOD SERVICE,EJS,1996-02-29 00:00:00,1403
1880,VIRGINIA M. KAWAUCHI (AKA HILLIS,,,1162
1881,VOLCANO GOLF AND COUNTRY CLUB,rkwan,1999-04-26 10:01:24,1416
1882,VOLKSWAGON OF AMERICA,rkwan,2000-03-16 08:34:27,2357
1883,"VORELCO, INC.",EJS,1996-02-29 00:00:00,1163
1884,VOYTEK SZYMANSKI PROPERTIES LLC,RKWAN,2003-08-01 15:29:23,2452
1885,VP & FFjr,rkwan,1997-07-09 14:42:25,2189
1886,"VULCAN HAWAII, INC",SUP,1993-10-29 00:00:00,1590
1887,"VULCAN HAWAII, INC.",,,1165
1888,"W & F WASHERETTE, INC.",,,1166
1889,W.A. & L.J. DEMARTINI,,,364
1890,WAHIAWA GENERAL HOSPITAL,CCLARK,1997-03-19 16:17:56,2183
1891,WAIALAE COUNTRY CLUB,,,1168
1892,"WAIALEALE BOAT TOURS, INC.",,,1169
1893,"WAIALUA SUGAR COMPANY, INC.",,,1170
1894,WAIEHU BEACH PARTNERS,rkwan,1999-08-12 11:34:52,1641
1895,WAIKI BASEYARD LLC,rkwan,2002-03-12 09:24:40,1172
1896,WAIKIKI SHOPPING PLAZA,JRICHARDSON,2000-09-19 17:16:38,2335
1897,WAIKOLOA DEVELOPMENT COMPANY,RKWAN,1997-10-17 11:23:02,1071
1898,WAIKOLOA HIGHLAND CHEVRON,rkwan,1999-10-27 14:53:19,1237
1899,WAIKOLOA LAND & CATTLE CO.,rkwan,1997-09-10 09:06:22,1242
1900,WAIKOLOA VILLAGE ASSOCIATION,SUP,1993-02-11 00:00:00,1244
1901,WAIKOLOA VILLAGE GOLF COURSE,RKWAN,1998-06-17 15:42:50,1742
1902,"WAILEA DEVELOPMENT COMPANY, INC.",rkwan,1997-07-14 08:14:22,1171
1903,"WAILEA Golf LLC, a Hawaii Corporation",RKWAN,2004-01-28 15:40:56,1476
1904,"WAILUA SUGAR COMPANY, INC",rkwan,2002-07-31 09:18:16,2437
1905,WAIMALU PLAZA CO.,EJS,1996-02-29 00:00:00,1574
1906,"WAIMANU SASH & DOOR, LTD.",,,1173
1907,WAIMEA FALLS PARK,SUP,1993-05-28 00:00:00,1761
1908,WAIMEA POI MILL LTD.,,,1174
1909,WAINIHA GENERAL STORE,RKWAN,2003-05-19 13:41:17,2450
1910,WAIPAHU VARIETY,,,1176
1911,"Waipono, Inc",rilaga,2006-06-23 12:10:00,2152
1912,WALDRON FEED MILL,lnagatoshi,1996-07-02 16:17:46,343
1913,WALKER-MOODY CONSTRUCTION CO.,,,1177
1914,WALKO WELDING,SUP,1993-12-15 00:00:00,1928
1915,WALLACE OTSUKA,RKWAN,2000-10-16 15:24:23,1387
1916,WALLYS SERVICE INC.,,,1178
1917,WALTER AND SANDRA SHIM,rkwan,2000-10-20 10:05:21,1346
1918,WALTER HONDA,SUP,1993-06-25 00:00:00,1765
1919,WASA ELECTRICAL SERVICES INC,,,1179
1920,WASTE MANAGEMENT INC,SUP,1994-03-07 00:00:00,1940
1921,WATAMULL PROPERTIES CORP,,,1180
1922,"WATANABE FLORAL, INC",rkwan,2002-03-18 09:22:25,2401
1923,WATSON MURAOKA,,,1350
1924,WATUMULL PROPERTIES,SUP,1992-01-29 00:00:00,1382
1926,WAYNE/GARY AND ASSOCIATES,,,1182
1927,"WAYNE/GARY AND ASSOCIATES, INC",,,1183
1928,WBR Tenant Corporation dba Waikiki Beach Marriott,RKWAN,2003-07-28 12:09:24,604
1929,"WBW CHIP, LLC C/O OUTRIGGER HOTELS HAWAII",rkwan,2006-07-05 14:08:16,2515
1930,"WEBCO HAWAII, INC.",,,1184
1931,WENDAL E. PESTANA,rkwan,1999-06-09 09:21:55,2352
1932,"WENS LIFE CO., INC",SUP,1993-11-05 00:00:00,1064
1933,WESLEY AIHARA,rkwan,2004-08-17 16:00:31,2475
1934,WEST 1 PROPERTIES LLC DBA PORT TOWN CHEVRON,RKWAN,2003-12-10 09:33:23,2460
1935,WEST BEACH ESTATES,SUP,1993-04-28 00:00:00,1725
1936,WEST HAWAII PETROLEUM INC.,RKWAN,2005-11-25 11:55:16,1457
1937,WEST HAWAII UTILITIES DBA WAIKOLOA RESORT UTILITIE,rkwan,1998-12-31 11:07:44,1243
1938,WESTERN AIRLINES,EJS,1996-02-29 00:00:00,1185
1939,WEYERHAEUSER PAPER CO.,,,1189
1940,WHALING PORT,,,1190
1942,"WHOLESALE MOTORS, INC.",,,1192
1943,WILCOX HOSPITAL,SUP,1994-07-27 00:00:00,2010
1944,WILFRED KITADA,RKWAN,2000-03-08 13:28:45,1193
1945,WILL SCHAAFSMA,,,1595
1946,WILLIAM H. PETERSON,SUP,1992-12-23 00:00:00,1685
1947,WILLIAM HYDE COMPANIES,SUP,1993-02-25 00:00:00,1701
1948,"WILLIAM J. KIMI, JR. LTD",RKWAN,1998-01-29 16:24:41,2231
1949,"WILLUM, LTD.",,,1194
1950,WILSON FOOD SERVICE,,,7
1951,"WINDWARD AUTO SALES, INC.",rkwan,1996-08-13 11:30:54,1195
1952,"WINDWARD NISSAN, INC.",SUP,1992-05-26 00:00:00,1196
1953,"WINDWARD VOLKSWAGEN, INC",SUP,1993-08-20 00:00:00,1803
1954,"WOODDELL, INC",SUP,1992-02-07 00:00:00,1406
1955,WORLDWIDE MOVING & STORAGE INC.,rkwan,2000-12-26 16:46:58,1197
1956,WRAF - HAWAIIAN TUNA PACKERS,SUP,1993-11-12 00:00:00,1654
1957,WU'S SUNDRIES,,,1586
1958,Y.Y. VARSITY BAKERY,,,1198
1959,"YAJIMA OIL OF USA, INC.",rkwan,2000-05-31 16:30:37,1199
1960,YAMADA FURNITURE,SUP,1992-02-04 00:00:00,512
1961,"YAMADA TRANSFER, INC.",,,1201
1962,YAMAGUCHI BROS. SERVICE STATION,JRICHARDSON,2000-03-10 11:24:23,1202
1963,"YAMAGUCHI BUS SERVICE, INC.",RKWAN,1997-09-19 11:09:46,1203
1964,YAMA'S TEXACO,RKWAN,1997-11-07 11:12:58,2223
1965,YASUO KUWAYE,,,1204
1966,YELLOW FREIGHT INTERNATIONAL,EJS,1996-03-01 00:00:00,1205
1967,YHB Ewa LLC dta Ewa Beach Golf Club,RKWAN,2007-01-12 14:59:36,1616
1968,"YICK LUNG CO., INC.",,,1206
1969,YONEOKA AND ASSOCIATES,RSK,1995-03-14 00:00:00,2056
1970,YOSHIE AKITA,,,1475
1971,YOSHIE FEASTER REVPCABLE LIVING TRUST,rkwan,2003-12-01 13:58:01,2457
1972,YOSHIE OKUNI,,,1207
1973,YOSHIKO A. IIDA & HERBERT Y. AGENA,RKWAN,2000-11-16 11:24:11,800
1974,"YOSO KUWAHARA, INC.",,,1208
1975,"YOUNG BROTHERS, LTD.",,,1209
1976,YOUNG LAUNDRY & DRY CLEANING,rkwan,1998-12-03 11:40:32,1211
1977,ZIONS SECURITIES CORP,,,1344
1978,ZIPPY'S INC.,,,1213
1979,ZIROLI,,,1602
1980,RAWLINS ENTERPRISES DBA RAWLINS CHEVRON SERVICE,rkwan,2007-02-01 00:00:00,0
1981,Chevron USA Inc.,rkwan,2007-02-07 00:00:00,0
1982,"Oahu Transit Services, Inc.",rilaga,2007-02-07 00:00:00,0
1983,State of Hawaii Department Of Health,dpark,2007-02-12 00:00:00,0
1984,C&C OF HNL - HONOLULU FIRE DEPARTMENT,rilaga,2007-02-15 00:00:00,0
1985,KamehaMEHA Schools,rkwan,2007-02-21 00:00:00,0
1986,waimea Chevron Foodmart,rkwan,2007-03-02 00:00:00,0
1987,Federated Logistics and Operations,rilaga,2007-03-02 00:00:00,0
1988,Honolulu Fire Department,rilaga,2007-03-08 00:00:00,0
1989,"olde Cannery Fuels Co., LLC",rkwan,2007-03-09 00:00:00,0
1990,KHI dba Bayside Chevron,rkwan,2007-03-14 00:00:00,0
1991,Department of Health,rkwan,2007-03-15 00:00:00,0
1992,Tesoro Refining & Marketing Company,sbasto,2007-03-16 00:00:00,0
1993,West Maui Shell,sbasto,2007-03-20 00:00:00,0
1994,DK&V Properties LLC,rkwan,2007-03-20 00:00:00,0
1995,K&V Properties LLC,rkwan,2007-03-20 00:00:00,0
1996,Downtown Chevron,rkwan,2007-03-20 00:00:00,0
1997,ABC Stores,sbasto,2007-03-20 00:00:00,0
1998,PRINCEVILLE HOTEL,gtabil,2007-03-27 00:00:00,0
1999,Hawaii Automated Fuels Network,gtabil,2007-03-27 00:00:00,0
2000,KAUAI VETERANS' MEMORIAL Hospital,gtabil,2007-03-27 00:00:00,0
2001,Sandia National Laboratories-Kauai Test Facility,gtabil,2007-03-27 00:00:00,0
2002,Kauai Lagoons Golf Maintenance,gtabil,2007-03-27 00:00:00,0
2003,Coco Palm Hotel,gtabil,2007-03-27 00:00:00,0
2004,KAUAI PRODUCERS INC,gtabil,2007-03-28 00:00:00,0
2005,OCEANVIEW TEXACO,gtabil,2007-03-29 00:00:00,0
2006,South Kohala Wastewater Corporation,rkwan,2007-03-29 00:00:00,0
2007,NCT LLC,rkwan,2007-03-30 00:00:00,0
2008,Aqua Engineers,gtabil,2007-04-05 00:00:00,0
2009,Marshall Shell Services,gtabil,2007-04-12 00:00:00,0
2010,RCI Construction,gtabil,2007-04-13 00:00:00,0
2011,Papa Pantry,gtabil,2007-04-18 00:00:00,0
2012,Coca-Cola Enterprisies,dpark,2007-04-23 00:00:00,0
2013,"AMEC Earth & Environnmental, Inc.",dpark,2007-04-23 00:00:00,0
2014,EnviroServices & Training Center,dpark,2007-04-23 00:00:00,0
2015,Department of Transportation,dpark,2007-04-23 00:00:00,0
2016,"154 CES/CEV, Hawaii Air National Guard",dpark,2007-04-23 00:00:00,0
2017,United States Postal Service,dpark,2007-04-24 00:00:00,0
2018,WMF Hawaii,dpark,2007-04-27 00:00:00,0
2019,"WMF Hawaii Enviromental, Inc.",dpark,2007-04-27 00:00:00,0
2020,"Don Quijote, Ltd.",dpark,2007-04-27 00:00:00,0
2021,CFHT Corporation,sbasto,2007-05-01 00:00:00,0
2022,Puuone Development,gtabil,2007-05-07 00:00:00,0
2023,EKNA Services Inc.,dpark,2007-05-08 00:00:00,0
2024,Directorate Of Public Works,dpark,2007-05-17 00:00:00,0
2025,F and F Land Corporation,rkwan,2007-05-18 00:00:00,0
2026,US Navy - Commander Navy Region Hawaii,rilaga,2007-05-21 00:00:00,0
2027,Verizon Business,rilaga,2007-05-24 00:00:00,0
2028,Safeway Inc.,rkwan,2007-05-29 00:00:00,0
2029,Robert Tours & Transportation,gtabil,2007-05-30 00:00:00,0
2030,Hana Gas,gtabil,2007-05-31 00:00:00,0
2031,Lotus Blossom Center,rkwan,2007-06-01 00:00:00,0
2032,Hertz ,sbasto,2007-06-01 00:00:00,0
2033,Getty HI Leasing Inc,rkwan,2007-06-05 00:00:00,0
2034,"Central Planet Repair, LLC",dpark,2007-06-07 00:00:00,0
2035,"Environmental Science International, Inc.",dpark,2007-06-12 00:00:00,0
2036,Lihue Airport,sbasto,2007-06-12 00:00:00,0
2037,PAUL's REPAIR Service,rilaga,2007-06-13 00:00:00,0
2038,Hawaiian Solo Company Ltd.,dpark,2007-06-14 00:00:00,0
2039,Chevron Environmental Management Company,dpark,2007-06-21 00:00:00,0
2040,Honolulu Spine Center LLC,rkwan,2007-07-03 00:00:00,0
2041,Coldwell Banker Commercial,sbasto,2007-07-05 00:00:00,0
2042,Sheraton Waikiki,sbasto,2007-07-17 00:00:00,0
2043,Westin Moana Surfrider,sbasto,2007-07-17 00:00:00,0
2044,Department of Hawaiian Home lands,rkwan,2007-07-20 00:00:00,0
2045,State DOT - Airports ,gtabil,2007-07-24 00:00:00,0
2046,COUNTY OF HAWAII -Police Department,gtabil,2007-07-24 00:00:00,0
2047,Ted's Garage,gtabil,2007-07-25 00:00:00,0
2048,Hamakua Police Station,gtabil,2007-07-25 00:00:00,0
2049,Kona Fuel and Marine (fuel dock),gtabil,2007-07-25 00:00:00,0
2050,Tat's Service,gtabil,2007-07-25 00:00:00,0
2051,Demonstration Desalting Plant,rkwan,2007-07-25 00:00:00,0
2052,Board of Water Supply,rkwan,2007-07-25 00:00:00,0
2053,Shell Oil Products U.S.,dpark,2007-07-27 00:00:00,0
2054,Enpro Environmental,dpark,2007-07-30 00:00:00,0
2055,CHARAL LLC,rilaga,2007-07-31 00:00:00,0
2056,"MAUI PETROLEUM, Inc.",rkwan,2007-08-03 00:00:00,0
2057,dillingham airfield,gtabil,2007-08-06 00:00:00,0
2058,"EA Engineering, Science, and Technology",dpark,2007-08-07 00:00:00,0
2059,Lex Brodie's,sbasto,2007-08-08 00:00:00,0
2060,Wil Chee - Planning,dpark,2007-08-09 00:00:00,0
2061,US Army,dpark,2007-08-09 00:00:00,0
2062,OTS BUS Unit Repair Shop,sbasto,2007-08-10 00:00:00,0
2063,Kang's Inc.,sbasto,2007-08-20 00:00:00,0
2064,Kahala Gas,rkwan,2007-08-20 00:00:00,0
2065,"Truststreet Properties, Inc. ",rkwan,2007-08-20 00:00:00,0
2066,"Element Environmental, LLC",dpark,2007-08-31 00:00:00,0
2067,HAwaii Tech Auto Repair and Gas,rkwan,2007-08-31 00:00:00,0
2068,Tatsutani Inc,rkwan,2007-08-31 00:00:00,0
2069,Delta Consultants,dpark,2007-08-31 00:00:00,0
2070,Hawaiian Commercial & Sugar Company,rkwan,2007-09-04 00:00:00,0
2071,SHELL OIL PRODUCTS US,rkwan,2007-09-13 00:00:00,0
2072,"PAUL, Hastings, Janofsky & Walker LLP",rilaga,2007-09-14 00:00:00,0
2073,"MORI Golf (kauai), LLC",rkwan,2007-09-17 00:00:00,0
2074,HERTZ RENT A CAR ,gtabil,2007-10-02 00:00:00,0
2075,Civil Defense Agency - County of Maui,rilaga,2007-10-03 00:00:00,0
2080,Wahiawa Police Station,gtabil,2007-10-10 00:00:00,0
2081,Wahiawa Wastewater Plant,gtabil,2007-10-10 00:00:00,0
2082,Kailua Fire Station,sbasto,2007-10-16 00:00:00,0
2083,Turtle Bay Golf Course,sbasto,2007-10-22 00:00:00,0
2084,Kaimuki Shell,sbasto,2007-11-07 00:00:00,0
2085,Kaena Point Satellite Tracking Station,gtabil,2007-11-08 00:00:00,0
2086,Kapaa Quarry Maintenance Yard,sbasto,2007-11-08 00:00:00,0
2087,Department of Design and Construction,dpark,2007-11-13 00:00:00,0
2088,US Army Corps of Engineers,dpark,2007-11-13 00:00:00,0
2089,Team IE,gtabil,2007-11-15 00:00:00,0
2090,Kaimuki Auto Repair,rkwan,2007-11-21 00:00:00,0
2091,Del Monte Fresh Produce,rkwan,2007-11-21 00:00:00,0
2092,KAUAI  AUTOMATED FUELS ,rkwan,2007-11-27 00:00:00,0
2093,"LFR, Incorporated",dpark,2007-11-28 00:00:00,0
2094,PAHALA GAS  INC,gtabil,2007-12-04 00:00:00,0
2095,U OF H  - AT HILO,gtabil,2007-12-05 00:00:00,0
2096,bellows airforce station,gtabil,2007-12-10 00:00:00,0
2097,BELLOWS AIR FORCE STATION,gtabil,2007-12-10 00:00:00,0
2098,QUEEN'S Medical Center,rilaga,2007-12-18 00:00:00,0
2099,Grand Wailea Resort,sbasto,2007-12-19 00:00:00,0
2100,Pacific Helicopters,sbasto,2007-12-27 00:00:00,0
2101,Waiehu Shell,sbasto,2007-12-27 00:00:00,0
2102,"Kihei Gas, Kar Wash & Kwik Stop",sbasto,2007-12-28 00:00:00,0
2103,Hawaii Medical Center,sbasto,2008-01-04 00:00:00,0
2104,C&C HNL- Civil Defense,gtabil,2008-01-09 00:00:00,0
2105,eagle Quality Builders,rkwan,2008-01-16 00:00:00,0
2106,Tom's Chevron,sbasto,2008-01-17 00:00:00,0
2107,DOT-Highways Div,gtabil,2008-01-22 00:00:00,0
2108,Atlas Lendlease,RKWAN,2008-01-22 00:00:00,0
2109,"Avis Budget Group, Incorporated",dpark,2008-01-23 00:00:00,0
2110,Kilauea Super Service,sbasto,2008-01-28 00:00:00,0
2111,ECC,dpark,2008-01-28 00:00:00,0
2112,Samuel Mahelona Memorial Hospital,sbasto,2008-01-28 00:00:00,0
2113,Malama Environmental,dpark,2008-01-29 00:00:00,0
2114,Thrifty Car Rental,gtabil,2008-02-04 00:00:00,0
2115,Lucky's Gas and Oil,rilaga,2008-02-04 00:00:00,0
2116,Stan's Super Service,gtabil,2008-02-04 00:00:00,0
2117,PMRF- Navy Exchange,gtabil,2008-02-05 00:00:00,0
2123,CEMML/DPW,dpark,2008-02-06 00:00:00,0
2124,State of Hawaii Attorney General,dpark,2008-02-06 00:00:00,0
2125,"Hawaii Teleport Holdings, LLC",RKWAN,2008-02-07 00:00:00,0
2126,Kapolei Earth Station,RKWAN,2008-02-07 00:00:00,0
2127,AT & T,rilaga,2008-02-08 00:00:00,0
2128,AIPA PROPERTIES LLC,gtabil,2008-02-11 00:00:00,0
2129,"MAUI ELECTRIC CO., LTD",rilaga,2008-02-19 00:00:00,0
2130,HAwaii Petroleum Inc,RKWAN,2008-02-20 00:00:00,0
2131,Minit Stop,RKWAN,2008-02-20 00:00:00,0
2132,Hayaku Gas and Go,RKWAN,2008-02-27 00:00:00,0
2133,DOH,RKWAN,2008-03-03 00:00:00,0
2134,"PPPHI Associates, LLC",rilaga,2008-03-06 00:00:00,0
2135,Pacific park Plaza,RKWAN,2008-03-11 00:00:00,0
2136,"CBRE, Inc.",rilaga,2008-03-12 00:00:00,0
2137,W2005 WKI Realty,rilaga,2008-03-13 00:00:00,0
2138,ALM Management Services,rilaga,2008-03-13 00:00:00,0
2139,"Aqua Engineers, Inc.",sbasto,2008-03-31 00:00:00,0
2140,dept of health,rkwan,2008-04-03 00:00:00,0
2144,MACTEC Engineering,rkwan,2008-04-04 00:00:00,0
2145,General Services Administration,rkwan,2008-04-04 00:00:00,0
2146,Hapuna Beach Prince Hotel,rilaga,2008-04-15 00:00:00,0
2147,Hilton Waikoloa Village,rilaga,2008-04-15 00:00:00,0
2148,Waikoloa Golf Club,rilaga,2008-04-15 00:00:00,0
2149,"CSCS, Inc.",rilaga,2008-04-16 00:00:00,0
2150,Ball Corporation,dpark,2008-04-16 00:00:00,0
2151,Waialua Service,sbasto,2008-04-22 00:00:00,0
2152,HUALALAI TRADING COMPANY,gtabil,2008-04-23 00:00:00,0
2153,THE FAIRMONT ORCHID HAWAII,gtabil,2008-04-24 00:00:00,0
2154,"MAUNA LANI, GOLF MAINT",gtabil,2008-04-25 00:00:00,0
2155,Vila Express,rkwan,2008-05-09 00:00:00,0
2156,The Westin Maui Resort and Spa,gtabil,2008-05-13 00:00:00,0
2157,Masa Fujioka & Associates,dpark,2008-05-21 00:00:00,0
2158,Vula Express,rilaga,2008-05-27 00:00:00,0
2159,DOT-Airports,sbasto,2008-05-28 00:00:00,0
2160,Former TJ Auto,rkwan,2008-06-03 00:00:00,0
2161,Forme TJ Auto,rkwan,2008-06-03 00:00:00,0
2162,"154 CES/CEVR, Department Of The Air Force",dpark,2008-06-09 00:00:00,0
2163,"15 CES/CEVR, Department Of The Air Force",dpark,2008-06-09 00:00:00,0
2164,Department of the Navy,dpark,2008-06-10 00:00:00,0
2165,Tetra Tech EM Incorporated,dpark,2008-06-12 00:00:00,0
2166,JCRA Investments,dpark,2008-06-12 00:00:00,0
2167,U.S. General Services Adminstration,rilaga,2008-06-12 00:00:00,0
2168,"Engineers Surveyors Hawaii, Incorporated",dpark,2008-06-17 00:00:00,0
2169,Mid Pacific Golf Course,gtabil,2008-07-01 00:00:00,0
2170,sprint,rkwan,2008-07-09 00:00:00,0
2171,Kuakini Fire Dept,sbasto,2008-07-11 00:00:00,0
2172,Tanknology,dpark,2008-07-11 00:00:00,0
2173,dags-automotive management division,gtabil,2008-07-17 00:00:00,0
2174,Technician's Inc.,rilaga,2008-07-30 00:00:00,0
2175,Electrician's Inc.,rilaga,2008-07-30 00:00:00,0
2176,Honolulu Resource Recovery Venture,rilaga,2008-08-01 00:00:00,0
2177,Hertz RAC,sbasto,2008-08-04 00:00:00,0
2178,Wiki Wiki Mart,sbasto,2008-08-05 00:00:00,0
2179,US Army Core of Engineers -  PACIFIC OCEAN,rkwan,2008-08-07 00:00:00,0
2180, DOT - HARBORS DIVISION,gtabil,2008-08-11 00:00:00,0
2181,Kamuela Shell,sbasto,2008-09-02 00:00:00,0
2182,DAGS -Public Works Division,rilaga,2008-10-06 00:00:00,0
2183,Airports Div Maintenance Baseyard,gtabil,2008-10-07 00:00:00,0
2184,Mizayaki Airport Service Station,sbasto,2008-10-10 00:00:00,0
2185,Servco Vehicle Processing Center,sbasto,2008-10-13 00:00:00,0
2186,NEW EWA BEACH GOLF CLUB,gtabil,2008-10-13 00:00:00,0
2187,C&C of HNL-Honolulu Fire Department,gtabil,2008-10-14 00:00:00,0
2188,ABM Engineering & Technical Services,sbasto,2008-10-15 00:00:00,0
2189,US m,rilaga,2008-10-31 00:00:00,0
2190,"Ala Wai Watermark Development, LLC",rkwan,2008-11-03 00:00:00,0
2191,Rider Levett Bucknall,rkwan,2008-11-03 00:00:00,0
2192,Dixson Service,rkwan,2008-11-14 00:00:00,0
2193,KHI dba Waiakeawaena Chevron,rkwan,2008-11-19 00:00:00,0
2194,Navy Information Operations Command HI,rilaga,2008-12-12 00:00:00,0
2195,"Ground Transportation, Inc.",sbasto,2008-12-16 00:00:00,0
2196,Hickam Air Force Base,rkwan,2008-12-23 00:00:00,0
2197,DOT- Highways Division,sbasto,2009-01-29 00:00:00,0
2198,Kalihi Corporation Yard,sbasto,2009-02-03 00:00:00,0
2199,Stadium Authority,rkwan,2009-02-06 00:00:00,0
2200,Aloha Stadium,rkwan,2009-02-06 00:00:00,0
2201,County of Hawaii Police Department,rkwan,2009-02-27 00:00:00,0
2202,Guss and Kopp Development llc,rkwan,2009-02-27 00:00:00,0
2203,Himuro Properties,rkwan,2009-03-10 00:00:00,0
2204,US Army Core of Engineers ,rkwan,2009-03-16 00:00:00,0
2205,Actus Lend Leasee\,rkwan,2009-03-20 00:00:00,0
2206,Big Island Energy Co llc aka Akana Petroleum,rkwan,2009-04-13 00:00:00,0
2207,Ted Makalena Golf Cours,gtabil,2009-04-20 00:00:00,0
2208,Ted Makalena Golf Course,gtabil,2009-04-20 00:00:00,0
2209,PEARL CITY POLICE,gtabil,2009-04-22 00:00:00,0
2210,PEARL CITY POLICE STATION,gtabil,2009-04-22 00:00:00,0
2211,"Ohana Military Coummunities, LLC",rkwan,2009-04-23 00:00:00,0
2212,ASCI,rkwan,2009-04-23 00:00:00,0
2213,Cumming Corporation,rkwan,2009-04-23 00:00:00,0
2214,Marine Corps Base Hawaii Facilities Dept,rkwan,2009-04-23 00:00:00,0
2215,marine Corps Exchange,rkwan,2009-04-23 00:00:00,0
2216,Mililani Service,gtabil,2009-04-24 00:00:00,0
2222,US Army Garrison Hawaii,rkwan,2009-04-29 00:00:00,0
2223,US Army Garrison Hawaii DPW - Environmental Div,rkwan,2009-04-29 00:00:00,0
2224,Atlas Lend Lease ,rkwan,2009-04-29 00:00:00,0
2225,Chevon Products Company,sbasto,2009-05-01 00:00:00,0
2226,URS,rilaga,2009-05-05 00:00:00,0
2227,Kauai Resort-Marriott,rilaga,2009-05-05 00:00:00,0
2228,St. Regis,rilaga,2009-05-05 00:00:00,0
2229,"GGP Victoria Ward, Ltd.",sbasto,2009-05-13 00:00:00,0
2230,Marine Corps Base Hawaii,dpark,2009-05-21 00:00:00,0
2231,Mini Mix Oahu,jnagashima,2009-05-22 00:00:00,0
2232,Ka'u Gas,sbasto,2009-05-29 00:00:00,0
2233,Waialae Chevron,sbasto,2009-06-03 00:00:00,0
2234,Kalaheo 76,rkwan,2009-06-26 00:00:00,0
2235,HNL Police ,sbasto,2009-07-10 00:00:00,0
2236,Koolau Enterprises LTD,rkwan,2009-07-13 00:00:00,0
2237,dDOH,rkwan,2009-07-16 00:00:00,0
2238,Hawaii Medical Center West,rilaga,2009-07-20 00:00:00,0
2239,Getty Realty Corp,rkwan,2009-07-22 00:00:00,0
2240,County of Maui - Civil Defense,sbasto,2009-07-27 00:00:00,0
2241,TBR Property LLC,rilaga,2009-08-06 00:00:00,0
2242,Aiea shell service,rkwan,2009-09-10 00:00:00,0
2252,C & C of Honolul - Dept. of Environmental Services,rkwan,2009-09-10 00:00:00,0
2253,Akaku Center,rkwan,2009-09-10 00:00:00,0
2254,pflUEGER auto group,rkwan,2009-09-21 00:00:00,0
2255,Thomas A. Hughes,rkwan,2009-09-25 00:00:00,0
2256,Aina Haina 76,rkwan,2009-11-09 00:00:00,0
2257,"Love's Bakery, Inc.",rilaga,2009-11-13 00:00:00,0
2258,Law Offices of Stephen M. Okano,jnagashima,2009-11-17 00:00:00,0
2259,15 CES/CEVQ,rkwan,2009-12-08 00:00:00,0
2260,169th ACW/SCMC,rkwan,2009-12-08 00:00:00,0
2261,Mc Barnet paia Corp,rkwan,2009-12-14 00:00:00,0
2262,Goose's Edge,rkwan,2009-12-14 00:00:00,0
2263,Sams Club,sbasto,2009-12-14 00:00:00,0
2264,"EAN Holdings, LLC",rkwan,2009-12-15 00:00:00,0
2265,"North Shore Wastewater Tratment, LLC",rkwan,2010-01-17 00:00:00,0
2266,"pacific Island realty, LLC",rkwan,2010-01-17 00:00:00,0
2267,Corrpro,rkwan,2010-01-26 00:00:00,0
2268,"Turtle Bay resort, LLC",rkwan,2010-02-01 00:00:00,0
2269,US Air Force,rkwan,2010-02-04 00:00:00,0
2270,Enterprise Holdings,sbasto,2010-02-22 00:00:00,0
2271,Quick Wash Chevron,rkwan,2010-03-24 00:00:00,0
2272,DAGS -Inspectiion Brach,rilaga,2010-03-29 00:00:00,0
2273,DAGS -Inspectiion Branch,rilaga,2010-03-29 00:00:00,0
2274,DAGS -Inspection Branch,rilaga,2010-03-29 00:00:00,0
2275,Nei Nakai Inc.,rkwan,2010-04-06 00:00:00,0
2276,Quickwash Chevron,rkwan,2010-04-10 00:00:00,0
2277,Roberts Tours and Transportation,rilaga,2010-05-19 00:00:00,0
2278,HAWAII HELICOPTERS Inc,rkwan,2010-05-20 00:00:00,0
2279,Helicopter Consultants of Maui Hangar 105,rkwan,2010-05-20 00:00:00,0
2280,Kihei Minit Stop,rkwan,2010-05-27 00:00:00,0
2281,At&T,rkwan,2010-05-27 00:00:00,0
2282,Airport Shell,rkwan,2010-06-04 00:00:00,0
2283,King Shell and foodmart,rkwan,2010-06-04 00:00:00,0
2284,Waiakae Shell Foodmart,rkwan,2010-06-04 00:00:00,0
2285,Harding Service,rkwan,2010-06-04 00:00:00,0
2286,"Sparks and Boschetti, LLC",rkwan,2010-06-08 00:00:00,0
2287,Manoa Service,rkwan,2010-06-15 00:00:00,0
2288,Actus Lend Lease ,jnagashima,2010-06-15 00:00:00,0
2289,Hana Pit Stop,rkwan,2010-06-15 00:00:00,0
2290,Green Tea LLC,rkwan,2010-06-15 00:00:00,0
2291,W.M. KECK OBSERVATOry,sbasto,2010-06-16 00:00:00,0
2292,Costco Wholesale Corporation,rkwan,2010-06-22 00:00:00,0
2293,Elite Environmental,rkwan,2010-06-28 00:00:00,0
2294,The Harry and Jeanette Weinberg Foundation,rkwan,2010-06-28 00:00:00,0
2295,DAGS -  Central Services Division,rilaga,2010-06-28 00:00:00,0
2296,Benton,rkwan,2010-07-06 00:00:00,0
2297,Benton Ahua St. Chevron,rkwan,2010-07-06 00:00:00,0
2298,MAUNA KEA RESORT - HOTEL,gtabil,2010-07-07 00:00:00,0
2299,Minit Stop Holdings,rilaga,2010-07-27 00:00:00,0
2300,"Merrill Maui Ventures, LLC",rkwan,2010-08-04 00:00:00,0
2301,Gennesart Group Inc.,rkwan,2010-08-30 00:00:00,0
2302,Grand Hyatt Kauai Resort and Spa,rilaga,2010-08-30 00:00:00,0
2303,AKCS Inc,rkwan,2010-08-30 00:00:00,0
2304,PRINCEVILLE Prince Golf Course LLC,rilaga,2010-08-30 00:00:00,0
2305,St. Regis Princeville Resort,rilaga,2010-08-31 00:00:00,0
2306,DOT-Harbors Division,jkanagy,2010-09-02 00:00:00,0
2307,SAM'S SERVICE,gtabil,2010-09-14 00:00:00,0
2308,LLOYD'S KAHULUI CHEVRON,gtabil,2010-09-14 00:00:00,0
2309,Myounghee Noh and Associates,rkwan,2010-09-29 00:00:00,0
2310,sShell Oil Products Co,rkwan,2010-09-29 00:00:00,0
2311,Shell Oil Products Co,rkwan,2010-09-29 00:00:00,0
2312,647 Logistics Readiness Squadron,rkwan,2010-10-06 00:00:00,0
2313,NAVFAC HI,rkwan,2010-10-06 00:00:00,0
2314,Hawaii Prince Hotel,rkwan,2010-10-22 00:00:00,0
2315,Kalihi Footmart (chevron Stn 93183),rkwan,2010-11-01 00:00:00,0
2316,Hiram's Chevron Service (90258),rkwan,2010-11-01 00:00:00,0
2317,"Goose's Edge, Inc.",rilaga,2010-11-23 00:00:00,0
2318,Waialae Chevron 91507,rkwan,2010-11-24 00:00:00,0
2319,Kaimuki Chevron 96247,rkwan,2010-11-24 00:00:00,0
2320,Kaimuki Chevron # 96247,rkwan,2010-11-24 00:00:00,0
2321,Honolulu International Airport Fire Station #2,sbasto,2010-12-06 00:00:00,0
2322,URS Corporation,rkwan,2010-12-06 00:00:00,0
2323,Hawii Prince Hotel,rkwan,2010-12-07 00:00:00,0
2324,Macy's Inc Hawaii Distribution Center,rkwan,2010-12-07 00:00:00,0
2325,"Macy's  Inc,",rkwan,2010-12-07 00:00:00,0
2326,Macy's Inc\,rkwan,2010-12-07 00:00:00,0
2327,Sand island 76,rkwan,2010-12-27 00:00:00,0
2328,HONOLULU INTERNATIONAL AIRPORT- TERMINAL,gtabil,2011-01-04 00:00:00,0
2329,Hawaiian Building Maintenance,sbasto,2011-01-11 00:00:00,0
2330,Pacific Guardian Life Insurance,rilaga,2011-01-19 00:00:00,0
2340,Navy Exchange (NEX),rkwan,2011-01-24 00:00:00,0
2341,Chevron 97619 Lihue Chevron,rkwan,2011-02-01 00:00:00,0
2342,Kona Retail Ventures LLC,rkwan,2011-02-09 00:00:00,0
2343,Bureau Veritas,rkwan,2011-03-04 00:00:00,0
2344,OliverMcmillan Pacifica LLC,rkwan,2011-03-04 00:00:00,0
2345,The Howard Hughes Corporation,rilaga,2011-03-15 00:00:00,0
2346,Craigside retirement Residence,rkwan,2011-03-16 00:00:00,0
2347,C&C HNL/Facility Maintenance,jkanagy,2011-03-31 00:00:00,0
2348,C&C HNL/Dept of Facility Maintenance,jkanagy,2011-03-31 00:00:00,0
2349,West Maui Petroleum Inc.,sbasto,2011-04-26 00:00:00,0
2350,Schofield Barracks,jkanagy,2011-04-29 00:00:00,0
2351,CVS Caremark,tperry,2011-05-12 00:00:00,0
2352,Hoapili Hale-Maui Judiciary Bldg,jkanagy,2011-05-18 00:00:00,0
2353,Kahulu Fire Station,rkwan,2011-05-18 00:00:00,0
2354,South Kohala Water Corporation,rilaga,2011-05-23 00:00:00,0
2355,Hawaiian Golf Properties LLC,rilaga,2011-05-25 00:00:00,0
2356,KuKui Grove Self Serve,gtabil,2011-05-27 00:00:00,0
2357,KAPAA CHEVRON,gtabil,2011-05-31 00:00:00,0
2358,RICE STREET CHEVRON,gtabil,2011-05-31 00:00:00,0
2359,Honolulu Soaring Fueling Facility,rkwan,2011-06-03 00:00:00,0
2360,Ewa Beach Chevron,rkwan,2011-06-28 00:00:00,0
2361,USACE,rkwan,2011-07-01 00:00:00,0
2362,Kailua Corporation Yard,jkanagy,2011-07-06 00:00:00,0
2363,HAWAII NATIONAL GUARD YOUTH CHALLENGE,gtabil,2011-07-25 00:00:00,0
2364,The Michaels Development,rkwan,2011-07-26 00:00:00,0
2365,queEN'S Medical corp,rkwan,2011-07-26 00:00:00,0
2366,Academy 76,rkwan,2011-08-08 00:00:00,0
2367,MP AUTO LLC @ CALASA SERVICE,gtabil,2011-08-10 00:00:00,0
2368,Tanabe Service 76,rkwan,2011-08-18 00:00:00,0
2369,Acradis U.S. Inc,rkwan,2011-08-30 00:00:00,0
2370,USRS,rkwan,2011-08-30 00:00:00,0
2371,C & C of Honolul - LAIE CORP YARD,gtabil,2011-09-06 00:00:00,0
2376,NSA/CSS Hawaii ,rkwan,2011-09-19 00:00:00,0
2377,Matson Terminals,jnagashima,2011-09-20 00:00:00,0
2378,"AVIS BUDGET GROUP, INC.",rilaga,2011-09-20 00:00:00,0
2379,"Pacific Helicopters, Inc.",rilaga,2011-09-21 00:00:00,0
2380,Honoluu Police Department,rkwan,2011-10-03 00:00:00,0
2381,Dept of Facility Maintenance,rkwan,2011-10-03 00:00:00,0
2382,Kahala Hotel and Resort,rkwan,2011-10-26 00:00:00,0
2383,J's Waipahu Chevron,rkwan,2011-10-26 00:00:00,0
2384,Kailser Permanente Honolulu Clinic,rkwan,2011-11-03 00:00:00,0
2385,Kaiser Foundation Hospital,rkwan,2011-11-03 00:00:00,0
2386,Waiakamilo Chevron,rkwan,2011-11-28 00:00:00,0
2387,The Fairmont Orchid,rkwan,2011-11-28 00:00:00,0
2388,"Orhcid Hotel Partners, LLC",rkwan,2011-11-28 00:00:00,0
2389,national Astronomical Observatory of Japan,rkwan,2011-12-12 00:00:00,0
2390,Silva Trust,rkwan,2011-12-16 00:00:00,0
2391,HELCO waimea Operations Center,rkwan,2012-01-05 00:00:00,0
2392,Division of Collection System Maintenance,rkwan,2012-01-05 00:00:00,0
2397,Kalihi Police Station,rkwan,2012-01-10 00:00:00,0
2398,50 Space Wing?CC (USAF),rkwan,2012-01-20 00:00:00,0
2399,"Det 3, 21 SOPS (USAF)",rkwan,2012-01-20 00:00:00,0
2400,Wahiawa 76,rkwan,2012-01-27 00:00:00,0
2401,Tony Hyundai,jkanagy,2012-02-01 00:00:00,0
2402,Tony Hyundai Honolulu,jkanagy,2012-02-01 00:00:00,0
2403,Honolulu Police Departmet,rilaga,2012-02-06 00:00:00,0
2404,PRINCEVILLE  PRINCE EQUIPMENT MAINTENANCE SHOP,gtabil,2012-02-07 00:00:00,0
2405,Minit Stop Kamuela,rkwan,2012-02-17 00:00:00,0
2406,Honolulu sea water air conditioning,rkwan,2012-02-17 00:00:00,0
2407,Kahuku Fire station,rkwan,2012-02-21 00:00:00,0
2408,Minit Stop Laupahoehoe,sbasto,2012-02-22 00:00:00,0
2409,"Turgle Bay Wastewater Treatment , LLC",rkwan,2012-03-05 00:00:00,0
2410,ATC Makena WTP Services Corp,rkwan,2012-03-05 00:00:00,0
2411,Arcadis US Inc,rkwan,2012-03-14 00:00:00,0
2412,Honolulu Police Department,rilaga,2012-03-20 00:00:00,0
2413,Benton Middle Street,rkwan,2012-03-30 00:00:00,0
2414,US Army Garrison - Pohakuloa,rkwan,2012-05-01 00:00:00,0
2415,Pohakuloa Training Area,rkwan,2012-05-01 00:00:00,0
2416,Archer Wester/Pankow,rkwan,2012-05-02 00:00:00,0
2417,GSA Offie Building,rkwan,2012-05-02 00:00:00,0
2418,Pacific Guardian CENTER,gtabil,2012-05-16 00:00:00,0
2419,"Shaw Environmental, Inc",rkwan,2012-05-25 00:00:00,0
2420,"Turtle Bay Wastewater Treatment , LLC",rkwan,2012-05-31 00:00:00,0
2421,"Lahiana Petroleum, LLC",rkwan,2012-06-05 00:00:00,0
2422,Kapiolani Medical Center for Women & Childred,rkwan,2012-06-05 00:00:00,0
2423,Hale Pohaku Ranger Station,jkanagy,2012-06-06 00:00:00,0
2424,Mauna Kea Observatory Support Service,jkanagy,2012-06-06 00:00:00,0
2434,Sam's Club,jkanagy,2012-06-12 00:00:00,0
2435,Sam's Club #6410,jkanagy,2012-06-12 00:00:00,0
2436,Sams Club #6410,jkanagy,2012-06-12 00:00:00,0
2437,Oahu Petroleum Inc,rkwan,2012-06-26 00:00:00,0
2438,SG Global LLC dba kainaliu Union,rkwan,2012-07-16 00:00:00,0
2439,HAROLD UNION Service,rkwan,2012-07-16 00:00:00,0
2440,Nuuanu Chevron,rkwan,2012-07-18 00:00:00,0
2441,County  of Maui - Risk Management Division,rilaga,2012-07-20 00:00:00,0
2442,U.S. ARMY GARRISON-Hawaii,rkwan,2012-08-03 00:00:00,0
2443,Matsuyama Gas and Go,rkwan,2012-08-03 00:00:00,0
2444,Meadow Gold Transportation,jkanagy,2012-08-08 00:00:00,0
2445,The Club at Kukuiula,rilaga,2012-08-14 00:00:00,0
2446,Acradia Retirement Residence,rkwan,2012-08-24 00:00:00,0
2447,Safeway Fuel Center #2893,rkwan,2012-08-24 00:00:00,0
2448,KALAUPAPA STORE GAS STATION,gtabil,2012-08-27 00:00:00,0
2449,HIES INC,rkwan,2012-08-28 00:00:00,0
2450,Kapi'olani Medical Center for Women and Children,rilaga,2012-08-29 00:00:00,0
2451,Hawaii Health Care Systems Corp.,jkanagy,2012-10-03 00:00:00,0
2452,"C &C of Honolulu, Frank Fasi Municipal Bldg",rkwan,2012-10-08 00:00:00,0
2453,HI Air National Guard,rkwan,2012-10-31 00:00:00,0
2454,Alamo/Enterprise RAC,rilaga,2012-11-09 00:00:00,0
2467,Oceanview Hotel Corporation,rkwan,2012-12-03 00:00:00,0
2468,Gennesart Chevron - King,rkwan,2012-12-14 00:00:00,0
2469,Kahulu Police Station,rkwan,2012-12-17 00:00:00,0
2470,"C&C of Honolulu, Dept of  Facility Maintenance",rkwan,2012-12-17 00:00:00,0
2471,Dept of Design and Construction,rkwan,2012-12-17 00:00:00,0
2472,BP Bishop Trust Estate,rkwan,2013-01-18 00:00:00,0
2473,AAFES Kolekole Shoppette,rkwan,2013-02-05 00:00:00,0
2474,KIHEI CHEVRON SERVICE STATION,gtabil,2013-02-07 00:00:00,0
2475,"Tesoro Refining & Marketing Company, LLC",rkwan,2013-02-27 00:00:00,0
2476,Kapiolani Medical Center for Women & Children,rkwan,2013-03-06 00:00:00,0
2477,Kula Auto LLC,rilaga,2013-03-07 00:00:00,0
2478,Army & Air Force Exchange Service,rkwan,2013-03-07 00:00:00,0
2479,kamehameha Schools Land Assests Division,rkwan,2013-03-08 00:00:00,0
2480,"AT&T Services, Inc.",rkwan,2013-03-08 00:00:00,0
2481,"New Cingular Wireless, LLC",rkwan,2013-03-08 00:00:00,0
2482,Minit Stop Keaau LLC,rkwan,2013-03-12 00:00:00,0
2483,Huiaina LLC,rkwan,2013-03-12 00:00:00,0
2484,Leeward Petroleum Bulk Fueling Facility,rkwan,2013-03-12 00:00:00,0
2485,Pacific Light Net\,rkwan,2013-03-13 00:00:00,0
2486,Western Motors Service Inc,rkwan,2013-03-13 00:00:00,0
2487,AVIS RENT A CAR SYSTEM LLC,rkwan,2013-03-14 00:00:00,0
2488,Red Tail Acquisitions,rkwan,2013-03-14 00:00:00,0
2489,State of Hawaii - DOT,rkwan,2013-03-14 00:00:00,0
2490,Island Short Stop and Deli,rkwan,2013-03-14 00:00:00,0
2491,Maui Self Serve,rkwan,2013-03-14 00:00:00,0
2492,Minit Stop #1,rkwan,2013-03-14 00:00:00,0
2493,Peter J. Lenhart,rkwan,2013-03-14 00:00:00,0
2494,Pro-Sites Inc,rkwan,2013-03-14 00:00:00,0
2495,Former Service Station,rkwan,2013-03-15 00:00:00,0
2496,"Pacific Park Plaza, LLC",rkwan,2013-03-15 00:00:00,0
2497,"PPPPHI Associates, LLC",rkwan,2013-03-15 00:00:00,0
2498,Judiciary CIP Office,rkwan,2013-03-15 00:00:00,0
2499,Kealakehe Police Station,rkwan,2013-03-22 00:00:00,0
2500,County of Hawaii - Police Dept,rkwan,2013-03-22 00:00:00,0
2501,"Director, Facilities Dept",rkwan,2013-03-25 00:00:00,0
2502,Kikowaena Plzce Working Group,rkwan,2013-03-27 00:00:00,0
2503,Hyatt Regency Maui,gtabil,2013-04-15 00:00:00,0
2504,queen k tesoro,gtabil,2013-04-23 00:00:00,0
2505,C & C of Honolulu-Oahu Civil Defense Agency,jkanagy,2013-04-26 00:00:00,0
2506,C&C Honolulu- Dept of Emergency Management,jkanagy,2013-04-26 00:00:00,0
2507,C & C of Honolulu-Dept of Emergency Management,jkanagy,2013-04-26 00:00:00,0
2508,C & C of Honolul - Dept. of Emergency Management,jkanagy,2013-04-26 00:00:00,0
2509,Princeville Golf Club,rilaga,2013-04-30 00:00:00,0
2510,WAIKOLOA BEACH SHELL/WHALER GENERAL STORE,gtabil,2013-05-07 00:00:00,0
2511,"Horizon Lines, Inc",rkwan,2013-05-10 00:00:00,0
2512,kamehameha Schools Land Assets Division,rilaga,2013-05-13 00:00:00,0
2513,DEPARTMENT OF DEFENSE (National Guard),jkanagy,2013-05-17 00:00:00,0
2514,Minit Stop Lahaina,rkwan,2013-05-23 00:00:00,0
2515,Port Town Chevron,rkwan,2013-06-17 00:00:00,0
2516,Dept of Transportation,rkwan,2013-06-27 00:00:00,0
2517,"Airways Service Station, Inc",rkwan,2013-06-27 00:00:00,0
2518,JMM Global,rkwan,2013-07-11 00:00:00,0
2519,"Simply Wheelz, LLC",rkwan,2013-07-11 00:00:00,0
2520,Advanatage Rent a Car,rkwan,2013-07-11 00:00:00,0
2521,"City Mill Co., Ltd",rkwan,2013-07-12 00:00:00,0
2522,MIK LLC,rkwan,2013-07-17 00:00:00,0
2523,ABM Family of Services,rilaga,2013-07-18 00:00:00,0
2524,Ahuimanu Wastewater ,jkanagy,2013-07-25 00:00:00,0
2525,Kapolei Golf Course,rilaga,2013-07-26 00:00:00,0
2526,Southern Cross LP,rilaga,2013-07-26 00:00:00,0
2527,"DOT- Highways Division, Oahu District",jkanagy,2013-08-06 00:00:00,0
2528,C&CH Dept of Facility Maintenacne,rkwan,2013-08-12 00:00:00,0
2529,D&E Fuel Stop,rkwan,2013-08-29 00:00:00,0
2530,Captain Cook Chevron Foodmart,rkwan,2013-09-11 00:00:00,0
2531,SAIC,rkwan,2013-09-18 00:00:00,0
2532,Tesoro Gas Express 61051,rkwan,2013-09-25 00:00:00,0
2533,"Hawaii Independent Energy, LLC",rkwan,2013-09-25 00:00:00,0
2534,Tesoro Gas Express king & Cooke,rkwan,2013-09-25 00:00:00,0
2535,Tesor Gas Express 31019,rkwan,2013-09-25 00:00:00,0
2536,D.L. Downing ,rkwan,2013-09-27 00:00:00,0
2537,"PM Realty Group, LP ",rkwan,2013-09-27 00:00:00,0
2538,Volcano Store,rkwan,2013-10-01 00:00:00,0
2539,C&C HNL Fire Dept,rkwan,2013-10-11 00:00:00,0
2540,Mauna Lani Golf Maintenance,rkwan,2013-10-14 00:00:00,0
2541,HawaiianTelcom,rkwan,2013-10-15 00:00:00,0
2542,LDA  (linane Drews Architects,rkwan,2013-10-15 00:00:00,0
2543,LDA  (Linane Drews Architects),rkwan,2013-10-15 00:00:00,0
2544,Tesoro 2Go #61016,rkwan,2013-10-29 00:00:00,0
2545,Jong Mee Corp dba McCUlly and Airport Shell,rkwan,2013-11-06 00:00:00,0
2546,DMM Inc. dba Keaau Shell Foodmart,rkwan,2013-11-06 00:00:00,0
2547,Duke's Enterprise Inc dba Kilauea Shell Foodmart,rkwan,2013-11-06 00:00:00,0
2548,Kohala Hospital,rkwan,2013-11-06 00:00:00,0
2549,Hanzawa Variety Store,rkwan,2013-11-06 00:00:00,0
2550,Coast Guard Exchange Base Honolulu,rkwan,2013-11-07 00:00:00,0
2551,Costco Wholesale Gas Station,rkwan,2013-11-07 00:00:00,0
2552,Kahala Gas Oceanview,rkwan,2013-11-07 00:00:00,0
2553,Kahala Gas Ocean view,rkwan,2013-11-07 00:00:00,0
2554,Convenience Plus LLC,rkwan,2013-11-07 00:00:00,0
2555,"Pacific Links Hawaii, LLC",rilaga,2013-11-08 00:00:00,0
2556,NEX Touch N' Go Gas Station,rkwan,2013-11-08 00:00:00,0
2557,Pacific Guarian Center,rkwan,2013-11-13 00:00:00,0
2558,C&C of Honolulu Dept of Environmental Services,rkwan,2013-11-13 00:00:00,0
2559,C&CH Division of Collection System Maintenance,rkwan,2013-11-13 00:00:00,0
2560,Burt 76 Union,rkwan,2013-11-13 00:00:00,0
2561,"Sam's West, Inc",rkwan,2013-11-14 00:00:00,0
2562,Koko Marina 76,rkwan,2013-11-14 00:00:00,0
2563,Lihue Chevron,rkwan,2013-11-14 00:00:00,0
2564,Paia Town Chevron,rkwan,2013-11-14 00:00:00,0
2565,Hale Pauahi Towers,rkwan,2013-11-19 00:00:00,0
2566,R.R.S. Inc,rkwan,2013-11-21 00:00:00,0
2567,Costco wholesale Kapolei 1038,rkwan,2013-11-22 00:00:00,0
2568,Fuji Chevron Carwash,rkwan,2013-11-22 00:00:00,0
2569,Ewa Mart,rkwan,2013-11-22 00:00:00,0
2570,Tesor Gas Epxress 61024,rkwan,2013-11-22 00:00:00,0
2571,Tesoro Gas Express 61013,rkwan,2013-11-22 00:00:00,0
2572,St Regis Princeville Resort,rkwan,2013-11-25 00:00:00,0
2573,Mauna Kea Suppoort Services,rkwan,2013-11-25 00:00:00,0
2574,Hawaii Pacific Teleport,jkanagy,2013-11-25 00:00:00,0
2575,tesoro gas Express #42,rkwan,2013-11-25 00:00:00,0
2576,Lower Main 76,rkwan,2013-12-06 00:00:00,0
2577,Palisades Mini Mart LLC,rkwan,2013-12-11 00:00:00,0
2578,"Hawaii Independent Energy Retail, LLC",rkwan,2013-12-11 00:00:00,0
2579,Tesoro2 go 61051,rkwan,2013-12-11 00:00:00,0
2580,Tesoro 2 Go 61019,rkwan,2013-12-11 00:00:00,0
2581,Marine Corps Base Hawaii - Camp H.m. Smith,rkwan,2013-12-11 00:00:00,0
2582,MCBH - Camp Smith,rkwan,2013-12-11 00:00:00,0
2583,Marine Corps Community Services Gas Lanes,rkwan,2013-12-11 00:00:00,0
2587,"Pacific Park Plaza Owner, LLC",jkanagy,2013-12-23 00:00:00,0
2588,"HEI Retail, LLC",jkanagy,2013-12-23 00:00:00,0
2589,"HIE Retail, LLC",jkanagy,2013-12-23 00:00:00,0
2590,Department of Land and Natural Resources,rkwan,2014-01-06 00:00:00,0
2591,C&CH Nanakuli Fire Station,rkwan,2014-01-06 00:00:00,0
2592,Safeway Fuel Center ,rkwan,2014-01-06 00:00:00,0
2593,"Hawaii Prince Hotel Waikiki, LLC",rkwan,2014-01-07 00:00:00,0
2594,Walgreen Co.,rkwan,2014-01-13 00:00:00,0
2595,West Coast Investors,rkwan,2014-01-15 00:00:00,0
2596,"Kukui'ula Development Company, LLC",rkwan,2014-01-15 00:00:00,0
2597,Waikiki Business Plaza,rkwan,2014-01-22 00:00:00,0
2598,Safeway 2893 Fuel,rkwan,2014-01-28 00:00:00,0
2607,Tony Hawaii Automotive Group Ltd ,rkwan,2014-01-28 00:00:00,0
2608,Pali Momi Medical Center,rkwan,2014-01-28 00:00:00,0
2609,DOE Facilities Maintenance Division,rkwan,2014-01-28 00:00:00,0
2610,Covanta Honolulu R.R.V.,rilaga,2014-02-03 00:00:00,0
2611,Americas Products,jkanagy,2014-02-06 00:00:00,0
2612,Punahour School,rkwan,2014-02-06 00:00:00,0
2613,CCH Dept of Env Services,rkwan,2014-02-10 00:00:00,0
2614,Loweer Main 76,rkwan,2014-02-20 00:00:00,0
2615,DAGS - Automotive Management Division,jkanagy,2014-02-24 00:00:00,0
2616,Harbor Square,jkanagy,2014-02-24 00:00:00,0
2623,W2005 WKI Realty dba Waikiki Beach Marriott,jkanagy,2014-02-24 00:00:00,0
2632,Costco WHOLESALE Corporation #687,jkanagy,2014-02-24 00:00:00,0
2633,BTK Inc. dba Benton's Ahua St. Chevron,jkanagy,2014-02-24 00:00:00,0
2634,BTK Inc. dbaBenton's Middle St. Chevron,jkanagy,2014-02-24 00:00:00,0
2635,BTK Inc. dba Benton's Middle St. Chevron,jkanagy,2014-02-24 00:00:00,0
2636,BTK Inc. dba Benton's Keolu Chevron,jkanagy,2014-02-24 00:00:00,0
2637,G & H Fujiwara Inc. dba Salt Lake Chevron,jkanagy,2014-02-24 00:00:00,0
2638,Mother & Son LLC (Bionic Chevron),jkanagy,2014-02-24 00:00:00,0
2639,Mother & Son LLC (Piikoi Chevron),jkanagy,2014-02-24 00:00:00,0
2640,The Howard Hughes Corporation (IBM Bldg),jkanagy,2014-02-24 00:00:00,0
2641,Waialae Petroleum Inc. dba Nuuanu Chevron,jkanagy,2014-02-24 00:00:00,0
2642,Waialae Petroleum Inc. dba Waialae Chevron,jkanagy,2014-02-24 00:00:00,0
2643,Wailupe Fire Station,rkwan,2014-02-24 00:00:00,0
2644,C&CH HNL Fire Dept,rkwan,2014-02-24 00:00:00,0
2645,AT&T Lihue,rkwan,2014-02-24 00:00:00,0
2646,Mid Pacific Country Club,jkanagy,2014-02-25 00:00:00,0
2647,Waikiki Beachwalk,jkanagy,2014-02-25 00:00:00,0
2648,Kolekole Gas Station,jkanagy,2014-02-25 00:00:00,0
2649,"SB 80, AAFES Car Care Center",jkanagy,2014-02-25 00:00:00,0
2650,"AMR 880, AAFES AMR Gas Station",jkanagy,2014-02-25 00:00:00,0
2651,Queens Medical Center,jkanagy,2014-02-25 00:00:00,0
2652,Mel's Sunrise Chevron,jkanagy,2014-02-25 00:00:00,0
2653,"Sprint Pearl City, HI Switch",rkwan,2014-02-25 00:00:00,0
2654,Spribt  Environmental,rkwan,2014-02-25 00:00:00,0
2664,Joint Base Pearl Harbor-Hickam,jkanagy,2014-02-25 00:00:00,0
2665,Joint Typhoon Warning Center,jkanagy,2014-02-25 00:00:00,0
2666,AAFES Hickam Car Care Center,jkanagy,2014-02-25 00:00:00,0
2667,NEX Iroquois Point Gas Station,jkanagy,2014-02-25 00:00:00,0
2668,NEX JBPHH Gas Station,jkanagy,2014-02-25 00:00:00,0
2669,NEX Mall Gas Station,jkanagy,2014-02-25 00:00:00,0
2670,NEX NCTAMS PAC Gas Station,jkanagy,2014-02-25 00:00:00,0
2671,NEX PMRF Gas Station,jkanagy,2014-02-25 00:00:00,0
2672,Vehicle Processing Center,jkanagy,2014-02-27 00:00:00,0
2675,Wheeler Army Airfield,jkanagy,2014-02-27 00:00:00,0
2676,Intelsat Paumalu Teleport,jkanagy,2014-02-27 00:00:00,0
2677,OTS Kalihi-Palama Bus Facility,jkanagy,2014-02-28 00:00:00,0
2678,OTS Pearl City Bus Facility,jkanagy,2014-02-28 00:00:00,0
2682,Gennesart,jkanagy,2014-02-28 00:00:00,0
2683,Gennesart Chevron,jkanagy,2014-02-28 00:00:00,0
2684,PFA Repair,jkanagy,2014-02-28 00:00:00,0
2686,Pearl City Repair Facility,jkanagy,2014-02-28 00:00:00,0
2687,Division of Automotive Equipment Service,jkanagy,2014-02-28 00:00:00,0
2688,KALIHI CHEVRON SELF SERVE,gtabil,2014-03-03 00:00:00,0
2689,"State of Hawaii, Dept of Transportation - Airports",jkanagy,2014-03-04 00:00:00,0
2690,Dollar Thrifty-Kona,jkanagy,2014-03-05 00:00:00,0
2691,COSTCO WHOLESALE #485,jkanagy,2014-03-05 00:00:00,0
2692,Fuel System's Repair,jkanagy,2014-03-05 00:00:00,0
2693,Mother & Son LLC,jkanagy,2014-03-05 00:00:00,0
2694,Kamuela Car Wash,jkanagy,2014-03-07 00:00:00,0
2695,KEC Corporation,jkanagy,2014-03-10 00:00:00,0
2696,Mauna Kea Resort,jkanagy,2014-03-10 00:00:00,0
2697,Aloha,jkanagy,2014-03-11 00:00:00,0
2698,HECO Koolau Baseyard,rkwan,2014-03-14 00:00:00,0
2699,"Hawaii Electric Company, INC",rkwan,2014-03-14 00:00:00,0
2700,Manna Food LLC dba Waipea Express,rkwan,2014-03-14 00:00:00,0
2701,Hawaii Pacific Data,jkanagy,2014-03-18 00:00:00,0
2704,Kalihi Footmart (chevron Stn 93183)   dfdfa,rkwan,2014-03-19 00:00:00,0
2705,Kalihi Stream Chevron SS 95592,rkwan,2014-03-19 00:00:00,0
2706,Honolulu Police Dept  Waianae Substation,rkwan,2014-03-19 00:00:00,0
2707,"Hawaii Pacific Data, LLC",rkwan,2014-03-19 00:00:00,0
2708,Stadium Chevron,jkanagy,2014-03-19 00:00:00,0
2709,Tesoro2Go 61075,rkwan,2014-03-19 00:00:00,0
2710,HIE Retail LLC,rkwan,2014-03-19 00:00:00,0
2711,Tesoro 2Go 61020,rkwan,2014-03-19 00:00:00,0
2712,Tesoro Gas Express,jkanagy,2014-03-20 00:00:00,0
2713,Chevron,jkanagy,2014-03-21 00:00:00,0
2714,15 Craigside,jkanagy,2014-03-28 00:00:00,0
2715,Eagle River Investors - Hawwaii LLC,rkwan,2014-04-02 00:00:00,0
2716,Westin Maui,jkanagy,2014-04-14 00:00:00,0
2717,Bellows Express,jkanagy,2014-04-28 00:00:00,0
2718,Pearl City Foodmart 95318,rkwan,2014-04-30 00:00:00,0
2719,AT&T Mobility,jkanagy,2014-05-19 00:00:00,0
2720,Honolulu FBI Field Office,jkanagy,2014-05-19 00:00:00,0
2721,Molokai Fish and Dive,jkanagy,2014-06-26 00:00:00,0
2722,Molokai Fish & Dive,jkanagy,2014-07-10 00:00:00,0
2723,Tesoro Gas Express 61014,jkanagy,2014-07-11 00:00:00,0
2724,"Advantage Dpco, Inc",rkwan,2014-07-29 00:00:00,0
2725,Chevron 93568 Aikahi Park,rkwan,2014-07-29 00:00:00,0
2726,"Lanai Resorts, LLC",jkanagy,2014-08-27 00:00:00,0
2727,"Lanai Resorts, LLC/Lanai Co Baseyard",jkanagy,2014-08-27 00:00:00,0
2728,Kihei Shell,rkwan,2014-09-19 00:00:00,0
2729,Lanai resorts baseyard,rkwan,2014-09-24 00:00:00,0
2730,Dept of Education,rkwan,2014-09-25 00:00:00,0
2731,"Lanai Resorts, LLC/Baseyard",jkanagy,2014-09-26 00:00:00,0
2732,Nanakuli Fire Station,rkwan,2014-10-06 00:00:00,0
2733,Honoluu police Department - Alapai,rkwan,2014-10-09 00:00:00,0
2734,Honolulu Police Department - Wahiawa Stn,rkwan,2014-10-09 00:00:00,0
2735,Honolulu police Department - Pearl City,rkwan,2014-10-09 00:00:00,0
2736,honolulu Police Department - Kaneohe,rkwan,2014-10-09 00:00:00,0
2737,honolulu police Department - kalihi,rkwan,2014-10-09 00:00:00,0
2738,Frank Fasi Municipal Bldg,rkwan,2014-10-20 00:00:00,0
2739,Civiic Center Parking Structure,rkwan,2014-10-20 00:00:00,0
2740,Civic Center parking Structure,rkwan,2014-10-20 00:00:00,0
2741,Kalakaua Gardens,rkwan,2014-11-18 00:00:00,0
2742,"Island Paradise Investments, LP",rkwan,2014-11-18 00:00:00,0
2743,Kilauea General Store,rkwan,2014-11-19 00:00:00,0
2744,Avalon Healthcare Group,rilaga,2014-12-16 00:00:00,0
2745,Hulalai Trading Co.,rkwan,2014-12-16 00:00:00,0
2746,Lalako III Subdivision,rkwan,2014-12-19 00:00:00,0
2747,"maele Wwater resources, Lanai Resorts LLC",rkwan,2014-12-19 00:00:00,0
2748,"Manele Water Resources, Lanai Resorts LLC",rkwan,2014-12-19 00:00:00,0
2749,Manele Wastewater Treatment Facility ,rkwan,2014-12-19 00:00:00,0
2750,"Tripler Army Medical Center, Central Plant",rkwan,2014-12-19 00:00:00,0
2751,LRC Cold Storage Warhouse,rkwan,2014-12-19 00:00:00,0
2752,"LRC Cold Storage Warhouse, SB Bldg 2072",rkwan,2014-12-19 00:00:00,0
2753,Fort Shafter,rkwan,2014-12-19 00:00:00,0
2754,AAFES Schofield Car Care Center,rkwan,2014-12-19 00:00:00,0
2755,KAAFES Kolekole Shoppette,rkwan,2014-12-19 00:00:00,0
2756,AAFES Aliamanu Military Reservation Shoppette,rkwan,2014-12-19 00:00:00,0
2757,Coconut Island Old Pauley Guest House,rkwan,2014-12-19 00:00:00,0
2758,University of Hawaii,rkwan,2014-12-19 00:00:00,0
2759,KOTA Kahului Airport,rkwan,2015-01-15 00:00:00,0
2760,DOTA Kahului Airport,rkwan,2015-01-15 00:00:00,0
2761,Alert Alarm ,jkanagy,2015-01-16 00:00:00,0
2762,Queen's Medical Center West Oahu,jkanagy,2015-01-16 00:00:00,0
2763,"Castle & COOKE Homes Hawaii, Inc",rkwan,2015-02-18 00:00:00,0
2764,C&C Wahiawa Corp Yard,rkwan,2015-03-02 00:00:00,0
2765,Kaneohe Fire Station,rkwan,2015-03-06 00:00:00,0
2766,Groundwater & Environmental Services Inc,rkwan,2015-03-06 00:00:00,0
2767,AMR 880 ,rkwan,2015-03-09 00:00:00,0
2768,Aliamanu Military Reservation,rkwan,2015-03-09 00:00:00,0
2769,Mauna Kea Observatory Support Services,rilaga,2015-03-12 00:00:00,0
2770,Mauna Kea Observatories Support Services,rilaga,2015-03-12 00:00:00,0
2771,"Commerical Sheetmetal Co., Inc",rkwan,2015-03-19 00:00:00,0
2772,Tesoro #61042,rkwan,2015-03-24 00:00:00,0
2773,Malama Gas N Go,rkwan,2015-04-02 00:00:00,0
2774,C & C Honolulu Dept of Emergency Management,jkanagy,2015-04-14 00:00:00,0
2775,REIT Management and Research LLC,rkwan,2015-04-21 00:00:00,0
2776,Insite Wireless Group,jkanagy,2015-04-28 00:00:00,0
2777,Minit Stop Laupahoehoe #88,rkwan,2015-05-12 00:00:00,0
2778,KITV Studio,rkwan,2015-05-28 00:00:00,0
2779,KITV TV a Division of Hearst Television Inc. ,rkwan,2015-05-28 00:00:00,0
2780,TSM Properties LLC ,rkwan,2015-06-08 00:00:00,0
2781,Hawiian Cement,rkwan,2015-06-08 00:00:00,0
2782,Hickam Military Gas station,rkwan,2015-06-10 00:00:00,0
2785,HAFB,rkwan,2015-06-10 00:00:00,0
2787,Tesoro #61041,rkwan,2015-07-30 00:00:00,0
2788,"Groound Transpsort , Inc",rkwan,2015-07-30 00:00:00,0
2789,Green Tea LLCfdfdfdsa,rkwan,2015-08-10 00:00:00,0
2794,fdf,rkwan,2015-08-10 00:00:00,0
2795,Alfred J Andrade Famlily Ltd Partnership,rkwan,2015-08-10 00:00:00,0
2796,Lahaina Petroleum,rkwan,2015-08-18 00:00:00,0
2797,Hokulei Village Chevron,rkwan,2015-08-18 00:00:00,0
2798,Tandal's Union,rkwan,2015-09-10 00:00:00,0
2799,Tesoro #61018,rkwan,2015-09-17 00:00:00,0
2800,Tesoro #61014,rkwan,2015-09-17 00:00:00,0
2801,Tesoro #61013,rkwan,2015-09-17 00:00:00,0
2802,USPS ,rkwan,2015-09-23 00:00:00,0
2803,US Postal Service - Main,rkwan,2015-09-23 00:00:00,0
2804,US postal Service ,rkwan,2015-10-05 00:00:00,0
2805,U S Postal Service,rkwan,2015-10-05 00:00:00,0
2806,Advantage Rent a Car,rkwan,2015-10-05 00:00:00,0
2807,Central Pacifc Bank,rkwan,2015-10-05 00:00:00,0
2810,Bank of Hawaii trustee,rkwan,2015-10-05 00:00:00,0
2811,insitewireless,gtabil,2015-10-06 00:00:00,0
2812,Waipio Garage,rkwan,2015-10-21 00:00:00,0
2813,Heeia Wastewater Treatment Plant,rkwan,2015-10-21 00:00:00,0
2814,ewa beach golf course,rilaga,2015-10-26 00:00:00,0
2815,"2014 kauai Lagoons Golf, LLC",rkwan,2015-10-30 00:00:00,0
2816,County  of Maui - Civil Defense,gtabil,2015-11-09 00:00:00,0
2817,Tesoro #61021,rkwan,2015-11-10 00:00:00,0
2818,Tesoro #61051,rkwan,2015-11-10 00:00:00,0
2819,Tesoro #61086,rkwan,2015-11-10 00:00:00,0
2820,Tesoro #61087,rkwan,2015-11-10 00:00:00,0
2821,Tesoro #61020,rkwan,2015-11-10 00:00:00,0
2822,"AT & T Communications, Inc.",rilaga,2015-12-09 00:00:00,0
2823,"GIC Real Estate, Inc",rkwan,2015-12-23 00:00:00,0
2824,Ward Avenue Complex,rkwan,2016-01-05 00:00:00,0
2825,Minit Stop Hawi,rkwan,2016-01-11 00:00:00,0
2826,AIM - Kam IV,rkwan,2016-01-27 00:00:00,0
2827,Kailua Shell,rkwan,2016-01-27 00:00:00,0
2828,Tesoro 2go #61073,rkwan,2016-01-27 00:00:00,0
2829,ABC Stoes,rkwan,2016-02-08 00:00:00,0
2830,"Gecko Enterprises, Inc. dba Waialua Service",rilaga,2016-02-16 00:00:00,0
2831,State of Hawaii-Department of Public Safety,rilaga,2016-02-24 00:00:00,0
2832,PTA Bulk Fuel Yard,rkwan,2016-02-25 00:00:00,0
2833,"Hawaii Petroleum, Inc.",roy.ilaga,2016-03-07 00:00:00,0
2834,Minit Stop - Paia,jenny.bernier,2016-03-07 00:00:00,0
2835,Minit Stop Pukalani,jenny.bernier,2016-03-07 00:00:00,0
2836,Minit Stop Makawao,jenny.bernier,2016-03-07 00:00:00,0
2837,Minit Stop Wakea,jenny.bernier,2016-03-07 00:00:00,0
2838,C & C of Honolulu - Dept. of Emergency Management,jenny.bernier,2016-03-14 00:00:00,0
2839,"EAN Holdings, LLC of Hawaii",roxanne.kwan,2016-03-21 00:00:00,0
2840,Tesoro #61046,roxanne.kwan,2016-03-22 00:00:00,0
2841,Bionic Chevron,roxanne.kwan,2016-03-28 00:00:00,0
2842,Buena Vista,roxanne.kwan,2016-03-31 00:00:00,0
2843,State of Hawaii - DOT Harbor Division,roxanne.kwan,2016-04-07 00:00:00,0
2844,Masa's Shell Service,george.tabil,2016-04-08 00:00:00,0
2848,Pearl Harbor Naval Shipyard and IMF,roxanne.kwan,2016-04-18 00:00:00,0
2849,Pearl Harbor Shipyard and IMF,roxanne.kwan,2016-04-18 00:00:00,0
2850,"Pacific Helicopters Tours, Inc.",roy.ilaga,2016-04-20 00:00:00,0
2851,"Kawamato Bros, LTD",roxanne.kwan,2016-05-24 00:00:00,0
2852,Shell Gas Waikoloa Beach #1110,roxanne.kwan,2016-05-25 00:00:00,0
2853,"C &C of Honolulu, Dept of Facility Maintenance",roxanne.kwan,2016-06-03 00:00:00,0
2854,Waikoloa Beach Resort,roxanne.kwan,2016-06-08 00:00:00,0
2855,Four Seasons Resort,roxanne.kwan,2016-06-08 00:00:00,0
2856,Huallalai Investors Inc,roxanne.kwan,2016-06-08 00:00:00,0
2857,Howard Hughes Corporation,roxanne.kwan,2016-06-15 00:00:00,0
2858,IBM Building,roxanne.kwan,2016-06-15 00:00:00,0
2859,LOVE'S BAKERY LLC,george.tabil,2016-06-16 00:00:00,0
2860,Mizuno Superette,roxanne.kwan,2016-06-16 00:00:00,0
2861,Menehune Water Company,roxanne.kwan,2016-06-16 00:00:00,0
2862,Tesoro 61041,roxanne.kwan,2016-06-22 00:00:00,0
2863,Tesoro 2go 61089,roxanne.kwan,2016-06-22 00:00:00,0
2864,HI DOT HARBORS DIVISION,george.tabil,2016-06-22 00:00:00,0
2865,MCI WORLDCOM,george.tabil,2016-06-28 00:00:00,0
2866,Kahe Point Cable Station,george.tabil,2016-06-28 00:00:00,0
2867,GRAND Wailea ,george.tabil,2016-06-29 00:00:00,0
2868,DOLLAR RENT A CAR FACILITY,george.tabil,2016-06-29 00:00:00,0
2869,"Matson Terminal, Inc.",roy.ilaga,2016-06-30 00:00:00,0
2870,KONA INTERNATIONAL AIRPORT,george.tabil,2016-06-30 00:00:00,0
2871,Kahului Airport,george.tabil,2016-07-06 00:00:00,0
2872,Kapaa Automotive Repair Facility,roxanne.kwan,2016-07-07 00:00:00,0
2873,KEALAKEHE WASTEWATER TREATMENT PLANT,george.tabil,2016-07-11 00:00:00,0
2874,C&C HNL - Environmental Services ,roxanne.kwan,2016-07-14 00:00:00,0
2875,"KOOLAU GOLF CLUB, LLC",george.tabil,2016-07-22 00:00:00,0
2876,"PAUL's REPAIR Service, Inc.",roy.ilaga,2016-07-28 00:00:00,0
2877,KUAKINI HEALTH SYSTEM,george.tabil,2016-07-28 00:00:00,0
2878,"State of Hawaii, DAGS - Public Works Division",roxanne.kwan,2016-07-28 00:00:00,0
2879,Hertz RENT A CAR FACILITY,roxanne.kwan,2016-08-02 00:00:00,0
2880,Alexandar and Baldwin,roxanne.kwan,2016-08-03 00:00:00,0
2881,The QueeN'S MEDICAL CENTER - West oahu,roxanne.kwan,2016-08-04 00:00:00,0
2883,KUILIMA WWTP,george.tabil,2016-08-09 00:00:00,0
2884,AIRPORT TRAINING CENTER,george.tabil,2016-08-11 00:00:00,0
2885,TONY'S LIQUOR & DELI,george.tabil,2016-08-12 00:00:00,0
2886,Hawaii State Judicdiary ,roxanne.kwan,2016-08-22 00:00:00,0
2887,HIS Mechanical,roxanne.kwan,2016-08-25 00:00:00,0
2888,Dole YI,roxanne.kwan,2016-08-25 00:00:00,0
2889,"Ito-EN (USA), Inc",roxanne.kwan,2016-09-12 00:00:00,0
2890,ala moana was,amanda.lewis,2016-09-21 00:00:00,0
2891,Ala Moana Wastewater Pump Station ,amanda.lewis,2016-09-21 00:00:00,0
2892,"US Army Garrison, Hawaii",roxanne.kwan,2016-10-14 00:00:00,0
2893,Kalakua Gardens,roxanne.kwan,2016-10-14 00:00:00,0
2894,"SB 1167, kolokole Gas Stn",roxanne.kwan,2016-10-14 00:00:00,0
2895,MNS Ltd ABC Store #51,roxanne.kwan,2016-10-14 00:00:00,0
2896,MNS Ltd. ABC Store #51,roxanne.kwan,2016-10-14 00:00:00,0
2897,MNS Ltd  ,roxanne.kwan,2016-10-18 00:00:00,0
2898,MNS Ltd ABC Store #47,roxanne.kwan,2016-10-18 00:00:00,0
2899,Maoana Surfrider,roxanne.kwan,2016-10-18 00:00:00,0
2900,Kyo-ya Hotel & Resorts,roxanne.kwan,2016-10-18 00:00:00,0
2901,Moana Surfrider,roxanne.kwan,2016-10-18 00:00:00,0
2902,"IES Retail, LLC",roy.ilaga,2016-10-28 00:00:00,0
2903,Former Ciutter Mazda Car Dealership,roxanne.kwan,2016-10-28 00:00:00,0
2904,Kuntz Mini Mall,roxanne.kwan,2016-10-28 00:00:00,0
2905,Kolekole Gas Stn ,roxanne.kwan,2016-11-02 00:00:00,0
2906,MNS Ltd  ABC Stsore #51,roxanne.kwan,2016-12-02 00:00:00,0
2907,Kuakini Fire Station,roxanne.kwan,2016-12-06 00:00:00,0
2908,Mid Pacific CC,roxanne.kwan,2016-12-15 00:00:00,0
2909,Island Energy,roy.ilaga,2017-02-06 00:00:00,0
2910,Aukeke Cardlock Lihue Site #1,roxanne.kwan,2017-02-10 00:00:00,0
2911,Blue Hawaiian Helicopters,roy.ilaga,2017-02-16 00:00:00,0
2912,Haleiwa Super Markeg\t,roxanne.kwan,2017-02-24 00:00:00,0
2913,Haleiwa Super Market,roxanne.kwan,2017-02-24 00:00:00,0
2914,Stadium Partners,roxanne.kwan,2017-02-24 00:00:00,0
2915,Honolulu Police Department Pearl City Sub sttion,roxanne.kwan,2017-03-09 00:00:00,0
2916,US Army Garrison -Hawaii,roxanne.kwan,2017-03-19 00:00:00,0
2917,"IES Retail S,. Beretania St",roxanne.kwan,2017-03-19 00:00:00,0
2918,PMRF - Power Plant ,roxanne.kwan,2017-03-20 00:00:00,0
2919,"Island Energy Services, LLC",roy.ilaga,2017-04-05 00:00:00,0
2920,"IES Retail , LLC",roxanne.kwan,2017-04-10 00:00:00,0
2921,IES Retai ,roxanne.kwan,2017-04-10 00:00:00,0
2922,IES Retail Kailua Rd,roxanne.kwan,2017-04-10 00:00:00,0
2923,1001 Queen LLC,roxanne.kwan,2017-04-11 00:00:00,0
2924,Ala Wai Service Inc.,roxanne.kwan,2017-04-19 00:00:00,0
2925,Sandia Corporation,roxanne.kwan,2017-04-24 00:00:00,0
2937,"National Technology and Engineering Solutions, LLC",roxanne.kwan,2017-04-24 00:00:00,0
2938,Par Hawaii ,roy.ilaga,2017-04-24 00:00:00,0
2939,"IES Retai, LLC",roxanne.kwan,2017-05-10 00:00:00,0
2940,"Par Hawaii, Inc. ",roy.ilaga,2017-07-07 00:00:00,0
2941,waikoloa Beach Resort Golf Course Maintenance,roxanne.kwan,2017-07-12 00:00:00,0
2942,SAMKOO Pacific LLC,roxanne.kwan,2017-07-20 00:00:00,0
2943,Manu Kai LLC,roxanne.kwan,2017-07-21 00:00:00,0
2944,Tesoro 2Go #61071,roxanne.kwan,2017-07-21 00:00:00,0
2945,Kukui Grove 76 #411,roxanne.kwan,2017-07-22 00:00:00,0
2946,IES Retail Salt Lake Blvd.,roxanne.kwan,2017-08-20 00:00:00,0
2947,C&C HNLDividion collection system Maintenance,roxanne.kwan,2017-08-20 00:00:00,0
2948,IES Retail Kapolei,roxanne.kwan,2017-08-20 00:00:00,0
2949,Hertz Hilo,roxanne.kwan,2017-08-20 00:00:00,0
2950,Wahiawa WWTP ,roxanne.kwan,2017-08-20 00:00:00,0
2951,Hele #61012,roxanne.kwan,2017-08-20 00:00:00,0
2952,Hele Waimamalo #61101,roxanne.kwan,2017-08-20 00:00:00,0
2955,Hele #61086,roxanne.kwan,2017-08-22 00:00:00,0
2956,"DHL Mahi OPCO, LLC",roxanne.kwan,2017-08-26 00:00:00,0
2957,Kulima WWTP,roxanne.kwan,2017-09-04 00:00:00,0
2958,AIM Kamuela Shell,roxanne.kwan,2017-09-04 00:00:00,0
2959,New Kalaheo 76,roxanne.kwan,2017-09-18 00:00:00,0
2960,Paradise 76,roxanne.kwan,2017-09-18 00:00:00,0
2961,"Big Island Energy Company,LLC",roxanne.kwan,2017-09-20 00:00:00,0
2965,ABC Store #51,roxanne.kwan,2017-10-10 00:00:00,0
2966,ABC STORE #47,roxanne.kwan,2017-10-10 00:00:00,0
2967,Hele Kahului #61071,roxanne.kwan,2017-10-15 00:00:00,0
2968,Albertsons/Safeway Inc,roxanne.kwan,2017-12-07 00:00:00,0
2969,Costco Gasoline,roxanne.kwan,2017-12-08 00:00:00,0
2970,"BRE Turtle Bay Resort, LLC",roxanne.kwan,2017-12-08 00:00:00,0
2971,Fazio Golf Cours,roxanne.kwan,2017-12-08 00:00:00,0
2972,IES Retail Papalaua St,roxanne.kwan,2017-12-13 00:00:00,0
2973,Waikoloa Land Co,Nicole.Okino,2017-12-26 00:00:00,0
2974,HFS Federal Credit Union,roxanne.kwan,2018-01-22 00:00:00,0
2975,Bowers & Kubota Consulting,roxanne.kwan,2018-01-26 00:00:00,0
2976,MCBH Kaneohe Bay,roxanne.kwan,2018-01-26 00:00:00,0
2977,"Stamdard Commercial LLC, Agent",roxanne.kwan,2018-01-26 00:00:00,0
2978,"Ford Canty and Associates, Inc",roxanne.kwan,2018-01-26 00:00:00,0
2979,Hele King/Kalakaua #61018,roxanne.kwan,2018-01-30 00:00:00,0
2980,Honolulu Sports & Spine Surgery Center,roy.ilaga,2018-02-13 00:00:00,0
2981,"Barghausen Consulting Engineers, Inc.",roxanne.kwan,2018-02-16 00:00:00,0
2982,Sprint Environmental,roxanne.kwan,2018-02-16 00:00:00,0
2983,Hele King Cooke #61024,roxanne.kwan,2018-03-01 00:00:00,0
2984,Ililani,roxanne.kwan,2018-03-15 00:00:00,0
2985,Minit Stop Makawao  #06,roxanne.kwan,2018-03-15 00:00:00,0
2986,Minit Stoop Makawao #06,roxanne.kwan,2018-03-15 00:00:00,0
2987,Minit Stop Makawao #06,roxanne.kwan,2018-03-15 00:00:00,0
2988,"MGV Equipment, LLC",roxanne.kwan,2018-03-16 00:00:00,0
2989,Maui  Electric,roxanne.kwan,2018-03-19 00:00:00,0
2990,Adventist Health Castle,roxanne.kwan,2018-03-19 00:00:00,0
2991,Hele Kalihi Kam #61020,roxanne.kwan,2018-03-19 00:00:00,0
2992,Honolulu CC Dept. of Design & Construction,randall.heu,2018-03-20 00:00:00,0
2993,Honolulu City & County Fire Dept.,randall.heu,2018-03-20 00:00:00,0
2994,C&C Honolulu Fire Dept.,randall.heu,2018-03-20 00:00:00,0
2995,Hele Waiakea (#213),roxanne.kwan,2018-04-03 00:00:00,0
2996,Hele Aiea Heights 7-11 #61032,roxanne.kwan,2018-04-03 00:00:00,0
2997,Hele Waianae #61047,roxanne.kwan,2018-04-03 00:00:00,0
2998,IES Retail Kalihi,roxanne.kwan,2018-04-03 00:00:00,0
2999,Minit Stop Pukulani,roxanne.kwan,2018-04-03 00:00:00,0
3000,DOT- Airports Division,roy.ilaga,2018-04-09 00:00:00,0
3001,"HSHEHI Narcissus, LLC & HSHE Sunflower, LLC",roy.ilaga,2018-04-23 00:00:00,0
3002,Heke Waunabaki#101,roxanne.kwan,2018-05-07 00:00:00,0
3003,Hertz Corporation,roxanne.kwan,2018-05-07 00:00:00,0
3004,Kapolei 76 / 7-Eleven #172,roxanne.kwan,2018-05-07 00:00:00,0
3005,Hele Lualualei #61046,roxanne.kwan,2018-05-07 00:00:00,0
3006,Hele Palama #61022,roxanne.kwan,2018-05-08 00:00:00,0
3007,Hle Kapolei #61055,roxanne.kwan,2018-05-08 00:00:00,0
3008,Waimalu 76 / 7-eleven #177,roxanne.kwan,2018-05-08 00:00:00,0
3009,Hele Dillingham #61012,roxanne.kwan,2018-05-09 00:00:00,0
3010,Hele Campbell Cardlock 361023,roxanne.kwan,2018-05-09 00:00:00,0
3011,76 Waipahu #61041,roxanne.kwan,2018-05-09 00:00:00,0
3012,Hele Waipahu #61042,roxanne.kwan,2018-05-09 00:00:00,0
3013,Hele LualuaLlei #31046,roxanne.kwan,2018-05-09 00:00:00,0
3014,Hele Kapolei #61055,roxanne.kwan,2018-05-09 00:00:00,0
3015,Hele Mililani Town Center #61056,roxanne.kwan,2018-05-09 00:00:00,0
3016,Hele Mililani Mauka #61057,roxanne.kwan,2018-05-09 00:00:00,0
3017,US Navy,roxanne.kwan,2018-05-25 00:00:00,0
3018,"Hanzawa Group, LLC",roy.ilaga,2018-06-05 00:00:00,0
3019,"Paul's Electrical Contracting, LLC",roy.ilaga,2018-06-06 00:00:00,0
3020,Board of Water Supply Kalihi Corp Yard,roxanne.kwan,2018-06-16 00:00:00,0
3021,Kohanaiki Minit Stop #87,roxanne.kwan,2018-06-21 00:00:00,0
3022,Hawi Minit Stop #85,roxanne.kwan,2018-06-21 00:00:00,0
3023,Kamuela Minit Stop #82,roxanne.kwan,2018-06-21 00:00:00,0
3024,Kawaihae Minitstop #81,roxanne.kwan,2018-06-21 00:00:00,0
3025,Aleut Maintenance,Timothy.ugaitafa,2018-06-22 00:00:00,0
3026,Covanta Honolulu,roxanne.kwan,2018-06-22 00:00:00,0
3027,"Kamakani Store, LLC",roy.ilaga,2018-06-25 00:00:00,0
3028,Military Gas Station,roxanne.kwan,2018-06-29 00:00:00,0
3029,hele Kapahulu #61013,roxanne.kwan,2018-07-03 00:00:00,0
3030,Hele Kealakekua #61087,roxanne.kwan,2018-07-03 00:00:00,0
3031,Manana Convenience Store,roxanne.kwan,2018-07-13 00:00:00,0
3032,Puunana Interisland Communication System,roxanne.kwan,2018-07-14 00:00:00,0
3033,IES Retail Middle St,roxanne.kwan,2018-07-14 00:00:00,0
3034,IES Retail Keolu Drive,roxanne.kwan,2018-07-14 00:00:00,0
3035,76 Maui Lani #312,roxanne.kwan,2018-07-14 00:00:00,0
3036,Hele Wahiawa #199,roxanne.kwan,2018-07-14 00:00:00,0
3037,Hele Hillside #311,roxanne.kwan,2018-07-14 00:00:00,0
3038,Department of Transportation -  Harbors Division,roxanne.kwan,2018-07-14 00:00:00,0
3039,Department of Transprtation - harbors division,roxanne.kwan,2018-07-14 00:00:00,0
3040,Department of Trnasportation - harbors Division,roxanne.kwan,2018-07-14 00:00:00,0
3041,Aikahi Park Texaco,roxanne.kwan,2018-07-14 00:00:00,0
3042,"3G Enterprises, LLC",roxanne.kwan,2018-07-14 00:00:00,0
3043,Hele Salt Lake #61019,roxanne.kwan,2018-07-14 00:00:00,0
3044,Dairy Road Shell,roxanne.kwan,2018-07-19 00:00:00,0
3045,Hele Hilo #61081,roxanne.kwan,2018-07-30 00:00:00,0
3046,Waikoloa Beach Golf Maintenance,roxanne.kwan,2018-07-30 00:00:00,0
3047,Pearl City Automotive Repair Facility,roxanne.kwan,2018-08-02 00:00:00,0
3048,Ahuimanu WWPTF,roxanne.kwan,2018-09-19 00:00:00,0
3049,Ahimanu WWTP,roxanne.kwan,2018-09-19 00:00:00,0
3050,Kahuku WWTP,roxanne.kwan,2018-09-19 00:00:00,0
3051,Leihano Hale,roxanne.kwan,2018-09-24 00:00:00,0
3052,Joint Base Pearl Harbor - Hickam,roxanne.kwan,2018-10-18 00:00:00,0
3053,DOT -  Transporataion Hwys Division,roxanne.kwan,2018-10-23 00:00:00,0
3054,Kulani Correctinal Facility,roxanne.kwan,2018-10-23 00:00:00,0
3055,Kahului Airport - Maintenance Baseyard,roxanne.kwan,2018-11-07 00:00:00,0
3056,Kahulu Airport - Maintenance Baseyard,roxanne.kwan,2018-11-07 00:00:00,0
3057,He,roxanne.kwan,2018-11-20 00:00:00,0
3058,H3 Traffic operatiions Center,roxanne.kwan,2018-11-20 00:00:00,0
3059,County of Kauai,roxanne.kwan,2018-12-07 00:00:00,0
3060,Hele Waimano #61101,roxanne.kwan,2018-12-19 00:00:00,0
3061,Pearl City 76/7-11 (#165),roxanne.kwan,2019-01-10 00:00:00,0
3062,Onewa 76 / 7-11 (#107),roxanne.kwan,2019-01-10 00:00:00,0
3063,"Hot Refueling Point, Wheeler Army Airfield",roxanne.kwan,2019-01-23 00:00:00,0
3068,"Directorate of Plans, Training",roxanne.kwan,2019-01-23 00:00:00,0
3069,"Directorate of Plans, Training, Mobilization and e",roxanne.kwan,2019-01-23 00:00:00,0
3070,US Army Garrison,roxanne.kwan,2019-01-23 00:00:00,0
3071,Kapahulu 76/7-11 (#116),roxanne.kwan,2019-01-23 00:00:00,0
3072,IES Retail Kailua Drive,roxanne.kwan,2019-01-23 00:00:00,0
3073,IES Retail Valkenburgh St,roxanne.kwan,2019-01-23 00:00:00,0
3074,IES Retail Kailua Drive 111,roxanne.kwan,2019-01-23 00:00:00,0
3075,IES Retail Makaala St,roxanne.kwan,2019-01-23 00:00:00,0
3076,Sand Island 76#104,roxanne.kwan,2019-02-11 00:00:00,0
3077,Sand Island 76 #104,roxanne.kwan,2019-02-11 00:00:00,0
3078,Waialae Petorleum Inc. dba Nuuanu Texaco,roxanne.kwan,2019-02-20 00:00:00,0
3079,Waialae Petroleum Inc. dba Kahala Texaco,roxanne.kwan,2019-02-20 00:00:00,0
3080,"Wailalae Petroleum, Inc dba Kahala Texaco",roxanne.kwan,2019-02-20 00:00:00,0
3081,shell ,nicole.okino,2019-02-22 00:00:00,0
3082,EWA BEACH GOLF CLUB,roy.ilaga,2019-02-27 00:00:00,0
3083,Aalii LLC,roxanne.kwan,2019-02-27 00:00:00,0
3084,IES Retail Aikahi Park,roxanne.kwan,2019-03-12 00:00:00,0
3085,lex Brodies,roxanne.kwan,2019-03-12 00:00:00,0
3086,Lex Brodie's Tire Company,roxanne.kwan,2019-03-12 00:00:00,0
3087,"Fuel Farm, Pacific Missile Range Facility",roxanne.kwan,2019-04-10 00:00:00,0
3088,Military Gas Station - Pacific Missile Range,roxanne.kwan,2019-04-12 00:00:00,0
3091,Mjanu Kai LLC,roxanne.kwan,2019-04-12 00:00:00,0
3092,C&CH OF HNL Kailua Corp Yard,Timothy.Ugaitafa,2019-04-17 00:00:00,0
3093,Pearlridge Texaco,roxanne.kwan,2019-04-27 00:00:00,0
3094,IES Rretail Salt Lake,roxanne.kwan,2019-04-27 00:00:00,0
3095,Waikiki Beach Marriott Resort & Spa,dejanira.seale,2019-05-06 00:00:00,0
3096,Department of Transportation Airports Engineering,roxanne.kwan,2019-05-07 00:00:00,0
3097,Haoapili Hale - Judiciary,roxanne.kwan,2019-05-09 00:00:00,0
3098,State of Hawaii DOT Airports,roxanne.kwan,2019-05-28 00:00:00,0
3099,DOH -,roxanne.kwan,2019-05-29 00:00:00,0
3100,DOH-shwb,roxanne.kwan,2019-05-29 00:00:00,0
3101,Kahului Airport - emergency generator teminal bldg,roxanne.kwan,2019-06-06 00:00:00,0
3102,Kahulu Airport -Emergency Generator Terminial Bldg,roxanne.kwan,2019-06-06 00:00:00,0
3103,Pulama Lanai,Nicole.Okino,2019-06-17 00:00:00,0
3104,New City Shell,roxanne.kwan,2019-06-18 00:00:00,0
3105,CORPUSA,roy.ilaga,2019-06-19 00:00:00,0
3106,Goodwill Beretania Center,roy.ilaga,2019-06-19 00:00:00,0
3107,Princeville Resort Kauai,roy.ilaga,2019-07-03 00:00:00,0
3108,Hyatt Regency Kauai,roy.ilaga,2019-07-06 00:00:00,0
3109,suspected release,roxanne.kwan,2019-07-10 00:00:00,0
3110,"Par Hawaii, LLC",roy.ilaga,2019-07-11 00:00:00,0
3111,Goddwill Hawaii,Dejanira.Seale,2019-07-15 00:00:00,0
3112,Goodwill Hawaii,Dejanira.Seale,2019-07-15 00:00:00,0
3113,SOF - HI Kauai PV Hotel LP,roy.ilaga,2019-07-15 00:00:00,0
3114,All Pool and Spa,roxanne.kwan,2019-07-19 00:00:00,0
3115,Hiram's Texaco,thu.perry,2019-08-07 00:00:00,0
3116,Research Corp University of Hawaii,roxanne.kwan,2019-08-21 00:00:00,0
3117,NAVFAC Hawaii,roxanne.kwan,2019-08-21 00:00:00,0
3118,Safway Fuel Center 2893,roxanne.kwan,2019-08-21 00:00:00,0
3119,Woodland Center,roxanne.kwan,2019-09-06 00:00:00,0
3120,Red Hill Bulk Fuel Facility,roxanne.kwan,2019-09-18 00:00:00,0
3121,Hana Gas/Travasa,Nicole.Okino,2019-09-23 00:00:00,0
3122,Harold's Union Service,roxanne.kwan,2019-09-23 00:00:00,0
3123,DOH S Kona Baseyard,roxanne.kwan,2019-09-24 00:00:00,0
3125,D & E Fuel Stop,roxanne.kwan,2019-09-24 00:00:00,0
3126,Waikoloa beach Resort - Hilton Waikoloa,roxanne.kwan,2019-09-24 00:00:00,0
3127,Heeua Wastewater Treatment Plant,roxanne.kwan,2019-09-24 00:00:00,0
3130,HI DOT Airports Division,roxanne.kwan,2019-09-24 00:00:00,0
3131,Natinal Security Agency Hawaii,roxanne.kwan,2019-10-11 00:00:00,0
3132,"Roberts Hawaii, Kauai Baseyard",roxanne.kwan,2019-10-31 00:00:00,0
3133,"Roberts Hawaii, Kauai Base Yard",roxanne.kwan,2019-10-31 00:00:00,0
3134,"Roberts Hzawaii, Kauai Baseyard",roxanne.kwan,2019-10-31 00:00:00,0
3135,"Roberts Hawaii, Maui Baseyard",roxanne.kwan,2019-10-31 00:00:00,0
3136,Halekulani ,roxanne.kwan,2019-12-02 00:00:00,0
3137,"Paul Electrical Contracting, LLC",roxanne.kwan,2019-12-03 00:00:00,0
3138,"Kaimalu, LLC",roxanne.kwan,2019-12-03 00:00:00,0
3139,"Lahiana Petroleum, LLC test",william.campbell,2019-12-04 00:00:00,0
3140,Nicole LLC tets,william.campbell,2019-12-04 00:00:00,0
3141,Will test store,william.campbell,2019-12-04 00:00:00,0
3142,Roy test LLC,william.campbell,2019-12-04 00:00:00,0
3143,"CFF, LLC",roy.ilaga,2020-02-10 00:00:00,0
3144,Kapiolani Community College,roxanne.kwan,2020-02-24 00:00:00,0
3145,Weston Solutions,roxanne.kwan,2020-03-02 00:00:00,0
3151,Lihue Airport Baseyard &Terminal Emergency Gene,roxanne.kwan,2020-03-03 00:00:00,0
3152,Lihue airports &,roxanne.kwan,2020-03-03 00:00:00,0
3154,Lihue airport baseyard & terminal emergency gen,roxanne.kwan,2020-03-03 00:00:00,0
3155,Daniel K inouye International Airport,roxanne.kwan,2020-03-03 00:00:00,0
3156,C & C Honolulu Dept of Environmental Services,roxanne.kwan,2020-03-17 00:00:00,0
3157,Waianae WWTP,roxanne.kwan,2020-03-25 00:00:00,0
3158,Mokulele Fire Station #8,roxanne.kwan,2020-03-25 00:00:00,0
3159,US Navy - COMNAVREG HI,roxanne.kwan,2020-04-01 00:00:00,0
3160,US Navy COMNAVREG  HI,roxanne.kwan,2020-04-01 00:00:00,0
3161,minit Stoop Keaau,roxanne.kwan,2020-04-15 00:00:00,0
3162,minit Stop Keaau,roxanne.kwan,2020-04-15 00:00:00,0
3163,Minit Stop Keeau,roxanne.kwan,2020-04-15 00:00:00,0
3164,"Team Real Estate, Inc",roxanne.kwan,2020-04-17 00:00:00,0
3165,"H Street Plaza, LLC",roxanne.kwan,2020-04-17 00:00:00,0
3166,CFHT Observatory,roy.ilaga,2020-06-12 00:00:00,0
3167,Minit Stop - Waikea #09,roxanne.kwan,2020-06-24 00:00:00,0
3168,Minit Stop - Makawao #06,roxanne.kwan,2020-06-24 00:00:00,0
3169,"Joint Base Pearl Harbor - Hickam, Wahiawa Annex",roxanne.kwan,2020-06-26 00:00:00,0
3170,NIOC Hawai,roxanne.kwan,2020-06-26 00:00:00,0
3171,NIOC Hawaii,roxanne.kwan,2020-06-26 00:00:00,0
3172,Pacific MissilE RANGE FACILITY - Power Plant,roxanne.kwan,2020-07-21 00:00:00,0
3173,S&W Services Inc,Nicole.Okino,2020-07-22 00:00:00,0
3174,servic,roxanne.kwan,2020-08-20 00:00:00,0
3175,Sullivan Family Company,roxanne.kwan,2020-08-31 00:00:00,0
3176,"Albertsons Companies,Inc",roxanne.kwan,2020-08-31 00:00:00,0
3177,Joint Base Pearl Harbor - Hickam Lualualei Annex,roxanne.kwan,2020-09-16 00:00:00,0
3178,Navy Region Hawaii,roxanne.kwan,2020-09-17 00:00:00,0
3179,Naval Supply Systems Command FLC Pearl Harbor,roxanne.kwan,2020-09-17 00:00:00,0
3180,Dept of Navy,roxanne.kwan,2020-09-23 00:00:00,0
3181,Hawaiian Electric Company,roy.ilaga,2020-10-12 00:00:00,0
3182,Laie Corporation Yard,roxanne.kwan,2020-10-19 00:00:00,0
3183,Kaneohe Corporation Yard,roxanne.kwan,2020-10-19 00:00:00,0
3184,First Hawaiian Bank - Kamehameha Industrial Center,roxanne.kwan,2020-11-09 00:00:00,0
3185,DOH - SHWB,roxanne.kwan,2020-11-17 00:00:00,0
3188,State of Hawaii - DOTA Kahului Airport  ,roxanne.kwan,2021-02-17 00:00:00,0
3189,PMRF Power Plant,roxanne.kwan,2021-02-17 00:00:00,0
3191,Lihue airprot baseyard and Terminal  ,roxanne.kwan,2021-02-17 00:00:00,0
3193,Eagle River Investors - Hawaii LLC,Nicole.Okino,2021-03-11 00:00:00,0
3194,Department of Transportation Services,roxanne.kwan,2021-04-20 00:00:00,0
3195,Waterfront Plaza - H,roxanne.kwan,2021-04-20 00:00:00,0
3196,Waterfront Plaza - H10020,roxanne.kwan,2021-04-20 00:00:00,0
3197,AT & T Corp,roxanne.kwan,2021-04-20 00:00:00,0
3198,IBM Building - WardVillage,roxanne.kwan,2021-04-26 00:00:00,0
3199,kalihi Kai Fire Station #31,roxanne.kwan,2021-04-26 00:00:00,0
3200,Kolau Texaco 98242,roxanne.kwan,2021-04-26 00:00:00,0
3201,MCBH - Faciilities Dept,roxanne.kwan,2021-04-29 00:00:00,0
3202,"Ewa Repair Shop, Inc",roxanne.kwan,2021-04-29 00:00:00,0
3203,Marine Corps Base Hawaii Camp Smith,roxanne.kwan,2021-04-30 00:00:00,0
3204,Fast Fuels II,roxanne.kwan,2021-04-30 00:00:00,0
3205,Pearl City Wastewater Pump Stn,roxanne.kwan,2021-05-26 00:00:00,0
3206,Dept of Env.Services,roxanne.kwan,2021-05-28 00:00:00,0
3207,"DOT -Hwy Div Oahu District, H3 Tunnels",roxanne.kwan,2021-06-22 00:00:00,0
3208,Lahain Petroleum LLC,roxanne.kwan,2021-06-22 00:00:00,0
3209,AOAO Ala Moana Hotel Condominium,roxanne.kwan,2021-06-22 00:00:00,0
3210,"Power Plant, Pacific Missle Range Facility",roxanne.kwan,2021-06-22 00:00:00,0
3211,AT&T Corp,roxanne.kwan,2021-06-22 00:00:00,0
3214,Division of Wastewater Treatment and Disposal,roxanne.kwan,2021-06-28 00:00:00,0
3215,Technical Services Branch,roxanne.kwan,2021-06-28 00:00:00,0
3216,"Kawailoa Devlopment, LLP",roxanne.kwan,2021-06-29 00:00:00,0
3217,Port Town Texaco,roxanne.kwan,2021-06-29 00:00:00,0
3218,"Maui Electric company, Kahului Baseyard",roxanne.kwan,2021-07-07 00:00:00,0
3219,"Green Tea, LLC",roxanne.kwan,2021-07-08 00:00:00,0
3225,Maui Opeating LLC,roxanne.kwan,2021-07-08 00:00:00,0
3226,Brigham Young Universiity Hawaii,roxanne.kwan,2021-07-08 00:00:00,0
3227,"US Space Force, Peterson-Schriever Garrision",roxanne.kwan,2021-07-13 00:00:00,0
3230,"US Space Force, Detachment 3",roxanne.kwan,2021-07-13 00:00:00,0
3231,US Space Force - Peterson-Schriever Garrision,roxanne.kwan,2021-07-13 00:00:00,0
3232,DOT - Hwy Division - Hawaii District,roxanne.kwan,2021-07-13 00:00:00,0
3233,US DOE National Nuclear Security Admin,roxanne.kwan,2021-07-13 00:00:00,0
3235,National Technoligies & Engineering  ,roxanne.kwan,2021-07-13 00:00:00,0
3236,MCI,roxanne.kwan,2021-07-14 00:00:00,0
3237,MCI International,roxanne.kwan,2021-07-14 00:00:00,0
3238,halekulani Co dba halekulani Hotel,roxanne.kwan,2021-07-16 00:00:00,0
3239,Mahalo Waipahu,roxanne.kwan,2021-07-22 00:00:00,0
3240,Mahalo Wahiawa,roxanne.kwan,2021-07-23 00:00:00,0
3241,Kapaa Shell,roxanne.kwan,2021-07-23 00:00:00,0
3242,"U S Army Garrison, Hawaii",roxanne.kwan,2021-07-28 00:00:00,0
3243,"USAG-HI, Pohakuloa Training Area, LRC",roxanne.kwan,2021-07-28 00:00:00,0
3244,Keahou Community Service,roxanne.kwan,2021-08-04 00:00:00,0
3245,Ellison Onizuka Kona International Airport,roxanne.kwan,2021-08-05 00:00:00,0
3246,"Buidget Ren a Car Systems, Inc",roxanne.kwan,2021-08-06 00:00:00,0
3247,First Presbysterian Church,roxanne.kwan,2021-08-06 00:00:00,0
3248,GE Enterprises LLC,allison.hutto,2021-08-12 00:00:00,0
3249,AAF Pacific Park Plaza Owner LLC,allison.hutto,2021-08-19 00:00:00,0
3250,"Lihue Airport, ",roxanne.kwan,2021-08-19 00:00:00,0
3251,DOT - Airports Division,roxanne.kwan,2021-08-19 00:00:00,0
3252,DOT-Airports Division,roxanne.kwan,2021-08-23 00:00:00,0
3253,Daito US Inc. dba Kapolei Golf Club,roxanne.kwan,2021-08-23 00:00:00,0
3254,Kapolei Golf Club,roxanne.kwan,2021-08-23 00:00:00,0
3255,"Daito US, Inc dba Kapolei Golf Club",roxanne.kwan,2021-08-23 00:00:00,0
3256,Kailua Fire Station #18,roxanne.kwan,2021-08-25 00:00:00,0
3257,City abd County of Honolulu,roxanne.kwan,2021-08-25 00:00:00,0
3258,Hawaii Kai Fire Station #34,roxanne.kwan,2021-08-25 00:00:00,0
3259,IES Retail LLc,roxanne.kwan,2021-08-27 00:00:00,0
3260,Pacific Park Plaza Owner LLC,roxanne.kwan,2021-08-30 00:00:00,0
3266,Trustees of the Estates of Bernice Pauahi Bishop ,roxanne.kwan,2021-08-31 00:00:00,0
3267,Whaler's General Store,roxanne.kwan,2021-09-12 00:00:00,0
3268,"Robret Tours and Transportation, Inc",roxanne.kwan,2021-09-12 00:00:00,0
3269,"DOT, Airporats Division, Maui District",roxanne.kwan,2021-09-12 00:00:00,0
3270,"PHT, Inc dba Polynesian Hospitality",roxanne.kwan,2021-09-12 00:00:00,0
3271,NSA/CSS Hawaii NCTAMS,roxanne.kwan,2021-09-24 00:00:00,0
3272,Dept of Defense,roxanne.kwan,2021-09-24 00:00:00,0
3273,Pacific Heights Shell,roxanne.kwan,2021-09-28 00:00:00,0
3274,Bank of Hawii - Hale O'kapolei,roxanne.kwan,2021-09-29 00:00:00,0
3275,Bank of Hawaii - CPF,roxanne.kwan,2021-09-29 00:00:00,0
3276,18th Force Support Squadrom Det ,roxanne.kwan,2021-09-30 00:00:00,0
3277,"Army Air Force Exchange , Hawaii Exchange",roxanne.kwan,2021-09-30 00:00:00,0
3278,Bellows AIR FORCE STATION - Main Exchange,roxanne.kwan,2021-09-30 00:00:00,0
3279,"Koa Lani JV, LLC",roxanne.kwan,2021-09-30 00:00:00,0
3280,45-462 Kaneohe Bay Dr,roxanne.kwan,2021-10-21 00:00:00,0
3281,"Hyatt Corporation, ",roxanne.kwan,2021-10-21 00:00:00,0
3282, HAWAII PETROLEUM INC.,roxanne.kwan,2021-10-29 00:00:00,0
3283,I B & J Corporation,roxanne.kwan,2021-10-29 00:00:00,0
3284,AIM Kona Mauka Shell,roxanne.kwan,2021-11-16 00:00:00,0
3285,Kam Hwy Investors,roxanne.kwan,2021-11-30 00:00:00,0
3286,AIM West Maui Shell,roxanne.kwan,2021-12-08 00:00:00,0
3287,Costco Gasoline Loc No. 640,roxanne.kwan,2021-12-08 00:00:00,0
3288,"c/o Barghausen Consulting Engineers, Inc ",roxanne.kwan,2021-12-08 00:00:00,0
3289,Coatco Gasoline Loc No. 19,roxanne.kwan,2022-01-25 00:00:00,0
3290,Moanalua Texaco 96285,roxanne.kwan,2022-01-26 00:00:00,0
3291,"State of Hawaii - DAGS, Central Services Division",roxanne.kwan,2022-01-27 00:00:00,0
3292,"State of Hawaii, DOE, Facilities Maintenance Br",roxanne.kwan,2022-01-27 00:00:00,0
3293,U.S. Postal Service Honolulu P&DC,roxanne.kwan,2022-01-27 00:00:00,0
3294,"GP Energy Company, LLC",roxanne.kwan,2022-02-24 00:00:00,0
3298,Army & Air Force Exchange Ser Car Care ctr,roxanne.kwan,2022-02-28 00:00:00,0
3299,Army & Air Force Exchange Ser,roxanne.kwan,2022-02-28 00:00:00,0
3300,AIM Paie Shell,roxanne.kwan,2022-03-07 00:00:00,0
3301,AIM Paiea Shell,roxanne.kwan,2022-03-07 00:00:00,0
3302,3650 Waialae LLC,roxanne.kwan,2022-03-16 00:00:00,0
3303,Bank of Hawii - Central Processing Facility,roxanne.kwan,2022-04-04 00:00:00,0
3304,TRC,roxanne.kwan,2022-04-06 00:00:00,0
3305,"Gill Ewa Lands, LLC",roxanne.kwan,2022-04-22 00:00:00,0
3307,Dept of Transportation - Airports Division,roxanne.kwan,2022-04-27 00:00:00,0
3308,Lihue Texaco 97619,roxanne.kwan,2022-05-04 00:00:00,0
3309,former Aloha Shoyui,roxanne.kwan,2022-05-10 00:00:00,0
3310,"Pacific Helicopter Tours, Inc.",roy.ilaga,2022-05-31 00:00:00,0
3311,"Lahain Petroleum, LLC",roxanne.kwan,2022-06-01 00:00:00,0
3312,"Lahaina Petroleum, LLC",roxanne.kwan,2022-06-01 00:00:00,0
3313,"Kahului Service, Imc",roxanne.kwan,2022-06-14 00:00:00,0
3314,"Kahului Service, Inc",roxanne.kwan,2022-06-14 00:00:00,0
3315,Mauna Towers of Hawaii,roy.ilaga,2022-06-15 00:00:00,0
3316,Halawa Correctional Facility,roy.ilaga,2022-06-17 00:00:00,0
3317,"Host Hotels and Resorts, Inc",roxanne.kwan,2022-06-21 00:00:00,0
3318,Hawaii Helicpoters,roxanne.kwan,2022-06-21 00:00:00,0
3319,2457 Family Limited Partnership,roxanne.kwan,2022-06-21 00:00:00,0
3320,exhaust systems,roxanne.kwan,2022-06-21 00:00:00,0
3321,Waikoloa Development Co.,roxanne.kwan,2022-07-15 00:00:00,0
3322,Waimano Ridge Hale C,roxanne.kwan,2022-07-19 00:00:00,0
3323,STG Hawaii LLC,roxanne.kwan,2022-08-10 00:00:00,0
3324,Lihue Texaco,roxanne.kwan,2022-09-07 00:00:00,0
3327,Minit Stop Honokaa,roxanne.kwan,2022-09-09 00:00:00,0
3328,Coast Guard Base Honolulu,roy.ilaga,2022-09-30 00:00:00,0
3329,Hilo Broker,roy.ilaga,2022-10-24 00:00:00,0
3330,"Hilo Brokers, Ltd.",roy.ilaga,2022-10-24 00:00:00,0
3331,McCully  Shell,roxanne.kwan,2022-11-03 00:00:00,0
3332,Hawaiian Telcom Inc,roxanne.kwan,2022-11-15 00:00:00,0
3333,Altafiber,roxanne.kwan,2022-11-15 00:00:00,0
3334,Lihue Baseyard,roxanne.kwan,2022-11-15 00:00:00,0
3335,AIM Puhi Shell,roxanne.kwan,2022-11-18 00:00:00,0
3336,"Wong Yuen Holding Company, LLC",roxanne.kwan,2022-11-18 00:00:00,0
3337,"Wong Yuen store, LLC",roxanne.kwan,2022-11-18 00:00:00,0
3338,Hawaii Water Service,roxanne.kwan,2022-11-22 00:00:00,0
3339,Hawaiian Cement Concrete and Aggregate,roxanne.kwan,2022-12-01 00:00:00,0
3340,DPW Environmental Division,Allison.Hutto,2023-01-19 00:00:00,0
3341,"STJA, LLC. ",roxanne.kwan,2023-03-16 00:00:00,0
3342,"IJR, Incq",roxanne.kwan,2023-03-16 00:00:00,0
3343,"IJR, Inc",roxanne.kwan,2023-03-16 00:00:00,0
3346,Naval Computer Telecommarea Master Pacific,roxanne.kwan,2023-04-17 00:00:00,0
3347,Navy Exchange (NEX) Hawaii,roxanne.kwan,2023-04-17 00:00:00,0
3348,"Joint Base Pearl Harbor - Hickam, Wahiaw Annex",roxanne.kwan,2023-04-17 00:00:00,0
3349,"Hawaiian Telcom, Inc.",Timothy.Ugaitafa,2023-04-17 00:00:00,0
3350,"Hawktree Land, Inc. ",roxanne.kwan,2023-04-28 00:00:00,0
3351,"Hawaii Isle Transportation Services, INC",roxanne.kwan,2023-04-28 00:00:00,0
3352,Directorate of  Public Works,roxanne.kwan,2023-05-04 00:00:00,0
3353,Honalo Shell,roxanne.kwan,2023-05-10 00:00:00,0
3354,Bayside Texaco,roxanne.kwan,2023-05-12 00:00:00,0
3355,Honolulu Community College,roxanne.kwan,2023-05-12 00:00:00,0
3356,King and George LLC,yongkeng.liu,2023-05-15 00:00:00,0
3357,Waiakamilo Texaco  #95023,roxanne.kwan,2023-05-19 00:00:00,0
3358,Lihue Shell,roxanne.kwan,2023-05-23 00:00:00,0
3359,"US Army  Garrison, Hawaii",roxanne.kwan,2023-06-13 00:00:00,0
3360,AAFES Schofield Car Care Center (SB80),roxanne.kwan,2023-06-13 00:00:00,0
3361,Kohala Pacific Realty,roxanne.kwan,2023-06-13 00:00:00,0
3362,Duke's Kilauea Shell,roxanne.kwan,2023-06-20 00:00:00,0
3363,Foodland Waikoloa Plaza,roxanne.kwan,2023-06-21 00:00:00,0
3364,AAFES Kuntz Mini Mall,roxanne.kwan,2023-06-22 00:00:00,0
3365,Hawaii Emergency Management Agency,yongkeng.liu,2023-07-03 00:00:00,0
3366,C & CH Wahiawa WWTP,george.tabil,2023-07-18 00:00:00,0
3367,"Naito Store, LLC",roy.ilaga,2023-08-15 00:00:00,0
3368,Pulama Lanai Service Stn,roxanne.kwan,2023-08-17 00:00:00,0
3369,"Isla Pacifica, LLC",roxanne.kwan,2023-08-21 00:00:00,0
3370,"Marriott Ownership Resorts, Inc.",roy.ilaga,2023-08-23 00:00:00,0
3371,2080 Kalakaua Condominium,roy.ilaga,2023-08-23 00:00:00,0
3372,King Kalakaua Plaza,roxanne.kwan,2023-08-28 00:00:00,0
3373,KEC Corporation dba Island Short stop and deli,roxanne.kwan,2023-09-05 00:00:00,0
3374,Kaneohe Shell,roxanne.kwan,2023-09-08 00:00:00,0
3375,Palisdes Minimart,roxanne.kwan,2023-09-13 00:00:00,0
3376,Lahainaluna Shell,roxanne.kwan,2023-09-20 00:00:00,0
3377,18TH MISSION SUPPORT GROUP DET 2,george.tabil,2023-10-10 00:00:00,0
3378,Cogent Communications,roxanne.kwan,2023-10-23 00:00:00,0
3379,"Sprint Communications Co, LP",roxanne.kwan,2023-10-23 00:00:00,0
3380,H-3 Tunnel Facility,roxanne.kwan,2023-10-25 00:00:00,0
3381,KEC Corporation dba Oceanview Market,roxanne.kwan,2023-11-03 00:00:00,0
3382,ORBT LLC,roxanne.kwan,2023-11-03 00:00:00,0
3383,Koolau Ranch,roxanne.kwan,2023-11-03 00:00:00,0
3384,Captain Cook Shell Food Mart,roxanne.kwan,2023-11-06 00:00:00,0
3385,Captain Cook shell Foodmart,roxanne.kwan,2023-11-06 00:00:00,0
3386,"Manele  Water Resources, Lanai Resorts",roxanne.kwan,2023-11-06 00:00:00,0
3387,APTIM,roxanne.kwan,2023-11-08 00:00:00,0
3388,Fleet Maintenance Department,yongkeng.liu,2023-11-30 00:00:00,0
3389,Kawailani Fuel Company LLC,roxanne.kwan,2023-12-07 00:00:00,0
3390,Aloha Manoa,roxanne.kwan,2024-01-18 00:00:00,0
3391,Aloha Airport Cardlock,roxanne.kwan,2024-01-23 00:00:00,0
3392,Mark and Josepha Beauchamp Trust,roxanne.kwan,2024-01-25 00:00:00,0
3393,American Tower,yongkeng.liu,2024-02-08 00:00:00,0
3394,Y. Hamada Ohana,roxanne.kwan,2024-02-16 00:00:00,0
3395,Douglas Emmett,yongkeng.liu,2024-02-22 00:00:00,0
3396,C&C Service Station Inc.,roxanne.kwan,2024-02-29 00:00:00,0
3397,Ewa Beach Texaco,roxanne.kwan,2024-02-29 00:00:00,0
3398,"Foss Enterprises, Inc",roxanne.kwan,2024-02-29 00:00:00,0
3399,American Tower Corp,roxanne.kwan,2024-03-04 00:00:00,0
3403,Dept of Corrections & Rehabilitation,roxanne.kwan,2024-03-05 00:00:00,0
3404,"Safeway, Inc",roxanne.kwan,2024-03-08 00:00:00,0
3405,JD2 Environmental Inc,roxanne.kwan,2024-03-11 00:00:00,0
3406,Kalihi Foodmart Texaco 93183,roxanne.kwan,2024-03-15 00:00:00,0
3407,Moana Surfrider Hotel,george.tabil,2024-03-28 00:00:00,0
3408,sheraton Waikiki resort,george.tabil,2024-03-28 00:00:00,0
3409,Marine Corps Community Services,roxanne.kwan,2024-04-05 00:00:00,0
3410,Pohulani Eliday ,roxanne.kwan,2024-04-23 00:00:00,0
3411,Pohulani Elderly,roxanne.kwan,2024-04-23 00:00:00,0
3412,Pohulani Elderly Housing,roxanne.kwan,2024-04-23 00:00:00,0
3413,NAVSUP FLC Pearl Harbor,roxanne.kwan,2024-04-25 00:00:00,0
3414,Ala Moana Hotel by Mantra,roxanne.kwan,2024-04-26 00:00:00,0
3415,MS Hamakua,roxanne.kwan,2024-05-07 00:00:00,0
3416,Stewart Management Group,roy.ilaga,2024-05-09 00:00:00,0
3417,Hawaii Pacific Health Straub Medical Center,roy.ilaga,2024-05-13 00:00:00,0
3418,Hawaii Health Pacific Straub Medical Center,roy.ilaga,2024-05-13 00:00:00,0
3419,National Car Rental,roxanne.kwan,2024-05-15 00:00:00,0
3420,15 Craigside retirement residence,george.tabil,2024-05-15 00:00:00,0
3421,C&CH WAHIAWA CORPORATION YARD,george.tabil,2024-05-21 00:00:00,0
3422,Directorate of Plans,roxanne.kwan,2024-05-24 00:00:00,0
3423,Kapolei Texaco,roxanne.kwan,2024-05-24 00:00:00,0
3426,Hyatt Regency Resort,roy.ilaga,2024-05-30 00:00:00,0
3427,The Westin Maui Resort & Spa,roy.ilaga,2024-05-30 00:00:00,0
3428,State of Hawaii Dept of Transportation,roxanne.kwan,2024-06-04 00:00:00,0
3429,State of Hawaii - Dept of Transportation,roxanne.kwan,2024-06-04 00:00:00,0
3430,Hawaii County Dept of Env Management,roxanne.kwan,2024-06-05 00:00:00,0
3431,Safeway Express,roxanne.kwan,2024-06-05 00:00:00,0
3432,Kuakini Shell Food Mart,roxanne.kwan,2024-06-13 00:00:00,0
3433,Par Hawaii op,roxanne.kwan,2024-07-05 00:00:00,0
3434,Hawii Prince Hotel Waikiki dba Prince Waikiki,roxanne.kwan,2024-07-17 00:00:00,0
3435,HBM,roxanne.kwan,2024-07-23 00:00:00,0
3436,AIM Windward Mall,roxanne.kwan,2024-08-05 00:00:00,0
3437,-U niversity of Hawaii #168,roxanne.kwan,2024-08-05 00:00:00,0
3438,University 76 7-11  #168,roxanne.kwan,2024-08-05 00:00:00,0
3439,AIM Nanakuli,roxanne.kwan,2024-08-05 00:00:00,0
3440,AIM Kihei Shell,roxanne.kwan,2024-08-05 00:00:00,0
3441,Mauna Kea Resort - Golf Maintenance,roxanne.kwan,2024-08-06 00:00:00,0
3442,Pacific Missle Range Facility ,roxanne.kwan,2024-08-06 00:00:00,0
3443,Pacific Missle Range Facility  - Generator Bldg,roxanne.kwan,2024-08-06 00:00:00,0
3444,Aloha Puna Kai,roxanne.kwan,2024-08-09 00:00:00,0
3445,NAVFAC Pacific P-209 Project,roxanne.kwan,2024-08-09 00:00:00,0
3446,Stadium Mall,roxanne.kwan,2024-08-28 00:00:00,0
3447,Dougas S. Taylor,roxanne.kwan,2024-08-28 00:00:00,0
3448,Stadium Mall LLC,roxanne.kwan,2024-08-28 00:00:00,0
3449,Nuuanu Texaco,roxanne.kwan,2024-08-28 00:00:00,0
3450,Kahala Texaco,roxanne.kwan,2024-08-28 00:00:00,0
3451,Cingular ,roxanne.kwan,2024-08-29 00:00:00,0
3452,Cingular AT&T,roxanne.kwan,2024-08-29 00:00:00,0
3453,Manna Food LLC dba Waimea Express,christina.flores,2024-09-04 00:00:00,0
3454,AIM Dillingham ,roxanne.kwan,2024-09-16 00:00:00,0
3455,AIM Waialua ,roxanne.kwan,2024-09-16 00:00:00,0
3456,AIM Makakilo ,roxanne.kwan,2024-09-16 00:00:00,0
3457,AIM Diamond Head,roxanne.kwan,2024-09-16 00:00:00,0
3459,C&C of HNL - Dept Facility Maintenance,roxanne.kwan,2024-09-17 00:00:00,0
3460,Minit Stoop Hamakua,roxanne.kwan,2024-09-17 00:00:00,0
3461,Hawaii Kai Golf Course,roxanne.kwan,2024-09-17 00:00:00,0
3462,AIM 10th Ave,roxanne.kwan,2024-09-18 00:00:00,0
3463,Aloha Witmore,roxanne.kwan,2024-09-18 00:00:00,0
3464,Mahalo Kilani Mart,roxanne.kwan,2024-09-18 00:00:00,0
3465,AiIM Waipio Gentry,roxanne.kwan,2024-09-18 00:00:00,0
3466,Aloha Campbell,roxanne.kwan,2024-09-18 00:00:00,0
3467,AIM School St,roxanne.kwan,2024-09-18 00:00:00,0
3468,Kapalama Texaco,roxanne.kwan,2024-09-19 00:00:00,0
3469,Waikoloa Beach Shell Gas Stn,roxanne.kwan,2024-09-19 00:00:00,0
3470,"DO - Hwy Division, Oahu District",roxanne.kwan,2024-09-20 00:00:00,0
3471,Aloha Pali,roxanne.kwan,2024-09-20 00:00:00,0
3472,AIM Waikiki,roxanne.kwan,2024-09-20 00:00:00,0
3473,IM Kahala,roxanne.kwan,2024-09-20 00:00:00,0
3474,AIM Palolo,roxanne.kwan,2024-09-20 00:00:00,0
3475,"North Shore Bay Owner, LLC",roxanne.kwan,2024-09-20 00:00:00,0
3476,Fazio Golf Course,roxanne.kwan,2024-09-20 00:00:00,0
3477,Koolau Ballroom and Convention Center,roxanne.kwan,2024-10-03 00:00:00,0
3478,First Presbysterian Church of Honolulu,roxanne.kwan,2024-10-03 00:00:00,0
3479,Pono Pacific,roxanne.kwan,2024-10-03 00:00:00,0
3480,"Mats4, LLC",roy.ilaga,2024-10-07 00:00:00,0
3481,AIM Hilo,roxanne.kwan,2024-10-08 00:00:00,0
3482,AIM Kapahulu,roxanne.kwan,2024-10-09 00:00:00,0
3483,AIM Captain Cook,roxanne.kwan,2024-10-09 00:00:00,0
3484,AIM Waianae,roxanne.kwan,2024-10-10 00:00:00,0
3485,Westside Transmission,roxanne.kwan,2024-10-22 00:00:00,0
3486,BRE Iconic GWR Owner LLC,roxanne.kwan,2024-10-22 00:00:00,0
3487,"Kyo-ya Hotels and Resorts, LP",roxanne.kwan,2024-11-13 00:00:00,0
3489,RURAL EMERCENCY OPERATIN CENTER,george.tabil,2024-12-03 00:00:00,0
3490,RURAL EMERCENCY OPERATING CENTER,george.tabil,2024-12-03 00:00:00,0
3491,C&C HNL - Kaneohe Corp Yard,roxanne.kwan,2024-12-04 00:00:00,0
3492,HWN Electric -  Kahului Baseyard,roxanne.kwan,2024-12-04 00:00:00,0
3493,"Maui Electric Company, Ltd. Kahului Base Yard",roxanne.kwan,2024-12-04 00:00:00,0
3494,JBPP - Hickam lualuailei Annex,roxanne.kwan,2024-12-04 00:00:00,0
3495,JBBB - Hickam,roxanne.kwan,2024-12-04 00:00:00,0
3496,JBBB - Hickam Wahiawa Annex,roxanne.kwan,2024-12-04 00:00:00,0
3497,JBPP Hickam -  Wahiawa Annex,roxanne.kwan,2024-12-04 00:00:00,0
3498,JBPH - Hickam  Wahiawa Annex,roxanne.kwan,2024-12-04 00:00:00,0
3499,"3G Enterprises, LLC dba Pearlridge Texaco",roxanne.kwan,2024-12-09 00:00:00,0
3500,UPS,roxanne.kwan,2024-12-10 00:00:00,0
3501,School Street Texaco 90258,roxanne.kwan,2024-12-10 00:00:00,0
3502,Costco Wholesale 1038,roxanne.kwan,2024-12-24 00:00:00,0
3503,AIM Keauhou,roxanne.kwan,2025-01-09 00:00:00,0
3504,Aloha Laie,roxanne.kwan,2025-01-21 00:00:00,0
3505,Mariott Vacation Club,christina.flores,2025-01-27 00:00:00,0
3506,Kalihi stream Texaco,roxanne.kwan,2025-01-28 00:00:00,0
3507,USN Joint Base Pearl Harbor - Hickam,roxanne.kwan,2025-01-30 00:00:00,0
3508,Depart.. Of Emergency Managemet,roxanne.kwan,2025-02-13 00:00:00,0
3509,Dept of Emergency Mangement,roxanne.kwan,2025-02-13 00:00:00,0
3510,"JSA Waianae, LLC",roxanne.kwan,2025-02-13 00:00:00,0
3511,824-826 Sherian Street Honolulu LLC.,roxanne.kwan,2025-02-13 00:00:00,0
3512,Meadow GOLD DAIRIES - transportation Dept,roxanne.kwan,2025-02-13 00:00:00,0
3513,"Partner Engineering, Inc",roxanne.kwan,2025-02-13 00:00:00,0
3514,John Stephenson,roxanne.kwan,2025-02-13 00:00:00,0
3515,Manana Gas Station,roxanne.kwan,2025-02-20 00:00:00,0
3516,Bionic Waipahu Texaco 98584,roxanne.kwan,2025-02-25 00:00:00,0
3517,Mililani Texaco 98823,roxanne.kwan,2025-02-25 00:00:00,0
3518,7 Eleven Haleiwa,roxanne.kwan,2025-02-25 00:00:00,0
3519,Kauai Golf lagoons,roxanne.kwan,2025-02-26 00:00:00,0
