PermitsID,FacilityID,PermitNumber,PermitReceivedDate,PermitCheckNumber,PermitCheckAmount,PermitAppCompletedDate,PermitApp180Date,PermitLtrApprovedDate,PermitApx3ReceivedDate,PermitExpirationDate,PermitType,Assigned,PermitCommentsText,StampInit,StampDate
1,9707568,P-2000-004,2000-04-13,37757,150,2000-04-17,10/17/2000,2000-04-19,2000-06-29,2005-04-21,New,,,Permits,2000-04-13 00:00:00
2,9707568,P-2000-004-R1,2005-04-21,6196718,50,2005-04-21,10/21/2005,2005-06-30,,2010-06-30,Renewal,,6/30/2005 letter final and sent,Permits,2005-04-21 00:00:00
3,9100278,P-2000-011-R1,2005-04-21,6420,50,2005-04-21,10/21/2005,2005-08-05,,2010-09-12,Renewal,,ok 7/1/2005,Permits,2005-04-21 00:00:00
4,9501802,P-2000-008,2000-05-22,1494,150,2000-05-22,11/22/2000,2000-06-01,2001-05-08,2005-06-01,New,,,Permits,2000-05-22 00:00:00
5,9501802,P-2000-008-T1-R1,2005-04-19,4332  4825,50  25,2005-04-19,10/19/2005,2005-09-27,,2010-09-27,Renewal,,7/1/2005 need transfer permit to be processed.  8/1/2005 REC the transfer permit,Permits,2005-04-19 00:00:00
6,9501589,P-2000-001,2000-03-13,1,150,2000-03-13,9/13/2000,2000-03-29,2000-06-26,2005-03-31,New,,,Permits,2000-03-13 00:00:00
7,9501589,P-2000-001-R1,2005-04-18,12651,50,2005-04-18,10/18/2005,2005-07-15,,2010-07-15,Renewal,,,Permits,2005-04-18 00:00:00
8,9707561,P-2000-002,2000-03-13,2763,150,2000-03-13,9/13/2000,2000-03-28,2000-06-26,2005-03-31,New,,,Permits,2000-03-13 00:00:00
9,9707561,P-2000-002-R1,2005-04-22,12672,50,2005-04-22,10/22/2005,2005-07-15,,2010-07-15,Renewal,,,Permits,2005-04-22 00:00:00
10,9707565,P-2000-003,2000-03-22,1544,150,2000-03-22,9/22/2000,2000-03-28,2000-03-22,2005-03-31,New,,,Permits,2000-03-22 00:00:00
11,9707565,P-2000-003-T2-R1,2005-04-28,2356,50,2005-04-28,10/28/2005,2005-10-21,,2010-10-21,Renewal,,need the operator information - OK,Permits,2005-04-28 00:00:00
12,9707422,P-2000-005,2000-08-21,1760,150,2000-08-24,2/24/2001,2000-09-19,2000-08-21,2005-09-19,New,,,Permits,2000-08-21 00:00:00
13,9707422,P-2000-005-R1,2005-04-14,900598,50,2005-07-07,1/7/2006,2005-07-29,,2010-09-20,Renewal,,APPLICATION NOT COMPLETE.  did not  have owner signature  7/7/2005 rec application with owner signature    7/29/2005 approved,Permits,2005-04-14 00:00:00
14,9707571,P-2000-006,2000-05-11,466,150,2000-05-12,11/12/2000,2000-05-12,2000-05-12,2005-05-16,New,,,Permits,2000-05-11 00:00:00
15,9707571,P-2000-006-R1,2005-06-23,2064,50,2005-06-23,12/23/2005,2005-07-29,,2010-07-29,Renewal,,,Permits,2005-06-23 00:00:00
16,9707574,P-2000-007,2000-05-10,214424,150,2000-05-10,11/10/2000,2000-06-01,2000-11-17,2005-06-01,New,,,Permits,2000-05-10 00:00:00
17,9707574,P-2000-007-T2-R1,2005-05-13,12080,50,2005-05-13,11/13/2005,2005-07-15,,2010-07-15,Renewal,,,Permits,2005-05-13 00:00:00
18,9707559,P-2000-9,2000-05-23,1633,150,2000-05-23,11/23/2000,2000-06-01,2000-08-23,2005-06-01,New,,,Permits,2000-05-23 00:00:00
19,9707559,P-2000-9-r1,2005-05-05,22725,50,2005-05-05,11/5/2005,2005-07-15,,2010-07-15,Renewal,,ok 7/6/2005,Permits,2005-05-05 00:00:00
20,9707758,P-2005-005 (expired),2005-04-28,5401,150,2005-05-05,11/5/2005,2005-06-30,,2010-06-30,New,,waiting for appendix iii      8/17/2005 REC LETTER AND PLANS THAT WILL BE REVISING THE PIPING EQUIPMENT.  THIS WILL BE NOTED ON THE APPENDIX III.  DID NOT NEED TO RESUBMIT APPENDIX II - RK    7/25/25006 PERMIT EXPIRED SO RESUBMITTED ANOTHER PERMIT APPLICATON,Permits,2005-04-28 00:00:00
21,9100278,P-2000-011,2000-08-17,250,150,2000-08-17,2/17/2001,2000-09-11,2000-10-23,2005-09-11,New,,,Permits,2000-08-17 00:00:00
22,9707579,P-2000-010,2000-06-12,1714,150,2000-06-02,12/2/2000,2000-06-16,2000-08-23,2005-06-16,New,,ust installed in 5/20000,Permits,2000-06-12 00:00:00
23,9707579,P-2000-010-T1-R1,2005-06-30, 920131863,50,2005-06-30,12/30/2005,2005-07-29,,2010-07-29,Renewal,,combined the transfer and the renewal into one permit - rk,Permits,2005-06-30 00:00:00
24,9707590,P-2000-012,2000-08-21,1081,150,2000-08-21,2/21/2001,2000-09-07,2001-05-30,2005-09-07,New,,,Permits,2000-08-21 00:00:00
25,9707590,P-2000-012-T1-R1,2005-06-30,9201343778,25,2005-07-21,12/30/2005,2005-07-29,,2010-09-08,Renewal,, combining the  2 permits,Permits,2005-06-30 00:00:00
26,9101732,P-2000-013,2000-09-21,633,150,2000-09-21,3/21/2001,2000-10-04,2001-01-02,2005-10-04,New,,,Permits,2000-09-21 00:00:00
27,9707598,P-2000-014,2000-09-28,0022042146,150,2000-10-05,4/5/2001,2000-10-06,2001-05-16,2005-10-09,New,,,Permits,2000-09-28 00:00:00
28,9707599,P-2000-015,2000-10-03,1179,150,2000-10-03,4/3/2001,2000-10-18,2002-04-29,2005-10-18,New,,,Permits,2000-10-03 00:00:00
29,9102158,P-2000-016,2000-10-12,1027,150,2000-10-12,4/12/2001,2000-10-25,2001-02-16,2005-10-26,New,,,Permits,2000-10-12 00:00:00
30,9707599,P-2000-015-R1,2005-07-07,12785,50,2005-07-07,1/5/2006,2005-08-11,,2010-10-19,Renewal,,TO MD 8/2/2005   8/11/2005 FINAL,Permits,2005-07-07 00:00:00
31,9102158,P-2000-016-R1,2005-07-11,1295174,50,2005-07-11,1/11/2006,2005-08-11,,2010-10-27,Renewal,,,Permits,2005-07-11 00:00:00
32,9707604,P-2000-018,2000-11-06,39810,150,2000-11-06,5/6/2001,2000-12-12,2005-12-03,2005-12-03,New,,,Permits,2000-11-06 00:00:00
33,9707604,P-2000-018-R1,2005-05-29,6252429,50,2005-05-29,11/29/2005,2005-08-11,,2010-12-13,Renewal,,8/2/2005 to md   8/11/2005 APPROVED,Permits,2005-05-29 00:00:00
34,9707579,P-2000-010-T1,2005-07-21,920134378,25,2005-07-21,1/21/2006,2005-07-29,,2010-07-29,Renewal,,combined the transfer and the renewal into one permit - rk,Permits,2005-07-21 00:00:00
35,9707590,P-2000-012-T1,2005-06-30,920131863,50,2005-07-21,1/29/2006,2005-07-29,,2010-09-08,Transfer,,com transfer and renewal into one,Permits,2005-06-30 00:00:00
36,9707766,P-2005-007,2005-08-05,11018,150,2005-11-09,5/9/2006,2005-11-23,2006-12-26,2010-11-23,New,,,Permits,2005-08-05 00:00:00
37,9200148,P-2000-017,2000-10-19,6768,150,2000-10-23,4/23/2001,2000-11-02,2001-11-02,2005-11-03,New,,,Permits,2000-10-19 00:00:00
38,9200148,P-2000-017-R1,2005-08-08,011209871,50,2005-10-21,4/21/2006,2005-11-10,,2010-11-03,Renewal,,,Permits,2005-08-08 00:00:00
39,9101031,p-2005-008 - void,2005-08-10,30561  30805,100 + 50,2005-09-12,3/12/2007,2005-11-23,,2010-11-23,New,,"8/10/2005 rec appendix ii for the installation of 2 new usts.  receive $100.00 the amount should be $150.00 waiting for the $50.00 - rk   11/14/2005 TO MOLLY

9/12/2005 rec the $50.00.  jose is reviewing the permit application - . permit number p-2005-8 - rk    11/28/2006 CALLED ALan Nakamura.  the usts has not been installed.  permit expired",Permits,2005-08-10 00:00:00
40,9707568,P-2000-004-R1-M1,2005-09-15,55375,100,2005-09-15,3/15/2006,2005-10-11,,2010-06-30,Modification,,9/15/2005 REC modification to the permit.  will install 2 additional multi porduct dispensers and lines.  Jose is reviewing the permit.  Permit number will be 9-2000-4-r1-m1.   - rk  10/11/2005 PERMIT APPROVIED,Permits,2005-09-15 00:00:00
41,9707598,P-2000-014-R1,2005-10-03,0024193563,50,2005-10-03,4/3/2006,2005-10-31,,2010-10-31,Renewal,,,Permits,2005-10-03 00:00:00
42,9500417,P-2001-1 - void,2000-12-28,1242,150,2000-12-28,6/28/2001,2001-02-02,,2005-02-21,New,,USTS NEVER INSTALLED -- PERMIT VOIDED,Permits,2000-12-28 00:00:00
43,9707671,P-2001-002,2001-09-07,2391,150,2001-09-17,3/17/2002,2001-10-04,2002-03-08,2006-10-04,New,,,Permits,2001-09-07 00:00:00
44,9202666,P-2005-004  - void,2005-10-07,099464,150,2005-10-31,3/31/2003,,,,New,,"10/7/2005 submitted appendix ii to show a change from a 30,000 gallon ust to (2) 15,000 gallon USt.  .    jack is reviewing the permit,.* rk      11/2005 MODIFING THE PERMIT .  THUS vOID THIS NUMBER AND REISSUE ANOTHER PERMIT NUMBER",Permits,2005-10-07 00:00:00
45,9707738,P-2004-4,2004-04-30,,150,2004-07-01,1/1/2005,2004-08-04,2005-03-09,2009-08-04,New,,,Permits,2004-04-30 00:00:00
46,9707738,P-2004-4-T1,2005-03-22,1102,25,2005-11-03,5/3/2006,2005-11-23,,2009-08-04,Transfer,,,Permits,2005-03-22 00:00:00
47,9101732,P-2000-013-R1,2005-11-04,215,50,2005-11-04,5/4/2006,2005-11-23,,2010-11-23,Renewal,,,Permits,2005-11-04 00:00:00
48,9707672,P-2002-001,2001-09-28,16795,150,2002-01-31,7/31/2002,2002-03-21,2002-01-31,2007-03-13,New,,,Permits,2001-09-28 00:00:00
49,9707675,P-2002-002,2002-03-01,17338,150,2002-04-12,,2002-04-19,,2007-04-19,New,,,Permits,2002-03-01 00:00:00
50,9707698,P-2002-3 - void,2002-07-02,1195326,150,2002-07-10,1/10/2003,2002-07-22,,2007-07-22,New,,VOID,Permits,2002-07-02 00:00:00
51,9100325,P-2002-005,2002-09-25,18018,150,2002-10-01,4/1/2003,2002-10-24,2003-02-05,2007-10-04,New,,,Permits,2002-09-25 00:00:00
52,9100341,P-2003-001,2002-11-12,929,150,2002-11-12,5/12/2003,2003-01-27,2003-04-23,2008-01-27,New,,,Permits,2002-11-12 00:00:00
53,9100137,P-2003-002,2002-11-21,702,150,2003-04-22,10/22/2003,2003-09-04,2006-01-17,2008-09-04,New,,,Permits,2002-11-21 00:00:00
54,9701046,P-2003-003,2003-02-26,18510,150,2003-04-25,10/25/2003,2003-04-30,2003-05-22,2008-04-30,New,,,Permits,2003-02-26 00:00:00
55,9707207,P-2003-004,2003-04-13,47812,150,2003-07-29,1/29/2004,2003-07-28,2004-04-14,2008-07-31,New,,,Permits,2003-04-13 00:00:00
56,9101519,P-2004-001,2004-01-05,131663,150,2004-02-13,8/13/2004,2004-02-19,2003-12-31,2009-02-19,New,,,Permits,2004-01-05 00:00:00
57,9101220,P-2004-2 - void,2004-02-18,132552,150,2004-03-29,9/24/2004,2004-05-20,,2009-05-20,New,,VOID,Permits,2004-02-18 00:00:00
58,9707735,P-2004-003,2004-04-12,133954,150,2004-05-04,11/4/2004,2004-05-20,2007-04-03,2009-05-20,New,,,Permits,2004-04-12 00:00:00
59,9100135,P-2005-001,2004-07-26,1942,150,2005-03-22,9/22/2005,2005-03-29,2007-10-17,2010-03-29,New,,,Permits,2004-07-26 00:00:00
60,9707754,P-2005-2 - expired,2004-10-20,21566,150,2004-10-20,4/20/2005,2005-03-31,,2010-03-31,New,,permit voided because did not install ust within 1 year.  resubmitted permit application,Permits,2004-10-20 00:00:00
61,9200136,P-2005-003,2004-11-19,50066,150,2005-03-09,9/9/2005,2005-03-31,2006-06-16,2010-03-31,New,,,Permits,2004-11-19 00:00:00
62,9202666,P-2005-009 - expired,2005-10-07,099464,150,2005-10-31,3/31/2006,2005-11-16,,2010-11-16,New,,DID NOT INSTALL UST - expired,Permits,2005-10-07 00:00:00
64,9100045,P-2005-006,2005-08-05,11017,150,2006-07-13,1/13/2007,2006-07-21,2006-12-26,2011-07-24,New,,SPECIAL CONDITIONS,Permits,2005-08-05 00:00:00
65,9500770,P-2006-002,2006-05-03,,150,2006-06-02,12/2/2006,2006-06-20,2007-03-22,2011-06-20,New,,,Permits,2006-05-03 00:00:00
66,9707801,P-2006-003,2006-06-29,3506,150,2006-06-29,12/29/2006,2006-07-11,2008-02-05,2011-07-11,New,,2/15/2008 - copy of the permit was provided to the facility thru Reuben Nakagawa/RI,Permits,2006-06-29 00:00:00
67,9707803,P-2006-004,2006-07-27,154899,150,2006-08-10,2/10/2007,2006-08-14,2007-12-12,2011-08-14,New,,5/21/2007 will not install the 2 used tanks from Harding Ave.  2 new usts have been shipped to Hilo -rk    12/112/2007 rec appendix; iii showing usts insalled in 10/2007 - rk,Permits,2006-07-27 00:00:00
68,9707758,P-2006-006,2006-07-25,58100,150,2006-07-25,2/25/2006,2006-08-08,2008-01-07,2011-08-04,New,,,Permits,2006-07-25 00:00:00
69,9100901,P-2006-005,2006-07-25,2836,150,2006-08-10,2/10/2007,2006-08-14,2007-01-22,2011-08-14,New,,,Permits,2006-07-25 00:00:00
70,9707806,p-2006-7 - void,2006-08-01,746,150,,,,,,New,,this is an ast.  returned check,Permits,2006-08-01 00:00:00
71,9200136,P-2005-003-T1,2006-10-02,011257031,25,2006-10-02,4/2/2006,2006-11-13,,2010-03-31,Transfer,,transfer from american piping to city and county - rk l,Permits,2006-10-02 00:00:00
72,9707675,P-2002-002-T1,2002-09-20,,,,,2002-10-24,,2007-04-19,Transfer,,,Permits,
73,9707675,P-2002-002-T1-R1,2006-10-05,2734,50,2006-10-05,04/05/2007,2007-02-15,,2012-04-19,Renewal,,,Permits,2006-10-05 00:00:00
74,9707671,P-2001-002-R1,2006-10-05,35444,50,2006-10-19,4/19/2007,2006-11-06,,2011-11-06,Renewal,,waiting for the final doc to be received.  11/2/2006 ltr to md 11/6/2006 letter final,Permits,2006-10-05 00:00:00
75,9601138,P-2006-008,2006-10-16,1534,150,2006-10-25,4/25/2007,2006-11-03,2007-03-02,2011-11-03,New,,01/13/07 REC FAX THAT WILLL INSTALL UST 1/23-24/07 - RK,Permits,2006-10-16 00:00:00
76,9707672,P-2002-001-R1,2006-11-20,011261554,50,2006-11-20,5/20/2006,2007-02-15,,2012-03-13,Renewal,,,Permits,2006-11-20 00:00:00
77,9707699,p-2002-4-  void,2002-07-02,1195326,150,2002-01-10,1/10/2003,2002-07-22,,2007-07-22,New,,void,Permits,2002-07-02 00:00:00
78,9202666,P-2006-009 expired,2006-11-24,3121439,150,2007-02-06,08/06/2007,2007-02-22,,2012-02-22,New,,ust were not installed by 2/22/2008 - rk,Permits,2006-11-24 00:00:00
79,9707738,p-2004-4-t2,2006-12-26,1058,25,2006-12-28,06/28/2007,2007-02-15,,2009-08-04,Transfer,,send transfer permit - rk,rkwan,2007-02-20 16:03:29
80,9707738,P-2004-4-T3,2007-03-05,0010371,25,2007-03-05,09/05/2007,2007-03-22,,2009-08-04,Transfer,,"NEW OPERATOR WILL BE olde cannery fuels, llc.  the previous operator was Aloha Fuels llc.  - RK",rkwan,2007-03-08 11:16:35
81,9707829,P-2007-001,2007-03-23,1447,150,2007-08-06,02/06/2008,2007-09-14,2014-08-14,2012-09-14,New,,3/30/2007 WAITING FOR ADDITIONAL INFORMATION - RK.,rkwan,2007-03-30 10:59:02
82,9707754,P-2006-001,2006-03-03,3336,150,2006-04-06,10/06/2006,2006-04-19,2006-11-27,2011-04-19,New,,,rkwan,2007-05-08 15:22:25
83,9707840,P-2007-002,2007-05-17,102965,150,2007-06-05,12/05/2007,2007-06-12,2008-10-16,2012-06-12,New,,6/1/2007 waiting for the owner signature page - rk  6/12/2007 permit approved.  waiting for appendix iii - rk,rkwan,2007-06-01 11:58:56
84,9707843,P-2007-003,2007-06-18,8198,150,2007-07-26,01/26/2008,2007-07-27,2009-11-18,2012-07-27,New,,,rkwan,2007-07-03 13:32:53
85,9100341,P-2003-001-R1,2007-07-20,2505,50,2007-07-20,1/20/2008,2008-01-15,,2013-01-27,Renewal,,,rkwan,2007-07-25 11:15:43
86,9601012,P-2007-4,2007-08-23,2149,150,2007-09-13,3/13/2008,2007-09-18,2008-10-16,2012-09-18,New,,,rkwan,2007-08-24 11:48:07
87,9707849,P-2007-005,2007-09-14,62228,150,2008-01-04,06/04/2008,2008-03-10,2009-11-23,2013-03-10,New,,,rkwan,2007-09-17 09:53:34
88,9101031,p-2007-006 - void,2007-11-19,40784,150,,,,,,New,,11/27/2007 returned check.  Has not been determined whether Shell will be removing the old Usts - rk,rkwan,2007-11-21 10:28:14
89,9703039,P-2007-007,2007-11-26,1186,150,2007-11-26,5/26/2008,2008-01-22,2008-10-16,2013-01-22,New,,"installing a 10,000 ust that is compartmentalized - rk",rkwan,2007-11-27 13:12:40
90,9100325,P-2002-005-R1,2008-01-14,0168395,50,2008-01-14,7/14/2008,2008-01-31,,2013-01-31,Renewal,,late in submitting renewal application - rk,RKWAN,2008-01-22 15:35:04
91,9707856,P-2008-1 - expired,2008-01-02,25569,150,2008-02-26,8/26/08,2008-03-11,,2013-03-11,New,,2/8/2008 send incomplete application letter - rk  2/26/2006 rec the completed permit application - rk,RKWAN,2008-02-20 11:22:12
92,9100137,P-2003-002-R1,2008-03-17,011312469,50,2008-03-17,9/17/2008,2008-03-31,,2013-09-04,Renewal,rox,,rkwan,2008-03-20 14:51:25
93,9202666,P-2008-002,2008-03-28,5370566,150,,,2008-11-21,2009-05-06,2013-11-21,New,,,rkwan,2008-04-10 14:59:02
94,9200102,P-2008-004,2008-04-18,3130,150,2008-04-18,10/18/2008,2008-04-25,2010-01-28,2013-04-25,New,,tanks will be installed in the same pit as the old tanks.  Release was reported near the dispenser area - rk,rkwan,2008-04-25 10:55:55
95,9701046,P-2003-003-T1-R1,2008-05-01,3633,50,2008-05-01,11/1/2008,2008-05-13,,2013-05-13,Renewal,,,rkwan,2008-05-06 16:03:23
97,9701046,P-2003-003-T1,2003-07-11,,,,,2003-07-28,,2008-04-30,Transfer,,from neil nakai to kauai vet memorial hsopital,rkwan,2008-05-06 16:07:49
98,9707861,P-2008-003,2008-04-09,109351,150,2008-05-23,11/23/2008,2008-05-22,2009-11-02,2013-05-22,New,,needed to clarify who the owner and operator of the UST.    5/23/2008 Ronald Nakai will be the owner and operator of the ust until the project is turned over to the City.  - rk  12/18/2009 rec appendix i showing the owner and operator of the ust is M. Nakai Repair - rk,rkwan,2008-05-16 10:15:43
99,9707207,P-2003-004-M1,2003-08-11,,,,,2003-09-04,,2008-07-31,Modification,,The application seeks to modify the permit to account for Costco’s decision to install a liner in the UST excavation and to remove the sheet piling after the USTs are installed.,rkwan,2008-07-14 15:44:12
100,9707207,P-2003-004-M1-R1,2008-07-09,66111,50,2008-07-09,1/9/2010,2008-07-23,,2013-07-31,Renewal,,,rkwan,2008-07-14 15:47:16
101,9101519,P-2004-001-R1,2008-06-30,0172641,50,2008-06-30,12/30/2008,2009-02-12,,2014-02-19,Renewal,,waiting till december 2008 to process check.  The permit does not expire until 2009 - rk,rkwan,2008-07-16 08:39:20
102,9702972,P-2008-005,2008-08-11,1701,150,2008-09-18,3/18/2009,2008-09-19,2009-11-13,2013-09-19,New,,installing 2 additional USTs to the existing tank systems - rk,rkwan,2008-09-18 13:35:50
103,9707735,P-2004-003-R1,2008-10-14,0176138,50,2008-10-14,4/14/2009,2009-02-12,,2014-05-20,Renewal,,will process renewal permit in decemeber 2008 - rk,rkwan,2008-10-20 15:07:06
104,9600011,P-2008-006,2008-10-21,4044,150,2008-11-14,5/14/2009,2008-11-17,2010-01-28,2013-11-17,New,george,,rkwan,2008-10-23 10:42:04
105,9100032,P-2008-007,2008-10-21,10126,150,2008-10-23,4/23/2009,2008-10-27,2009-01-22,2013-10-27,New,,reviewing permit - rk  1/22/2009 rec appendix iii - rk,rkwan,2008-10-23 10:49:03
106,9100046,P-2008-008,2008-11-13,10221,150,2005-11-21,5/21/2009,2008-12-08,2009-01-22,2013-12-08,New,,processing permit - rk   12/8/2008 approved.  Waiting for appendix iii - rk   1/22/2009 rec appendix iii - rk,rkwan,2008-11-14 11:59:04
107,9100914,P-2008-009,2008-11-21,3930,150,2008-12-02,6/2/2009,2008-12-05,2009-01-05,2013-12-05,New,roy,12/5/2008 permit issued - rk     1/5/2009 rec fax of appendix iii - rk,rkwan,2008-11-26 10:31:17
108,9601715,P-2008-010,2008-11-26,10205,150,2008-12-31,6/30/2009,2009-01-09,2009-07-15,2014-01-09,New,,,rkwan,2008-11-28 11:20:27
109,9601620,P-2008-011,2008-11-26,10206,150,2008-12-31,6/30/209,2009-01-09,2009-07-15,2014-01-09,New,,reviewing permit- rk,rkwan,2008-11-28 11:25:31
110,9707871,p-2008-12 - void,2008-12-19,740,150,,,,,,New,,roy is reviewing permit application.  Need to determine if this is an regulated ust - rk    3/2/2009 this ust is not an regulated tank - rk,rkwan,2008-12-22 15:28:10
111,9200921,P-2009-001,2009-01-07,020343,150,2009-01-07,7/7/2009,2009-01-20,2010-01-28,2014-01-20,New,rk,reviewing permit.  Note the tank owners are midpac petroleum. The facility is not longer Tesoro - rk,rkwan,2009-01-14 16:40:18
112,9707856,P-2009-2 - expired,2009-02-23,61107,150,2009-02-23,8/23/2009,2009-03-06,,2014-03-06,New,,"P-2008-1 expired.  They did not install the ust within one year.  Therefore reapply for the permit - rk   11/12/2009 called to check on the status of the permit.  As of this date, the ust has not been installed - rk   5/24/2010 permit expired.  will resubmit another permit at another date - rk",rkwan,2009-02-27 16:39:23
113,9707880,P-2009-004,2009-04-16,11210,150,2009-04-16,10/16/2009,2009-04-23,2010-01-27,2014-04-23,New,,,rkwan,2009-04-23 13:59:58
114,9500008,P-2009-003,2009-04-06,36851,150,2009-04-06,10/6/2009,2009-06-22,2010-01-25,2014-06-22,New,george,,rkwan,2009-04-23 15:33:21
115,9707604,P-2000-018-R1-M1,2009-04-14,69394,100,2009-04-14,10/14/2009,2009-06-04,,2010-12-13,Modification,,approved,rkwan,2009-04-23 15:49:36
116,9101187,P-2009-005,2009-05-06,11265,150,2009-06-02,12/2/2009,2009-08-13,2009-11-25,2014-08-13,New,,waiting for appendix iii - rk,rkwan,2009-05-12 09:32:18
117,9602710,P-2009-006,2009-05-19,10472,150,2009-07-13,1/13/2010,2009-07-27,2009-09-28,2014-07-27,New,,8/10/2009 rec letter - ust will be installed on 8/20/2009  and removal to start on 8/17/2009 - rk   9/28/209 rec appendix iii - rk,rkwan,2009-05-27 13:38:40
118,9201181,P-2009-007,2009-06-02,020423,150,2009-06-02,12/2/2009,2009-06-19,2009-11-25,2014-06-19,New,,,rkwan,2009-06-12 11:27:32
119,9101172,P-2009-008,2009-06-02,020424,150,2009-06-02,12/2/2009,2009-06-19,2009-11-25,2014-06-19,New,,,rkwan,2009-06-12 11:34:55
120,9101173,P-2009-009,2009-06-02,020422,150,2009-07-15,1/15/2010,2009-09-23,2009-11-25,2014-09-23,New,,,rkwan,2009-06-12 11:49:47
121,9200136,P-2005-003-T1-R1,2009-09-08,011369005,50,2009-09-08,3/8/2010,2010-02-04,,2015-03-31,Renewal,,will be expiring 3/2010 - rk,sbasto,2009-08-26 08:43:32
122,9100135,P-2005-001-T1,2009-09-08,011369004,25,2009-09-08,,2009-10-08,,2010-03-29,Transfer,,transfer owner to city and county of honolulu - dept of env services - rk,rkwan,2009-09-10 10:42:48
123,9500106,P-2009-010,2009-09-15,36203,150,2009-11-05,5/5/2010,2009-11-09,2010-04-09,2014-11-09,New,,,rkwan,2009-09-25 16:23:58
124,9101098,P-2009-011,2009-10-01,020474,150,2009-10-28,4/28/2010,2009-10-28,2009-11-25,2014-10-28,New,,reviewing permit application  10/28/2009 finaled.  Rk,rkwan,2009-10-06 09:16:38
125,9707738,p-2004-4-t3-r1,2009-10-26,15324,50,2010-03-24,9/24/2010,2010-04-01,,2015-04-01,Renewal,,reiviewing permit - rk 4/1/2010 letter final - rk,rkwan,2009-10-28 12:06:51
126,9100135,P-2005-001-T1-R1,2009-11-09,011374560,50,2009-11-09,6/9/2010,2010-02-04,,2015-03-29,Renewal,,reviewing application - rk,rkwan,2009-11-13 14:14:15
127,9602427,P-2009-012,2009-12-02,0185857,150,2010-01-26,7/26/2010,2010-01-28,2010-10-18,2015-01-28,New,,"permit application is for the (2) 13,800 gallon compartmentalzied USTs. - rk  the permit number issued was p-2009-10 it should be 9-2009-12",rkwan,2009-12-09 10:53:57
128,9201280,P-2010-001,2010-01-08,5379,150,2010-01-29,7/29/2010,2010-02-08,2010-03-23,2015-02-08,New,,,rkwan,2010-01-11 15:06:28
129,9707891,P-2010-002,2010-01-06,72699,150,2010-02-02,8/2/2010,2010-02-11,2011-03-14,2015-02-11,New,,,rkwan,2010-01-26 09:49:20
130,9707579,P-2000-010-T1-R2,2009-12-28,0190045021,50,2009-12-28,6/28/2010,2010-04-01,,2015-07-26,Renewal,,,rkwan,2010-01-26 09:56:21
131,9707590,P-2000-012-T1-R2,2010-03-17,0190061484,50,2010-03-17,9/17/2010,2010-04-01,,2015-09-08,Renewal,ROY,,rkwan,2010-03-17 13:52:15
132,9707895,P-2010-003,2010-03-25,5654,150,2010-03-25,9/25/2010,2010-05-06,2011-05-18,2015-05-06,New,,rec appendix iii - email copy.  Hard copy to follow - rk,rkwan,2010-04-06 16:56:04
133,9707571,P-2000-006-R2,2010-04-19,15268,50,2010-04-19,10/19/2010,2010-05-28,,2015-07-29,Renewal,,reviewing permit - rk,rkwan,2010-05-11 08:38:43
134,9200148,P-2000-017-R2,2010-05-17,0398870,50,2010-05-17,11/17/2010,2010-11-04,,2015-11-03,Renewal,,,rkwan,2010-05-20 11:01:57
135,9707561,P-2000-002-R2,2010-05-24,018413,50,2010-05-24,11/24/2010,2010-06-14,,2015-07-15,Renewal,,reviewing permit - rk,rkwan,2010-05-24 16:24:49
136,9501589,P-2000-001-R2,2010-05-24,018394,50,2010-05-24,11/24/2010,2010-06-14,,2015-07-15,Renewal,,reviewing permit - rk,rkwan,2010-05-24 16:27:32
137,9101732,P-2000-013-R2,2010-05-25,3313148566,50,2010-05-25,11/25/2010,2010-12-06,,2015-11-23,Renewal,,,rkwan,2010-05-27 09:16:11
138,9501802,P-2000-008-T1-R2,2010-05-27,1449,50,2010-05-27,11/27/2010,2010-06-29,,2015-09-27,Renewal,,,rkwan,2010-06-04 15:13:20
139,9707568,P-2000-004-M1-R2,2010-06-04,8825153,50,2010-06-04,12/4/2010,2010-06-29,,2015-06-30,Renewal,,,rkwan,2010-06-08 08:28:22
140,9707898,P-2010-004,2010-05-21,0189282,150,2010-05-21,11/21/2010,2010-07-28,2011-05-19,2015-07-28,New,,,rkwan,2010-06-22 11:27:42
141,9707899,P-2010-005,2010-05-21,018*9158,150,2010-05-21,11/21/2010,2010-07-28,2011-05-19,2015-07-28,New,,5/21/2013 appendix iii received - rk,rkwan,2010-06-22 11:39:05
142,9707574,P-2000-007-T2-R2,2010-07-19,050034,50,2010-08-02,2/2/2011,2010-08-12,,2015-08-12,Renewal,," owner Mid pac petroleum,  operator  Merrill Maui venture - rk",rkwan,2010-07-22 10:38:36
143,9707574,P-2000-007-T1,2003-05-06,130601,25,2003-05-06,11/6/2003,2003-08-06,,2005-06-01,Transfer,,"transfer owner from tosco to conocophilips, operator will remain same - Merrill maui Ventrue",rkwan,2010-07-26 09:26:17
144,9707574,P-2000-007-T2,2004-07-28,,25,2004-07-28,01/28/2005,2004-10-01,,2005-06-01,Transfer,,"tranfer owner from Conocophillips to Mid pac petroleum,  operator will be the same - Merrill Maui venture - rk",rkwan,2010-07-26 09:28:41
145,9707559,p-2000-9-r2,2010-07-22,29406,50,2010-07-22,01/22/2011,2010-08-12,,2015-08-12,Renewal,,,rkwan,2010-07-30 08:58:05
146,9101031,P-2010-006,2010-08-18,13719,150,2010-09-16,3/16/2011,2010-10-13,2011-02-07,2015-10-13,New,,,rkwan,2010-08-23 10:53:03
147,9707758,P-2006-006-R1  void,2010-08-24,2049083,50,,,,,,Renewal,,9/14/2010 returned check and renewal permit application because the permit does not expire until 8/2011 - rk,rkwan,2010-08-30 11:10:57
148,9707766,P-2005-007-R1,2010-08-31,050061,50,2010-08-31,2/31/2011,2010-12-06,,2015-11-23,Renewal,,,rkwan,2010-09-08 15:02:21
149,9100278,P-2000-011-R2,2010-09-14,14502,50,2010-09-14,3/19/2010,2010-10-05,,2015-10-05,Renewal,,,rkwan,2010-09-14 15:04:53
150,9707856,P-2010-007,2010-10-07,070364,150,2010-10-07,4/7/2011,2010-10-25,2012-02-10,2015-10-25,New,, 4/4/2011 rec email .  Tank will be installed on 4/11/2011  - rk,rkwan,2010-09-29 10:03:42
151,9707422,P-2000-005-R2,2010-09-27,0236206,50,2010-09-27,3/27/2011,2010-10-13,,2015-10-13,Renewal,,,rkwan,2010-09-29 10:20:25
152,9707861,P-2008-003-T1,2010-10-13,011412388,25,2010-10-13,3/13/2011,2010-11-04,,2013-05-22,Transfer,,reviewing application - rk,rkwan,2010-10-19 11:43:25
153,9707598,P-2000-014-R2,2010-11-01,0026225369,50,2010-11-01,5/1/2010,2010-12-06,,2015-12-06,Renewal,,,rkwan,2010-11-13 12:04:23
154,9707599,P-2000-015-R2,2010-11-01,048256,50,2010-11-01,5/1/2010,2010-11-29,,2015-11-29,Renewal,,,rkwan,2010-11-16 16:35:38
155,9102158,p-2000-016-r2,2010-11-16,1788240,50,2010-11-16,5/16/2011,2010-12-30,,2015-10-27,Renewal,roy,,rkwan,2010-11-23 11:27:01
156,9707604,P-2000-018-R2-M1,2010-12-15,2500462,50,2010-12-15,6/15/2011,2011-01-04,,2016-01-04,Renewal,roy,,rkwan,2010-12-21 10:36:47
157,9707565,P-2000-003-T2-R2,2010-07-29,0000926957,50,2011-01-10,6/10/2011,2011-03-16,,2016-03-16,Renewal,,4/20/2011 rec notice that a stop payment was made for check #0000926957 for $50.00.  6/25/2012 - received check for $50.00 for the payment of the renewal permit - rk,rkwan,2011-01-13 14:42:57
158,9707565,P-2000-003-T3-R2,2010-11-22,0192454,25,2011-02-15,8/15/2011,2011-03-07,,2016-02-25,Transfer,,submitted wrong from and did not submit fee - rk    2/15/2011 rec transfer permit - rk        NOTE  ownership tranfer to ALOHA Petroleum.  The expiration date for this should be 3/16/2016. The transfer permit wass issued before the renewal permit.  It should be that the renewal permit be issued then the transfer permit.  - rk,rkwan,2011-01-18 12:10:12
159,9100901,P-2006-005-R1,2011-01-27,974530,50,2011-01-27,6/27/2011,2011-05-18,,2016-08-14,Renewal,,,rkwan,2011-02-01 14:33:39
160,9100045,P-2005-006-R1,2011-01-24,0037960,50,2011-05-27,11/27/2011,2011-06-21,,2016-07-24,Renewal,,reviewing;  check voided returned and reissued another check.   6/21/2011 permit issued - rk,rkwan,2011-02-01 14:44:21
161,9601138,P-2006-008-R1,2011-01-25,5726,50,2011-01-25,7/25/2011,2011-10-27,,2016-11-03,Renewal,,,rkwan,2011-02-02 16:58:01
162,9707571,P-2000-006-R2-T1,2011-02-07,071003,25,2011-02-07,8/7/2011,2011-03-10,,2015-07-29,Transfer,,,rkwan,2011-02-09 11:05:01
163,9601012,p-2007-4-t1,2010-11-22,0192454,25,2011-02-15,8/15/2011,2011-03-16,,2012-09-18,Transfer,,,rkwan,2011-02-16 16:20:28
164,9707803,P-2006-004-R1,2011-02-15,0192454,50,2011-02-15,8/15/2011,2011-03-07,,2016-08-14,Renewal,,reviewing,rkwan,2011-02-16 16:36:44
165,9101186,P-2011-001,2011-03-01,0195118,150,2011-03-08,9/8/2011,2011-04-29,2012-04-03,2016-04-26,New,,reviewed by gt - rk  5/18/2011 revised the description of the new tanks. - rk,rkwan,2011-03-04 17:04:42
166,9601620,P-2008-011-T1,2011-04-05,0000249015,25,2011-04-05,10/5/2011,2011-04-21,,2014-01-09,Transfer,,transferred to EAN Holdings.  Prev Vanguard Car Rental USA-rk,rkwan,2011-04-06 15:31:20
167,9601715,P-2008-010-T1,2011-04-05,0000249016,25,2011-04-05,10/5/2011,2011-05-17,,2014-01-09,Transfer,,,rkwan,2011-04-06 15:33:39
168,9707754,P-2006-001-R1,2011-04-13,2709,50,2011-04-13,10/13/2011,2011-04-21,,2016-04-19,Renewal,,,rkwan,2011-04-18 10:22:24
169,9500770,P-2006-002-R1,2011-05-24,00164586,50,2011-05-24,11/24/2011,2011-06-21,,2016-06-20,Renewal,,,rkwan,2011-05-31 10:49:31
171,9707801,P-2006-003-R1,2011-06-22,00000250,50,2011-06-22,12/22/2011,2011-07-14,,2016-07-14,Renewal,,reviewing,rkwan,2011-06-28 10:33:13
172,9707758,P-2006-006-R1,2011-08-03,5030727,50,2011-08-18,2/18/2012,2011-08-23,,2016-08-22,Renewal,,,rkwan,2011-08-08 12:28:19
173,9200033,P-2011-002,2011-08-02,05186,150,2011-08-17,6/17/2012,2011-08-25,2011-11-21,2016-08-24,New,,,rkwan,2011-08-08 16:12:10
174,9501802,P-2000-008-T1-R2-M1,2011-09-23,1499,100,2011-09-30,3/30/2012,2011-10-13,,2015-09-27,Modification,,roy reviewing modification permit - rk,rkwan,2011-09-26 14:16:17
176,9707672,P-2002-001-R2,2011-09-26,011448431,50,2011-09-26,3/26/2012,2012-01-17,,2017-03-13,Renewal,,will review - rk,rkwan,2011-10-03 15:24:38
177,9102415,P-2011-3 - expired,2011-10-13,8540,150,2011-10-13,4/13/2012,2011-11-04,,2016-11-04,New,,scott  reviewed permit   3/5/2013 george called to set inspection.  UST not installed and permit exipired - rk,rkwan,2011-10-20 15:23:13
178,9707675,P-2002-002-T1-R2,2011-10-31,1656,50,2011-10-31,4/31/2012,2012-01-17,,2017-04-19,Renewal,,,rkwan,2011-11-04 11:26:44
179,9707671,P-2001-002-R2,2011-11-04,28949,50,2011-11-04,5/4/2012,2011-12-05,,2016-12-06,Renewal,,,rkwan,2011-11-30 14:29:08
180,9602214,P-2012-002 - void,2012-01-12,8819,150,2012-01-12,7/12/2012,2012-02-16,,2017-02-16,New,,"1/6/2012 rec email copy.  Hard copy in the mail.  Meanwhile, george is reviewing the permit - rk   1/12/2012 rec check and hard copy - rk   4/19/2012 permit void because did not install ust.  another permit application was submitted - rk",rkwan,2012-01-12 08:40:42
181,9707840,P-2007-002-R1,2012-01-11,3209,50,2012-01-11,7/12/2012,2012-06-29,,2017-06-12,Renewal,,,rkwan,2012-01-18 16:03:47
182,9707675,P-2002-002-T2-R2,2012-02-06,09,25,2012-02-06,8/6/2012,2012-03-16,,2017-04-19,Transfer,,2/6/2012 rec transfer permit.  New owner is ATC Makena WWTP Service Corp - rk,rkwan,2012-02-07 15:15:18
183,9707924,P-2012-001,2012-02-22,75916,150,2012-02-22,7/22/2012,2012-02-27,2013-03-05,2017-02-27,New,,,rkwan,2012-02-09 15:46:56
185,9707925,p-2012-3 - expired,2012-02-13,786,150,2012-03-05,9/5/2012,2010-03-22,,2012-03-22,New,,"julia is reviewing - rk  3/5/2013 george called to set inspection.  UST not installed and permit exipired - rk       2/25/2021 - HSWAC will be winding down and terminating ALL Department of Health Permits, Approvals, Certifications and other related items.-TU",rkwan,2012-03-06 11:54:34
186,9707926,P-2012-004,2012-04-12,16818,150,2012-04-12,10/12/2012,2012-05-03,2014-03-24,2017-05-03,New,george,George reviewed.   The owner and operator is Pankow.  The ust will transfer to Penrose Walsh FBI Hawaii after installation - rk,rkwan,2012-05-02 14:48:58
187,9707927,P-2012-005,2012-05-29,17044,150,2012-05-29,11/30/2012,2012-07-03,2013-09-12,2017-07-03,New,,scott reviewed permit - rk,rkwan,2012-06-05 14:35:43
188,9100341,P-2003-001-R2,2012-06-21,7141,50,2012-06-21,12/21/2012,2013-01-16,,2018-01-27,Renewal,,,rkwan,2012-06-26 10:57:09
189,9100325,P-2002-005-R2,2012-07-03,0206800,50,2012-07-03,1/3/2013,2013-03-15,,2018-01-31,Renewal,,will be reviewed - rk    renewa; permit issued - rk,rkwan,2012-07-09 11:23:24
190,9707843,P-2007-003-R1,2012-07-30,3410,50,2012-07-30,1/30/2013,2012-08-30,,2017-08-30,Renewal,,,rkwan,2012-08-03 10:34:39
191,9703039,P-2007-007-R1,2012-08-21,2938,50,2012-08-21,2/21/2013,2013-01-16,,2018-01-22,Renewal,,,rkwan,2012-08-23 16:55:13
192,9707932,P-2012-006,2012-08-15,41136,150,2012-11-29,5/29/2013,2013-12-04,2014-01-15,2017-12-04,New,roy,11/14/2012 - resubmitted application/RI       3/10/2014 - rec'd verification via e-mail RE:tank make as fiberglass jacketed steel tank (Glasteel II) instead of DW steel tank as reflected in the Appendix III/RI,rkwan,2012-08-24 08:58:08
193,9101866,P-2012-007,2012-10-10,050308,150,2012-10-10,4/10/2013,2012-11-05,2012-12-21,2017-11-05,New,jk,10/10/2012 rec permit application - owner and operator of usts to be installed will be Mid Pac petroleum.  Previous faciity name was 7-Eleven wilder - rk,rkwan,2012-10-15 10:14:50
194,9707936,P-2012-008,2012-10-10,050307,150,2012-10-10, 4/10/2012,2012-11-29,2013-05-28,2017-11-29,New,,julia is reviewing permit - done,rkwan,2012-10-15 12:06:25
195,9200102,P-2008-004-R1,2012-10-12,0046519,50,2012-10-12,4/12/2013,2013-06-07,,2018-04-25,Renewal,,,rkwan,2012-10-17 15:45:44
196,9707942,P-2012-012,2012-10-25,1790,150,2012-10-31,4/31/2013,2012-11-05,2013-09-05,2017-11-05,New,roy,roy reviewed permit,rkwan,2012-11-01 15:05:15
197,9707861,P-2008-003-T1-R1,2012-12-17,011493024,50,2012-12-17,4/17/2013,2013-07-16,,2018-05-22,Renewal,,,rkwan,2012-12-19 14:33:16
198,9707944,P-2013-001,2013-01-08,0210100,150,2013-01-08,7/8/2013,2013-03-08,2013-05-09,2018-03-08,New,,george is reviewing -permit isued         5/21/2013 appendix iii received - rk,rkwan,2013-01-22 16:26:08
200,9707671,P-2001-002-R2-T1,2012-02-15,038598,25,2013-02-15,8/15/2013,2013-07-16,,2016-12-06,Transfer,,,rkwan,2013-02-19 11:37:55
201,9702972,P-2008-005-R1,2013-03-05,03117,50,2013-03-05,9/5/2013,2013-12-13,,2018-09-19,Renewal,roxanne,,rkwan,2013-03-08 09:12:29
202,9707945,P-2013-002,2013-02-27,10432,150,2013-02-27,8/27/2013,2013-04-12,2014-02-18,2018-04-12,New,julia,,rkwan,2013-03-08 09:52:39
203,9200923,P-2013-003,2013-03-08,1944,150,2013-07-12,1/12/2014,2013-08-09,2014-02-04,2018-08-09,New,roy,,rkwan,2013-03-13 09:47:39
204,9602214,P-2013-005,2013-04-02,12678,150,2013-04-30,10/30/2013,2013-05-10,2013-09-10,2018-05-10,New,,roy is reviewed permit,rkwan,2013-04-19 09:55:46
205,9101521,P-2013-006,2013-04-11,10589,150,2013-04-11,10/11/2013,2013-05-24,2013-11-12,2018-05-24,New,george,,rkwan,2013-04-22 10:32:59
206,9701046,P-2003-003-T1-R2,2013-04-23,3889,50,2013-04-23,10/23/2013,2013-05-31,,2018-05-31,Renewal,,rox reviewing - rk,rkwan,2013-04-26 12:01:01
207,9707849,P-2007-005-R1,2013-03-27,5578340,50,2013-04-23,10/23/2013,2013-07-30,,2018-07-30,Renewal,,,rkwan,2013-04-26 12:05:01
208,9707207,P-2003-004-M1-R2,2013-04-23,5596658,50,2013-04-23,10/23/2013,2013-08-05,,2018-07-31,Renewal,,,rkwan,2013-04-26 12:07:26
209,9100032,P-2008-007-R1,2013-04-19,0049043,50,2013-04-19,10/19/2013,2013-11-25,,2018-10-27,Renewal,roxanne,,rkwan,2013-04-26 12:11:22
210,9707947,P-2013-004,2013-03-28,0211648,150,2013-03-28,9/28/2013,2013-04-19,2014-05-02,2018-04-19,New,gt,,rkwan,2013-04-26 13:38:09
211,9101385,P-2013-007,2013-05-06,1945,150,2013-07-19,1/19/2013,2013-08-09,2014-02-04,2018-08-09,New,julia,,rkwan,2013-05-10 14:48:22
212,9600011,P-2008-006-R1,2013-05-17,0049628,50,2013-05-17,11/17/2013,2013-12-13,,2018-11-17,Renewal,roxanne,,rkwan,2013-05-23 16:23:31
213,9100046,P-2008-008-M1,2013-05-17,0049712,100,2013-05-17,11/17/2013,2013-07-10,,2013-12-08,Modification,,change of product stored from biodiesel to ethanol free gas (87 grade) - rk 7/31/2013 sent correct permit to Unocal - rk,rkwan,2013-05-23 16:27:13
214,9100046,P-2008-008-M1-R1,2013-05-17,0049627,50,2013-05-17,11/17/2013,2013-12-16,,2018-12-08,Renewal,roxanne,,rkwan,2013-05-23 16:30:23
215,9707948,P-2013-008,2013-05-22,022770,150,2013-05-22,11/22/2013,2013-05-31,2013-09-24,2018-05-31,New,,julia reviewing,rkwan,2013-05-23 16:53:27
216,9202666,P-2008-002-R1,2013-06-18,12027703,50,2013-06-18,12/18/2013,2013-12-16,,2018-11-21,Renewal,rox,,rkwan,2013-06-19 10:24:35
217,9707950,P-2013-009,2013-07-12,0052190,150,2013-07-12,1/12/2014,2013-08-09,2014-03-03,2018-08-09,New,george,george reviewed - rk      3/19/2014 - to resubmit revised Appendix III/RI     6/17/2014 appendix iii received - rk,rkwan,2013-07-17 11:15:56
218,9200921,P-2009-001-R1,2013-07-19,050385,50,2013-07-19,1/19/2014,2014-05-01,,2019-01-20,Renewal,rk,,rkwan,2013-07-30 11:32:35
219,9101519,P-2004-001-R2,2013-07-26,0213701,50,2013-07-26,1/26/2014,2014-05-20,,2019-02-19,Renewal,rk,,rkwan,2013-07-30 11:52:59
222,9202208,P-2013-010,2013-08-29,314235,150,2013-10-21,4/21/2014,2013-11-18,2014-03-27,2018-11-18,New,roy ilaga,10/16/2013 - DOH did not process the application; permit fee returned to Tesoro (check #1947/$150); HIE will apply for the permit/RI    10/21/2013 HIE the new owner and operator of the facility applies for the installation of 3 tanks. Received permit application and permit fee (check no. 314235) - rk,rkwan,2013-09-03 10:43:55
223,9601137,P-2013-011,2013-09-03,10686,150,2013-09-03,3/3/2014,2013-11-12,,2018-11-12,Operational,roy,,rkwan,2013-09-11 15:37:40
224,9200923,P-2013-003-T1,2013-12-06,1543,25,2013-12-06,6/6/2014,2014-04-29,,2018-08-09,Transfer,roy,"9/16/2013 transfer of owner and operator.  The previous owner and operator was Tesoro Hawaii - rk         10/16/2013 - due to inaccurate UST system information, DOH did  not process application to transfer permit. HIE will re-submit application. Check #313957 returned to HIE representative (Lisa Munger)/RI   12/6/2013 rec transfer permit application and $25 check from HIE Retail.  Upon acquisition of tesoro on 9/25/2013 the ownership of the station was transferred to HIE.. 11/14/2013 the station owned by HIE was separated andnow held under the name of HIE Retail LLC.  As a result, rather than indicating the interim ownerhsip under HIE LLC, the transfer permit shows the current owner (HIE Retail - rk",rkwan,2013-09-25 15:10:26
225,9102158,P-2000-016-R2-T1,2013-09-16,313957 / 314219,25,2013-11-20,5/20/2014,2013-12-13,,2015-10-27,Transfer, roy ilaga,9/16/2013 rec transfer of owner and operator eff 9/17/2013.  The previous owner and operator was Tesoro Hawaii - rk   ~   10/17/2013 processing the return of check #313957.  But received $25 transfer fee from Goodsill Anderson. - rk  11/20/2013  rec transfer application - rk    12/27/2013 rec check of $25 from Ted Metrose and the transfer application - rk,rkwan,2013-09-25 15:25:00
226,9100914,P-2008-009-T1,2013-09-16,313957/314218,25,2013-11-20,5/20/2014,2013-11-29,,2013-12-05,Transfer,roy ilaga,9/16/2013 transfer of owner and operator eff 9/17/2013.  The previous owner and operator was Tesoro Hawai i - rk    10/17/2013 processing the return of check #313957.  But received $25 transfer fee from Goodsill Anderson. - rk,rkwan,2013-09-25 15:32:30
227,9101385,P-2013-007-T1,2013-12-06,1542,25,2013-12-06,6/6/2014,2014-05-01,,2018-08-09,Transfer,roy,"9/16/2013 transfer of owner and operator eff 9/17/2013.  The previous owner and operator was Tesoro Hawaii - rk       10/16/2013 - due to inaccurate UST system information, DOH did  not process application to transfer permit. HIE will re-submit application. Check #313957 returned to HIE representative (Lisa Munger)/RI    12/6/2013 rec transfer permit application and $25 check from HIE Retail.  Upon acquisition of tesoro on 9/25/2013 the ownership of the station was transferred to HIE.. 11/14/2013 the station owned by HIE was separated andnow held under the name of HIE Retail LLC.  As a result, rather than indicating the interim ownerhsip under HIE LLC, the transfer permit shows the current owner HIE Retail, LLC - rk",rkwan,2013-09-25 15:36:34
228,9202208,P-2013-010-T1-void,2013-09-16,313957,25,,,,,,Transfer,roy ilaga,"9/16/2013 transfer of owner and operator eff 9/17/2013.  The previous owner and operator was Tesoro Hawaii - rk        10/16/2013 - due to inaccurate UST system information, DOH did  not process  transfer permit application.   HIE will re-submit application to install and operate instead of transfer application. Check #313957 returned to HIE representative (Lisa Munger)/RI   10/16/2016 voided permit number because there will be no transfer only new tank application - rk",rkwan,2013-09-25 15:42:46
229,9201938,p-2013-012,2013-09-26,120,150,2013-11-04,5/4/2013,2013-11-18,,2018-11-18,Operational,roy ilaga,10/21/2013 rec fax copy of corrected permit. - rk   11/4/2013 rec hard copy of permit dated 10/21/2013 - rk,rkwan,2013-09-27 14:17:47
230,9602753,P-2013-013,2013-09-19,4400,150,2013-11-22,5/22/2014,2014-06-05,,2019-06-05,Operational,roy,,rkwan,2013-09-27 14:21:41
231,9100059,p-2013-014,2013-09-25,314233,150,2013-10-21,4/21/14,2013-11-25,2014-03-27,2018-11-25,New,roy ilaga,10/16/2013 - DOH did not process the application; permit fee returned to Tesoro (check #1948/$150); HIE will apply for the permit/RI    10/21/2013 HIE the new owner and operator of the facility applies for the installation of 3 tanks. Received permit application and permit fee (check no. 314233) - rk,rkwan,2013-09-27 14:33:07
232,9201703,P-2013-015,2013-09-25,314232,150,2013-10-21,4/21/2013,2013-11-25,2014-06-24,2018-11-25,New,roy ilaga, 10/16/2013 - DOH did not process the application; permit fee returned to Tesoro (check #1949/$150); HIE will apply for the permit/RI   10/21/2013 HIE the new owner and operator of the facility applies for the installation of 3 tanks. Received permit application and permit fee (check no. 314232) - rk,rkwan,2013-09-27 15:05:02
233,9101120,P-2013-016 - void,2013-09-25,314234,150,2013-10-21,4/21/2013,2013-11-25,,2018-11-25,New,roy ilaga,Will remove and replace ust - rk       10/16/2013 - DOH did not process the application; permit fee returned to Tesoro (check #1950/$150); HIE will apply for the permit/RI       10/21/2013 HIE the new owner and operator of the facility applies for the installation of 3 tanks. Received permit application and permit fee (check no. 314234) - rk.     11/12/2014 - Permit p-2013-016 will not be used by HIE since itl expires in couple of weeks. A new application was submitted/RI,rkwan,2013-09-27 15:12:57
234,9601304,p-2013-017,2013-09-16,15267,150,2013-09-16,3/16/2014,2013-12-16,,2018-12-23,Operational,juilia,,rkwan,2013-09-27 15:22:58
235,9707227,P-2013-018,2013-09-30,023184,150,2013-10-21,4/21/2014,2013-11-18,2014-03-28,2018-11-18,New,roy ilaga, Will be replacing the older tanks. - rk,rkwan,2013-10-16 11:11:31
240,9707880,P-2009-004-R1,2013-10-21,092511534,50,2014-04-21,10/21/2014,2014-05-01,,2019-04-23,Renewal,rox,,rkwan,2013-11-06 14:14:39
241,9100137,P-2003-002-R2,2013-10-28,0528359,50,2013-10-28,4/28/2014,2013-11-26,,2018-11-26,Renewal,rox,,rkwan,2013-11-07 16:47:22
242,9707735,P-2004-003-R2,2013-10-29,0215088,50,2013-10-29,4/29/2014,2014-06-05,,2019-05-20,Renewal,rox,,rkwan,2013-11-07 16:50:46
244,9101395,P-2013-019,2013-11-19,27024,150,2013-12-11,5/11/2014,2014-07-25,,2019-07-25,Operational,roy,9-103505,rkwan,2013-11-22 15:14:27
245,9602710,P-2009-006-R1,2013-11-18,11079,50,2013-11-18,5/18/2014,2014-05-21,,2019-07-27,Renewal,,permit expires 7/24/2014.  Holding onto the check.  - rk        5/13/2014 - current permit expires on 7/27/2014,rkwan,2013-11-22 15:22:02
246,9501739,P-2013-020,2013-11-15,219219,150,2015-03-30,9/30/2015,2015-06-19,,2020-06-19,Operational,roy,use the old application form - rk   2/3/2015 rec another set of permit appliacation and check of $150. - rk  3/30/2015 rec appendix ii - rk,rkwan,2013-11-22 15:25:12
247,9707168,P-2013-021,2013-11-14,069290,150,2013-12-19,6/19/2014,2014-06-05,,2019-06-05,Operational,roy,12/19/2013 rec operator application with safe suction information and maps - rk,rkwan,2013-11-22 15:35:11
248,9100914,P-2008-009-T1-R1,2013-12-05,121,50,2013-12-05,6/5/2014,2014-04-08,,2018-12-05,Renewal,roy,4/7/2014 draft to md for final - rk,rkwan,2013-12-11 15:04:38
252,9100171,P-2013-022,2013-12-03,0010190,150,2014-01-13,7/13/2014,2014-05-21,,2019-05-21,Operational,roy,On 1/13/2014 - Mike Miyashiro came to the office to provide additional information/RI,rkwan,2013-12-11 15:41:41
253,9201157,P-2013-023,2013-12-03,0010190,150,2014-01-13,7/13/2014,2014-05-21,,2019-05-21,Operational,roy,On 1/13/2014 - Mike Miyashiro came to the office to provide additional information/RI,rkwan,2013-12-11 15:43:15
254,9201165,P-2013-024,2013-12-03,0010190,150,2014-01-13,6/13/2014,2014-05-21,,2019-05-21,Operational,roy,On 1/13/2014 - Mike Miyashiro came to the office to provide additional information/RI,rkwan,2013-12-11 15:46:25
255,9707923,P-2013-025,2013-12-05,251389,150,2014-03-04,9/4/2014,2014-07-25,,2019-07-25,Operational,roy,3/4/2014 - additional information provided via e-mail/RI  6/17/2016 returned check #280262 and permit application that was received on 6/10/2016 because this was duplicate payment - rk,rkwan,2013-12-11 16:19:25
256,9102653,P-2013-026,2013-12-13,014968,150,2014-03-03,9/3/2014,2014-07-25,,2019-07-25,Operational,roy,"supplementary information submitted via e-mail, document attached to the application/RI",rkwan,2013-12-17 15:31:48
282,9600109,P-2014-001,2013-12-20,00020290,150,2014-02-05,8/5/2014,2014-07-25,,2019-07-25,Operational,roy,2/5/2014 rec revised/completed appendix ii  - rk,rkwan,2014-01-06 16:25:45
283,9707955,P-2014-002,2013-12-23,1900,150,2014-05-13,11/13/2014,2014-06-06,2015-01-20,2019-06-06,New,roy,did not submit check with application  2/18/2014 rec payment of 150 - rk  4/21/2014 rec revised application - rk,rkwan,2014-01-06 16:40:20
284,9500106,P-2009-010-T1,2013-12-26,0054912,25,2013-12-26,6/26/2014,2014-06-05,,2014-11-09,Transfer,rox,12/26/2013 rec application on transfer operator  from Thomas Hughes to Lahaina Petroleum eff 10/2013 - rk,rkwan,2014-01-06 16:54:06
285,9707906,P-2014-003,2013-12-26,173352,150,2014-01-28,7/28/2014,2014-08-13,,2019-08-13,Operational,roy,,rkwan,2014-01-06 17:01:05
286,9102609,p-2014-004,2013-12-30,172486,150,2014-02-05,8/5/2014,2014-07-25,,2019-07-25,Operational,roy,2/5/2014 rec revised/completed appendix ii - rk,rkwan,2014-01-07 08:48:31
287,9101710,P-2014-005,2014-01-27,78443,150,2016-06-08,12/8/2016,2016-07-18,,2021-07-18,Operational,roy,,rkwan,2014-01-28 10:45:27
288,9100184,p-2014-006,2014-01-15,117619,150,2014-03-12,9/12/2014,2014-07-25,,2019-07-25,Operational,roy,payment was not received - rk   2/7/2014 received - rk,rkwan,2014-01-28 10:52:22
290,9601223,P-2014-008,2014-01-27,3208,150,2014-02-21,8/21/2014,2014-08-19,,2019-08-19,Operational,roy,,rkwan,2014-01-28 15:18:51
291,9102158,P-2000-016-R2-T2,2013-12-27,1227,25,2013-12-27,6/27/2014,2014-05-01,,2015-10-27,Transfer,roy,"transfer application from Hawaii Independent Energy, LLC to HIE Retail LLC/RI",rilaga,2014-02-06 14:39:27
292,9500008,P-2009-003-R1,2014-01-26,050451,50,2014-01-26,7/26/2014,2014-07-25,,2019-06-22,Renewal,rox,,rkwan,2014-02-10 14:55:42
293,9201181,P-2009-007-R1,2014-01-28,050450,50,2014-01-28,7/28/2014,2014-11-19,,2019-06-19,Renewal,rox,,rkwan,2014-02-10 14:59:37
294,9101172,P-2009-008-R1,2014-01-28,050449,50,2014-01-28,7/28/2014,2014-08-13,,2019-06-19,Renewal,rox,,rkwan,2014-02-10 15:01:59
295,9101187,P-2009-005-R1,2014-02-13,050455,50,2014-02-13,8/13/2014,2014-07-28,,2019-08-13,Renewal,rox,,rkwan,2014-02-24 14:52:08
296,9200755,P-2014-007,2014-02-21,3016,150,2014-03-31,9/30/2014,2014-07-25,,2019-07-29,Operational,roy,2/25/2014 spoke with Pete Wang. Payment will be coming - rk   3/3/2014 rec check - rk,rkwan,2014-02-25 11:09:55
297,9201727,P-2014-009,2014-02-18,1100001241,150,2014-04-07,10/7/2014,2014-05-01,,2019-05-01,Operational,roy,2/25/2014  waiting for the permit application - rk  2/24/2014 rec the application - rk    4/7/2014 rec revised application dated 4/4/2014 - rk,rkwan,2014-02-25 11:37:04
298,9707828,P-2014-010,2014-02-13,1482,150,2014-03-31,9/30/2014,2014-07-25,,2019-07-25,Operational,roy,,rkwan,2014-02-25 11:40:36
299,9707926,P-2012-004-T1,2014-03-06,9194,25,2014-06-23,12/23/2014,2014-08-13,,2017-05-03,Transfer,julia,3/24/2014 rec transfer permit application for change of owner - rk           Did paperwork over - received corrected and complete documents 6/23/14.  JK,rkwan,2014-03-14 14:46:40
300,9600663,P-2014-011,2014-03-04,1023,150,2014-04-03,10/3/2014,2014-07-25,,2019-07-25,Operational,ri,,rkwan,2014-03-14 14:51:08
301,9101175,P-2014-012,2014-03-03,0217249,150,2014-06-25,12/25/2014,2014-10-16,,2019-10-16,Operational,ri,6/25/2014 - submitted revised application as an e-mail attachment indicating that tanks are SW and monitored via ATG/RI,rkwan,2014-03-14 15:11:03
303,9201937,P-2014-013,2014-03-03,0217250,150,2014-06-10,12/10/2014,2014-10-13,,2019-10-13,Operational,roy,,,
304,9101176,P-2014-014,2014-03-03,0217251,150,2014-06-10,12/10/2014,2014-10-13,,2019-10-13,Operational,roy,,,
306,9707255,P-2014-015,2014-03-03,0217252,150,2014-06-10,12/10/2014,2014-11-19,,2019-11-19,Operational,ri,,rkwan,2014-03-14 15:27:11
307,9601312,P-2014-016,2014-03-03,0217253,150,2014-06-10,12/10/2014,2014-10-16,,2019-10-16,Operational,ri,,rkwan,2014-03-14 15:34:05
308,9101190,P-2014-017,2014-03-03,0217254,150,2014-06-10,12/10/2014,2014-10-13,,2019-10-13,Operational,ri,,rkwan,2014-03-14 15:34:33
309,9101199,P-2014-018,2014-03-03,0217255,150,2014-06-10,12/10/2014,2014-10-13,,2019-10-13,Operational,ri,,rkwan,2014-03-14 15:35:17
310,9201179,P-2014-019,2014-03-03,0217256,150,2014-06-10,12/10/2014,2014-10-13,,2019-10-13,Operational,ri,,rkwan,2014-03-14 15:35:43
311,9101198,P-2014-020,2014-03-03,0217257,150,2014-06-10,12/10/2014,2014-10-13,,2019-10-13,Operational,ri,,rkwan,2014-03-14 15:36:23
312,9201208,p-2014-021,2014-03-03,0217258,150,2014-06-10,12/10/2014,2014-11-19,,2019-11-19,Operational,ri,,rkwan,2014-03-14 15:36:47
313,9101185,P-2014-022,2014-03-03,0217259,150,2014-06-10,12/10/2014,2014-10-13,,2019-10-13,Operational,ri,,rkwan,2014-03-14 15:37:11
314,9201202,P-2014-023,2014-03-03,0217260,150,2014-06-10,12/10/2014,2014-10-13,,2019-10-13,Operational,ri,,rkwan,2014-03-14 15:37:34
315,9201170,P-2014-024,2014-03-03,0217261,150,2014-06-10,12/10/2014,2014-10-13,,2019-10-13,Operational,ri,,rkwan,2014-03-14 15:37:57
316,9201193,P-2014-025,2014-03-03,0217262,150,2014-06-10,12/10/2014,2014-10-13,,2019-10-13,Operational,ri,,rkwan,2014-03-14 15:38:26
317,9201706,P-2014-026,2014-03-03,0217263,150,2014-06-10,12/10/2014,2014-10-13,,2019-10-13,Operational,ri,,rkwan,2014-03-14 15:38:51
318,9601195,P-2014-027,2014-03-03,0217264,150,2014-06-10,12/10/2014,2014-10-14,,2019-10-14,Operational,ri,,rkwan,2014-03-14 15:39:26
319,9202999,P-2014-028,2014-03-03,0217265,150,2014-06-10,12/10/2014,2014-10-02,,2019-10-02,Operational,ri,,rkwan,2014-03-14 15:39:52
320,9201929,P-2014-029,2014-03-03,0217266,150,2014-06-10,12/10/2014,2014-10-13,,2019-10-13,Operational,ri,,rkwan,2014-03-14 15:40:23
321,9202219,P-2014-030,2014-03-03,0217267,150,2014-06-10,12/10/2014,2014-10-13,,2019-10-13,Operational,ri,,rkwan,2014-03-14 15:40:54
322,9100322,P-2014-031,2014-03-03,0217268,150,2014-06-10,12/10/2014,2014-10-02,,2019-10-02,Operational,ri,,rkwan,2014-03-14 15:41:15
323,9201864,P-2014-032,2014-03-03,0217269,150,2014-06-10,12/10/2014,2014-09-29,,2019-09-29,Operational,ri,,rkwan,2014-03-14 15:41:39
324,9100049,P-2014-033,2014-03-03,0217270,150,2014-06-10,12/10/2014,2014-09-29,,2019-09-29,Operational,ri,,rkwan,2014-03-14 15:42:18
325,9100337,P-2014-034,2014-03-03,0217271,150,2014-06-10,12/10/2014,2014-10-13,,2019-10-13,Operational,ri,,rkwan,2014-03-14 15:43:03
326,9200335,P-2014-035,2014-03-03,0217272,150,2014-06-10,12/10/2014,2014-10-13,,2019-10-13,Operational,ri,,rkwan,2014-03-14 15:43:39
327,9100328,P-2014-036,2014-03-03,0217273,150,2014-06-10,12/10/2014,2014-10-13,,2019-10-13,Operational,ri,,rkwan,2014-03-14 15:44:05
329,9707895,P-2010-003-T1,2014-03-21,9742,25,2014-04-11,10/11/2014,2014-06-05,,2015-05-06,Transfer,roy,transfer from neil nakai inc to city - rk  4/24/2014 - waiting for payment - rk  4/11/2014 payment received -- rk    4/11/2014  rec application on transfer operator and owner  from  Neil Nakai to C&C Dept env services  eff 3/2014 - rk,rkwan,2014-04-01 16:35:24
330,9101173,P-2009-009-R1,2014-03-17,0056343,50,2014-03-17,9/17/2014,2014-07-25,,2019-09-23,Renewal,rox,,rkwan,2014-04-02 11:04:55
332,9100341,P-2003-001-R2-T1,2014-03-17,0056343,25,2014-03-17,9/14/2014,2014-06-05,,2018-01-27,Transfer,rox,3/17/2014 transfer of owner from Mccully Union to Mid pac eff 2/2013 - rk,rkwan,2014-04-02 11:10:15
334,9500106,P-2009-010-T1-R1,2014-04-10,050468,50,2014-10-03,4/3/2015,2014-11-19,,2019-11-09,Renewal,roy,,rkwan,2014-04-30 14:21:54
335,9201280,P-2010-001-R1,2014-04-11,050469,50,2014-04-11,10/11/2014,2015-02-08,,2020-02-08,Renewal,roxanne,,rkwan,2014-04-30 14:24:16
336,9101098,P-2009-011-R1,2014-04-11,050469,50,2014-10-03,4/3/2015,2014-10-10,,2019-10-28,Renewal,roy,,rkwan,2014-04-30 14:25:58
338,9601715,P-2008-010-T1-R1,2014-05-14,290644,50,2014-05-14,11/14/2014,2014-06-10,,2019-01-09,Renewal,not assigned yet - Roy,"Permit Renewal Fee submitted was also for 9-601620; will contact O/O representative, Christian Heimbach to verify info./RI      NOTE: UST Permit expired on 1/9/2014",rilaga,2014-05-15 10:58:34
339,9601620,P-2008-011-T1-R1,2014-05-14,290644,50,2014-05-14,11/14/2014,2014-06-10,,2019-01-09,Renewal,Roy,"Permit Renewal Fee submitted was also for 9-601715; will contact O/O representative, Christian Heimbach to verify info./RI      NOTE: UST Permit expired on 1/9/2014",rilaga,2014-05-15 11:18:30
340,9707891,P-2010-002-R1,2014-06-04,6926,50,2014-06-04,12/4/2014,2015-02-11,,2020-02-11,Renewal,not assigned yet,2/3/2015 - received FUP on the status/RI,rkwan,2014-06-09 10:43:12
341,9101462,P-2014-037,2014-05-19,po 41098220,150,2014-09-18,3/18/2015,2014-10-03,,2019-10-03,Operational,roy,,rkwan,2014-06-10 09:51:42
342,9600471,p-2014-038,2014-06-24,36837,150,2014-12-24,06/24/2015,2015-02-04,,2020-02-04,Operational,roy,11/18/2014 rec's another application for operation permit and a check of $150 - rk   1/22/2015  returned check with permit - rk,rkwan,2014-06-30 08:00:30
343,9707211,P-2014-039,2014-07-09,18446,150,2015-01-26,7/26/2015,2015-06-19,,2020-06-19,Operational,roy,,rkwan,2014-07-15 09:15:54
344,9707829,P-2007-001-R1,2014-07-23,1104,50,2014-07-23,1/23/2015,2014-09-25,,2019-09-25,Renewal,george,,rkwan,2014-07-29 16:38:08
345,9200330,P-2014-040,2014-07-25,0219350 0219613,150,2014-08-25,2/25/2015,2014-09-02,2015-02-10,2019-09-02,New,roy,8/1/2014 will send additonal $50 and amendment page 1 - rk   8/12/2014 appendix ii received - rk  8/6/2014 recived additional $50 - rk       8/25/2014 - revised Appendix II rec'd/RI,rkwan,2014-08-01 11:31:06
346,9707829,P-2007-001-R1-T1,2014-09-09,0220198,25,2014-09-09,3/9/2015,2014-12-03,,2019-09-25,Transfer,roy,transfer of owner and opeator to Aloha Petroleum - rk,rkwan,2014-09-19 09:19:41
347,9100901,P-2006-005-R1-M1,2014-09-19,1122941,100,2015-01-13,7/13/2015,2015-02-02,,2016-08-14,Modification,roy,obtaining a permit for the exisitng tank - rk,rkwan,2014-09-24 14:32:49
348,9101120,P-2014-041,2014-11-12,000012372,150,2014-11-12,5/12/2015,2014-11-14,2015-02-10,2019-11-14,New,roy,,rkwan,2014-11-12 08:30:39
349,9707961,P-2014-042,2014-11-13,1509,150,2014-12-16,6/16/2015,2014-12-22,2015-04-15,2019-12-22,New,roy,,rkwan,2014-11-18 09:47:20
350,9100278,P-2000-011-R2-M1,2014-11-05,20316,100,2015-01-26,7/26/2015,2015-02-02,,2015-10-05,Modification,roy,adding existing UST to the existing permit - rk,rkwan,2014-11-20 10:48:33
351,9602427,P-2009-012-R1,2014-11-03,0220990,50,2014-11-03,5/3/2015,2014-12-22,,2020-01-28,Renewal,roy,,rkwan,2014-11-20 10:52:52
352,9100362,P-2014-043,2014-10-30,6304,150,2015-01-20,7/20/215,2015-01-28,,2020-01-28,Operational,roy,1/12/2015 received revised  application - rk,rkwan,2014-11-20 10:57:47
353,9700601,P-2014-044,2014-11-05,0110115448,150,2014-12-04,6/4/2015,2015-06-09,,2020-06-09,Operational,roy,submitted the old appendix ii - rk       12/1/2014 - contacted Harlan Hashimoto to resubmit application on the new Appendix form/RI   12/4/2014 received - rk,rkwan,2014-11-20 11:01:43
354,9701554,P-2014-045,2014-11-24,2601,150,2015-01-22,7/22/2015,2015-06-18,,2020-06-18,Operational,roy,,rkwan,2014-12-02 10:54:43
355,9102650,P-2014-046,2014-12-03,00203561,150,2015-01-16,7/16/2015,2015-06-19,,2020-06-19,Operational,roy,,rkwan,2014-12-19 10:50:03
356,9501589,P-2000-001-R3,2014-12-18,081320,50,2014-12-18,6/18/2015,2015-07-21,,2020-07-15,Renewal,roy,,rkwan,2014-12-19 11:01:13
357,9707561,P-2000-002-R3,2014-12-18,081321,50,2014-12-18,6/18/2015,2015-07-21,,2020-07-15,Renewal,roy,,rkwan,2014-12-19 11:07:33
358,9600597,p-2014-047,2014-12-16,0110115472,150,2014-12-16,6/16/2015,2015-06-05,,2020-06-05,Operational,roy,,rkwan,2014-12-19 11:12:44
359,9600596,p-2014-048,2014-12-18,0110115463,150,2014-12-16,6/16/2015,2015-06-09,,2020-06-09,Operational,roy,,rkwan,2014-12-19 11:15:08
360,9600585,p-2014-049,2014-12-16,0110115464,150,2014-12-16,6/16/2015,2015-06-09,,2020-06-09,Operational,roy,,rkwan,2014-12-19 11:20:39
361,9600595,p-2014-050,2014-12-16,0110115465,150,2014-12-16,6/16/2015,2015-06-05,,2020-06-05,Operational,roy,,rkwan,2014-12-19 11:22:38
363,9600593,p-2014-052,2014-12-16,0110115467,150,2014-12-16,6/16/2015,2015-06-08,,2020-06-08,Operational,roy,,rkwan,2014-12-19 11:26:58
364,9600592,p-2014-053,2014-12-16,0110115468,150,2014-12-16,6/16/2015,2015-06-05,,2020-06-05,Operational,roy,,rkwan,2014-12-19 11:28:44
365,9600589,p-2014-054,2014-12-16,0110115469,150,2014-12-16,6/16/2015,2015-06-09,,2020-06-09,Operational,roy,,rkwan,2014-12-19 11:30:54
366,9600588,P-2014-055,2014-12-16,0110115470,150,2014-12-16,6/16/2015,2015-07-02,,2020-07-02,Operational,roy,,rkwan,2014-12-19 11:32:51
367,9600587,p-2014-056,2014-12-16,0110115471,150,2014-12-16,6/16/2015,2015-06-09,,2020-06-09,Operational,roy,,rkwan,2014-12-19 11:34:29
368,9600586,p-2014-057,2014-12-16,0110115473,150,2014-12-16,6/16/2015,2015-06-08,,2020-06-08,Operational,roy,,rkwan,2014-12-19 11:36:13
369,9600583,p-2014-058,2014-12-16,0110115474,150,2014-12-16,6/16/2015,2015-06-08,,2020-06-08,operational,roy,,rkwan,2014-12-19 11:46:58
370,9600594,p-2014-051,2014-12-16,10115466,150,2014-12-16,6/16/2015,2015-06-05,,2020-06-05,Operational,roy,,rkwan,2014-12-19 11:49:31
371,9600580,p-2014-059,2014-12-16,0110115475,150,2014-12-16,6/16/2015,2015-06-08,,2020-06-08,Operational,roy,,rkwan,2014-12-19 12:02:50
372,9500552,P-2014-060,2014-12-11,0110115493,150,2014-12-11,6/11/2015,2015-02-17,,2020-02-17,Operational,roy,,rkwan,2014-12-19 12:11:08
373,9300556,p-2014-061,2014-12-11,0110115494,150,2014-12-11,6/11/2015,2015-03-23,,2020-03-23,Operational,roy,,rkwan,2014-12-19 12:12:58
374,9300555,P-2014-062,2014-12-11,0110115494,150,2014-12-11,6/11/2015,2015-03-23,,2020-03-23,Operational,roy,,rkwan,2014-12-19 12:14:04
375,9500550,P-2014-063,2014-12-11,0110115493,150,2014-12-11,6/11/2015,2015-03-10,,2020-03-10,Operational,roy,,rkwan,2014-12-19 12:16:07
376,9500549,P-2014-064,2014-12-11,110115497,150,2014-12-11,6/11/2015,2015-02-17,,2020-02-17,Operational,roy,,rkwan,2014-12-19 12:17:53
377,9300554,p-2014-065,2014-12-11,0110115498,150,2014-12-11,6/11/2015,2015-03-23,,2020-03-23,Operational,roy,,rkwan,2014-12-19 12:19:10
378,9500548,P-2014-066,2014-12-11,0110115499,150,2014-12-11,6/11/2015,2015-03-10,,2020-03-10,Operational,roy,,rkwan,2014-12-19 12:20:46
379,9400557,p-2014-067,2014-12-11,0110115500,150,2014-12-11,6/11/2015,2015-03-23,,2020-03-23,Operational,roy,,rkwan,2014-12-19 12:22:16
380,9500558,P-2014-068,2014-12-11,0110115501,150,2014-12-11,6/11/2015,2015-02-24,,2020-02-24,Operational,roy,,rkwan,2014-12-19 12:23:34
381,9300545,p-2014-069,2014-12-11,0110115502,150,2014-12-11,6/11/2015,2015-03-23,,2020-03-23,Operational,roy,,rkwan,2014-12-19 12:25:06
382,9500614,P-2014-070,2014-12-11,0110115503,150,2014-12-11,6/11/2015,2015-02-24,,2020-02-24,Operational,roy,,rkwan,2014-12-19 12:27:16
383,9300546,p-2014-071,2014-12-11,0110115453,150,2014-12-11,6/11/2015,2015-03-23,,2020-03-23,Operational,roy,,rkwan,2014-12-19 12:27:51
384,9500544,P-2014-072,2014-12-11,0110115452,150,2014-12-11,6/11/2015,2015-02-24,,2020-02-24,Operational,roy,,rkwan,2014-12-19 12:29:03
385,9500541,P-2014-074,2014-12-11,0110115450,150,2014-12-11,6/11/2015,2015-02-26,,2020-02-26,Operational,roy,,rkwan,2014-12-19 12:30:39
386,9500542,p-2014-073,2014-12-11,0110115451,150,2014-12-11,6/11/2015,2015-02-27,,2020-02-27,Operational,roy,,rkwan,2014-12-19 12:32:05
387,9500539,P-2014-075,2014-12-11,0110115449,150,2014-12-11,6/11/2015,2015-03-10,,2020-03-10,Operational,roy,,rkwan,2014-12-19 12:33:17
388,9707485,p-2015-001,2015-01-01,1287,150,2015-01-01,7/1/2015,2015-10-13,,2020-10-13,Operational,roy,1/15/2015 - application is not signed. - rk,rkwan,2015-01-15 15:56:04
389,9200053,p-2015-002,2015-01-13,0110115562,150,2015-01-13,7/13/2015,2015-06-19,,2020-06-19,Operational,roy,,rkwan,2015-01-15 16:05:48
390,9100510,P-2015-003,2015-01-13,0110118149,150,2015-01-13,7/13/2015,2015-07-02,,2020-07-02,Operational,roy,,rkwan,2015-01-15 16:08:06
391,9707186,P-2015-004,2015-01-13,01101118150,150,2015-01-13,7/13/2015,2015-06-22,,2020-06-22,Operational,,,rkwan,2015-01-15 16:08:41
392,9200512,P-2015-005,2014-12-13,0110118151,150,2015-01-13,7/13/2015,2015-06-22,,2020-06-22,Operational,roy,,rkwan,2015-01-15 16:09:58
393,9200514,P-2015-006,2014-12-13,0110118152,150,2015-01-13,7/13/2015,2015-06-22,,2020-06-22,Operational,roy,,rkwan,2015-01-15 16:11:28
394,9200515,P-2015-007,2014-12-13,0110118153,150,2015-01-13,7/13/2015,2015-06-22,,2020-06-22,Operational,roy,,rkwan,2015-01-15 16:12:46
395,9200491,p-2015-008,2014-12-13,0110115554,150,2015-01-13,7/13/2015,2015-06-30,,2020-06-30,Operational,roy,,rkwan,2015-01-15 16:13:58
396,9100493,P-2015-009,2014-12-13,0110115568,150,2015-01-13,7/13/2015,2015-06-24,,2020-06-24,Operational,roy,,rkwan,2015-01-15 16:15:19
397,9100492,P-2015-010,2014-12-13,011011555,150,2015-01-13,7/13/2015,2015-06-24,,2020-06-24,Operational,roy,,rkwan,2015-01-15 16:16:32
398,9707187,P-2015-011,2015-01-15,011011848,150,2015-01-13,7/13/2015,2015-06-24,,2020-06-24,Operational,roy,,rkwan,2015-01-15 16:17:38
399,9200052,p-2015-012,2015-01-13,0110115567,150,2015-01-13,7/13/2015,2015-06-30,,2020-06-30,Operational,roy,,rkwan,2015-01-15 16:19:08
400,9200498,p-2015-013,2015-01-13,110115556,150,2015-01-13,7/13/2015,2015-07-02,,2020-07-20,Operational,roy,,rkwan,2015-01-15 16:20:08
401,9200501,p-2015-014,2015-01-13,0110115557,150,2015-01-13,7/13/2015,2015-07-02,,2020-07-02,Operational,roy,,rkwan,2015-01-15 16:21:14
402,9200503,P-2015-015,2015-01-13,0110115565,150,2015-01-13,7/13/2015,2015-07-02,,2020-07-02,Operational,roy,,rkwan,2015-01-15 16:22:24
403,9200506,P-2015-016,2015-01-13,0110115558,150,2015-01-13,7/13/2015,2015-06-19,,2020-06-19,Operational,roy,,rkwan,2015-01-15 16:23:34
404,9100507,P-2015-017,2015-01-13,0110115564,150,2015-01-13,7/13/2015,2015-06-19,,2020-06-19,Operational,roy,,rkwan,2015-01-15 16:24:46
405,9100508,P-2015-018,2015-01-13,0110115559,150,2015-01-13,7/13/2015,2015-06-19,,2020-06-19,Operational,roy,,rkwan,2015-01-15 16:25:52
406,9200509,P-2015-019,2015-01-13,0110115563,150,2015-01-13,7/13/2015,2015-06-19,,2020-06-19,Operational,roy,,rkwan,2015-01-15 16:26:48
407,9600577,p-2015-020,2014-12-12,0110115476,150,2014-12-12,6/12/2015,2015-06-30,,2020-06-30,Operational,roy,,rkwan,2015-01-16 11:47:54
408,9600576,P-2015-021,2014-12-12,0110115477,150,2014-12-12,6/12/2015,2015-06-09,,2020-06-09,Operational,roy,,rkwan,2015-01-16 11:52:03
409,9600575,P-2015-022,2014-12-12,0110115454,150,2014-12-12,6/12/2015,2015-06-09,,2020-06-09,Operational,roy,,rkwan,2015-01-16 11:53:26
410,9600574,P-2015-023,2014-12-12,0110115455,150,2014-12-12,6/12/2015,2015-06-09,,2020-06-09,Operational,roy,,rkwan,2015-01-16 11:54:28
411,9600573,P-2015-024,2014-12-12,0110115456,150,2014-12-12,6/12/2015,2015-06-09,,2020-06-09,Operational,roy,,rkwan,2015-01-16 11:55:24
412,9600572,p-2015-025,2014-12-12,0110115457,150,2014-12-12,6/12/2015,2015-06-09,,2020-06-09,Operational,roy,,rkwan,2015-01-16 11:56:10
413,9600571,P-2015-026,2014-12-12,0110115458,150,2014-12-12,6/12/2015,2015-06-09,,2020-06-09,Operational,roy,,rkwan,2015-01-16 11:57:17
414,9600570,P-2015-027,2014-12-12,0110115459,150,2014-12-12,6/12/2015,2015-06-09,,2020-06-09,Operational,roy,,rkwan,2015-01-16 11:58:02
415,9600569,P-2015-028,2014-12-12,0110115460,150,2014-12-12,6/12/2015,2015-06-09,,2020-06-09,Operational,roy,,rkwan,2015-01-16 11:59:05
416,9600568,P-2015-029,2014-12-12,0110115461,150,2014-12-12,6/12/2015,2015-06-09,,2020-06-09,Operational,roy,,rkwan,2015-01-16 12:00:36
417,9600567,P-2015-030,2014-12-12,0110115462,150,2014-12-12,6/12/2015,2015-06-09,,2020-06-09,Operational,roy,,rkwan,2015-01-16 12:01:32
418,9600566,P-2015-031,2014-12-12,0110115481,150,2014-12-12,6/12/2015,2015-06-11,,2020-06-11,Operational,roy,,rkwan,2015-01-16 12:02:17
419,9600563,P-2015-032,2014-02-12,0110115483,150,2014-12-12,6/12/2015,2015-06-11,,2020-06-11,Operational,roy,return check (0110148389) of $150.00.  Submitted duplicate payment - rk  4/28/2016 returned checked - rk,rkwan,2015-01-16 12:03:02
420,9600564,P-2015-033,2014-12-12,0110115482,150,2014-12-12,6/12/2015,2015-06-11,,2020-06-11,Operational,roy,,rkwan,2015-01-16 12:04:24
421,9700602,P-2015-034,2014-12-04,0110115492,150,2014-12-04,6/4/2015,2015-04-27,,2020-04-27,Operational,roy,,rkwan,2015-01-16 12:17:33
422,9700603,p-2015-035- VOID,2014-12-04,0110115491,150,2014-12-04,6/4/2015,,,,Operational,roy,2/25/2015 - will not process permit application per Harlan Hashimoto's e-mail request; e-mail is attached to the original application and is on-file with DOH. Site will be transfered to new owner.  new owner will apply for the permit. Will apply permit fee to another application later/RI       3/12/2015 - will credit permit fee to 9-200522 Mount Kaala Radio Site/RI,rkwan,2015-01-16 12:42:57
423,9700605,p-2015-036,2014-12-04,0110115490,150,2014-12-04,6/4/2015,2015-04-27,,2025-04-27,Operational,roy,,rkwan,2015-01-16 12:45:37
424,9700606,p-2015-037,2014-12-04,0110115489,150,2014-12-04,6/4/2015,2015-04-27,,2020-04-27,Operational,roy,,rkwan,2015-01-16 12:46:32
425,9700607,p-2015-038,2014-12-04,0110115488,150,2014-12-04,6/4/2015,2015-04-27,,2020-04-27,Operational,roy,,rkwan,2015-01-16 12:47:20
426,9700609,P-2015-039,2014-12-04,0110115487,150,2014-12-04,6/4/2015,2015-04-30,,2020-04-30,Operational,roy,,rkwan,2015-01-16 12:48:12
427,9700615,p-2015-040,2014-12-04,0110115484,150,2014-12-04,6/4/2015,2015-04-30,,2020-04-30,Operational,roy,,rkwan,2015-01-16 12:49:06
428,9700612,p-2015-041,2014-12-04,0110115485,150,2014-12-04,6/4/2015,2015-04-30,,2020-04-30,Operational,roy,,rkwan,2015-01-16 12:49:51
429,9700610,p-2015-042,2014-12-04,0110115486,150,2014-12-04,6/4/2015,2015-04-30,,2020-04-30,Operational,roy,,rkwan,2015-01-16 12:50:39
430,9202189,p-2015-043,2015-01-09,0222000,150,2015-01-09,7/9/2015,2015-02-05,2017-11-02,2020-02-05,New,roy,"5/18/2015 the correct address is 55-510 Kam Hwy.  Not 55-506 kam hwy. originally assigned it facility id no. 9-203946. When discovered it is the same site as 55-510 Kam Hwy, deleted 9-203946. - rk               11/20/2018 - rec'd signed Appendix III/RI",rkwan,2015-01-20 14:39:27
431,9707574,P-2000-007-T2-R3,2015-02-12,0060911,50,2015-09-08,.3/8/2016,2015-09-11,,2020-08-12,Renewal,roy,the effective date of this permit is 8/12/2015 even though the letter was dated 9/11/2015- rk,rkwan,2015-02-18 10:23:01
432,9707898,P-2010-004-R1,2015-02-10,022606,50,2015-06-09,12/9/2015,2015-07-20,,2020-07-28,Renewal,roy,permit application was unsigned; document was signed on 6/9/2015/RI,rkwan,2015-02-18 11:20:04
433,9707899,P-2010-005-R1,2015-12-10,0222500,50,2015-06-10,12/10/2015,2015-07-21,,2020-07-28,Renewal,roy,,rkwan,2015-02-18 13:50:35
434,9707559,p-2000-9-r2-t1,2015-01-29,23849,25,2015-08-24,2/24/2015,2015-09-08,,2015-08-12,Transfer,roy,also submitted a renewal permit. Eff 8/2014- rk,rkwan,2015-02-18 13:56:10
435,9707559,p-2000-9-r3-t1,2015-01-29,23850,50,2015-08-24,2/24/2015,2015-09-08,,2020-08-12,Renewal,roy,,rkwan,2015-02-18 14:09:59
436,9707579,P-2000-010-T1-R3,2015-02-08,0110121930,50,2015-02-05,8/5/2015,2015-07-21,,2020-07-29,Renewal,,,rkwan,2015-02-18 14:15:51
437,9101376,P-2015-044,2015-02-17,14098,150,2015-03-20,9/20/2015,2015-07-20,,2020-07-20,Operational,roy,did not receive check - rk   3/20/2015 rec check of 150- rk,rkwan,2015-02-18 14:17:44
438,9600476,P-2015-045,2015-01-23,1395591,150,2015-04-10,10/10/2015,2015-04-28,,2020-04-28,Operational,roy,,rkwan,2015-02-18 14:24:04
439,9100915,p-2015-046,2015-01-30,11144,150,2015-01-30,7/30/2015,2015-11-06,,2020-11-06,Operational,roy,,rkwan,2015-02-18 14:36:28
440,9100913,P-2015-047,2015-01-30,11145,150,2015-01-30,7/30/2015,2015-10-13,,2020-10-13,Operational,roy,,rkwan,2015-02-18 14:40:25
441,9102491,P-2015-048,2015-01-30,11153,150,2015-01-30,7/30/2015,2015-10-14,,2020-10-14,Operational,roy,,rkwan,2015-02-18 14:41:41
442,9200922,P-2015-049,2015-01-30,11146,150,2015-01-30,7/30/2015,2015-11-09,,2020-11-09,Operational,roy,,rkwan,2015-02-18 14:43:59
443,9200925,p-2015-050,2015-01-30,00050,150,2015-01-30,7/30/2015,2015-11-09,,2020-11-09,Operational,roy,,rkwan,2015-02-18 14:45:46
444,9202209,P-2015-051,2015-01-30,11148,150,2015-01-30,7/30/2015,2015-11-06,,2020-11-06,Operational,roy,,rkwan,2015-02-18 14:48:08
445,9201860,p-2015-052,2015-01-30,11149,150,2015-01-30,7/30/2015,2015-11-06,,2020-11-06,Operational,roy,,rkwan,2015-02-18 14:49:59
446,9203163,P-2015-053,2015-01-30,11152,150,2015-01-30,7/30/2015,2015-11-06,,2020-11-06,Operational,roy,,rkwan,2015-02-18 14:51:47
447,9600702,p-2015-054,2015-01-30,11151,150,2015-01-30,7/30/2015,2015-11-06,,2020-11-06,Operational,roy,,rkwan,2015-02-18 14:53:22
448,9100348,p-2015-055,2015-01-30,00047,150,2015-01-30,7/30/2015,2015-11-06,,2020-11-06,Operational,roy,,rkwan,2015-02-18 15:02:34
449,9100517,p-2015-056,2015-02-11,0110118154,150,2015-02-11,8/11/2015,2015-06-30,,2020-06-30,Operational,roy,,rkwan,2015-02-23 08:54:29
450,9200519,p-2015-057,2015-02-11,110118155,150,2015-02-11,8/11/2015,2015-06-15,,2020-06-30,Operational,roy,fdfd,rkwan,2015-02-23 13:55:19
451,9707609,p-2015-058,2015-02-11,0110118156,150,2015-02-11,8/11/2015,2015-06-30,,2020-06-30,Operational,roy,,rkwan,2015-02-23 13:57:01
452,9100520,p-2015-059,2015-02-11,0110118157,150,2015-02-11,8/11/2015,2015-06-30,,2020-06-30,Operational,roy,,rkwan,2015-02-23 14:00:18
453,9101829,p-2015-060,2015-02-11,0110118158,150,2015-02-11,8/11/2015,2015-06-30,,2020-06-30,Operational,roy,,rkwan,2015-02-23 14:01:37
454,9200523,p-2015-061,2015-02-11,0110118160,150,2015-05-26,11/26/2015,2015-06-30,,2020-06-30,Operational,roy,,rkwan,2015-02-23 14:02:39
455,9200524,p-2015-062,2015-02-11,0110118161,150,2015-05-26,11/26/2015,2015-06-30,,2020-06-30,Operational,roy,,rkwan,2015-02-23 14:03:35
456,9100525,p-2015-063,2015-02-11,0110118162,150,2015-05-26,11/26/2015,2015-06-30,,2020-06-30,Operational,roy,,rkwan,2015-02-23 14:04:30
457,9202717,p-2015-064,2015-02-11,0110118163,150,2015-05-26,11/26/2015,2015-06-30,,2020-06-30,Operational,roy,,rkwan,2015-02-23 14:05:21
458,9100526,P-2015-065,2015-02-11,0110118164,150,2015-05-26,11/26/2015,2015-07-02,,2020-07-02,Operational,roy,,rkwan,2015-02-23 14:06:14
459,9100527,p-2015-066,2015-02-11,0110118165,150,2015-05-26,11/25/2015,2015-06-30,,2020-06-30,Operational,roy,,rkwan,2015-02-23 14:07:40
460,9201828,p-2015-067,2015-02-11,0110118166,150,2015-05-26,11/26/2015,2015-06-30,,2020-06-30,Operational,roy,,rkwan,2015-02-23 14:08:40
461,9200529,p-2015-068,2015-02-11,0110118167,150,2015-05-26,11/26/2015,2015-06-30,,2020-06-30,Operational,roy,,rkwan,2015-02-23 14:10:11
462,9200532,P-2015-069,2015-02-11,0110118168,150,2015-05-26,11/26/2015,2015-07-02,,2020-07-02,Operational,roy,,rkwan,2015-02-23 14:11:00
463,9200533,p-2015-070,2015-02-11,0110118169,150,2015-05-26,11/26/2015,2015-06-30,,2020-06-30,Operational,roy,,rkwan,2015-02-23 14:11:53
464,9200534,p-2015-071,2015-02-11,0110118170,150,2015-05-26,11/26/2015,2015-07-02,,2020-07-02,Operational,roy,,rkwan,2015-02-23 14:12:46
465,9100535,P-2015-072,2015-02-11,0110118171,150,2015-05-26,11/26/2015,2015-07-02,,2020-07-02,Operational,roy,,rkwan,2015-02-23 14:13:40
466,9200536,P-2015-073,2015-02-11,0110118172,150,2015-05-26,11/26/2015,2015-07-02,,2020-07-02,Operational,roy,,rkwan,2015-02-23 14:14:33
467,9200537,P-2015-074,2015-02-11,0110118173,150,2015-05-26,11/26/2015,2015-07-02,,2020-07-02,Operational,roy,,rkwan,2015-02-23 14:21:18
468,9200136,P-2005-003-T1-R2,2015-02-23,011567083,50,2015-03-11,9/11/2015,2015-03-31,,2020-03-31,Renewal,roy,,rkwan,2015-03-02 17:07:31
469,9707895,P-2010-003-T1-R1,2015-02-23,011567082,50,2015-03-11,9/11/2015,2015-05-16,,2020-05-16,Renewal,roy,,rkwan,2015-03-02 17:13:14
470,9100135,P-2005-001-T1-R2,2015-02-23,011566996,50,2015-03-11,9/11/2015,2015-03-20,,2020-03-29,Renewal,roy,3/10/2015 - informed Allen Young that this UST Permit would have to be modified to include the other tank by August 2016.-RI,rkwan,2015-03-02 17:16:58
471,9203164,p-2015-075,2015-02-19,11218,150,2015-02-19,8/19/2015,2015-11-27,,2020-11-27,Operational,roy,,rkwan,2015-03-03 08:14:43
472,9707169,p-2015-076,2015-02-19,11221,150,2015-02-19,8/19/2015,2015-11-27,,2020-11-27,Operational,roy,,rkwan,2015-03-03 08:20:13
473,9203150,p-2015-077,2015-02-19,11216,150,2015-02-19,8/19/2015,2015-11-27,,2020-11-27,Operational,roy,,rkwan,2015-03-03 08:23:09
474,9602198,p-2015-078,2015-02-19,11217,150,2015-02-19,8/19/2015,2015-11-24,,2020-11-24,Operational,roy,,rkwan,2015-03-03 08:25:57
475,9201680,p-2015-079,2015-02-19,11220,150,2015-02-19,8/19/2015,2015-11-24,,2020-11-24,Operational,roy,,rkwan,2015-03-03 08:28:41
476,9600704,P-2015-080,2015-02-19,11219,150,2015-02-19,8/19/2015,2015-11-27,,2020-11-24,Operational,roy,,rkwan,2015-03-03 08:31:04
477,9200522,p-2015-081,2015-02-19,0110115491,150,2015-02-19,8/19/2015,2015-04-28,,2020-04-28,Operational,roy,3/3/2015- the permit and check was received for this site .  Returned check no 0110118159 ($150).  USe the payment from Facility Id no. 9-700603 (Kalepa Radio Site) to pay for this site oeprational permit.   - rk,rkwan,2015-03-03 08:35:29
478,9501802,P-2000-008-T1-R3-M1,2015-03-02,27789,50,2015-09-15,3/15/2016,2015-09-30,,2020-09-27,Renewal,roy,,rkwan,2015-03-03 11:32:43
479,9500373,P-2015-082,2015-03-03,11226,150,2015-03-03,9/3/2015,2015-11-27,,2020-11-27,Operational,roy,,rkwan,2015-03-06 09:30:53
480,9502523,p-2015-083,2015-03-03,11223,150,2015-03-03,9/3/2015,2015-11-27,,2020-11-27,Operational,roy,,rkwan,2015-03-06 09:39:12
481,9503046,p-2015-084,2015-03-03,11224,150,2015-03-03,9/3/2015,2015-11-27,,2020-11-27,Operational,roy,,rkwan,2015-03-06 09:42:45
482,9502743,p-2015-085,2015-03-03,11222,150,2015-03-03,9/3/2015,2015-11-27,,2020-11-24,Operational,roy,,rkwan,2015-03-06 09:45:24
483,9600706,p-2015-086,2015-03-03,11225,150,2015-03-03,9/3/2015,2015-11-27,,2020-11-27,Operational,roy,,rkwan,2015-03-06 09:48:29
484,9707568,P-2000-004-M1-R3,2015-02-20,5935271,50,2015-03-23,9/23/2015,2015-06-30,,2020-06-30,Renewal,roy,,rilaga,2015-03-19 09:33:47
485,9600699,p-2015-087,2015-03-13,14099,150,2015-06-26,12/26/2015,2015-11-19,,2020-11-19,Operational,roy,,rkwan,2015-03-24 10:15:35
486,9707590,P-2000-012-T1-R3,2015-03-10,0110123790,50,2015-03-10,9/10/2015,2015-09-11,,2020-09-08,Renewal,,,rkwan,2015-03-24 13:31:40
487,9100530,P-2015-088,2015-03-10,0110123803,150,2015-03-10,9/10/2015,2015-06-18,,2020-06-18,Operational,roy,,rkwan,2015-03-24 13:33:09
488,9300553,p-2015-089,2015-03-10,01101233804,150,2015-03-10,9/10/2015,2015-06-18,,2020-06-18,Operational,roy,,rkwan,2015-03-24 13:36:06
489,9600581,p-2015-090,2015-03-10,0110123805,150,2015-03-10,9/10/2015,2015-07-02,,2020-07-02,Operational,roy,,rkwan,2015-03-24 13:38:14
490,9200331,P-2015-091,2015-03-31,0223295,150,2015-03-31,9/30/2015,2016-03-11,,2021-03-01,Operational,roy,,rkwan,2015-04-10 16:15:09
491,9601786,P-2015-092,2015-03-31,0223310,150,2015-10-01,4/1/2016,2016-03-04,,2021-03-07,Operational,roy,10/1/2015 -pp 1 and 6 revised/RI,rkwan,2015-04-10 16:19:15
492,9101026,P-2015-093,2015-03-31,0223301,150,2015-10-01,4/1/2016,2016-03-04,,2021-03-07,Operational,roy,10/1/2015 - submitted revised 1st page/RI,rkwan,2015-04-10 16:20:41
493,9201724,P-2015-094,2015-03-31,0223294,150,2015-03-31,9/30/2015,2016-03-17,,2021-03-17,Operational,roy,,rkwan,2015-04-10 16:22:44
494,9201863,P-2015-095,2015-03-31,0223293,150,2015-03-31,9/30/2015,2016-03-18,,2021-03-18,Operational,roy,,rkwan,2015-04-10 16:25:02
495,9200323,P-2015-096,2015-03-31,0223292,150,2015-03-31,9/30/2015,2016-03-11,,2021-03-11,Operational,roy,,rkwan,2015-04-10 16:26:56
496,9100343,P-2015-097,2015-03-31,0223291,150,2015-03-31,9/30/2015,2016-03-04,,2021-03-07,Operational,roy,,rkwan,2015-04-10 16:28:39
497,9200329,P-2015-098,2015-03-31,0223290,150,2015-03-31,9/30/2015,2016-03-04,,2021-03-07,Operational,roy,,rkwan,2015-04-10 16:30:14
498,9201865,P-2015-099,2015-03-31,0223289,150,2015-03-31,9/30/2015,2016-03-04,,2021-03-07,Operational,roy,,rkwan,2015-04-10 16:32:11
499,9101725,P-2015-100,2015-03-31,00223296,150,2015-03-31,9/30/2015,2016-03-11,,2021-03-11,Operational,roy,,rkwan,2015-04-10 16:33:59
500,9200622,P-2015-101,2015-03-31,0223297,150,2015-03-31,9/30/2015,2016-03-11,,2021-03-11,Operational,roy,,rkwan,2015-04-10 16:35:29
501,9200311,p-2015-102,2015-03-31,0223311,150,2015-03-31,9/30/2015,2016-03-07,,2021-03-07,Operational,roy,,rkwan,2015-04-10 16:37:35
502,9500421,P-2015-103,2015-03-31,0223298,150,2015-10-01,4/1/2016,2016-03-02,,2021-03-07,Operational,roy,,rkwan,2015-04-10 16:39:26
503,9707015,P-2015-104,2015-03-31,0223309,150,2015-10-01,4/1/2016,2016-03-04,,2021-03-07,Operational,roy,10/1/2015 - p 3 revised/RI,rkwan,2015-04-10 16:41:18
504,9101867,P-2015-105,2015-03-31,223312,150,2015-10-01,4/1/2016,2016-03-04,,2021-03-07,Operational,roy,10/1/2015 - p 3 revised/RI,rkwan,2015-04-10 16:43:05
505,9501862,P-2015-106,2015-03-31,0223313,150,2015-10-26,4/26/2016,2016-03-04,,2021-03-07,Operational,roy,,rkwan,2015-04-10 16:45:51
506,9201029,P-2015-107,2015-03-31,0223300,150,2015-10-01,4/1/2016,2016-03-02,,2021-03-07,Operational,roy,,rkwan,2015-04-10 16:47:38
507,9502484,P-2015-108,2015-03-31,0223308,150,2016-02-17,8/17/2016,2016-03-28,,2021-03-28,Operational,roy,,rkwan,2015-04-10 16:49:28
508,9101032,P-2015-109,2015-03-31,0223307,150,2015-10-01,4/1/2016,2016-03-02,,2021-03-07,Operational,roy,,rkwan,2015-04-17 14:22:23
509,9701257,P-2015-110,2015-03-31,0223306,150,2015-03-31,9/30/2015,2016-03-04,,2021-03-07,Operational,roy,,rkwan,2015-04-17 14:25:21
510,9701555,P-2015-111,2015-03-31,0223305,150,2015-10-01,4/1/2016,2016-03-02,,2021-03-07,Operational,roy,,rkwan,2015-04-17 14:26:52
511,9701679,P-2015-112,2015-03-31,0223304,150,2015-10-01,4/1/2016,2016-03-04,,2021-03-07,Operational,roy,,rkwan,2015-04-17 14:28:35
512,9201024,P-2015-113,2015-03-31,002203,150,2015-03-31,9/30/2015,2016-03-04,,2021-03-07,Operational,roy,,rkwan,2015-04-17 14:30:13
513,9101028,P-2015-114,2015-03-31,0223302,150,2015-03-31,9/30/2015,2016-03-04,,2021-03-07,Operational,roy,,rkwan,2015-04-17 14:31:57
514,9601869,P-2015-115,2015-03-31,0223299,150,2016-02-17,8/17/2016,2016-04-04,,2021-04-04,Operational,roy,,rkwan,2015-04-17 14:33:16
515,9707411,P-2015-116-void,2015-04-14,0223627,150,2015-05-20,11/20/2015,2015-07-16,,2020-07-16,New,roy,Permit to install expired on 7/16/2016. Tanks were not installed-RI,rkwan,2015-04-21 14:26:13
516,9400397,P-2015-117,2015-04-13,24290,150,2015-07-15,1/15/2016,2016-01-29,,2021-01-26,Operational,roy,,rkwan,2015-04-21 14:30:26
519,9602434,P-2015-118,2015-05-04,24035,150,2015-09-16,3/16/2016,2015-09-30,,2020-09-30,Operational,roy,,rkwan,2015-05-12 16:23:51
520,9600477,P-2015-119,2015-05-06,2273,150,2015-12-01,6/1/2016,2016-04-04,,2021-04-04,Operational,roy,,rkwan,2015-05-12 16:29:45
521,9101930,P-2015-120,2015-05-08,000022600,150,2015-09-18,3/18/2016,2016-02-10,,2021-02-05,Operational,roy,check recived on 5/8/2015 - rk,rkwan,2015-05-13 08:39:21
524,9200148,P-2000-017-R3,2015-05-08,111574888,50,2015-05-08,11/8/2015,2015-08-28,,2020-11-03,Renewal,roy,,rkwan,2015-05-22 15:03:27
525,9500542,p-2014-073-T1,2015-05-14,1172,25,2015-05-14,11/14/2015,2015-08-28,,2020-02-27,Transfer,roy,,rkwan,2015-05-27 16:38:27
526,9602400,P-2015-121,2015-05-15,191917,150,2015-08-24,2/24/2016,2016-01-29,,2021-01-29,Operational,roy,,rkwan,2015-05-27 16:39:34
527,9707966,P-2015-122,2015-05-15,cash,150,2015-05-15,11/15/2015,2015-09-03,,2020-09-03,Operational,julia,pay cash for permit application - rk,rkwan,2015-05-28 09:37:37
528,9708001,P-2015-123,2015-06-09,0224504,150,2015-06-09,12/9/2015,2015-07-17,2017-11-02,2020-07-17,New,roy,11/2/2017 received revised appendix iii dated 10/24/2017.  tank installed on 7/15/2015 and product placed in tank on 8/10/2015- rk,rkwan,2015-06-09 14:06:05
529,9600486,P-2015-124,2015-06-09,0224505,150,2015-06-09,12/9/2015,2015-09-30,2019-08-01,2020-09-30,New,roy,old tanks will be removed/RI      8/1/2019 - received Appendix III; requested O/O to submit the manufacturer's installation checklist/RI       10/22/2019 - received completed Form 3/RI,rkwan,2015-06-10 16:19:26
530,9707571,P-2000-006-R3-T1,2015-06-08,084225,50,2015-09-10,3/10/2016,2015-09-30,,2020-07-29,Renewal,roy,,rkwan,2015-06-10 16:23:02
531,9707856,P-2010-007-R1,2015-06-08,084225,50,2015-09-10,3/10/2016,2015-09-30,,2020-10-25,Renewal,roy,,rkwan,2015-06-10 16:26:46
532,9603044,P-2015-125,2015-06-12,1133,150,2015-07-25,1/25/2016,2016-01-29,,2021-01-29,Operational,roy,,rkwan,2015-06-24 16:27:11
533,9600487,P-2015-126,2015-06-15,93903,150,2015-09-11,3/1/2016,2016-02-05,,2021-02-05,Operational,roy,Revised application received on 9/11/2015 - RI,rkwan,2015-06-24 16:30:40
534,9601133,P-2015-127,2015-06-22,1448,150,2015-11-02,5/2/2016,2016-02-09,,2021-02-09,Operational,roy,11/2/2015 submitted another copy received 11/2/2015 - rk     11/6/2015 - revised application/RI,rkwan,2015-06-29 15:26:01
535,9601134,P-2015-128,2015-06-22,1449,150,2015-11-02,5/2/2015,2016-02-09,,2021-02-09,Operational,roy,11/2/2015 submitted another copy received 11/2/2015 - rk      11/6/2015 - revised application/RI,rkwan,2015-06-29 15:30:40
537,9100119,P-2015-129,2015-07-15,089698,150,2015-11-05,5/5/2016,2016-03-14,,2021-03-14,Operational,roy,,rkwan,2015-08-10 10:46:37
538,9707604,P-2000-018-R3-M1,2015-07-20,5998083,50,2015-12-23,6/23/2015,2016-01-04,,2021-01-04,Renewal,,,rkwan,2015-08-10 10:51:48
539,9102514,P-2015-130,2015-07-29,25084,150,2016-03-03,9/3/2016,2016-04-26,,2021-04-26,Operational,roy,,rkwan,2015-08-10 14:52:18
540,9201706,P-2014-026-M1,2015-08-01,0226342,100,2015-09-17,3/17/2016,2015-10-09,2017-11-02,2019-10-13,Modification,roy,"investigating as to why this permit was sent - rk     8/24/2015 -to replace existing tanks, will modify existing permit per Rox/RI   10/1/2015 returned $150 (check no, 0224503)  to aloha petroleum because this is a modification permit - rk",rkwan,2015-08-18 08:13:27
541,9707968,P-2015-131,2015-08-17,29175,150,2015-09-25,3/25/2016,2015-10-13,2018-04-26,2020-10-05,New,roy,revised app received on 9/25/2015,rkwan,2015-08-18 08:17:39
542,9707565,P-2000-003-T3-R3,2015-08-25,0225503,50,2015-11-05,5/5/2016,2016-03-16,,2021-02-26,Renewal,roy,,rkwan,2015-09-02 16:53:13
543,9100278,P-2000-011-R3-M1,2015-03-30,20863,50,2015-03-30,9/30/2015,2015-09-23,,2020-10-05,Renewal,roy,,rilaga,2015-09-10 09:53:45
544,9100499,p-2015-132,2015-09-14,0110137537,150,2015-09-14,3/14/2016,2016-04-04,,2021-04-04,Operational,roy,2/10/2016 rec appendix ii and check of $50.00.  Need to check why sent another check. - rk,rkwan,2015-10-05 16:37:41
545,9707598,P-2000-014-R3,2015-09-24,0024239065,50,2015-09-24,3/24/2016,2016-01-29,,2020-12-06,Renewal,roy,,rkwan,2015-10-05 16:42:28
546,9202889,p-2015-133,2015-10-05,10551,150,2015-11-09,5/9/2015,2016-04-04,,2021-04-04,Operational,roy,only page I was submitted - rk  11/9/2015 rest of application received - rk,rkwan,2015-10-28 16:23:15
547,9302439,p-2015-134,2015-10-14,535477,150,2015-11-09,5/9/2016,2016-04-04,,2021-04-04,Operational,roy,,rkwan,2015-10-28 16:27:25
548,9500956,P-2015-135,2015-10-14,535478,150,2015-11-12,5/12/2015,2016-04-04,,2021-04-04,Operational,roy,,rkwan,2015-10-28 16:30:35
549,9702437,P-2015-136,2015-10-26,1062,150,2015-11-23,5/23/2015,2016-04-12,,2021-04-12,Operational,roy,11/23/2015 appendix ii received - rk,rkwan,2015-10-30 16:08:37
550,9707766,P-2005-007-R2,2015-10-29,0064665,100,2015-11-18,5/18/2015,2015-12-07,,2020-11-23,Renewal,roy,11/18/2015 - revised app received/RI,rkwan,2015-10-30 16:12:56
551,9101186,P-2011-001-R1,2015-10-26,0226610,50,2015-10-26,4/26/2015,2016-03-22,,2021-04-26,Renewal,roy,,rkwan,2015-10-30 16:15:40
552,9101732,P-2000-013-R3,2015-10-23,3318850014,50,2015-11-19,5/19/2015,2015-12-21,,2020-11-23,Renewal,roy,,rkwan,2015-10-30 16:19:08
553,9602206,p-2015-137,2015-10-30,4181,150,2015-11-25,5/25/2016,2016-04-12,,2021-04-12,Operational,roy,10/30/2015 the check is made payable to State tax collector.  - rk,rkwan,2015-11-06 10:06:23
554,9708013,P-2015-138,2015-11-09,PO 16003812,150,2016-02-28,8/18/2016,2016-03-18,,2021-03-18,Operational,roy,paid via purchase order - rk  12/1/2015 rec check of 175 (25 for transfer and 150 for operational permit ) check no. 000151 - rk  3/7/2016 voided this permit number. doing paperwork to refund them $25.00 - rk,rkwan,2015-11-17 16:13:08
555,9708013,P-2015-138-T1  - void,2015-11-09,po 16003810,25,,,,,,Transfer,roy,"paid via purchase order - rk  12/1/2015 rec check of 175 (25 for transfer and 150 for operational permit ) check no. 000151 - rk      2/24/2016 - will not process trasfer of permit, submitted Appendix 1 instead to change O/O information/RI",rkwan,2015-11-17 16:14:20
557,9601657,P-2015-139,2015-11-05,086506,150,2016-03-14,9/14/2016,2016-04-12,,2021-04-12,Operational,roy,,rkwan,2015-11-17 16:31:35
558,9707599,P-2000-015-R3,2015-11-23,cash,150,2015-11-23,5/23/2015,2015-11-29,,2020-11-29,Renewal,roy,,rkwan,2015-12-07 16:20:26
559,9707604,P-2000-018-R3-M2,2015-12-03,87265,150,2016-02-19,8/19/2016,2016-03-09,2016-07-13,2021-01-04,Modification,roy,"adding a 40,000 gallon compartmentalized  ust - rk  7/13/2016 rec appendiix iii showing the change in product stored - rk",rkwan,2015-12-07 17:09:17
560,9600484,P-2015-140,2015-12-01,086681,150,2016-03-14,9/14/2016,2016-04-18,,2021-04-18,Operational,roy,,rkwan,2015-12-07 17:17:16
561,9201123,P-2015-141,2015-12-01,288,150,2016-02-22,8/22/2016,2016-04-07,,2021-04-07,Operational,roy,,rkwan,2015-12-07 17:22:30
562,9102158,P-2000-016-R3-T2,2015-11-27,0000012411,50,2015-11-27,5/27/2016,2016-02-16,,2020-10-27,Renewal,roy,,rkwan,2015-12-08 09:25:27
563,9201918,P-2015-142,2015-11-27,104,150,2016-02-12,8/12/2016,2016-03-14,,2021-03-14,Operational,roy,11/27/2015 check not attached to application - rk  1/13/2016 check of $150 was submitted with Appendix II - rk,rkwan,2015-12-14 15:56:15
564,9500675,P-2015-143,2015-12-03,459459,150,2016-02-17,8/17/2016,2016-04-12,,2021-04-12,Operational,roy,2/17/2016 rec revised appliation  - rk,rkwan,2015-12-14 15:58:47
565,9102735,P-2015-144,2015-11-27,10101213,150,,,2016-04-07,,2021-04-07,Operational,roy,,rkwan,2015-12-14 16:01:48
566,9200862,P-2015-145,2015-11-30,0024297602,150,2015-11-30,5/30/2016,2016-04-08,,2021-04-08,Operational,roy,,rkwan,2015-12-14 16:11:16
567,9201102,P-2015-146,2015-11-30,0024297610,150,2015-11-30,5/30/2016,2016-04-22,,2021-04-22,Operational,roy,,rkwan,2015-12-14 16:14:40
568,9100849,P-2015-147,2015-11-30,0024297636,150,2015-11-30,5/30/2016,2016-04-22,,2021-04-22,Operational,roy,,rkwan,2015-12-14 16:18:14
569,9707179,P-2015-148,2015-11-30,0024297637,150,2015-11-30,5/30/2016,2016-04-22,,2021-04-22,Operational,roy,,rkwan,2015-12-14 16:21:50
570,9101113,P-2015-149,2015-11-30,0024297609,150,2015-11-30,5/30/2016,2016-04-22,,2021-04-22,Operational,roy,,rkwan,2015-12-14 16:24:04
571,9101099,P-2015-150,2015-11-30,0024297595,15,2016-11-30,5/30/2016,2016-04-22,,2021-04-22,Operational,roy,,rkwan,2015-12-14 16:26:26
572,9101110,P-2015-151,2015-11-30,0024297617,150,2015-11-30,5/30/2016,2016-04-22,,2021-04-22,Operational,roy,,rkwan,2015-12-14 16:28:38
573,9101229,P-2015-152,2015-11-30,0024263954,150,2015-11-30,5/30/2016,2016-04-08,,2021-04-08,Operational,roy,,rkwan,2015-12-14 16:30:36
574,9201224,P-2015-153,2015-11-30,0024297634,150,2015-11-30,5/30/2016,2016-04-07,,2021-04-07,Operational,roy,,rkwan,2015-12-14 16:32:43
575,9101720,P-2015-154,2015-11-30,0024297641,150,2015-11-30,5/30/2016,2016-04-08,,2021-04-20,Operational,roy,,rkwan,2015-12-14 16:35:03
576,9201117,P-2015-155,2015-11-30,0024297635,150,2015-11-30,5/30/2016,2016-04-11,,2021-04-11,Operational,roy,,rkwan,2015-12-14 16:37:16
577,9101119,P-2015-156,2015-11-30,0024297638,150,2015-11-30,5/30/2016,2016-04-22,,2021-04-22,Operational,roy,,rkwan,2015-12-14 16:40:04
578,9101247,P-2015-157,2015-11-30,0024297615,150,2016-02-29,8/29/2016,2016-04-11,,2021-04-11,Operational,roy,,rkwan,2015-12-14 16:43:33
579,9101236,P-2015-158,2015-11-30,0024297607,150,2016-11-30,5/30/2016,2016-04-22,,2021-04-22,Operational,roy,,rkwan,2015-12-14 16:45:42
580,9201233,P-2015-159,2015-11-30,0024297606,150,2015-11-30,5/30/2016,2016-04-08,,2021-04-08,Operational,roy,,rkwan,2015-12-14 16:47:50
581,9501125,P-2015-160,2015-11-30,0024297603,150,2015-11-30,5/30/2016,2016-04-22,,2021-04-22,Operational,roy,,rkwan,2015-12-14 16:50:05
582,9201214,P-2015-161,2015-11-30,0024297593,150,2015-11-30,5/30/2016,2016-04-18,,2021-04-18,Operational,roy,,rkwan,2015-12-14 16:52:05
583,9101237,P-2015-162,2015-11-30,0024297594,150,2016-11-30,5/30/2016,2016-04-18,,2021-04-18,Operational,roy,,rkwan,2015-12-14 16:54:10
584,9201256,P-2015-163,2015-11-30,0024297639,150,2015-11-30,5/30/2016,2016-04-11,,2021-04-11,Operational,roy,,rkwan,2015-12-14 16:56:04
585,9701131,P-2015-164,2015-11-30,0024297605,150,2015-11-30,5/30/2016,2016-04-07,,2021-04-07,Operational,roy,,rkwan,2015-12-14 16:57:48
586,9101101,P-2015-165,2015-11-30,0024297604,150,2015-11-30,5/30/2016,2016-04-11,,2021-04-11,Operational,roy,,rkwan,2015-12-14 16:59:54
587,9201226,P-2015-166,2015-11-30,0024297611,150,2015-11-30,5/30/2016,2016-04-18,,2021-04-18,Operational,roy,,rkwan,2015-12-14 17:01:23
588,9101255,P-2015-167,2015-11-30,0024297600,150,2015-11-30,5/30/2016,2016-04-12,,2021-04-12,Operational,roy,,rkwan,2015-12-14 17:04:13
589,9100235,P-2015-168,2015-11-30,0024297597,150,2015-11-30,5/30/2016,2016-04-11,,2021-04-11,Operational,roy,,rkwan,2015-12-14 17:14:41
590,9101238,P-2015-169,2015-11-30,0024297601,150,2015-11-30,5/30/2016,2016-04-11,,2021-04-11,Operational,roy,,rkwan,2015-12-14 17:16:04
591,9201252,P-2015-170,2015-11-30,0024297614,150,2015-11-30,5/30/2016,2016-04-12,,2021-04-12,Operational,roy,,rkwan,2015-12-14 17:17:07
592,9101225,P-2015-171,2015-11-30,0024297599,150,2015-11-30,5/30/2016,2016-04-12,,2021-04-12,Operational,roy,,rkwan,2015-12-14 17:18:35
593,9101246,P-2015-172,2015-11-30,0024297598,150,2015-11-30,5/30/2016,2016-04-11,,2021-04-11,Operational,roy,,rkwan,2015-12-14 17:19:04
594,9101108,P-2015-173,2015-11-30,0024297608,150,2015-11-30,5/30/2016,2016-04-12,,2021-04-12,Operational,roy,,rkwan,2015-12-14 17:20:22
595,9101118,P-2015-174,2015-11-30,0024297640,150,2015-11-30,5/30/2016,2016-04-11,,2021-04-11,Operational,roy,,rkwan,2015-12-14 17:21:24
596,9101105,P-2015-175,2015-11-30,0024297612,150,2016-11-30,5/30/2016,2016-04-11,,2021-04-11,Operational,roy,,rkwan,2015-12-14 17:22:12
597,9708135,P-2015-176,2015-11-30,0024297596,150,2015-11-30,5/30/2016,2016-04-11,,2021-04-11,Operational,roy,,rkwan,2015-12-14 17:24:25
598,9201097,P-2015-177,2015-11-30,0024297613,150,2015-11-30,5/30/2016,2016-04-12,,2021-04-12,Operational,roy,,rkwan,2015-12-14 17:24:51
600,9707559,p-2000-9-r3-t2,2015-12-11,12468,25,2015-12-28,6/28//2016,2016-01-27,,2020-08-12,Transfer,roy,no payment eceived.  - rk,rkwan,2015-12-16 14:37:55
601,9102083,P-2015-178,2015-12-18,092513345,150,2015-12-18,5/18/2016,2016-04-22,,2021-04-22,Operational,roy,,rkwan,2015-12-23 14:49:31
602,9707297,P-2016-001,2016-01-04,459690,150,2016-01-04,7/4/2016,2016-04-12,,2021-04-12,Operational,roy,,rkwan,2016-01-05 15:41:44
603,9200965,P-2015-179,2015-12-21,846282,150,2015-12-21,6/21/2016,2016-04-07,,2021-04-07,Operational,roy,,rkwan,2016-01-05 15:45:35
604,9200966,P-2015-180,2015-12-21,846280,150,2015-12-21,6/21/2016,2016-04-04,,2021-04-04,Operational,roy,,rkwan,2016-01-05 15:48:41
605,9100957,P-2015-181,2015-12-21,846281,150,2015-12-21,6/21/2016,2016-04-07,,2021-04-07,Operational,roy,10/27/2017 rec appendix I to correct the release detection method that is being used for the diesel and gasoline tank.  - rk,rkwan,2016-01-05 16:04:50
606,9102498,P-2015-182,2015-12-31,065245,150,2016-02-19,8/19/2016,2016-04-07,,2021-04-07,Operational,roy,2/19/2016 - rec'd revised app/RI,rkwan,2016-01-05 16:10:11
607,9707572,P-2015-183,2015-12-23,1057,150,2015-12-23,6/23/2016,2016-03-17,,2021-03-17,Operational,roy,,rkwan,2016-01-05 16:13:09
608,9101235,P-2015-184,2015-12-31,1058,150,2015-12-23,6/23/2016,2016-03-07,,2021-03-07,Operational,roy,,rkwan,2016-01-05 16:16:56
609,9600729,P-2016-002,2016-01-06,087449,150,2016-03-14,9/14/2016,2016-04-18,,2021-04-18,Operational,roy,,rkwan,2016-01-11 16:11:43
610,9502183,P-2016-003,2016-01-07,087543,150,2016-04-06,10/6/2016,2016-05-09,,2021-05-09,Operational,roy,,rkwan,2016-01-11 16:16:51
611,9500223,P-2016-004,2016-01-07,087542,150,2016-03-16,9/16/2016,2016-05-09,,2021-05-09,Operational,roy,,rkwan,2016-01-11 16:19:23
612,9707245,P-2016-005,2016-01-07,087541,150,2016-04-06,10/6/2016,2016-05-09,,2021-05-09,Operational,roy,,rkwan,2016-01-11 16:20:53
613,9500423,P-2016-006,2016-01-07,087544,150,2016-04-06,10/6/2016,2016-05-09,,2021-05-09,Operational,roy,,rkwan,2016-01-11 16:24:53
614,9500376,P-2016-007,2016-01-07,087545,150,2016-04-06,10/6/2016,2016-05-09,,2021-05-09,Operational,roy,,rkwan,2016-01-11 16:25:26
615,9500424,P-2016-008,2016-01-12,12690,150,2016-03-24,9/24/2016,2016-05-12,,2021-05-12,Operational,roy,,rkwan,2016-01-14 15:38:53
616,9201182,P-2016-009,2016-01-12,1084,150,2016-03-28,9/28/2016,2016-05-09,,2021-05-09,Operational,roy,3/28/2016 RC REVISED APPLICATION-rk,rkwan,2016-01-14 15:49:59
617,9102098,P-2016-010,2016-01-08,1522,150,2016-03-15,9/15/2016,2016-05-09,,2021-05-09,Operational,roy,,rkwan,2016-01-14 15:55:22
618,9707253,p-2016-011,2016-01-08,1522,150,2016-03-15,9/15/2016,2016-05-09,,2021-05-09,Operational,roy,,rkwan,2016-01-14 15:59:32
619,9707258,P-2016-012,2016-01-05,1522,150,2016-01-08,7/8/2016,2016-04-26,,2021-04-26,Operational,roy,,rkwan,2016-01-14 16:01:57
620,9102082,P-2016-013,2016-01-08,5122,150,2016-03-15,9/15/2016,2016-05-09,,2021-05-09,Operational,roy,,rkwan,2016-01-14 16:04:25
621,9102088,P-2016-014,2015-01-08,5122,150,2016-03-16,9/16/2016,2016-05-09,,2021-05-09,Operational,roy,,rkwan,2016-01-14 16:07:09
622,9601607,P-2016-039,2016-01-13,034940,150,2016-03-31,9/30/2016,2016-05-12,,2021-05-12,Operational,roy,,rkwan,2016-01-14 16:22:07
623,9601647,P-2016-015,2016-01-13,034940,150,,,2016-05-12,,2021-05-12,Operational,roy,,rkwan,2016-01-14 16:23:14
624,9602718,P-2016-016,2016-01-13,034940,150,2016-03-31,9/30/2016,2016-05-12,,2021-05-12,Operational,roy,,rkwan,2016-01-14 16:23:37
625,9707663,P-2016-017,2016-01-14,023024,150,2016-05-23,11/23/2016,2016-06-23,,2021-06-23,Operational,roy,,rkwan,2016-01-14 16:32:19
626,9401879,P-2016-018,2016-01-14,023025,150,2016-05-23,11/23/2016,2016-06-23,,2021-06-23,Operational,roy,,rkwan,2016-01-14 16:37:44
627,9100045,P-2005-006-R2,2016-01-22,12539,50,2016-01-22,7/22/2016,2016-04-25,,2021-07-24,Renewal,roy,exp 7/24/2016,rkwan,2016-01-27 14:05:48
628,9707578,P-2016-019,2016-01-14,12520,150,2016-04-06,10/6/2016,2016-06-20,,2021-06-20,Operational,roy,,rkwan,2016-01-27 14:25:16
629,9200029,p-2016-020,2016-01-19,12502,150,2016-01-19,7/19/2016,2016-04-26,,2021-04-26,Operational,roy,,rkwan,2016-01-27 14:30:18
630,9702798,P-2016-021,2016-01-19,10567,150,2016-05-13,11/13/2016,2016-06-08,,2021-06-08,Operational,roy,,rkwan,2016-01-27 14:33:55
631,9707439,P-2016-022,2016-01-19,333819,150,2016-05-25,11/25/2016,2016-06-23,,2021-06-23,Operational,roy,,rkwan,2016-01-27 14:45:30
632,9201918,P-2015-142-T1-void,2016-01-19,109,25,,,,,,Transfer,roy,"Per Russell Pereira, application will be withdrawn-RI   3/8/2016 transfer application is voided because they submitted it by mistake.  Check returned - rk",rkwan,2016-01-27 14:50:57
633,9201854,P-2016-023,2016-01-29,011598634,150,2016-01-29,7/29/2016,2016-04-26,,2021-04-26,Operational,roy,,rkwan,2016-02-08 13:38:23
634,9601928,P-2016-024,2016-02-01,1093,150,2016-03-18,9/16/2016,2016-04-26,,2021-04-26,Operational,,,rkwan,2016-02-08 13:53:58
635,9201124,P-2016-025,2016-02-01,1169,150,2016-03-30,9/30/2016,2016-04-26,,2021-04-26,Operational,roy,,rkwan,2016-02-08 13:56:53
636,9502002,P-2016-026,2016-01-29,40347,150,2016-04-06,10/6/2016,2016-05-12,,2021-05-12,Operational,ri,4/6/2016 rec revised application - rk,rkwan,2016-02-08 14:01:56
637,9700613,p-2016-027,2016-01-29,011147327,150,2016-03-16,9/16/2016,2016-04-18,,2021-04-18,Operational,ri,"1/29/2016 - a check for 5 locations (9-700613,09-200518, 9-700608, 9-500582 and 9-600579) - rk",rkwan,2016-02-08 14:05:26
638,9200518,P-2016-028,2016-01-29,0110147327,150,2016-03-16,9/16/2016,2016-04-18,,2021-04-18,Operational,roy,"1/29/2016 - a check for 5 locations (9-700613,09-200518, 9-700608, 9-500582 and 9-600579) - rk",rkwan,2016-02-08 14:09:37
639,9700608,P-2016-029,2016-01-29,0110147327,150,2016-03-16,9/16/2016,2016-04-18,,2021-04-18,Operational,roy,"1/29/2016 - a check for 5 locations (9-700613,09-200518, 9-700608, 9-500582 and 9-600579) - rk",rkwan,2016-02-08 14:10:12
640,9600582,p-2016-030,2016-01-29,0110147327,150,2016-03-16,9/16/2016,2016-04-18,,2021-04-18,Operational,roy,"1/29/2016 - a check for 5 locations (9-700613,09-200518, 9-700608, 9-500582 and 9-600579) - rk",rkwan,2016-02-08 14:10:40
641,9600579,p-2016-031,2016-01-29,0110147327,150,2016-03-16,9/16/2016,2016-04-18,,2021-04-18,Operational,roy,"1/29/2016 - a check for 5 locations (9-700613,09-200518, 9-700608, 9-500582 and 9-600579) - rk",rkwan,2016-02-08 14:11:04
642,9707803,P-2006-004-R2,2016-02-09,0228326,50,2016-02-09,8/9/2016,2016-04-25,,2021-08-14,Renewal,roy,,rkwan,2016-02-16 15:30:20
643,9202938,P-2016-032,2016-02-09,0228309,150,2016-06-06,12/6/2016,2016-07-15,,2021-07-15,Operational,roy,,rkwan,2016-02-16 15:40:42
644,9200315,p-2016-033,2016-02-09,0228322,150,2016-06-06,12/6/2016,2016-07-15,,2021-07-15,Operational,roy,,rkwan,2016-02-16 15:46:09
645,9202796,P-2016-034,2016-02-09,0228323,150,2016-06-06,12/6/2016,2016-07-15,,2021-07-15,Operational,roy,,rkwan,2016-02-16 15:54:01
646,9707593,P-2016-035,2016-02-09,0228321,150,2016-06-06,12/6/2016,2016-07-15,,2021-07-15,Operational,roy,,rkwan,2016-02-16 15:59:09
647,9700444,P-2016-036,2016-02-09,0228320,150,2016-06-06,12/6/2016,2016-07-15,,2021-07-15,Operational,roy,,rkwan,2016-02-16 16:03:41
648,9501005,P-2016-037,2016-02-09,0228318,150,2016-06-06,12/6/2016,2016-07-15,,2021-07-15,Operational,roy,,rkwan,2016-02-16 16:07:06
649,9501006,P-2016-038,2016-02-09,0228317,150,2016-06-06,12/6/2016,2016-07-15,,2021-07-15,Operational,roy,,rkwan,2016-02-16 16:11:18
650,9601320,P-2016-040,2016-02-09,0228314,150,2016-06-06,12/6/2016,2016-07-18,,2021-07-18,Operational,roy,,rkwan,2016-02-17 14:31:40
651,9601019,P-2016-041,2016-02-09,0228313,150,2016-06-06,12/6/2016,2016-07-18,,2021-07-18,Operational,roy,,rkwan,2016-02-17 14:34:55
652,9701784,P-2016-042,2016-02-09,0228308,150,2016-06-06,12/6/2016,2016-07-15,,2021-07-15,Operational,roy,,rkwan,2016-02-17 14:41:16
653,9701695,P-2016-043,2016-02-09,0228307,150,2016-06-06,12/6/2016,2016-07-15,,2021-07-15,Operational,roy,,rkwan,2016-02-17 14:45:58
654,9201458,P-2016-044,2016-02-09,0228325,150,2016-06-06,12/6/2016,2016-07-15,,2021-07-15,Operational,roy,,rkwan,2016-02-17 14:50:30
655,9201025,P-2016-045,2016-02-09,0228312,150,2016-02-09,8/9/2016,2016-07-15,,2021-07-15,Operational,roy,,rkwan,2016-02-17 14:53:53
656,9101017,P-2016-046,2016-02-09,0228316,150,2016-06-06,12/6/2016,2016-07-15,,2021-07-15,Operational,roy,,rkwan,2016-02-17 15:00:17
657,9201016,P-2016-047,2016-02-09,0228319,150,2016-06-06,12/6/2016,2016-07-15,,2021-07-15,Operational,roy,,rkwan,2016-02-17 15:04:24
658,9100314,P-2016-048,2016-02-09,0228305,150,2016-03-15,9/15/2016,2016-04-08,2017-05-26,2021-04-08,New,roy,5/26/2017 - received Appendix III as result of an inspection conducted on 5/23/2017 - RI,rkwan,2016-02-17 15:07:32
659,9100316,P-2016-049,2016-02-09,0228315,150,2016-06-06,12/6/2016,2016-07-15,,2021-07-15,Operational,roy,,rkwan,2016-02-17 15:14:55
660,9707100,P-2016-050,2016-02-11,12519,150,2016-06-08,12/8/2016,2016-06-28,,2021-06-28,Operational,roy,,rkwan,2016-02-17 15:25:17
661,9201206,P-2016-051,2016-02-11,12511,150,2016-02-11,8/11/2016,2016-06-28,,2021-06-28,Operational,roy,,rkwan,2016-02-17 15:32:01
662,9101196,p-2016-052,2016-02-11,12512,150,2016-06-08,12/8/2016,2016-06-28,,2021-06-28,Operational,roy,,rkwan,2016-02-17 15:35:17
663,9201209,p-2016-053,2016-02-11,12509,150,2016-06-08,12/8/2016,2016-06-28,,2021-06-28,Operational,roy,,rkwan,2016-02-17 15:39:10
664,9201207,P-2016-054,2016-02-11,12515,150,2016-06-08,12/6/2012,2016-06-28,,2021-06-28,Operational,roy,,rkwan,2016-02-17 15:42:32
665,9707330,P-2016-055,2016-02-11,12517,150,2016-06-08,12/8/2016,2016-06-28,,2021-06-28,Operational,roy,,rkwan,2016-02-17 15:45:11
666,9100028,P-2016-056,2016-02-11,12518,150,2016-06-15,12/15/2016,2016-06-28,,2021-06-28,Operational,roy,,rkwan,2016-02-17 15:48:23
667,9201184,p-2016-057,2016-02-11,12507,150,2016-06-08,12/8/2016,2016-06-28,,2021-06-28,Operational,roy,,rkwan,2016-02-17 15:51:28
668,9201177,P-2016-058,2016-02-11,12516,150,2016-06-08,12/8/2016,2016-06-28,,2021-06-28,Operational,roy,,rkwan,2016-02-17 15:56:07
669,9501586,P-2016-059,2016-02-08,8346,150,2016-04-18,10/18/2016,2016-06-08,,2021-06-08,Operational,roy,,rkwan,2016-02-17 16:03:37
670,9100901,P-2006-005-R2-M1,2016-02-12,cash,50,2016-02-12,8/12/2016,2016-04-25,,2021-08-14,Renewal,roy,,rkwan,2016-02-18 08:21:07
671,9200024,P-2016-060,2016-02-17,16354,150,2016-04-19,10/19/2016,2016-05-12,,2021-05-12,Operational,roy,,rkwan,2016-02-18 08:26:19
672,9101653,p-2016-061,2016-02-17,165023,150,2016-04-21,10/21/2016,2016-06-20,,2021-06-20,Operational,rioy,4/21/2016 rec appendix ii -dated 4/20/2016 rk,rkwan,2016-02-18 08:32:47
673,9707801,P-2006-003-R2,2016-02-19,00028448,50,2016-04-19,10/19/2016,2016-04-25,,2021-07-14,Renewal,roy,,roxanne.kwan,2016-03-01 16:10:44
674,9101189,P-2016-062,2016-02-29,12513,150,2016-06-08,12/8/2016,2016-07-18,,2021-07-18,Operational,roy,,roxanne.kwan,2016-03-01 16:17:55
675,9200018,P-2016-063,2016-02-29,12503,150,2016-06-08,12/8/2016,2016-07-18,,2021-07-18,Operational,roy,,roxanne.kwan,2016-03-01 16:22:19
676,9701523,P-2016-064,2016-02-26,1399086,150,2016-02-26,8/26/2016,2016-07-08,,2021-07-08,Operational,roy,,roxanne.kwan,2016-03-01 16:24:07
677,9601874,P-2016-065,2016-02-26,19019,150,2016-02-26,8/26/2016,2016-05-12,,2021-05-12,Operational,roy,,roxanne.kwan,2016-03-01 16:27:04
678,9200513,P-2016-066,2016-02-24,3319146745,150,2016-05-26,11/26/2016,2016-06-23,,2021-06-23,Operational,roy,,roxanne.kwan,2016-03-01 17:06:12
679,9101732,P-2000-013-R3-M1,2016-02-24,3319146744,100,2016-05-26,11/26/2016,2016-06-23,,2020-11-23,Modification,roy,this permit adds in the old tank into the new permitted tank.,roxanne.kwan,2016-03-01 17:09:51
680,9201467,P-2016-067,2016-02-24,11101,150,2016-05-27,11/27/2016,2016-06-23,,2021-06-23,Operational,roy,,roxanne.kwan,2016-03-01 17:14:10
681,9102200,P-2016-068,2016-02-24,11100,150,2016-05-27,11/27/2016,2016-06-23,,2021-06-23,Operational,roy,,roxanne.kwan,2016-03-01 17:16:19
682,9707071,P-2016-069,2016-02-19,065725,150,2016-02-19,8/19/2016,2016-04-26,,2021-04-26,Operational,roy,,roxanne.kwan,2016-03-01 17:18:52
683,9100733,P-2016-070,2016-02-23,3056,150,2016-04-19,10/19/2016,2016-06-08,,2021-06-08,Operational,roy,,roxanne.kwan,2016-03-01 17:21:01
684,9201183,P-2016-071,2016-02-22,9420,150,2016-04-19,10/19/2016,2016-05-12,,2021-05-12,Operational,roy,,roxanne.kwan,2016-03-01 17:23:21
686,9100055,p-2016-072,2016-02-18,8522 17826534,150,2016-02-18,8/18/2016,2016-06-07,,2021-06-07,operational,roy,check will be coming   3/3/2016  received check.  Total amount is 23 sites x 150 = 3450.  Submitted check of 3900.  Need ot reimburse $450 - rk,,
687,9100991,P-2016-073,2016-02-18,8522 17826534,150,2016-02-18,8/18/2016,2016-06-07,,2021-06-07,operational,roy,check will be coming   3/3/2016  received check.  Total amount is 23 sites x 150 = 3450.  Submitted check of 3900.  Need ot reimburse $450 - rk,,
688,9101850,P-2016-074,2016-02-18,8522 17826534,150,2016-02-18,8/18/2016,2016-06-07,,2021-06-07,operational,roy,check will be coming  3/3/2016  received check.  Total amount is 23 sites x 150 = 3450.  Submitted check of 3900.  Need ot reimburse $450 - rk,,
689,9102001,P-2016-075,2016-02-18,8522 178265341,150,2016-02-18,8/18/2016,2016-06-13,,2021-06-13,operational,roy,check will be coming  3/3/2016  received check.  Total amount is 23 sites x 150 = 3450.  Submitted check of 3900.  Need ot reimburse $450 - rk,,
697,9102052,P-2016-076,2016-02-18,8522 17826534,150,2016-05-12,11/12/2016,2016-06-13,,2021-06-13,operational,roy,check will be coming   3/3/2016  received check.  Total amount is 23 sites x 150 = 3450.  Submitted check of 3900.  Need ot reimburse $450 - rk,,
698,9102058,P-2016-077,2016-02-18,8522 17826534,150,2016-02-18,8/18/2016,2016-06-07,,2021-06-07,Operational,roy,check will be coming  3/3/2016  received check.  Total amount is 23 sites x 150 = 3450.  Submitted check of 3900.  Need ot reimburse $450 - rk,roxanne.kwan,2016-03-02 11:54:56
699,9102062,P-2016-078,2016-02-18,8522 17826534,150,2016-02-18,8/18/2016,2016-06-23,,2021-06-23,Operational,roy,check will be coming  3/3/2016  received check.  Total amount is 23 sites x 150 = 3450.  Submitted check of 3900.  Need ot reimburse $450 - rk,roxanne.kwan,2016-03-02 11:55:18
700,9102302,P-2016-079,2016-02-18,8522 17826534,150,2016-02-18,8/18/2016,2016-06-07,,2021-06-07,operational,roy,check will be coming  3/3/2016  received check.  Total amount is 23 sites x 150 = 3450.  Submitted check of 3900.  Need ot reimburse $450 - rk,,
720,9102384,P-2016-080,2016-02-18,8522 17826534,150,2016-02-18,8/18/2016,2016-06-13,,2021-06-13,Operational,roy,check will be coming  3/3/2016  received check.  Total amount is 23 sites x 150 = 3450.  Submitted check of 3900.  Need ot reimburse $450 - rk,roxanne.kwan,2016-03-02 12:02:09
721,9102679,P-2016-081,2016-02-18,8522 17826534,150,2016-02-18,8/18/2016,2016-06-07,,2021-06-07,Operational,roy,check will be coming  3/3/2016  received check.  Total amount is 23 sites x 150 = 3450.  Submitted check of 3900.  Need ot reimburse $450 - rk,roxanne.kwan,2016-03-02 12:02:38
722,9103154,p-2016-082,2016-02-18,8522 17826534,150,2016-02-18,8/18/2016,2016-06-23,,2021-06-23,Operational,roy,check will be coming 3/3/2016  received check.  Total amount is 23 sites x 150 = 3450.  Submitted check of 3900.  Need ot reimburse $450 - rk,roxanne.kwan,2016-03-02 12:02:57
723,9200976,P-2016-083,2016-02-18,8522 17826534,150,2016-02-18,8/18/2016,2016-06-13,,2021-06-13,Operational,roy,check will be coming  3/3/2016  received check.  Total amount is 23 sites x 150 = 3450.  Submitted check of 3900.  Need ot reimburse $450 - rk,roxanne.kwan,2016-03-02 12:04:03
724,9200982,P-2016-084,2016-02-18,8522 17826534,150,2016-02-18,8/18/2016,2016-06-07,,2021-06-07,Operational,roy,check will be coming  3/3/2016  received check.  Total amount is 23 sites x 150 = 3450.  Submitted check of 3900.  Need ot reimburse $450 - rk,roxanne.kwan,2016-03-02 12:04:28
725,9202310,P-2016-085,2016-02-18,8522 17826534,150,2016-02-18,8/18/2016,2016-06-23,,2021-06-23,operational,roy,check will be coming  3/3/2016  received check.  Total amount is 23 sites x 150 = 3450.  Submitted check of 3900.  Need ot reimburse $450 - rk,roxanne kwan,
726,9202313,P-2016-086,2016-02-18,8522 17826534,150,2016-02-18,8/18/2016,2016-06-13,,2021-06-13,Operational,roy,check will be coming  3/3/2016  received check.  Total amount is 23 sites x 150 = 3450.  Submitted check of 3900.  Need ot reimburse $450 - rk,roxanne.kwan,2016-03-02 12:02:38
728,9202315,P-2016-087,2016-02-18,8522 17826534,150,2016-02-18,8/18/2016,2016-06-13,,2021-06-13,Operational,roy,check will be coming  3/3/2016  received check.  Total amount is 23 sites x 150 = 3450.  Submitted check of 3900.  Need ot reimburse $450 - rk,roxanne.kwan,2016-03-02 12:02:38
730,9202316,P-2016-088,2016-02-18,8522 17826534,150,2016-02-18,8/18/2016,2016-06-13,,2021-06-13,Operational,roy,check will be coming  3/3/2016  received check.  Total amount is 23 sites x 150 = 3450.  Submitted check of 3900.  Need ot reimburse $450 - rk,roxanne.kwan,2016-03-02 12:02:38
731,9202319,P-2016-089,2016-02-18,8522 17826534,150,2016-02-18,8/18/2016,2016-06-13,,2021-06-13,Operational,roy,check will be coming  3/3/2016  received check.  Total amount is 23 sites x 150 = 3450.  Submitted check of 3900.  Need ot reimburse $450 - rk,roxanne.kwan,2016-03-02 12:02:38
744,9700463,P-2016-090,2016-02-18,8522 17826534,150,2016-02-18,8/18/2016,2016-06-07,,2021-06-07,Operational,roy,check will be coming  3/3/2016  received check.  Total amount is 23 sites x 150 = 3450.  Submitted check of 3900.  Need ot reimburse $450 - rk,roxanne.kwan,2016-03-02 12:02:38
745,9700824,P-2016-091,2016-02-18,8522 17826534,150,2016-02-18,8/18/2016,2016-06-23,,2021-06-23,Operational,roy,check will be coming  3/3/2016  received check.  Total amount is 23 sites x 150 = 3450.  Submitted check of 3900.  Need ot reimburse $450 - rk,roxanne.kwan,2016-03-02 12:02:38
746,9701094,P-2016-092,2016-02-18,8522 17826534,150,2016-02-18,8/18/2016,2016-06-23,,2021-06-23,Operational,roy,check will be coming  3/3/2016  received check.  Total amount is 23 sites x 150 = 3450.  Submitted check of 3900.  Need ot reimburse $450 - rk,roxanne.kwan,2016-03-02 12:02:38
747,9701318,P-2016-093,2016-02-18,8522 17826534,150,2016-02-18,8/18/2016,2016-06-07,,2021-06-07,Operational,roy,check will be coming  3/3/2016  received check.  Total amount is 23 sites x 150 = 3450.  Submitted check of 3900.  Need to reimburse $450 - rk,roxanne.kwan,2016-03-02 12:02:38
796,9600013,P-2016-135,2016-04-12,66078,150,2016-06-08,12/8/2016,2016-07-14,,2021-07-14,Operational,roy,,roxanne.kwan,2016-04-18 17:02:31
748,9102465,p-2016-094,2016-02-18,8522 17826534,150,2016-02-18,8/18/2016,2016-06-07,,2021-06-07,Operational,roy,check will be coming  3/3/2016  received check.  Total amount is 23 sites x 150 = 3450.  Submitted check of 3900.  Need ot reimburse $450 - rk,roxanne.kwan,2016-03-02 12:02:38
750,9200033,P-2011-002-R1,2016-01-25,0000012538,50,2016-01-25,7/25/2016,2016-04-26,,2021-08-24,Renewal,roy,,roy.ilaga,2016-03-11 13:52:56
751,9201205,P-2016-095,2016-03-11,12514,150,2016-06-08,12/8/2016,2016-07-18,,2021-07-18,Operational,roy,,roxanne.kwan,2016-03-17 11:26:18
752,9100103,P-2016-096,2016-03-11,12505,150,2016-06-08,12/8/2016,2016-07-18,,2021-07-18,Operational,roy,,roxanne.kwan,2016-03-17 14:37:52
753,9101201,P-2016-097,2016-03-11,12510,150,2016-06-08,12/8/2016,2016-07-18,,2021-07-18,Operational,roy,,roxanne.kwan,2016-03-17 14:41:42
754,9200027,P-2016-098,2016-03-11,12504,150,2016-06-08,12/8/2016,2016-07-18,,2021-07-18,Operational,roy,,roxanne.kwan,2016-03-17 14:45:20
755,9201204,P-2016-099,2016-03-11,12506,150,2016-06-08,12/8/2016,2016-06-28,,2021-06-28,Operational,roy,,roxanne.kwan,2016-03-17 14:48:55
756,9202391,P-2016-100,2016-03-07,po 41099844,150,2016-04-26,10/26/2016,2016-06-20,,2021-06-20,Operational,roy,3/7/2016 -received copy of purchase order - rk        11/18/2020 - discovered that the permit number P-2016-106 issued on 6/20/2016 was incorrect. It should have been P-2016-100. Will correct and update during renewal/RI,roxanne.kwan,2016-03-17 15:38:37
757,9500540,P-2016-101,2016-03-02,0110149672,150,2016-03-02,9/2/2016,2016-05-12,,2021-05-12,Operational,roy,,roxanne.kwan,2016-03-17 15:42:18
760,9700603,P-2016-102,2016-03-02,0110149670,150,2016-03-02,9/2/2016,2016-05-12,,2021-05-12,Operational,roy,,roxanne.kwan,2016-03-17 15:46:08
761,9707437,p-2016-103,2016-03-02,16388,150,2016-08-03,2/6/2017,2016-08-12,,2021-08-12,Operational,roy,,roxanne.kwan,2016-03-17 15:49:39
762,9101979,P-2016-104,2016-03-16,153738,150,2016-03-16,9/16/2016,2016-06-20,,2021-06-20,Operational,roy,,roxanne.kwan,2016-03-23 16:56:51
763,9101379,P-2016-105,2016-03-17,10817,150,2016-05-04,11/4/2016,2016-06-08,,2021-06-08,Operational,roy,,roxanne.kwan,2016-03-23 17:01:20
764,9502790,P-2016-106,2016-03-18,44794,150,2016-05-25,11/25/2016,2016-06-23,,2021-06-23,Operational,roy,,roxanne.kwan,2016-03-28 14:54:41
765,9502426,P-2016-107,2016-03-18,145295,150,2016-03-18,9/18/2016,2016-06-20,,2021-06-20,Operational,roy,,roxanne.kwan,2016-03-28 15:22:13
766,9707310,P-2016-108,2016-03-24,9818,150,2016-03-24,9/24/2016,2016-06-13,,2021-06-13,Operational,roy,,roxanne.kwan,2016-03-28 15:38:15
767,9601316,P-2016-109,2016-03-24,13847,150,2016-05-10,11/10/16,2016-06-08,,2021-06-08,Operational,roy,,roxanne.kwan,2016-03-28 15:40:54
768,9201192,P-2016-110,2016-03-28,12508,150,2016-06-08,12/8/2016,2016-07-18,,2021-07-18,Operational,roy,,roxanne.kwan,2016-03-31 09:38:00
769,9601743,P-2016-111,2016-03-28,2043,150,2016-03-28,9/28/2016,2016-06-13,,2021-06-13,Operational,roy,,roxanne.kwan,2016-03-31 09:42:25
770,9707301,P-2016-112,2016-03-28,011603672,150,2016-03-28,9/28/2016,2016-06-20,,2021-06-20,Operational,roy,,roxanne.kwan,2016-03-31 09:44:47
771,9603019,P-2016-113,2016-03-28,2405,150,2016-06-27,12/27/2016,2016-07-22,,2021-07-22,Operational,roy,,roxanne.kwan,2016-03-31 09:48:03
773,9707368,P-2016-114,2016-03-28,088738,150,2016-05-02,11/2/2016,2016-06-08,,2021-06-08,Operational,roy,,roxanne.kwan,2016-03-31 10:56:15
774,9600469,P-2016-115,2016-03-28,088648,150,2016-05-02,11/2/2016,2016-06-06,,2021-06-06,Operational,roy,,roxanne.kwan,2016-03-31 10:59:23
775,9707505,P-2016-116,2016-03-28,088739,150,2016-03-28,9/28/2016,2016-06-20,,2021-06-20,Operational,roy,,roxanne.kwan,2016-03-31 11:01:43
776,9202483,p-2016-117,2016-03-31,16942,150,,,2016-08-05,,2021-08-05,Operational,rox,,roxanne.kwan,2016-04-07 09:50:46
777,9602994,P-2016-118,2016-04-01,146752,150,2016-05-13,11/13/2016,2016-06-06,,2021-06-06,Operational,roy,,roxanne.kwan,2016-04-07 09:54:08
778,9707238,P-2016-119,2016-04-04,6654,150,2016-06-14,12/14/2016,2016-07-06,,2021-07-06,Operational,roy,,roxanne.kwan,2016-04-07 09:58:24
779,9707389,P-2016-120,2016-04-04,44334,150,,,2016-06-22,,2021-06-22,Operational,roy,,roxanne.kwan,2016-04-07 10:02:24
780,9201503,P-2016-121,2016-04-04,,150,,,2016-06-24,,2021-06-24,Operational,thu,pay by EFT - rk,roxanne.kwan,2016-04-07 10:07:59
781,9101159,P-2016-122,2016-04-04,00019204,150,,,2016-06-22,,2021-06-22,Operational,roy,,roxanne.kwan,2016-04-07 10:10:54
782,9601138,P-2006-008-R2,2016-04-11,15334,50,2016-04-11,10/11/2016,2016-10-19,,2021-11-03,Renewal,roy,,roxanne.kwan,2016-04-18 10:47:37
783,9100043,P-2016-123,2016-04-15,66137,150,2016-06-13,12/13/2016,2016-07-14,,2021-07-14,Operational,roy,,roxanne.kwan,2016-04-18 16:05:14
784,9101035,P-2016-124,2016-04-05,JV,150,,,2016-06-17,,2021-06-17,Operational,roy,4/5/2016  no payment received - rk  4/21/2016 working with our ASO to do JV.  Having problems with the codes - rk  5/5/2016 rec jv fo repayment.  Po #211390,roxanne.kwan,2016-04-18 16:09:36
785,9501685,P-2016-125,2016-04-06,1280,150,,,2016-06-22,,2021-06-22,Operational,roy,,roxanne.kwan,2016-04-18 16:16:40
786,9603022,P-2016-126,2016-04-06,032130,150,,,2016-06-22,,2021-06-22,Operational,roy,,roxanne.kwan,2016-04-18 16:20:41
787,9502566,P-2016-127,2016-04-11,17051,150,2016-06-13,12/13/2016,2016-07-18,,2021-07-18,Operational,roy,,roxanne.kwan,2016-04-18 16:25:06
788,9600470,P-2016-128,2016-04-11,12322,150,,,2016-06-22,,2021-06-22,Operational,roy,no payment received - rk   4/25/2016 rec check of 150 - rk,roxanne.kwan,2016-04-18 16:28:37
789,9707754,P-2006-001-R2,2016-04-07,4352,50,2016-04-21,10/21/2016,2016-06-03,,2021-07-19,Renewal,roy,4/7/2016 - submitted appendix ii. Should be renewal form.  Check is on hold till application is received - rk  4/21/2016 rec check 4352- rk,roxanne.kwan,2016-04-18 16:37:46
790,9100040,P-2016-129,2016-04-12,66084,150,2016-06-08,12/8/2016,2016-07-14,,2021-07-14,Operational,roy,,roxanne.kwan,2016-04-18 16:39:37
791,9200030,P-2016-130,2016-04-12,66081,150,2016-06-08,12/8/2016,2016-07-14,,2021-07-14,Operational,roy,,roxanne.kwan,2016-04-18 16:43:43
792,9101143,P-2016-131,2016-04-12,66083,150,2016-06-08,12/8/2016,2016-07-14,,2021-07-14,Operational,roy,,roxanne.kwan,2016-04-18 16:48:24
793,9200034,P-2016-132,2016-04-12,66080,150,2016-06-08,12/8/2016,2016-07-14,,2021-07-14,Operational,roy,,roxanne.kwan,2016-04-18 16:52:04
794,9200016,P-2016-133,2016-04-12,66082,150,2016-06-08,12/8/2016,2016-07-14,,2021-07-14,Operational,roy,,roxanne.kwan,2016-04-18 16:55:39
795,9500007,P-2016-134,2016-04-12,66079,150,2016-06-08,12/8/2016,2016-07-14,,2021-07-14,Operational,roy,,roxanne.kwan,2016-04-18 16:59:18
797,9600104,P-2016-136,2016-04-12,66076,150,2016-06-08,12/8/2016,2016-07-14,,2021-07-14,Operational,roy,,roxanne.kwan,2016-04-18 17:06:05
798,9600014,P-2016-137,2016-04-12,66077,150,2016-06-08,12/8/2016,2016-07-14,,2021-07-14,Operational,roy,,roxanne.kwan,2016-04-18 17:09:10
799,9600105,P-2016-138,2016-04-12,66085,150,2016-06-13,12/13/2016,2016-07-14,,2021-07-14,Operational,roy,,roxanne.kwan,2016-04-18 17:12:38
800,9201932,P-2016-139,2016-04-12,011605914,150,2016-04-12,10/12/2016,2016-06-13,,2021-06-13,Operational,roy/gt/al,,roxanne.kwan,2016-04-19 07:54:45
801,9203141,P-2016-140,2016-04-12,011605914,150,2016-04-12,10/12/2016,2016-06-09,,2021-06-09,Operational,roy,,roxanne.kwan,2016-04-19 08:20:22
802,9201933,P-2016-141,2016-04-12,011605914,150,2016-04-12,10/12/2016,2016-06-13,,2021-06-13,Operational,roy/Gtal,,roxanne.kwan,2016-04-19 08:21:19
803,9707555,P-2016-142,2016-04-12,011605914,150,2016-04-12,10/12/2016,2016-06-09,,2021-06-09,Operational,roy/gt/al,,roxanne.kwan,2016-04-19 08:21:48
804,9200145,P-2016-143,2016-04-12,011605914,150,2016-04-12,10/12/2016,2016-06-09,,2021-06-09,Operational,roy/gt/al,,roxanne.kwan,2016-04-19 08:22:15
805,9202513,P-2016-144,2016-04-12,011605914,150,2016-04-12,10/12/2016,2016-06-09,,2021-06-09,Operational,roy/gt/al,,roxanne.kwan,2016-04-19 08:22:40
806,9201968,P-2016-145,2016-04-12,011605914,150,2016-04-12,10/12/2016,2016-06-13,,2021-06-13,Operational,roy/gt/al,,roxanne.kwan,2016-04-19 08:23:12
807,9201982,P-2016-146,2016-04-12,011605914,150,2016-04-12,10/12/2016,2016-06-13,,2021-06-13,Operational,roy/gt/al,,roxanne.kwan,2016-04-19 08:23:36
808,9200142,P-2016-147,2016-04-12,011605914,150,2016-04-12,10/12/2016,2016-06-13,,2021-06-13,Operational,roy/gt/al,,roxanne.kwan,2016-04-19 08:24:05
809,9102407,P-2016-148,2016-04-12,011605914,150,2016-04-12,10/12/2016,2016-06-13,,2021-06-13,Operational,roy/gt/al,,roxanne.kwan,2016-04-19 08:40:38
810,9201996,P-2016-149,2016-04-12,011605914,150,,,2016-06-13,,2021-06-13,Operational,roy,,roxanne.kwan,2016-04-19 08:41:05
811,9201934,P-2016-150,2016-04-12,011605914,150,2016-04-12,10/12/2016,2016-06-13,,2021-06-13,Operational,roy/gt/al,,roxanne.kwan,2016-04-19 08:41:34
812,9201931,P-2016-151,2016-04-12,011605914,150,2016-04-12,10/12/2016,2016-06-13,,2021-06-13,Operational,roy/gt/al,,roxanne.kwan,2016-04-19 08:41:58
813,9707656,P-2016-152,2016-04-12,011605914,150,2016-04-12,10/12/2016,2016-06-13,,2021-06-13,Operational,roy/gt/al,,roxanne.kwan,2016-04-19 08:42:24
814,9200149,P-2016-153,2016-04-12,011605914,150,2016-04-12,10/12/2016,2016-06-09,,2021-06-09,Operational,roy/gt/al,,roxanne.kwan,2016-04-19 08:42:52
815,9707556,P-2016-154,2016-04-12,011605914,150,2016-04-12,10/12/2016,2016-06-09,,2021-06-09,Operational,roy/gt/al,,roxanne.kwan,2016-04-19 08:43:15
816,9202998,P-2016-155,2016-04-12,011605914,150,2016-04-12,10/12/2016,2016-06-09,,2021-06-09,Operational,roy/gt/al,,roxanne.kwan,2016-04-19 08:43:40
817,9200138,P-2016-156,2016-04-12,011605914,150,2016-04-12,10/12/2016,2016-06-09,,2021-06-09,Operational,roy/gt/al,,roxanne.kwan,2016-04-19 08:44:08
818,9201990,P-2016-157,2016-04-12,011605914,150,2016-04-12,10/12/2016,2016-06-09,,2021-06-09,Operational,roy/gt/al,,roxanne.kwan,2016-04-19 08:44:32
819,9101994,P-2016-158,2016-04-12,011605914,150,2016-04-12,10/12/2016,2016-06-09,,2021-06-09,Operational,roy/gt/al,,roxanne.kwan,2016-04-19 08:44:56
820,9101995,P-2016-159,2016-04-12,011605914,150,2016-04-12,10/12/2016,2016-06-09,,2021-06-09,Operational,roy/gt/al,,roxanne.kwan,2016-04-19 08:45:26
821,9707722,P-2016-160,2016-04-12,011605914,150,2016-04-12,10/12/2016,2016-06-09,,2021-06-09,Operational,roy/gt/al,,roxanne.kwan,2016-04-19 08:45:49
822,9201991,P-2016-161,2016-04-12,011605914,150,2016-04-12,10/12/2016,2016-06-09,,2021-06-09,Operational,roy/gt/al,,roxanne.kwan,2016-04-19 08:46:15
823,9202669,P-2016-162,2016-04-12,011605914,150,2016-04-12,10/12/2016,2016-06-09,,2021-06-09,Operational,roy/gt/al,,roxanne.kwan,2016-04-19 08:46:39
824,9201983,P-2016-163,2016-04-12,011605914,150,2016-04-12,10/12/2016,2016-06-09,,2021-06-09,Operational,roy/gt/al,,roxanne.kwan,2016-04-19 08:47:02
825,9202668,P-2016-164,2016-04-12,011605914,150,2016-04-12,10/12/2016,2016-06-09,,2021-06-09,Operational,roy/GT/AL,,roxanne.kwan,2016-04-19 08:47:23
826,9202968,P-2016-165,2016-04-12,011605914,150,2016-04-12,10/12/2016,2016-06-09,,2021-06-09,Operational,roy/gt/al,,roxanne.kwan,2016-04-19 08:47:47
827,9201939,P-2016-166,2016-04-12,011605914,150,,,2016-06-14,,2021-06-14,Operational,roy,,roxanne.kwan,2016-04-19 08:48:10
828,9707602,P-2016-167,2016-04-12,011605914,150,2016-04-12,10/12/2016,2016-06-09,,2021-06-09,Operational,roy/gt/al,,roxanne.kwan,2016-04-19 08:48:33
829,9100141,P-2016-168,2016-04-12,011605914,150,2016-05-27,11/27/2016,2016-06-09,,2021-06-09,Operational,roy/gt/al,,roxanne.kwan,2016-04-19 08:48:54
830,9100140,P-2016-169,2016-04-12,011605914,150,2016-04-12,10/12/2016,2016-06-09,,2021-06-09,Operational,roy/gt/al,,roxanne.kwan,2016-04-19 08:49:17
831,9101975,P-2016-170,2016-04-12,011605914,150,,,2016-06-14,,2021-06-14,Operational,roy,,roxanne.kwan,2016-04-19 08:49:44
832,9707601,P-2016-171,2016-04-12,011605914,150,2016-04-12,10/12/2016,2016-06-09,,2021-06-09,Operational,roy/gt/al,,roxanne.kwan,2016-04-19 08:50:04
833,9101971,P-2016-172,2016-04-12,011605914,150,,,2016-06-14,,2021-06-14,Operational,roy,,roxanne.kwan,2016-04-19 08:51:02
834,9101972,P-2016-173,2016-04-12,011605914,150,,,2016-06-14,,2021-06-14,Operational,roy,,roxanne.kwan,2016-04-19 08:51:24
835,9201976,P-2016-174,2016-04-12,011605914,150,,,2016-06-14,,2021-06-14,Operational,roy,,roxanne.kwan,2016-04-19 08:51:47
836,9201985,P-2016-175,2016-04-12,011605914,150,,,2016-06-14,,2021-06-14,Operational,roy,,roxanne.kwan,2016-04-19 08:52:07
837,9201992,P-2016-176,2016-04-12,011605914,150,,,2016-06-14,,2021-06-14,Operational,roy,,roxanne.kwan,2016-04-19 08:52:40
838,9707603,P-2016-177,2016-04-12,011605914,150,2016-04-12,10/12/2016,2016-06-09,,2021-06-09,Operational,roy/gt/al,,roxanne.kwan,2016-04-19 08:53:02
839,9200144,P-2016-178,2016-04-12,011605914,150,,,2016-06-14,,2021-06-14,Operational,roy,,roxanne.kwan,2016-04-19 08:53:31
840,9101993,P-2016-179,2016-04-12,011605914,150,2016-04-12,10/12/2016,2016-06-09,,2021-06-09,Operational,roy/gt/al,,roxanne.kwan,2016-04-19 08:53:52
841,9200143,P-2016-180,2016-04-12,011605914,150,,,2016-06-14,,2021-06-14,Operational,roy,,roxanne.kwan,2016-04-19 08:54:14
842,9202656,P-2016-181,2016-04-18,10378,150,2016-08-09,02/09/2017,2016-08-16,,2021-08-16,Operational,GTABIL,,roxanne.kwan,2016-04-20 13:23:51
843,9100035,P-2016-182,2016-04-18,66136,150,2016-06-08,12/8/2016,2016-07-14,,2021-07-14,Operational,roy,,roxanne.kwan,2016-04-20 13:27:39
844,9203165,P-2016-183,2016-04-18,33138,150,2016-06-08,12/8/2016,2016-07-14,,2021-07-14,Operational,roy,,roxanne.kwan,2016-04-20 13:33:34
845,9707973,P-2016-184,2016-04-18,88839,150,2016-06-08,12/8/2016,2016-06-17,2018-07-16,2021-06-17,New,roy,,roxanne.kwan,2016-04-20 13:43:12
846,9502423,P-2016-185,2016-04-18,2943,150,2016-04-18,10/18/2016,2016-07-06,,2021-07-06,Operational,roy,,roxanne.kwan,2016-04-20 14:02:34
847,9707798,P-2016-186,2016-04-18,40270767,150,2016-06-21,12/21/2016,2016-07-06,,2021-07-06,Operational,roy/gt/rk,,roxanne.kwan,2016-04-20 14:06:44
848,9601677,P-2016-187,2016-04-21,24314,150,2016-06-06,12/06/2016,2016-06-22,,2021-06-22,Operational,roy,,roxanne.kwan,2016-04-26 16:16:39
849,9707671,P-2001-002-R3-T1,2016-04-28,089147,50,2016-04-28,10/28/2016,2016-10-19,,2021-12-06,Renewal,roy,,roxanne.kwan,2016-05-06 12:01:03
850,9101822,P-2016-188,2016-04-27,13114,150,2016-06-23,12/23/2016,2016-07-18,,2021-07-18,Operational,roy,,roxanne.kwan,2016-05-06 12:07:05
852,9101211,P-2016-189,2016-04-29,17923,150,2016-06-06,12/06/2016,2016-06-22,,2021-06-22,Operational,roy,,roxanne.kwan,2016-05-06 12:12:13
853,9102647,P-2016-190,2016-04-29,00228303,150,2016-08-05,2/5/2017,2016-08-12,,2021-08-12,Operational,roy,,roxanne.kwan,2016-05-06 12:16:02
856,9100801,P-2016-191,2016-05-02,0922366,150,2016-06-27,12/27/2016,2016-07-22,,2021-07-22,Operational,roy,,roxanne.kwan,2016-05-06 14:54:00
857,9100056,P-2016-192,2016-05-02,po 30061059,150,,,2016-06-17,,2021-06-17,Operational,roy,,roxanne.kwan,2016-05-06 14:58:53
858,9101537,p-2016-193,2016-05-09,9513013,150,2016-08-04,2/4/2017,2016-08-16,,2021-08-16,Operational,gtabil/roy,,roxanne.kwan,2016-05-19 13:34:12
859,9200130,P-2016-194,2016-05-09,011608408,150,2016-06-20,12/20/2016,2016-07-11,,2021-07-11,Operational,roy,,roxanne.kwan,2016-05-19 13:40:40
860,9200243,P-2016-195,2016-05-09,011608408,150,2016-06-20,12/20/2016,2016-07-06,,2021-07-06,Operational,gt/rk,,roxanne.kwan,2016-05-19 13:43:07
861,9201964,p-2016-196,2016-05-12,0000318305,150,,,2016-06-22,,2021-06-22,Operational,roy,,roxanne.kwan,2016-05-19 14:16:57
862,9707493,P-2016-197,2016-05-12,20008,150,2016-07-06,1/6/2017,2016-07-22,,2021-07-22,Operational,roy,,roxanne.kwan,2016-05-19 14:20:38
863,9101000,P-2016-198,2016-05-16,1010,150,2016-07-08,01/07/2017,2016-07-20,,2021-07-20,Operational,GTABIL,10/28/2016 rec hard copy - rk,roxanne.kwan,2016-05-19 14:49:35
864,9201510,P-2016-199,2016-05-16,1010,150,2016-07-08,01/08/2017,2016-07-20,,2021-07-20,Operational,GTABIL,,roxanne.kwan,2016-05-19 14:52:31
865,9103017,P-2016-200,2016-05-16,1010,150,2016-06-08,07/08/2017,2016-07-20,,2021-07-20,Operational,GTABIL,,roxanne.kwan,2016-05-19 14:52:56
866,9601658,P-2016-201,2016-05-16,1010,150,2016-07-08,01/08/2017,2016-07-20,,2021-07-20,Operational,GTABIL,,roxanne.kwan,2016-05-19 14:53:17
867,9703039,P-2007-007-R1-M1,2016-05-12,20006,100,2016-07-20,1/20/2017,2016-08-05,,2018-01-22,Modification,roy,,roxanne.kwan,2016-05-19 15:06:36
869,9701796,P-2016-202,2016-05-12,12521,150,2016-07-06,1/6/2017,2016-07-22,,2021-07-22,Operational,roy,,roxanne.kwan,2016-05-19 15:17:21
870,9201871,P-2016-203,2016-05-13,011609281,150,2016-05-13,11/13/2016,2016-07-06,,2021-07-06,Operational,RK/GT,,roxanne.kwan,2016-05-19 15:24:25
871,9200111,P-2016-204,2016-05-13,11609281,150,2016-05-13,11/13/2016,2016-07-06,,2021-07-06,Operational,RK/GT,,roxanne.kwan,2016-05-19 15:34:09
872,9200116,p-2016-205,2016-05-13,011609281,150,2016-05-13,11/13/2016,2016-07-06,,2021-07-06,Operational,RK/GT,,roxanne.kwan,2016-05-19 15:38:40
873,9100117,p-2016-206,2016-05-13,011609281,150,2016-05-13,11/13/2016,2016-07-06,,2021-07-06,Operational,RK/GT,,roxanne.kwan,2016-05-19 15:41:12
874,9200112,P-2016-207,2016-05-13,011609281,150,2016-05-13,11/13/2016,2016-07-06,,2021-07-06,Operational,roy,,roxanne.kwan,2016-05-19 15:44:33
875,9200113,P-2016-208,2016-05-13,011609281,150,2016-05-13,11/13/2016,2016-07-06,,2021-07-06,Operational,RK/GT,,roxanne.kwan,2016-05-19 15:47:37
876,9200123,P-2016-209,2016-05-13,011609281,150,2016-05-13,11/13/2016,2016-07-06,,2021-07-06,Operational,roy,,roxanne.kwan,2016-05-19 15:50:02
877,9100815,P-2016-210,2016-05-13,0116092981,150,2016-05-13,11/13/20163,2016-07-06,,2021-07-06,Operational,RK/GT,,roxanne.kwan,2016-05-19 15:52:55
878,9600448,P-2016-211,2016-05-13,10610,150,2016-06-07,12/07/2016,2016-06-22,,2021-06-22,Operational,roy,,roxanne.kwan,2016-05-19 15:59:39
879,9601039,P-2016-212,2016-05-16,001635,150,2016-06-27,12/27/2016,2016-07-11,,2021-07-11,Operational,gtabil,,roxanne.kwan,2016-05-19 16:15:57
880,9402551,P-2016-213,2016-05-16,5409,150,2016-06-29,12/29/2016,2016-07-11,,2021-07-11,Operational,GTABI,,roxanne.kwan,2016-05-19 16:21:52
881,9600472,P-2016-214,2016-05-16,1365,150,,,2016-07-13,,2021-07-13,Operational,,,roxanne.kwan,2016-05-19 16:25:02
882,9707442,P-2016-215,2016-05-10,15513,150,2016-07-01,1/1/2017,2016-07-18,2016-12-22,2021-07-18,New,roy,Revised app received on 7/1/2016-RI   12/22/2016 rec appendix iii - rk,roxanne.kwan,2016-05-19 16:28:19
883,9100071,P-2016-216,2016-05-17,011609140,150,,,2016-06-17,,2021-06-17,Operational,roy,,roxanne.kwan,2016-05-19 16:33:39
884,9100081,P-2016-217,2016-05-14,011609140,150,,,2016-06-17,,2021-06-17,Operational,roy,,roxanne.kwan,2016-05-19 16:37:26
885,9100083,P-2016-218,2016-05-17,011609140,150,,,2016-06-17,,2021-06-17,Operational,roy,,roxanne.kwan,2016-05-19 16:37:50
886,9100076,P-2016-219,2016-05-17,011609140,150,,,2016-06-17,,2021-06-17,Operational,roy,,roxanne.kwan,2016-05-19 16:38:15
887,9100101,P-2016-220,2016-05-17,011609140,150,,,2016-06-17,,2021-06-17,Operational,roy,,roxanne.kwan,2016-05-19 16:38:42
888,9707181,p-2016-221,2016-05-17,011609140,150,,,2016-06-17,,2021-06-17,Operational,roy,,roxanne.kwan,2016-05-19 16:39:03
889,9200093,P-2016-222,2016-05-17,011609140,150,,,2016-06-17,,2021-06-17,Operational,roy,,roxanne.kwan,2016-05-19 16:39:30
890,9707182,P-2016-223,2016-05-17,011609140,150,,,2016-06-17,,2021-06-17,Operational,roy,,roxanne.kwan,2016-05-19 16:39:52
891,9200091,P-2016-224,2016-05-17,011609140,150,,,2016-06-17,,2021-06-17,Operational,roy,,roxanne.kwan,2016-05-19 16:40:14
892,9200077,P-2016-225,2016-05-17,011609140,150,,,2016-06-17,,2021-06-17,Operational,roy,,roxanne.kwan,2016-05-19 16:40:39
893,9200065,P-2016-226,2016-05-17,011609140,150,,,2016-06-17,,2021-06-17,Operational,roy,,roxanne.kwan,2016-05-19 16:41:09
894,9200094,P-2016-227,2016-05-17,011609140,150,,,2016-06-17,,2021-06-17,Operational,roy,,roxanne.kwan,2016-05-19 16:41:39
895,9100100,P-2016-228,2016-05-17,011609140,150,,,2016-06-17,,2021-06-17,Operational,roy,,roxanne.kwan,2016-05-19 16:41:59
896,9100089,P-2016-229,2016-05-17,011609140,150,,,2016-06-17,,2021-06-17,Operational,roy,,roxanne.kwan,2016-05-19 16:42:21
897,9200090,P-2016-230,2016-05-17,011609140,150,,,2016-06-17,,2021-06-17,Operational,roy,,roxanne.kwan,2016-05-19 16:42:42
898,9100084,P-2016-231,2016-05-17,011690140,150,,,2016-06-17,,2021-06-17,Operational,roy,,roxanne.kwan,2016-05-19 16:43:18
899,9100078,P-2016-232,2016-05-17,011609140,150,,,2016-06-17,,2021-06-17,Operational,roy,,roxanne.kwan,2016-05-19 16:43:46
900,9100069,P-2016-233,2016-05-17,011609140,150,,,2016-06-17,,2021-06-17,Operational,roy,,roxanne.kwan,2016-05-19 16:44:12
901,9200095,P-2016-234,2016-05-17,011609140,150,,,2016-06-17,,2021-06-17,Operational,roy,,roxanne.kwan,2016-05-19 16:44:35
902,9707362,P-2016-235,2016-05-23,567226,150,,,2016-06-22,,2021-06-22,Operational,roy,,roxanne.kwan,2016-06-01 07:47:13
903,9500429,P-2016-236,2016-05-24,31445,150,,,2016-06-22,,2021-06-22,Operational,roy,,roxanne.kwan,2016-06-01 08:00:13
904,9701132,P-2016-237,2016-05-24,31446,150,,,2016-06-22,,2021-06-22,Operational,,,roxanne.kwan,2016-06-01 08:10:10
905,9701243,P-2016-238,2016-05-24,21447,150,,,2016-06-22,,2021-06-22,Operational,,,roxanne.kwan,2016-06-01 08:16:27
906,9501888,P-2016-239,2016-05-24,31448,150,,,2016-06-24,,2021-06-24,Operational,thu,,roxanne.kwan,2016-06-01 14:31:40
907,9501127,P-2016-240,2016-05-24,31449,150,,,2016-06-24,,2021-06-24,Operational,thu,,roxanne.kwan,2016-06-01 14:33:24
908,9201963,P-2016-241,2016-05-24,2120,150,,,2016-07-06,,2021-07-06,Operational,THU/rk,,roxanne.kwan,2016-06-01 14:35:22
909,9201896,P-2016-242,2016-05-24,2119,150,2016-06-03,12/3/2016,2016-07-08,,2021-07-08,Operational,rk,,roxanne.kwan,2016-06-01 14:36:45
910,9101232,P-2016-243,2016-05-24,2118,150,,,2016-07-06,,2021-07-06,Operational,thu/rk,,roxanne.kwan,2016-06-01 14:38:59
911,9100285,p-2016-244,2016-05-26,21225,150,,,2016-06-24,,2021-06-24,Operational,roy,,roxanne.kwan,2016-06-01 14:40:13
912,9707333,P-2016-245,2016-05-28,116,150,2016-05-26,,2016-07-08,,2021-07-08,Operational,rk,,roxanne.kwan,2016-06-01 14:41:47
913,9707110,P-2016-246,2016-05-26,21459,150,,,2016-06-22,,2021-06-22,Operational,roy,,roxanne.kwan,2016-06-01 14:43:24
914,9601650,P-2016-247,2016-05-31,5123018,150,,,2016-07-13,,2021-07-13,Operational,roy,,roxanne.kwan,2016-06-01 14:44:44
915,9707396,P-2016-248,2016-05-21,49197,150,,,2016-06-24,,2021-06-24,Operational,roy,,roxanne.kwan,2016-06-01 14:46:11
916,9707392,P-2016-249,2016-05-31,30002038,150,,,2016-06-24,,2021-06-24,Operational,roy,,roxanne.kwan,2016-06-01 14:48:14
917,9707570,p-2016-250,2016-05-31,005569,150,,,2016-06-24,,2021-06-24,Operational,roy,,roxanne.kwan,2016-06-01 14:49:25
918,9707744,P-2016-251,2016-05-31,7,150,,,2016-06-24,,2021-06-24,Operational,roy,,roxanne.kwan,2016-06-01 14:50:38
919,9501245,P-2016-252,2016-05-31,3736,150,,,2016-06-24,,2021-06-24,Operational,roy,,roxanne.kwan,2016-06-01 14:52:34
920,9701643,P-2016-253,2016-05-31,66234,150,2016-07-29,1/29/2016,2016-08-12,,2021-08-12,Operational,roy,,roxanne.kwan,2016-06-01 14:54:16
921,9707701,P-2016-254,2016-05-31,66230,150,2016-06-08,12/8/2016,2016-07-22,,2021-07-22,Operational,roy,,roxanne.kwan,2016-06-01 14:59:42
922,9601325,P-2016-255,2016-05-31,66231,150,2016-06-08,12/8/2016,2016-07-22,,2021-07-22,Operational,,,roxanne.kwan,2016-06-01 15:13:55
923,9601520,P-2016-256,2016-05-31,66232,150,2016-06-08,12/8/2016,2016-07-22,,2021-07-22,Operational,,,roxanne.kwan,2016-06-01 15:15:48
924,9200020,P-2016-257,2016-05-31,66229,150,2016-06-08,12/8/2016,2016-07-22,,2021-07-22,Operational,,,roxanne.kwan,2016-06-01 15:19:41
925,9100023,P-2016-258,2016-05-31,66228,150,2016-06-08,12/8/2016,2016-07-22,,2021-07-22,Operational,,,roxanne.kwan,2016-06-01 15:20:11
926,9700618,P-2016-259,2016-05-31,66233,150,,1/8/2017,2016-07-22,,2021-07-22,Operational,roy,,roxanne.kwan,2016-06-01 15:22:20
927,9702560,P-2016-260,2016-05-31,66235,150,2016-06-08,12/8/2016,2016-07-22,,2021-07-22,Operational,,6/1/2016 -- tank are tou since 216.  Dispensers removed .  Tank will eventually be removed - rk,roxanne.kwan,2016-06-01 15:23:23
928,9707215,P-2016-261,2016-05-31,66236,150,2016-06-08,12/8/2016,2016-07-22,,2021-07-22,Operational,,previous named Taba Service.  Now it is called New Kalaheo 76 - rk,roxanne.kwan,2016-06-01 15:26:00
929,9200134,P-2016-262,2016-05-31,011609459,150,,,2016-06-24,,2021-06-24,Operational,,,roxanne.kwan,2016-06-01 15:30:29
930,9202982,P-2016-263,2016-05-31,011609459,150,,,2016-06-24,,2021-06-24,Operational,,,roxanne.kwan,2016-06-01 15:34:08
931,9101989,P-2016-264,2016-05-31,011609459,150,,,2016-06-24,,2021-06-24,Operational,,,roxanne.kwan,2016-06-01 15:48:15
932,9201677,P-2016-265,2016-05-31,011609459,150,,,2016-07-11,,2021-07-11,Operational,RK,,roxanne.kwan,2016-06-01 15:48:41
933,9200129,P-2016-266,2016-05-31,011609618,150,,,2016-06-24,,2021-06-24,Operational,,,roxanne.kwan,2016-06-01 16:43:47
934,9200132,p-2016-267 - void,2016-05-31,011609618,150,,,,,,Operational,,6/20/2016--   Mike Ferris from Enpro called will be removing UST starting  6/17/2016.   11/2016 tanks removed.  Will be refunding $150.00 - rk,roxanne.kwan,2016-06-01 16:44:53
935,9200126,P-2016-268,2016-05-31,011609618,150,,,2016-06-24,,2021-06-24,Operational,,,roxanne.kwan,2016-06-01 16:45:19
936,9200125,P-2016-269,2016-05-31,011609618,150,,,2016-07-11,,2016-07-11,Operational,,,roxanne.kwan,2016-06-01 16:45:41
937,9200131,P-2016-270,2016-05-31,011609618,150,,,2016-07-08,,2021-07-08,Operational,,,roxanne.kwan,2016-06-01 16:46:01
938,9100189,P-2016-271,2016-05-24,JV JM5588,150,,,2016-07-11,,2021-07-11,Operational,,,roxanne.kwan,2016-06-01 16:48:20
939,9707738,p-2004-4-t3-r2,2016-05-31,20014,150,2016-06-27,12/27/2016,2016-10-25,,2021-10-25,Renewal,roy,"submitted appendix ii should be renewal, amount is wrong.  So did not depoist check.  Also tank has been tou since 2014 and plans to remove in 2016 - rk   1/17/2017  rec appendix i showing ust removed - rk",roxanne.kwan,2016-06-02 14:05:50
940,9601690,P-2016-272,2016-05-31,010547,150,2016-05-31,11/30/2016,2016-07-06,,2021-07-06,Operational,RK,,roxanne.kwan,2016-06-02 15:35:09
941,9602493,P-2016-273,2016-05-31,010547,150,,,2016-07-06,,2021-07-06,Operational,rk,,roxanne.kwan,2016-06-02 15:37:27
942,9102000,P-2016-274,2016-05-31,306562,150,2016-05-31,11/30/2016,2016-07-06,,2021-07-06,Operational,,,roxanne.kwan,2016-06-02 15:46:17
943,9101434,P-2016-275,2016-06-01,102208,150,2016-06-01,12/1/2016,2016-07-06,,2021-07-06,Operational,RK,,roxanne.kwan,2016-06-02 15:51:05
944,9100832,P-2016-276,2016-06-01,12018,150,2016-08-08,2/8/2017,2016-08-12,,2021-08-12,Operational,amanda,,roxanne.kwan,2016-06-02 15:55:05
945,9707094,P-2016-277,2016-06-01,869583,150,2016-06-01,12/1/2016,2016-07-06,,2021-07-06,Operational,rk,,roxanne.kwan,2016-06-02 16:05:17
946,9501128,P-2016-278,2016-06-01,12687,150,2016-06-23,12/23/2016,2016-07-08,,2021-07-08,Operational,gtabil,,roxanne.kwan,2016-06-02 16:15:49
947,9101497,P-2016-279,2016-05-27,054164,150,2016-06-16,12/16/2016,2016-07-06,,2021-07-06,Operational,GTABIL/rk,,roxanne.kwan,2016-06-02 16:21:15
948,9100948,p-2016-280,2016-05-27,38343,150,2016-06-22,12/22/2016,2016-07-08,,2021-07-08,Operational,gtabil,,roxanne.kwan,2016-06-02 16:26:30
949,9602661,P-2016-281,2016-05-27,115105,150,2016-06-22,12/22/2016,2016-07-06,,2021-07-06,Operational,gtabil/rk,,roxanne.kwan,2016-06-02 16:31:35
950,9202509,P-2016-282,2016-06-02,432,150,2016-06-20,12/20/2016,2016-07-06,,2021-07-06,Operational,gtabil/rk,,roxanne.kwan,2016-06-03 07:33:58
951,9707406,P-2016-283,2016-06-02,60312,150,2016-06-29,12/29/2016,2016-07-13,,2021-07-13,Operational,GTABIL,6/2/2016 submitted the wrong form and need additional $100.00.  Waiting for the form and check - rk  6/17/2016 rec the additional 100 and the correct form - rk,roxanne.kwan,2016-06-03 07:44:35
952,9502218,P-2016-284,2016-06-02,39625,150,2016-06-21,12/21/2016,2016-07-06,,2021-07-06,Operational,gtabil/rk,,roxanne.kwan,2016-06-03 07:51:38
953,9701551,P-2016-285,2016-06-02,4994,150,2016-06-17,12/17/2016,2016-07-06,,2021-07-06,Operational,gtabil/rk,,roxanne.kwan,2016-06-03 08:03:02
954,9600458,P-2016-286,2016-06-02,410020,150,2016-07-11,01/11/2017,2016-08-05,,2021-08-05,Operational,gtabil/roy,,roxanne.kwan,2016-06-03 08:27:38
955,9600460,P-2016-287,2016-06-02,410020,150,2016-07-11,01/11/2017,2016-08-05,,2021-08-05,Operational,GTABIL/roy,,roxanne.kwan,2016-06-03 08:31:29
956,9707721,P-2016-288,2016-06-02,410020,150,2016-07-11,01/11/2017,2016-08-05,,2021-08-05,Operational,gtabil/roy,,roxanne.kwan,2016-06-03 08:39:18
957,9707707,P-2016-289,2016-06-02,30006019,150,2016-06-22,12/22/2016,2016-07-06,,2021-07-06,Operational,gtabil/rk,,roxanne.kwan,2016-06-03 08:42:58
958,9100122,P-2016-290,2016-06-02,011609377,150,2016-06-24,12/24/2016,2016-07-08,,2021-07-08,Operational,gt,,roxanne.kwan,2016-06-03 14:00:16
959,9707335,P-2016-292,2016-06-03,1916,15,2016-06-22,12/22/2016,2016-07-06,,2021-07-06,Operational,gtabil/rk,,roxanne.kwan,2016-06-06 09:38:04
960,9100121,p-2016-291,2016-06-20,011609377,150,2016-06-24,12/24/2016,2016-07-08,,2021-07-08,Operational,gt,,roxanne.kwan,2016-06-06 09:40:54
961,9501300,P-2016-293,2016-06-06,1984,150,2016-06-22,12/22/2016,2016-07-06,,2021-07-06,Operational,GTABIL/rk,,roxanne.kwan,2016-06-07 13:30:28
962,9100816,P-2016-294,2016-06-06,10703,150,2016-07-21,01/20/2017,2016-08-05,,2021-08-05,Operational,gtabil,waiting for original copy n location drawing n map,roxanne.kwan,2016-06-07 13:35:10
963,9101443,P-2016-295,2016-06-06,jv,150,2016-06-22,12/22/2016,2016-07-11,,2021-07-11,Operational,gtabil,,roxanne.kwan,2016-06-07 13:41:05
964,9601707,P-2016-296,2016-06-07,8746591,150,2016-06-23,12/23/2016,2016-07-08,,2021-07-08,Operational,rk,no payment received - rk  6/23/2016 received check - rk,roxanne.kwan,2016-06-08 07:24:32
965,9501890,P-2016-297,2016-06-07,03286202,150,2016-06-27,12/27/2016,2016-07-08,,2021-07-08,Operational,gtabil,,roxanne.kwan,2016-06-08 07:28:43
966,9502466,P-2016-298,2016-06-07,883082154,150,2016-06-27,12/27/2016,2016-07-08,,2021-07-08,Operational,gtabil,,roxanne.kwan,2016-06-08 07:33:07
967,9501594,P-2016-299,2016-06-07,83082155,150,2016-06-23,12/23/2016,2016-07-08,,2021-07-08,Operational,gtabil,,roxanne.kwan,2016-06-08 07:46:54
968,9500770,P-2006-002-R2,2016-06-08,00293625,50,2016-06-14,12/14/2016,2016-06-17,,2021-06-20,Renewal,roy,"3/20/2017 check no. 02276303 was not processed.  A  receipt from DOH was issued..  Therefore, this check was cancelled and a new check (#00293625) $50. Was issued - rk",roxanne.kwan,2016-06-09 10:55:39
969,9301129,P-2016-300,2016-06-13,7588,150,2016-06-23,12/23/2016,2016-07-08,,2021-07-08,Operational,gtabil,,roxanne.kwan,2016-06-14 16:14:42
970,9103084,P-2016-301,2016-06-13,41603317,150,,,2016-08-29,,2021-08-29,Operational,rox,,roxanne.kwan,2016-06-14 16:23:49
971,9600561,P-2016-302,2016-06-13,0110157854,150,2016-06-15,12/15/2016,2016-07-06,,2021-07-06,Operational,rk,,roxanne.kwan,2016-06-14 16:35:17
972,9707328,P-2016-303,2016-06-13,0110157854,150,2016-06-15,12/15/2016,2016-07-06,,2021-07-06,Operational,gt/rk,,roxanne.kwan,2016-06-14 16:36:21
973,9501717,P-2016-304,2016-06-13,318421,150,2016-06-29,12/29/2016,2016-07-13,,2021-07-13,Operational,GTABIL,,roxanne.kwan,2016-06-15 07:38:42
974,9102213,p-2016-305,2016-06-13,318421,150,2016-06-29,12/29/2016,2016-07-13,,2021-07-13,Operational,GTABIL,,roxanne.kwan,2016-06-15 07:41:03
975,9701714,P-2016-306,2016-06-13,318421,150,2016-06-29,12/29/2016,2016-07-13,,2021-07-13,Operational,gtabil,,roxanne.kwan,2016-06-15 07:41:25
976,9101539,p-2016-307,2016-06-13,03286210,150,2016-08-02,2/2/2017,2016-08-22,,2021-08-22,Operational,gtabil/roy,,roxanne.kwan,2016-06-15 07:56:36
977,9100810,P-2016-308,2016-06-13,03286207,150,2016-08-02,2/2/2017,2016-08-12,,2021-08-12,Operational,gtabil/roy,,roxanne.kwan,2016-06-15 08:01:13
978,9601644,P-2016-309,2016-06-13,03286209,150,2016-08-02,2/2/2017,2016-08-12,,2021-08-16,Operational,GTABIL/roy,,roxanne.kwan,2016-06-15 08:13:45
979,9702492,P-2016-310,2016-06-13,03286208,150,2016-08-02,2/2/2017,2016-08-12,,2021-08-12,Operational,gtabil/roy,,roxanne.kwan,2016-06-15 08:17:45
980,9707551,p-2016-311,2016-06-01,jv,150,,,2016-08-12,,2021-08-12,Operational,gtabil/roy,,roxanne.kwan,2016-06-21 08:35:32
981,9500370,P-2016-312,2016-06-01,jv,150,2016-08-10,2/10/2017,2016-08-22,,2021-08-22,Operational,gtabil/roy,,roxanne.kwan,2016-06-21 08:42:05
982,9701885,P-2016-313,2016-06-15,83082159,150,2016-08-02,2/2/2017,2016-08-16,,2021-08-16,Operational,gtabil/roy,,roxanne.kwan,2016-06-21 08:48:59
983,9601648,P-2016-314,2016-06-15,83082157,150,2016-07-18,01/18/2016,2016-08-10,,2021-08-10,Operational,GTABIL,,roxanne.kwan,2016-06-21 08:54:11
984,9707329,P-2016-315,2016-06-15,83082158,150,2016-08-02,2/2/2017,2016-08-22,,2021-08-22,Operational,GTABIL/roy,,roxanne.kwan,2016-06-21 10:06:19
985,9102516,p-2016-316,2016-06-15,83082156,150,2016-08-02,2/2/2017,2016-08-12,,2021-08-12,Operational,gtabil/roy,,roxanne.kwan,2016-06-21 10:11:07
986,9200531,P-2016-317,2016-06-15,26055,150,2016-07-18,1/18/2017,2016-08-12,,2021-08-21,Operational,roy,,roxanne.kwan,2016-06-21 10:16:08
987,9707268,P-2016-318,2016-06-15,po 38018947,150,,,2016-07-11,,2021-07-11,Operational,GTABIL,,roxanne.kwan,2016-06-21 10:21:50
988,9707161,P-2016-319,2016-06-16,12684,150,,,2016-07-13,,2021-07-13,Operational,GTABIL,,roxanne.kwan,2016-06-21 10:26:27
989,9100250,p-2016-320,2016-06-16,1151017022,150,,,2016-07-13,,2021-07-13,Operational,,,roxanne.kwan,2016-06-21 10:30:50
990,9707566,P-2016-321,2016-06-16,1151017022,150,,,2016-07-13,,2021-07-13,Operational,,,roxanne.kwan,2016-06-21 10:32:43
991,9707104,P-2016-322,2016-06-16,1151017022,150,,,2016-07-13,,2021-07-13,Operational,,,roxanne.kwan,2016-06-21 10:33:06
992,9102991,P2016-323,2016-06-16,010782,150,2016-07-15,1/15/2016,2016-08-12,,2021-08-12,Operational,roy,no check received   6/28/2016 rec check - rk,roxanne.kwan,2016-06-21 10:46:57
993,9500665,P-2016-324,2016-06-20,16506,150,2016-07-05,01/05/2017,2016-07-22,,2021-07-22,Operational,gtabil,,roxanne.kwan,2016-06-21 10:58:54
994,9501591,p-2016-325,2016-06-20,16507,150,2016-08-04,1/4/2017,2016-08-12,,2021-08-12,Operational,GTABIL/roy,,roxanne.kwan,2016-06-21 11:05:58
995,9601612,P-2016-326,2016-06-20,16508,150,2016-07-06,01/05/2017,2016-07-22,,2021-07-22,Operational,gtabil,,roxanne.kwan,2016-06-21 11:11:11
996,9700058,P-2016-327,2016-06-20,16509,150,2016-07-05,01/05/2017,2016-07-22,,2021-07-22,Operational,gtabil,,roxanne.kwan,2016-06-21 11:16:31
997,9202073,P-2016-328,2016-06-27,1027,150,2016-06-29,12/29/2016,2016-07-11,,2021-07-11,Operational,GTABIL,,roxanne.kwan,2016-06-28 14:51:26
998,9707736,p-2016-329,2016-06-28,061415,150,2016-07-08,01/08/2017,2016-07-20,,2021-07-20,Operational,gtabil,,roxanne.kwan,2016-06-28 15:05:35
999,9707455,P-2016-330,2016-06-28,jv jg0057,150,,,2016-08-29,,2021-08-29,Operational,rox,jv is coming - rk  8/11/2016 rec copy of the jv - rk,roxanne.kwan,2016-06-28 15:11:34
1000,9501899,P-2016-331,2016-06-28,30472,150,2016-07-05,01/05/2017,2016-08-04,,2021-08-04,Operational,gtabil,,roxanne.kwan,2016-06-28 15:18:16
1001,9100817,P-2016-332,2016-06-28,2954264,100,2016-07-18,1/18/2017,2016-08-10,,2021-08-10,Operational,,waiting for check and form with signature page - rk,roxanne.kwan,2016-06-30 10:46:54
1002,9707194,P-2016-333,2016-06-27,ach 102036555447587,$150.00,2016-11-22,05/22/2017,2017-02-28,,2022-02-28,Operational,,"rec electronic copy.  Waiting for original and payment - rk  7/11/2016 rec appendix ii.  Waiting for payment - rk  8/5/2016 rec appendix  need payment - rk, 11/22/2016 rec'd payment",roxanne.kwan,2016-07-07 10:08:42
1003,9601613,P-2016-334,2016-07-05,16505,150,2016-07-08,01/08/2017,2016-07-20,,2021-07-20,Operational,GTABIL,,roxanne.kwan,2016-07-07 11:19:54
1004,9202544,P-2016-335,2016-07-12,30930,150,2016-07-12,01/12/2017,2016-08-23,,2021-08-23,Operational,GTABIL,,roxanne.kwan,2016-07-14 15:26:39
1006,9707664,P-2016-336,2016-07-13,9-203721,150,2016-07-13,01/13/2017,2016-08-12,,2021-08-12,Operational,GTABIL,waiting for payment - rk  8/5/2016 rec payment - rk,roxanne.kwan,2016-07-14 15:37:51
1007,9101765,P-2016-337,2016-07-12,0270599892,150,,,2016-08-29,,2021-08-29,Operational,tp / rk,waiting for payment  8/22/2016 rec payment - rk,roxanne.kwan,2016-07-14 15:42:45
1008,9707647,P-2016-338,2016-07-08,po 30061126,150,2016-08-05,2/5/2017,2016-08-12,,2021-08-12,Operational,GTABIL/roy,,roxanne.kwan,2016-07-14 16:14:12
1009,9101675,P-2016-339,2016-07-08,po30061126,150,2016-08-05,2/5/2017,2016-08-12,,2021-08-12,Operational,GTABIL/Roy,,roxanne.kwan,2016-07-14 16:17:49
1010,9707824,P-2016-340,2016-07-14,454101,150,2016-07-15,01/15/2017,2016-08-10,,2021-08-10,Operational,GTABIL,,roxanne.kwan,2016-07-14 16:27:58
1011,9707808,P-2016-341,2016-07-14,454102,150,2016-07-15,01/15/2017,2016-08-10,,2021-08-10,Operational,GTABIL,,roxanne.kwan,2016-07-14 16:36:12
1012,9707266,p-2016-342,2016-07-14,jv--jm0189,150,2016-07-14,01/14/2017,2016-08-05,,2021-08-05,Operational,GTABIL,,roxanne.kwan,2016-07-14 16:40:34
1013,9201460,P-2016-343,2016-07-14,1268,150,2016-07-29,01/29/2017,2016-08-12,,2021-08-12,Operational,gtabil/roy,,roxanne.kwan,2016-07-14 16:45:48
1014,9707393,P-2016-344,2016-07-14,1131,150,2016-07-26,01/26/2017,2016-08-12,,2021-08-12,Operational,GTabil/ROY,,roxanne.kwan,2016-07-14 16:50:24
1015,9602641,P-2016-345,2016-07-18,414620,150,2016-08-02,2/2/2017,2016-08-12,,2021-08-12,Operational,gtabil/al,waiting for payment - rk,roxanne.kwan,2016-07-20 08:33:50
1016,9600351,P-2016-346,2016-07-11,414620,150,2016-08-02,2/2/2017,2016-08-12,,2021-08-12,Operational,gtabil/al,waiting for payment,roxanne.kwan,2016-07-20 08:42:35
1017,9707173,P-2016-347,2016-07-19,10186,150,,01/19/2017,2016-08-05,,2021-08-05,Operational,gtabil,,roxanne.kwan,2016-07-21 11:59:07
1018,9707580,P-2016-348,2016-07-19,0795339,150,2016-08-01,02/01/2017,2016-08-12,,2021-08-12,Operational,gt/al,7/19/2016 no payment received - rk  8/1/2016 payment received - rk,roxanne.kwan,2016-07-21 12:03:34
1019,9201721,P-2016-349,2016-07-11,13805,150,2016-07-11,01/16/2017,2016-08-05,,2021-08-05,Operational,GTABIL,,roxanne.kwan,2016-07-21 12:23:47
1020,9201459,P-2016-350,2016-07-11,45137221,150,2016-08-05,02/05/2017,2016-08-12,,2021-08-12,Operational,gtabil,,roxanne.kwan,2016-07-21 12:30:09
1021,9500666,P-2016-351,2016-07-15,8322,150,2016-11-21,5/21/2017,2016-12-19,,2021-12-19,Operational,GTABIL/roy,,roxanne.kwan,2016-07-21 13:48:21
1022,9701778,P-2016-352,2016-07-15,po37116248,150,2016-07-29,1/29/2017,2016-08-12,,2021-08-12,Operational,roy,,roxanne.kwan,2016-07-21 13:53:15
1023,9702554,P-2016-353,2016-07-15,po 37116248,150,2016-07-29,1/29/2017,2016-08-12,,2021-08-12,Operational,roy,,roxanne.kwan,2016-07-21 13:54:59
1024,9100939,P-2016-354,2016-07-21,8457,150,2016-08-09,02/09/2017,2016-08-16,,2021-08-16,Operational,gtabil,,roxanne.kwan,2016-07-26 17:03:05
1025,9100264,P-2016-355,2016-07-21,228822,150,2016-08-08,02/08/2017,2016-08-12,,2021-08-12,Operational,GTABIL,,roxanne.kwan,2016-07-26 17:08:25
1026,9707896,p-2016-356,2016-07-21,1410,150,2016-08-02,2/2/2017,2016-08-12,,2021-08-12,Operational,roy,,roxanne.kwan,2016-07-26 17:14:33
1027,9600598,p-2016-357,2016-07-21,1411,150,2016-08-02,2/2/2017,2016-08-12,,2021-08-12,Operational,roy,,roxanne.kwan,2016-07-26 17:19:14
1028,9200528,p-2016-358,2016-07-21,1409,150,2016-08-02,2/2/2016,2016-08-12,,2021-08-12,Operational,roy,,roxanne.kwan,2016-07-26 17:23:26
1029,9100511,p-2016-359,2016-07-21,1408,150,2016-08-02,2/2/2017,2016-08-12,,2021-08-12,Operational,roy,,roxanne.kwan,2016-07-26 17:28:33
1030,9602707,P-2016-360,2016-07-27,4457 4447,100 and 50,2016-07-27,1/27/2017,2016-08-12,,2021-08-12,Operational,roy,,roxanne.kwan,2016-07-27 16:43:55
1031,9101798,P-2016-361,2016-07-28,1102,150,2016-07-28,1/28/2016,2016-08-05,,2021-08-05,Operational,roy,,roy.ilaga,2016-07-28 11:25:38
1032,9100851,P-2016-362,2016-07-29,1357,150,2016-08-01,02/01/2017,2016-08-05,,2021-08-05,Operational,gtabil,,roxanne.kwan,2016-07-29 15:02:11
1033,9700689,p-2016-363,2016-08-05,7340903,150,2016-08-05,2/5/2017,2016-08-12,,2021-08-12,Operational,roy,,roy.ilaga,2016-08-01 08:28:58
1035,9600012,P-2016-364,2016-08-01,1034,150,2016-08-02,2/2/2017,2016-08-12,,2021-08-12,Operational,roy,,roxanne.kwan,2016-08-02 07:49:56
1036,9301876,P-2016-365,2016-08-01,jv  jg0096,150,2016-09-29,3/29/2017,2016-10-07,,2021-10-07,Operational,roy,waiting for payment,roxanne.kwan,2016-08-02 08:10:38
1037,9707338,p-2016-366,2016-08-01,00000607,150,,,2016-08-12,,2021-05-12,Operational,rox,,roxanne.kwan,2016-08-02 08:20:35
1038,9100499,p-2015-132-t1,2016-07-28,1412,25,2016-08-17,2/17/2017,2016-10-25,,2021-04-04,Transfer,roy,,roxanne.kwan,2016-08-03 11:25:43
1039,9600569,P-2015-028-T1,2016-07-28,1413,25,2016-08-17,2/17/2017,2016-10-25,,2020-06-09,Transfer,roy,,roxanne.kwan,2016-08-03 11:29:04
1040,9600579,p-2016-031-t1,2016-07-28,1414,25,2016-08-17,2/17/2017,2016-10-25,,2021-04-18,Transfer,roy,,roxanne.kwan,2016-08-03 11:31:18
1041,9200522,p-2015-081-t1,2016-07-28,1442,25,2017-08-17,2/17/2017,2016-10-25,,2021-04-28,Transfer,roy,,roxanne.kwan,2016-08-03 11:34:03
1042,9700613,p-2016-027-t1,2016-07-28,1415,25,2016-08-17,2/17/2017,2016-10-26,,2021-04-18,Transfer,roy,,roxanne.kwan,2016-08-03 11:37:37
1043,9700608,P-2016-029-T1,2016-07-28,1416,25,2016-08-17,2/17/2017,2016-10-25,,2021-04-18,Transfer,roy,,roxanne.kwan,2016-08-03 11:41:59
1044,9600582,p-2016-030-t1,2016-07-28,1418,25,2016-08-17,2/17/2017,2016-10-25,,2021-04-18,Transfer,roy,,roxanne.kwan,2016-08-03 11:44:52
1045,9600585,P-2014-049-T1,2016-07-28,1419,25,2016-08-17,2/17/2016,2016-10-25,,2020-06-09,Transfer,roy,,roxanne.kwan,2016-08-03 11:46:59
1046,9600587,P-2014-056-T1,2016-07-28,1420,25,2016-08-17,2/17/2017,2016-10-25,,2020-06-09,Transfer,roy,,roxanne.kwan,2016-08-03 13:14:13
1047,9200518,P-2016-028-T1,2016-07-28,1421,25,2016-08-17,2/17/2017,2016-10-25,,2021-04-18,Transfer,roy,,roxanne.kwan,2016-08-03 13:16:49
1048,9100530,P-2015-088-T1,2016-07-28,1422,25,2016-08-17,2/17/2017,2016-10-25,,2020-06-18,Transfer,roy,,roxanne.kwan,2016-08-03 13:18:44
1049,9200019,P-2016-367,2016-08-03,5547935,150,2016-08-04,00/04/2017,2016-08-12,,2021-08-12,Operational,GTABIL/al,,roxanne.kwan,2016-08-03 16:50:13
1050,9201141,P-2016-369,2016-08-03,5547937,150,2016-08-04,02/04/2017,2016-08-12,,2021-08-12,Operational,GTABIL/al,,roxanne.kwan,2016-08-03 16:56:47
1051,9707414,P-2016-368,2016-08-03,1811,150.00,2016-08-03,2/3/2017,2016-08-12,,2021-08-12,Operational,GTABIL/al,,roxanne.kwan,2016-08-03 17:02:44
1053,9200183,p-2016-370,2016-08-05,036903,150,2016-08-08,02/08/2017,2016-08-12,,2021-08-12,Operational,gtabil,,roxanne.kwan,2016-08-08 13:43:46
1054,9707348,p-2016-371,2016-08-05,001348,150,2016-08-05,2/5/2017,2016-08-16,,2021-08-16,Operational,roy,,roxanne.kwan,2016-08-08 13:50:11
1055,9101893,p-2016-372,2016-08-05,9076,150,2016-08-08,02/08/2017,2016-08-12,,2021-08-12,Operational,GTABIL,,roxanne.kwan,2016-08-08 13:57:54
1056,9102406,P-2016-373,2016-08-08,510,150,2016-08-08,02/08/2017,2016-08-12,,2021-08-12,Operational,GTABIL,,roxanne.kwan,2016-08-08 14:09:45
1057,9201455,P-2016-374,2016-08-08,076754,150,2016-08-09,02/09/2017,2016-08-16,,2021-08-16,Operational,GTABIL,,roxanne.kwan,2016-08-08 14:14:25
1058,9707412,P-2016-375,2016-08-09,cash,150,2016-08-09,02/09/2017,2016-12-21,,2021-12-21,Operational,GTABIL,,roxanne.kwan,2016-08-09 13:47:25
1059,9101676,P-2016-376,2016-08-10, JV08048,150,,,2016-08-29,,2021-08-29,Operational,george,8/1/2016 rec PO 300061157 of $100. need $50 more  10/13/2016 rec JV of $150.00  JM0932 - rk,roxanne.kwan,2016-08-10 17:04:56
1060,9101873,p-2016-377,2016-08-11,1768,150,2016-08-12,02/12/2017,2016-08-22,,2021-08-22,Operational,gtabil,,roxanne.kwan,2016-08-11 16:18:13
1061,9707323,P-2016-378,2016-08-23,01101440,150,2016-08-23,02/23/2017,2016-09-27,,2021-09-27,Operational,GTABIL/AL,,roxanne.kwan,2016-08-23 13:06:14
1062,9707758,P-2006-006-R2,2016-08-24,6142553,50,2016-10-26,4/26/2017,2017-01-30,,2022-01-30,Renewal,roy,8/24/2016 rec renewal permit with changes - rk,roxanne.kwan,2016-08-25 16:14:45
1063,9707675,P-2002-002-T2-R3,2016-08-26,33472,50,2016-11-07,5/7/2017,2017-02-03,,2022-04-19,Renewal,roy,expires 4/2017   11/7/2016 received renewal application - rk,roxanne.kwan,2016-09-12 10:01:10
1064,9202072,P-2016-379,2016-08-26,1103812439,150,2016-09-13,03/13/2017,2016-10-07,,2021-10-07,Operational,george,,roxanne.kwan,2016-09-12 10:04:51
1065,9707924,P-2012-001-R1,2016-08-29,6145228,50,2016-11-09,5/9/2017,2017-04-19,,2022-02-27,Renewal,roy,,roxanne.kwan,2016-09-12 10:22:34
1066,9201224,P-2015-153-T1,2016-09-12,138910,25,2016-09-12,3/12/2017,2016-11-10,,2021-04-07,Transfer,roy,Check #138910 ($850) as permit fee to cover 34 sites ($25/permit). Transfer of O/O is anticipated to occur on 11/1/2016-RI,roy.ilaga,2016-10-07 10:14:20
1067,9101105,P-2015-175-T1,2016-09-12,138910,850,2016-09-12,3/12/2017,2016-11-10,,2021-04-11,Transfer,roy,Check #138910 ($850) as permit fee to cover 34 sites ($25/permit). Transfer of O/O is anticipated to occur on 11/1/2016-RI,roy.ilaga,2016-10-07 10:55:45
1068,9201226,P-2015-166-T1,2016-09-12,138910,850,2016-09-12,3/12/2017,2016-11-10,,2021-04-18,Transfer,roy,Check #138910 ($850) as permit fee to cover 34 sites ($25/permit). Transfer of O/O is anticipated to occur on 11/1/2016-RI,roy.ilaga,2016-10-07 10:58:17
1069,9200862,P-2015-145-T1,2016-09-12,138910,50,2016-09-12,3/12/2017,2016-11-10,,2021-04-08,Transfer,roy,Check #138910 ($850) as permit fee to cover 34 sites ($25/permit). Transfer of O/O is anticipated to occur on 11/1/2016-RI,roy.ilaga,2016-10-07 10:59:47
1070,9101255,P-2015-167-T1,2016-09-12,138910,850,2016-09-12,3/12/2017,2016-11-10,,2021-04-12,Transfer,roy,Check #138910 ($850) as permit fee to cover 34 sites ($25/permit). Transfer of O/O is anticipated to occur on 11/1/2016-RI,roy.ilaga,2016-10-07 13:19:25
1071,9101225,P-2015-171-T1,2016-09-12,138910,850,2016-09-12,3/12/2017,2016-11-10,,2021-04-12,Transfer,roy,Check #138910 ($850) as permit fee to cover 34 sites ($25/permit). Transfer of O/O is anticipated to occur on 11/1/2016-RI,roy.ilaga,2016-10-07 13:21:20
1072,9100235,P-2015-168-T1,2016-09-12,138910,850,2016-09-12,3/12/2017,2016-11-10,,2021-04-11,Transfer,roy,Check #138910 ($850) as permit fee to cover 34 sites ($25/permit). Transfer of O/O is anticipated to occur on 11/1/2016-RI,roy.ilaga,2016-10-07 13:22:26
1073,9201256,P-2015-163-T1,2016-09-12,138910,850,2016-09-12,3/12/2017,2016-11-10,,2021-04-11,Transfer,roy,Check #138910 ($850) as permit fee to cover 34 sites ($25/permit). Transfer of O/O is anticipated to occur on 11/1/2016-RI,roy.ilaga,2016-10-07 13:23:28
1074,9101108,P-2015-173-T1,2016-09-12,138910,850,2016-09-12,3/12/2017,2016-11-10,,2021-04-12,Transfer,roy,Check #138910 ($850) as permit fee to cover 34 sites ($25/permit). Transfer of O/O is anticipated to occur on 11/1/2016-RI,roy.ilaga,2016-10-07 14:19:58
1075,9101237,P-2015-162-T1,2016-09-12,138910,850,2016-09-12,3/12/2017,2016-11-10,,2021-04-18,Transfer,roy,Check #138910 ($850) as permit fee to cover 34 sites ($25/permit). Transfer of O/O is anticipated to occur on 11/1/2016-RI,roy.ilaga,2016-10-07 14:20:48
1076,9201102,P-2015-146-T1,2016-09-12,138910,850,2016-09-12,3/12/2017,2016-11-10,,2021-04-22,Transfer,roy,Check #138910 ($850) as permit fee to cover 34 sites ($25/permit). Transfer of O/O is anticipated to occur on 11/1/2016-RI,roy.ilaga,2016-10-07 14:22:08
1077,9101236,P-2015-158-T1,2016-09-12,138910,850,2016-09-12,3/12/2017,2016-11-10,,2021-04-22,Transfer,roy,Check #138910 ($850) as permit fee to cover 34 sites ($25/permit). Transfer of O/O is anticipated to occur on 11/1/2016-RI,roy.ilaga,2016-10-07 14:22:58
1078,9707179,P-2015-148-T1,2016-09-12,138910,850,2016-09-12,3/12/2017,2016-11-10,,2021-04-22,Transfer,roy,Check #138910 ($850) as permit fee to cover 34 sites ($25/permit). Transfer of O/O is anticipated to occur on 11/1/2016-RI,roy.ilaga,2016-10-07 14:23:48
1079,9708135,P-2015-176-T1,2016-09-12,138910,850,2016-09-12,3/12/2017,2016-11-10,,2021-04-11,Transfer,roy,Check #138910 ($850) as permit fee to cover 34 sites ($25/permit). Transfer of O/O is anticipated to occur on 11/1/2016-RI,roy.ilaga,2016-10-07 14:25:58
1080,9707598,P-2000-014-R3-T1,2016-09-12,138910,850,2016-09-12,3/12/2017,2016-11-10,,2020-12-06,Transfer,roy,Check #138910 ($850) as permit fee to cover 34 sites ($25/permit). Transfer of O/O is anticipated to occur on 11/1/2016-RI,roy.ilaga,2016-10-07 14:26:55
1081,9201214,P-2015-161-T1,2016-09-12,138910,850,2016-09-12,3/12/2017,2016-11-10,,2021-04-18,Transfer,roy,Check #138910 ($850) as permit fee to cover 34 sites ($25/permit). Transfer of O/O is anticipated to occur on 11/1/2016-RI,roy.ilaga,2016-10-07 14:28:11
1082,9201117,P-2015-155-T1,2016-09-12,138910,850,2016-09-12,3/12/2017,2016-11-10,,2021-04-11,Transfer,roy,Check #138910 ($850) as permit fee to cover 34 sites ($25/permit). Transfer of O/O is anticipated to occur on 11/1/2016-RI,roy.ilaga,2016-10-07 14:29:09
1083,9501125,P-2015-160-T1,2016-09-12,138910,850,2016-09-12,3/12/2017,2016-11-10,,2021-04-22,Transfer,roy,Check #138910 ($850) as permit fee to cover 34 sites ($25/permit). Transfer of O/O is anticipated to occur on 11/1/2016-RI,roy.ilaga,2016-10-07 14:30:40
1084,9101101,P-2015-165-T1,2016-09-12,138910,850,2016-09-12,3/12/2017,2016-11-10,,2021-04-11,Transfer,roy,Check #138910 ($850) as permit fee to cover 34 sites ($25/permit). Transfer of O/O is anticipated to occur on 11/1/2016-RI,roy.ilaga,2016-10-07 14:31:43
1085,9101113,P-2015-149-T1,2016-09-12,138910,850,2016-09-12,3/12/2017,2016-11-10,,2021-04-22,Transfer,roy,Check #138910 ($850) as permit fee to cover 34 sites ($25/permit). Transfer of O/O is anticipated to occur on 11/1/2016-RI,roy.ilaga,2016-10-07 14:32:30
1086,9201233,P-2015-159-T1,2016-09-12,138910,850,2016-09-12,3/12/2017,2016-11-10,,2021-04-08,Transfer,roy,Check #138910 ($850) as permit fee to cover 34 sites ($25/permit). Transfer of O/O is anticipated to occur on 11/1/2016-RI,roy.ilaga,2016-10-07 14:33:23
1087,9101110,P-2015-151-T1,2016-09-12,138910,850,2016-09-12,3/12/2017,2016-11-10,,2021-04-22,Transfer,roy,Check #138910 ($850) as permit fee to cover 34 sites ($25/permit). Transfer of O/O is anticipated to occur on 11/1/2016-RI,roy.ilaga,2016-10-07 14:34:21
1088,9101246,P-2015-172-T1,2016-09-12,138910,850,2016-09-12,3/12/2017,2016-11-10,,2021-04-11,Transfer,roy,Check #138910 ($850) as permit fee to cover 34 sites ($25/permit). Transfer of O/O is anticipated to occur on 11/1/2016-RI,roy.ilaga,2016-10-07 14:35:18
1089,9101247,P-2015-157-T1,2016-09-12,138910,850,2016-09-12,3/12/2017,2016-11-10,,2021-04-11,Transfer,roy,Check #138910 ($850) as permit fee to cover 34 sites ($25/permit). Transfer of O/O is anticipated to occur on 11/1/2016-RI,roy.ilaga,2016-10-07 14:36:14
1090,9101720,P-2015-154-T1,2016-09-12,138910,850,2016-09-12,3/12/2017,2016-11-10,,2021-04-08,Transfer,roy,Check #138910 ($850) as permit fee to cover 34 sites ($25/permit). Transfer of O/O is anticipated to occur on 11/1/2016-RI,roy.ilaga,2016-10-07 14:36:53
1091,9701131,P-2015-164-T1,2016-09-12,138910,850,2016-09-12,3/12/2017,2016-11-10,,2021-04-07,Transfer,roy,Check #138910 ($850) as permit fee to cover 34 sites ($25/permit). Transfer of O/O is anticipated to occur on 11/1/2016-RI,roy.ilaga,2016-10-07 14:37:40
1092,9101099,P-2015-150-T1,2016-09-12,138910,850,2016-09-12,3/12/2017,2016-11-10,,2021-04-22,Transfer,roy,Check #138910 ($850) as permit fee to cover 34 sites ($25/permit). Transfer of O/O is anticipated to occur on 11/1/2016-RI,roy.ilaga,2016-10-07 14:38:28
1093,9201252,P-2015-170-T1,2016-09-12,138910,850,2016-09-12,3/12/2017,2016-11-10,,2021-04-12,Transfer,roy,Check #138910 ($850) as permit fee to cover 34 sites ($25/permit). Transfer of O/O is anticipated to occur on 11/1/2016-RI,roy.ilaga,2016-10-07 14:39:08
1094,9201097,P-2015-177-T1,2016-09-12,138910,850,2016-09-12,3/12/2017,2016-11-10,,2021-04-12,Transfer,roy,Check #138910 ($850) as permit fee to cover 34 sites ($25/permit). Transfer of O/O is anticipated to occur on 11/1/2016-RI,roy.ilaga,2016-10-07 14:39:56
1095,9101119,P-2015-156-T1,2016-09-12,138910,850,2016-09-12,3/12/2017,2016-11-10,,2021-04-22,Transfer,roy,Check #138910 ($850) as permit fee to cover 34 sites ($25/permit). Transfer of O/O is anticipated to occur on 11/1/2016-RI,roy.ilaga,2016-10-07 14:41:29
1096,9101238,P-2015-169-T1,2016-09-12,138910,850,2016-09-12,3/12/2017,2016-11-10,,2021-04-11,Transfer,roy,Check #138910 ($850) as permit fee to cover 34 sites ($25/permit). Transfer of O/O is anticipated to occur on 11/1/2016-RI,roy.ilaga,2016-10-07 14:42:28
1097,9101118,P-2015-174-T1,2016-09-12,138910,850,2016-09-12,3/12/2017,2016-11-10,,2021-04-11,Transfer,roy,Check #138910 ($850) as permit fee to cover 34 sites ($25/permit). Transfer of O/O is anticipated to occur on 11/1/2016-RI,roy.ilaga,2016-10-07 14:43:16
1098,9100849,P-2015-147-T1,2016-09-12,138910,850,2016-09-12,3/12/2017,2016-11-10,,2021-04-22,Transfer,roy,Check #138910 ($850) as permit fee to cover 34 sites ($25/permit). Transfer of O/O is anticipated to occur on 11/1/2016-RI,roy.ilaga,2016-10-07 14:44:25
1099,9101229,P-2015-152-T1,2016-09-12,138910,850,2016-09-12,3/12/2017,2016-11-10,,2021-04-08,Transfer,roy,Check #138910 ($850) as permit fee to cover 34 sites ($25/permit). Transfer of O/O is anticipated to occur on 11/1/2016-RI,roy.ilaga,2016-10-07 14:45:10
1100,9707966,P-2015-122-T1,2016-11-24,2382,25,2016-11-21,5/21/2017,2016-12-19,,2020-09-03,Transfer,roy,9/23/16 no payment received.  Checking on the new owner name- rk  11/21/2016 previous owner name was KITV studio.  Now it is kitv inc - rk,roxanne.kwan,2016-10-14 16:12:54
1101,9707926,P-2012-004-T1-R1,2016-09-30,2412,50,2016-11-14,5/14/2017,2017-02-03,,2022-05-03,Renewal,roy,11/14/2016 rec appendix iV - rk,roxanne.kwan,2016-10-14 16:18:47
1102,9100337,P-2014-034 - M1,2016-09-15,0232206,100,2016-10-26,2/26/2017,2016-11-09,2017-11-02,2019-10-13,Modification,roy,removing all of the old tanks and installing 2 compartmentalized tanks - rk   11/2/2017 received revised appendix iii dated 10/24/2017.  tank installed on 11/22/2016  and product placed in tank on 1/18/2017 - rk,roxanne.kwan,2016-10-14 16:24:37
1103,9707806,P-2016-380,2016-10-17,EFT01000497,150,,,2017-04-03,,2022-04-03,Operational,roy,12/7/2016 received revised appendix ii and additional informaiton - rk,roxanne.kwan,2016-10-18 12:35:14
1176,9200528,p-2016-358-T1,2018-06-18,0110203250,25,2018-06-18,12/18/2018,2018-08-22,,2021-08-12,Transfer,roy,permit transfer from InSite,roy.ilaga,2018-06-25 13:23:12
1104,9502523,p-2015-083-M1,2016-10-21,12852,100,2017-02-13,8/13/2017,2017-04-24,,2020-11-27,Modification,roy,"need further discussion on whether permit is needed and suspected rel status - rk  10/21/2016 -  due to interetstital alarm on 10/2015, tank 3 was taken out of service and tehn repaired using the modified Phoenix syste tank in tank upgrade.  The capacity is not 9200 gallon. And has a dry interstitial space - rk",roxanne.kwan,2016-11-02 15:01:37
1105,9707976,P-2016-381,2016-10-27,0627939,150,2017-03-29,9/29/2017,2017-04-20,,2022-04-20,New,roy,11/14/2016 rec appendix ii - rk    3/29/2017 - rec'd revised app/RI,roxanne.kwan,2016-11-02 15:53:54
1106,9100135,P-2005-001-T1-R2-M1,2016-10-24,628196,100,2016-10-24,4/24/2016,2016-12-02,,2020-03-29,Modification,roy,,roxanne.kwan,2016-11-02 16:04:39
1107,9102014,p-2016-382,2016-10-31,041036009100173,150,,,2017-04-03,,2022-04-03,Operational,george,need payment - rk  3/13/2017 payment received by eft - rk,roxanne.kwan,2016-11-16 16:45:53
1108,9500373,P-2015-082-M1,2016-11-07,12853,100,2017-01-05,7/5/2017,2017-03-07,,2020-11-27,Modification,roy,did not process the check.  Waitihg to discuss if this is a modfication permit.  They installed a phonenix tank in tank system - rk,roxanne.kwan,2016-11-16 16:54:59
1109,9702972,P-2008-005-R1-M1,2016-11-02,20080,100,2016-11-22,5/22/2017,2016-12-20,,2018-09-19,Modification,roy,adding a 20K compartmentalized tank to the existing operational permit - rk,roxanne.kwan,2016-11-17 10:59:30
1110,9707411,P-2016-383,2016-12-20,0233450,150,2017-01-05,7/5/2017,2017-01-17,2017-11-02,2022-01-17,New,roy,,roy.ilaga,2017-01-09 13:07:17
1111,9601312,P-2014-016-M1,2017-01-09,0000411,100,2017-02-06,8/6/2017,2017-04-24,2019-08-01,2019-10-16,Modification,roy,"1/9/2017 submit $150.00 check. Will be returning check (0233713) and get $100 payment - rk   addition of a 10,000 gallon compartmentalized tank (tank3a and 3b)- rk",roxanne.kwan,2017-01-12 15:07:09
1112,9707493,P-2016-197-T1,2017-01-30,67276,25,2017-01-30,7/30/2017,2017-05-01,,2021-07-22,Transfer,roy,KAUAI AUTOMATED FUEL NETWORK - CARDLOCK LIHUE SITE #7 now is called Arzadon Industrial Park Cardlock Site #7 - rk,roxanne.kwan,2017-02-10 11:17:24
1113,9702972,P-2008-005-R1-M1-T1,2017-01-30,67275,25,2017-01-30,7/30/2017,2017-05-09,,2018-09-19,Transfer,roy,transfer from kaf to HIE retail .  Prv faciliity name is KAUAI AUTOMATED FUEL NETWORK - Cardlock Puhi Site #4.  Now it is Puhi Cardlock site #4- rk,roxanne.kwan,2017-02-10 11:23:02
1114,9703039,P-2007-007-R1-M1-T1,2017-01-30,67274,25,2017-01-30,7/30/2017,2017-04-03,,2018-01-22,Transfer,roy,transfer from KAF and oahu petroleum to HIE retail   previous facility name is Kauai Automated Fuel Network - Cardlock Port Allen #3  now it is call Port allen cardlock site #3- rk,roxanne.kwan,2017-02-10 11:27:06
1115,9701796,P-2016-202-T1,2017-01-30,67273,50,2017-01-30,7/30/2017,2017-04-03,,2021-07-22,Transfer,roy,transfer from kaf to hie retail  eff 1/1/2017.  Prev facilty name was KAUAI AUTOMATED FUEL NETWORK - Cardlock Lihue Site #1.  Now it is call Aukele cardloc lihue site #1- rk,roxanne.kwan,2017-02-10 11:29:40
1116,9201165,P-2013-024-T1,2017-01-30,67271,25,2017-01-30,7/30/2017,2017-05-09,,2019-05-21,Transfer,,transfer from Oahu petroleum to HIE Retail eff 1/1/2017.  Prev facility name was ameron kapaa quarry. Now it is call HC&D Kapaa quary- rk,roxanne.kwan,2017-02-10 11:34:29
1117,9201157,P-2013-023-T1,2017-01-30,67270,25,2017-01-30,7/30/2017,2017-05-09,,2019-05-21,Transfer,r,"transfer from oahu petroleum, inc. to HIE retail eff 1/1/2017.  Prev facility name was Ameron Campbell.  Now is cal Island Ready Mix - rk",roxanne.kwan,2017-02-10 11:38:10
1118,9100171,P-2013-022-T1,2017-01-30,27272,25,2017-01-30,7/30/2017,2017-05-09,,2019-05-21,Transfer,,transfer from oahu petroleum to hie retail eff 1/1/2017 - rk,roxanne.kwan,2017-02-10 11:42:18
1119,9100913,P-2015-047-M1,2017-02-06,0235382,100,2017-05-16,11/16/2017,2017-06-14,2019-02-25,2020-10-13,Modification,roy,"submitted appendix ii - modication to install new tanks.  Old tanks were removed.  Submitted a check of $150 (#233765).  Need to retiurn check and get payment of $100.00 - rk     4/28/2017 - check #0233765 returned to Jordan Nakayama/RI     5/16/2017 - received WPT survey from Aloha Petroleum, Ltd. indicating that proposed tanks' location meets ACT 179 HB No. 2626/RI",roxanne.kwan,2017-02-10 12:46:40
1121,9707591,P-2017-001,2017-02-10,4119833,150,2018-03-27,9/27/2018,2018-05-23,,2023-05-23,Operational,roy,3/27/2018 rec appendix ii - rk,roxanne.kwan,2017-02-24 09:17:27
1122,9101200,P-2017-002,2017-02-09,025061,150,2017-04-13,10/13/2017,2017-04-24,2023-11-28,2022-04-24,New,roy,Form 3 completed on 11/28/2023,roxanne.kwan,2017-02-24 09:44:04
1123,9100322,P-2014-031-M1,2017-04-28,0235337,100,2017-04-28,10/28/2017,2017-05-24,2019-02-05,2019-10-02,Modification,roy,3/8/2017 rec appendix ii to install 2 new tanks.  The old tanks will be removed.  The check sent was $150.  Need to return and receive $100 - rk       4/28/2017 - check #0234357 returned to Jordan Nakayama/RI,roxanne.kwan,2017-03-20 16:57:45
1124,9100325,P-2002-005-R2-T1,2017-03-20,67614,25,2017-04-07,10/7/2017,2017-07-03,,2018-01-31,Transfer,roy,3/20/2017 transfer owner and operator from aloha petroleum to mid pac (Par pacific) eff 3/13/2017 - rk,roxanne.kwan,2017-03-20 17:09:34
1125,9707936,P-2012-008-R1,2017-04-25,67885,50,2017-04-25,10/25/2017,2017-10-27,,2022-11-29,Renewal,roy,,roxanne.kwan,2017-05-01 15:37:52
1126,9101866,P-2012-007-R1,2017-04-25,67884,50,2017-04-25,10/25/2017,2017-10-27,,2022-11-05,Renewal,roy,,roxanne.kwan,2017-05-01 15:49:43
1127,9707942,P-2012-012-R1,2017-05-11,3618,50,2017-06-26,12/26/2017,2017-09-06,,2022-11-05,Renewal,roy,6/26/2017 rec revised appendix 4 - rk,roxanne.kwan,2017-05-16 16:51:07
1129,9200323,P-2015-096-M1,2017-07-06,0236187,100,2017-08-17,2/17/2017,2017-09-11,2019-05-17,2021-03-11,Modification,roy,willl be removing old tanks and installing new tanks - rk       5/17/2019 - received Form 3       5/23/2019 - rec'd revised Form 3/RI,roxanne.kwan,2017-07-08 13:37:46
1130,9602400,P-2015-121-T1,2017-06-29,3212,25,2017-07-26,1/26/2017,2017-09-05,,2021-01-29,Transfer,roy,,roxanne.kwan,2017-07-10 17:51:46
1131,9707947,P-2013-004-R1,2017-06-22,0236024,50,2017-06-22,12/22/2017,2018-01-29,,2023-04-19,Renewal,rox/roy,,roxanne.kwan,2017-07-10 17:58:08
1132,9100341,P-2003-001-R3-T1,2017-06-15,68214,50,2017-06-15,12/15/2017,2018-01-16,,2023-01-27,Renewal,rox/roy,,roxanne.kwan,2017-07-10 18:03:07
1133,9703039,P-2007-007-R2-M1-T1,2017-06-29,14068,50,2017-08-09,2/8/2018,2018-01-16,,2023-01-22,Renewal,rox/roy,8/9/2017 rec revised application form dated 8/2/2017- rk,roxanne.kwan,2017-07-10 18:07:23
1134,9100325,P-2002-005-R3-T1,2017-07-13,68459,50,2017-07-13,1/13/2017,2017-09-06,,2023-01-31,Renewal,roy,,roxanne.kwan,2017-07-22 10:48:52
1135,9707944,P-2013-001-R1,2017-07-21,236443,50,2017-07-21,1/21/2018,2018-01-29,,2023-03-08,Renewal,rox/roy,,roxanne.kwan,2017-07-22 10:53:30
1177,9600569,P-2015-028-T2,2018-06-18,0110203248,25,2018-06-18,12/18/2018,2018-08-22,,2020-06-09,Transfer,roy,permit transfer from InSite,roy.ilaga,2018-06-25 13:28:36
1137,9701796,P-2016-202-T1-M1 denied,2017-09-13,13863,100,,,2018-10-31,,,Modification,roy,9/13/2017 submitted appendix ii will be removing 8 existing usts and install 2 new compartmentalized tanks around nov 2017 - rk    10/31/2018 permit denied because it is incomplete - rk,roxanne.kwan,2017-09-20 10:01:29
1138,9707927,P-2012-005-R1,2017-09-19,1100256849,50,2018-01-08,7/8/2018,2018-02-08,,2023-02-08,Renewal,roy,1/8/2018 - received revised application/RI,roxanne.kwan,2017-09-26 15:41:48
1139,9707948,P-2013-008-R1,2017-09-25,096965,50,2018-02-21,8/21/2018,2018-03-29,,2023-05-31,Renewal,roy,2/21/2018 - received revised application/RI,roxanne.kwan,2017-09-26 15:45:19
1140,9200102,P-2008-004-R2,2017-10-04,69030,50,2017-10-04,4/4/2018,2018-02-02,,2023-04-25,Renewal,rox/roy,,roxanne.kwan,2017-10-15 13:55:00
1141,9707987,P-2017-003,2017-10-30,1092,150,2017-12-21,6/21/2018,2018-02-08,2019-11-20,2023-02-08,New,roy,6/2018 is estimated installation      12/21/2017-rec'd revised application/RI        10/3/2019 - received Form 3/RI       11/20/2019 - rec'd corrected Form 3/RI       2/24/2020 - revised p2 received/RI,roxanne.kwan,2017-12-07 16:59:56
1142,9601195,P-2014-027-M1,2017-11-02,0237596,100,2018-02-06,8/6/2018,2018-03-12,2018-07-20,2019-10-14,Modification,roy,"will be removing and replacing the tanks - rk   2/6/2018 rec appendix II - rk       6/13/2018 - rec'd Appendix III, revised document was received on 7/20/2018-RI",roxanne.kwan,2017-12-08 16:19:19
1143,9202656,P-2016-181-T1,2017-11-04,3019,50,2018-02-12,8/12/2018,2018-03-13,,2021-08-16,Transfer,roy,transfer  to BRE Turtle Bay Resort LLC eff 12/15/2017 (approx date) - rk,roxanne.kwan,2017-12-08 16:52:44
1144,9707412,P-2016-375-T1,2017-11-14,3018,25,2018-02-12,8/12/2018,2018-03-13,,2021-12-21,Transfer,roy,transfer eff about 12/15/2017.  transferred to BRE Turtle Bay Resort LLC - rk,roxanne.kwan,2017-12-08 17:04:59
1145,9200923,P-2013-003-T1-R1,2018-01-08,15003,50,2018-01-08,7/8/2018,2018-08-13,,2023-08-09,Renewal,ROY,,roxanne.kwan,2018-01-26 17:38:03
1146,9101385,P-2013-007-T1-R1,2018-01-08,15002,50,2018-01-08,7/8/2018,2018-08-13,,2023-08-09,Renewal,roy,,roxanne.kwan,2018-01-29 09:12:30
1147,9707950,P-2013-009-R1,2018-01-08,69597,50,2018-01-08,7/8/2018,2018-08-13,,2023-08-09,Renewal,Roy,,roxanne.kwan,2018-01-29 09:18:24
1148,9707843,P-2007-003-R2,2018-01-22,8921,50,2018-02-02,8/2/2018,2018-02-26,,2023-02-26,Renewal,roy,no payment sent - rk,roxanne.kwan,2018-01-29 11:31:08
1149,9702972,P-2008-005-R2-M1-T1,2018-02-08,69906,50,2018-02-08,8/8/2018,2018-08-20,,2023-09-19,Renewal,roy,,roxanne.kwan,2018-02-16 12:58:47
1150,9707849,P-2007-005-R2,2017-12-27,10152249,50,2018-03-09,9/9/2018,2018-06-18,,2023-07-30,Renewal,RI,Check 10152247 ($100) shared with 9-103315/RI,roy.ilaga,2018-02-22 09:40:53
1151,9707207,P-2003-004-M1-R3,2017-12-27,10152249,50,2018-03-09,9/9/2018,2018-06-22,,2023-07-31,Renewal,RI,check # 10152249 ($100) shared with 9-203850/RI,roy.ilaga,2018-02-22 10:39:30
1152,9707672,P-2002-001-R3,2018-03-05,11665758,50,2018-03-05,9/5/2018,2018-03-29,,2023-03-29,Renewal,roy,permit expired in 3/31/2017 - rk,roxanne.kwan,2018-03-06 17:13:05
1153,9501300,P-2016-293-T1,2018-03-12,33880,25,2018-03-12,9/12/2018,2018-06-12,,2021-07-06,Transfer,roy,3/12/2018 rec copy transfer permit. - rk   3/29/2018 rec check of $25 - rk,roxanne.kwan,2018-03-16 17:02:04
1154,9101521,P-2013-006-R1,2018-03-12,018424,50,2018-04-11,10/11/2018,2018-05-24,,2023-05-24,Renewal,roy,,roxanne.kwan,2018-03-21 09:00:19
1155,9100137,P-2003-002-R3,2018-03-20,011666391,50,2018-05-07,11/7/2018,2018-10-19,,2023-11-26,Renewal,roy,5/15/2018 - returned check #011670638 ($100) to Allen Young; will apply 011666391/RI,roxanne.kwan,2018-03-21 09:44:38
1156,9707861,P-2008-003-T1-R2,2018-03-20,011666391,50,2018-05-07,11/7/2018,2018-06-12,,2023-05-22,Renewal,roy,5/15/2018 - returned check #011670638 ($100) to Allen Young/RI,roxanne.kwan,2018-03-21 09:47:05
1157,9202483,p-2016-117-t1,2018-03-21,110,25,2018-04-23,10/23/2018,2018-05-23,,2021-08-05,Transfer,roy,waiting for payment    4/23/2018 - payment received/RI,roxanne.kwan,2018-04-03 16:27:30
1158,9500542,p-2014-073-T2,2018-03-29,110198663,25,2018-04-11,10/11/2018,2018-08-14,,2020-02-27,Transfer,roy,,roxanne.kwan,2018-04-03 17:10:54
1159,9100530,P-2015-088-T2 - void,2018-03-29,0110198662,25,2018-04-11,10/11/2018,,,,Transfer,roy,"4/20/2018 - permit app voided per O/O request, facility will remain with Insite/RI",roxanne.kwan,2018-04-03 17:14:50
1160,9100032,P-2008-007-R2,2018-03-27,00000070111,50,2018-03-27,9/27/2018,2018-09-04,,2023-10-27,Renewal,Roy,permit fee received on 3/13/2018-RI,roy.ilaga,2018-04-23 07:39:49
1162,9500393,P-2018-001,2018-04-10,23065,150,2018-05-18,11/18/2018,2018-06-14,,2023-06-14,Operational,RI,5/18/2018 - received revised app/RI,roy.ilaga,2018-05-31 13:36:45
1164,9202208,P-2013-010-R1,2018-04-18,00000070294,50,2018-04-18,10/18/2018,2018-10-19,,2023-11-18,Renewal,RI,,roy.ilaga,2018-05-31 13:54:21
1165,9601137,P-2013-011-R1,2018-05-10,19049,50,2018-08-16,2/16/2019,2018-09-26,,2023-11-12,Renewal,RI,8/16/2018 - submitted updated p.2 of the application + facility diagram/RI,roy.ilaga,2018-05-31 13:56:30
1166,9600011,P-2008-006-R2,2018-04-18,00000070293,50,2018-04-18,10/18/2018,2018-10-19,,2023-11-17,Renewal,RI,,roy.ilaga,2018-05-31 14:01:39
1167,9707227,P-2013-018-R1,2018-05-16,101055,50,2018-06-20,12/20/18,2018-08-22,,2023-11-18,Renewal,RI,"6/21/2018 - per Matt Mitchell check #100619 cancelled by O/O, replaced with 101055/RI",roy.ilaga,2018-05-31 14:04:10
1168,9100059,p-2013-014-R1,2018-04-18,00000070295,50,2018-04-18,10/18/2018,2018-10-17,,2023-11-25,Renewal,RI,,roy.ilaga,2018-05-31 14:05:57
1169,9201703,P-2013-015-R1,2018-04-18,00000070296,50,2018-04-18,10/18/2018,2018-10-17,,2023-11-25,Renewal,RI,,roy.ilaga,2018-05-31 14:17:13
1170,9100046,P-2008-008-M1-R2,2018-05-02,00000070352,50,2018-05-02,11/2/2018,2018-12-03,,2023-12-08,Renewal,RI,Check # 00000070352 voided;,roy.ilaga,2018-05-31 14:20:10
1171,9100914,P-2008-009-T1-R2,2018-05-04,0000007053,50,2018-05-04,11/4/2018,2018-12-03,,2023-12-05,Renewal,RI,check #0000007053 voided.,roy.ilaga,2018-05-31 14:22:59
1172,9202666,P-2008-002-R2,2018-05-25,121246,50,2018-08-30,3/3/2019,2018-10-17,,2023-11-21,Renewal,roy,,roy.ilaga,2018-06-08 11:44:01
1173,9600012,P-2016-364-T1 - void,2018-06-04,1079,25,,,,,,Transfer,Roy,"no facility name provided, will contact applicant/RI   6/21/2018-left message,6/26/2018-left message, 7/3/2018-left message, 8/6/2018-still working on it, 1/9/2019-left message; permit will not be issued due to incomplete application/RI  6/24/019  permit denied because did not submit the needed information - rk",roy.ilaga,2018-06-08 11:48:21
1174,9200921,P-2009-001-R2,2018-06-06,00000070558,50,2018-06-06,12/6/2018,2018-12-03,,2024-01-20,Renewal,Roy,,roy.ilaga,2018-06-08 11:51:24
1175,9100499,p-2015-132-t2,2018-06-18,0110201610,25,2018-06-18,12/18/2018,2018-08-22,,2021-04-04,Transfer,roy,transfer from InSite/RI,roy.ilaga,2018-06-25 13:12:40
1178,9602753,P-2013-013-T1,2018-06-18,1019,25,2018-06-18,12/18/2018,2018-08-22,,2019-06-05,Transfer,roy,,roy.ilaga,2018-06-25 13:32:28
1179,9707995,P-2018-002,2018-07-10,16097,150,2018-07-10,1/10/2019,2018-08-21,2019-12-02,2023-08-21,New,RI,,roy.ilaga,2018-07-20 15:25:26
1180,9601304,P-2013-017-R1,2018-07-30,13252,100,2018-08-09,2/9/2019,2018-10-31,,2023-12-16,Renewal,RI,8/9/2018 - rec'd revised p2/RI,roy.ilaga,2018-08-06 08:53:59
1181,9100733,P-2016-070-T1,2018-07-30,1319/1327,25/25,2018-08-13,2/13/2019,2018-09-04,,2021-06-08,Transfer,RI,wrong application form and fee      8/13/2018 - received revised app with additional $25 permit fee/RI,roy.ilaga,2018-08-06 08:57:26
1182,9600579,P-2016-031-T2,2018-07-30,0110213778,50,2018-12-17,6/17/2019,2019-02-20,,2021-04-18,Transfer,RI,"wrong form and fee, check number 0110205836 ($25) voided/RI      12/17/2018 -submitted revised Form and correct fee/RI",roy.ilaga,2018-08-06 09:05:21
1183,9707422,P-2000-005-R3,2018-08-07,1003790,100,2018-10-29,4/29/2019,2018-12-17,,2023-12-17,Renewal,RI,11/5/2018 - revised application received on 10/29/2018 - RI,roy.ilaga,2018-08-15 11:05:06
1184,9707840,P-2007-002-R2,2018-08-09,10821,100,2018-10-24,4/24/2019,2018-11-14,,2023-11-14,Renewal,RI,Revised p2 received on 10/2/72018-RI,roy.ilaga,2018-08-15 11:08:13
1185,9200329,P-2015-098-M1,2018-08-10,0003452,200,2018-08-31,3/3/2019,2018-09-14,2019-02-15,2021-03-07,Modification,RI,"to replace four (4) 10,000-gallon with  two (2) 13,000 compartmentalized tanks; 8/23/2018 -rec'd revised p. 6 and facility diagram via email/RI      2/15/2019 - received Form 3/RI",roy.ilaga,2018-08-15 11:12:18
1186,9707932,P-2012-006-R1,2018-08-10,780-0020295,100,2018-08-16,2/16/2019,2018-11-08,,2023-11-06,Renewal,RI,,roy.ilaga,2018-08-15 11:21:22
1187,9707997,p-2018-00,,,,,,,,,New,roy,,william.campbell,2018-09-24 15:15:50
1188,9707997,,,,,,,,,,Renewal,,,william.campbell,2018-09-24 15:16:36
1189,9707997,,,,,,,,,,Transfer,,,william.campbell,2018-09-24 15:16:50
1190,9707998,P-2018-003,2018-09-10,00000071025,300,2018-10-01,4/1/2019,2018-10-19,2019-02-25,2023-10-19,New,roy,1/22/2019 rec letter dated 1/16/2019 will be installing tanks around 1/23/2019 - rk,roy.ilaga,2018-09-25 15:44:11
1191,9101519,P-2004-001-R2-M1,2018-09-26,0241061,200,2018-09-26,3/26/2019,2018-10-26,,2019-02-19,Modification,RI,9/26/2018 - To modify the existing permit to add a 12K tank before renewal. Also received renewal application/RI,roy.ilaga,2018-10-09 15:24:26
1192,9101519,P-2004-001-R3-M1,2018-09-26,0240773,100,2018-09-26,3/26/2019,2018-12-17,,2024-02-19,Renewal,Roy,,roy.ilaga,2018-10-09 15:38:47
1193,9707945,P-2013-002-R1,2018-10-22,3322118395,100,2018-10-22,4/22/2019,2019-03-04,,2024-03-04,Renewal,RI,1/29/2019 permit to final - rk,roy.ilaga,2018-10-24 09:37:40
1194,9201727,P-2014-009-R1,2018-11-02,1100331378,100,2018-11-07,5/7/2019,2019-01-24,,2024-05-01,Renewal,RI,,roy.ilaga,2018-11-05 09:01:20
1195,9101172,P-2009-008-R2,2018-11-13,00000071407,100,2018-11-13,5/13/2018,2019-02-19,,2024-06-19,Renewal,roy,,roxanne.kwan,2018-11-20 14:46:50
1196,9201181,P-2009-007-R2,2018-11-13,00000071409,100,2018-11-13,5/13/2018,2019-02-19,,2024-06-19,Renewal,roy,,roxanne.kwan,2018-11-20 14:48:15
1197,9500008,P-2009-003-R2,2018-11-13,00000070408,100,2018-11-13,5/13/2018,2019-02-19,,2024-06-22,Renewal,roy,,roxanne.kwan,2018-11-20 14:49:53
1198,9100171,P-2013-022-T1-R1,2018-11-05,71264,100,2018-11-05,5/5/2019,2019-02-19,,2024-05-21,Renewal,roy,,roxanne.kwan,2018-11-20 14:52:19
1199,9201165,P-2013-024-T1-R1,2018-11-05,71263,100,2018-11-05,5/5/2019,2019-02-06,,2024-05-21,Renewal,roy,,roxanne.kwan,2018-11-20 14:53:21
1200,9201157,P-2013-023-T1-R1,2018-11-07,00000071265,100,2018-11-07,5/7/2019,2019-02-06,,2024-05-21,Renewal,roy,,roxanne.kwan,2018-11-20 14:54:20
1201,9707735,P-2004-003-R3,2018-11-14,0241525,100,2018-11-28,5/28/2019,2019-02-06,,2024-05-20,Renewal,roy,,roy.ilaga,2018-11-26 09:03:54
1202,9101395,P-2013-019-R1,2018-11-30,36700,100,2018-11-30,5/30/2018,2019-02-19,,2024-07-25,Renewal,Roy,2/5/2019 draft being final - rk,roy.ilaga,2018-12-08 08:47:50
1203,9701304,P-2018-005,2018-12-06,eft,300,2019-07-05,1/5/2020,2019-07-15,,2024-07-15,Operational,Roy/Hugh,12/6/2018 - no payment received/RI    1/17/2019 did TDR to transfer money to account - rk,roy.ilaga,2018-12-08 11:24:44
1204,9200622,P-2015-101-M1,2018-07-20,0241139,200,2018-12-12,6/12/2019,2018-12-26,2021-07-08,2021-03-11,Modification,RI,check received on 12/4/2018/RI,roy.ilaga,2018-12-12 15:38:50
1205,9601620,P-2008-011-T1-R2,2018-12-10,0000346604,100,2018-12-10,6/10/2019,2019-02-13,,2024-01-09,Renewal,roy,late permit application,roy.ilaga,2018-12-15 11:17:54
1206,9601715,P-2008-010-T1-R2,2018-12-10,0000346603,100,2018-12-10,6/10/2019,2018-12-21,,2024-01-09,Renewal,roy,late permit application/RI,roy.ilaga,2018-12-15 11:41:50
1207,9102280,P-2018-004 - void,2018-10-09,eft,300,2018-10-09,4/9/2019,,,,Operational,RI,10/9/2018 - no payment received/RI   12/4/2018  funds transferred to general acct. - rk  8/28/2019 drafting letter to deny - rk    2/24/2020  sent letter to navy thaat since clousing tanks permit is not necessary. - rk,roy.ilaga,2019-01-09 12:17:41
1208,9707880,P-2009-004-R2,2018-12-21,ACH,100,2019-03-13,9/13/2019,2019-04-01,,2024-04-23,Renewal,RI,12/28/2018 rec $100.00 - rk,roy.ilaga,2019-01-14 11:56:57
1210,9708003,P-2019-001,2019-01-07,101,300,2019-01-07,7/7/2019,2019-07-12,,2024-07-12,Operational,roy/HM,airport hydrant system - rk,roxanne.kwan,2019-01-23 08:55:58
1211,9701796,P-2016-202-T1-M2 expired,2019-01-10,00000071678,200,2019-02-25,8/25/2019,2019-04-02,,2021-07-22,Modification,roy,"2/25/2019 - received revised pp 3,4,5,6 + site figure   6/26/2019 rec letter dated 6/20/2019 req an extension - rk",roy.ilaga,2019-01-28 15:52:52
1212,9200315,P-2016-033-M1,2019-01-17,0242092,200,2019-03-07,9/7/2019,2019-03-18,2020-07-24,2021-07-15,Modification,roy,3/7/2019 - rec'd revised pp 3-6/RI  9/5/2019 rec call that will be installing tank on 9/12 - rk    7/24/2020-recd revised Form 3/RI,roy.ilaga,2019-01-30 08:55:11
1213,9200335,P-2014-035-M1,2019-01-17,0004568,200,2019-01-17,7/17/2019,2019-03-15,2019-07-09,2019-10-13,Modification,roy,6/10/2019 received certification form - rk      6/26/2019 - Aloha will submit a revised Form 3/RI,roy.ilaga,2019-01-30 09:11:37
1214,9102650,P-2014-046-T1,2019-01-17,cash,50,2019-01-17,7/17/2019,2019-04-01,,2020-06-19,Transfer,roy,,roy.ilaga,2019-01-30 11:32:34
1215,9101187,P-2009-005-R2,2019-01-18,00000071677,100,2019-01-18,7/185/2019,2019-05-22,,2024-08-13,Renewal,roy,,roy.ilaga,2019-01-30 11:36:02
1216,9602710,P-2009-006-R2,2019-01-29,20113 & 20147,100,2019-02-12,8/102/2019,2019-05-23,,2024-07-27,Renewal,roy,wrong application form and permit fee/RI     2/12/2019 - rec'd revised application and additional $50 permit fee/RI,roy.ilaga,2019-02-05 07:07:43
1217,9707168,P-2013-021-R1,2019-02-11,093540,100,2019-02-13,8/13/2019,2019-03-08,,2024-06-05,Renewal,roy,Owner's certification not signed/RI      2/13/2019 - rec'd signed application/RI,roy.ilaga,2019-02-12 13:52:53
1218,9100362,P-2014-043-R1,2019-07-29,6660,100,2019-07-29,1/29/2020,2019-12-13,,2025-01-28,Renewal,Roy,"2/12/2019 - Received UST Permit renewal application too early. Current permit is not expiring until 1/28/2020. Returned application form and check #6625 ($100). Called applicant, Dale Rowley, to resubmit application 6 months prior to the expiration of the current permit.    7/29/2019 - received Form 4/RI",roy.ilaga,2019-02-20 08:12:30
1219,9101173,P-2009-009-R2,2019-02-19,00000071899,100,2019-02-19,8/19/2019,2019-05-22,,2024-09-23,Renewal,roy,,roy.ilaga,2019-02-25 07:54:22
1220,9600109,P-2014-001-R1,2019-02-22,00025254,100,2019-02-26,8/26/2019,2019-04-01,,2024-07-25,Renewal,roy,2/26/2019 - rec'd revised p. 2/RI,roy.ilaga,2019-02-25 08:19:13
1221,9200330,P-2014-040-R1,2019-02-25,0242447,100,2019-02-25,8/25/2019,2019-06-07,,2024-09-02,Renewal,RI,,roy.ilaga,2019-03-12 07:21:20
1222,9100049,P-2014-033-R1,2019-03-15,0242513,100,2019-03-15,9/15/2019,2019-07-05,,2024-09-29,Renewal,RI,,roy.ilaga,2019-03-22 16:27:49
1223,9201864,P-2014-032-R1,2019-03-15,0004880,100,2019-03-15,9/15/2019,2019-06-07,,2024-09-29,Renewal,RI,,roy.ilaga,2019-03-22 16:29:10
1224,9100322,P-2014-031-M1-RI,2019-03-15,0004882,100,2019-03-15,9/15/2019,2019-06-07,,2024-10-02,Renewal,RI,,roy.ilaga,2019-03-22 16:30:21
1225,9201938,P-2013-012-R1,2019-04-03,2043,100,2019-04-03,10/3/2019,2019-07-05,,2024-07-05,Renewal,RI,current permit expired on 11/18/2018; NO issued a FC during her inspection/RI,roy.ilaga,2019-04-03 14:17:55
1226,9101190,P-2014-017-R1,2019-04-01,0005017,100,2019-07-17,1/17/2020,2019-08-20,,2024-10-13,Renewal,ri,,roy.ilaga,2019-04-13 13:15:55
1227,9707829,P-2007-001-R2-T1,2019-04-01,0004975,100,2019-07-09,1/9/2020,2019-07-26,,2024-09-25,Renewal,RI,,roy.ilaga,2019-04-13 13:19:10
1228,9202219,P-2014-030-R1,2019-04-01,0242695,100,2019-07-17,1/17/2020,2019-08-21,,2024-10-13,Renewal,ri,,roy.ilaga,2019-04-13 13:22:50
1229,9201179,P-2014-019-R1,2019-04-10,100,0242835,2019-07-17,1/17/2020,2019-08-21,,2024-10-13,Renewal,ri,,roy.ilaga,2019-04-13 13:25:17
1230,9101198,P-2014-020-R1,2019-04-10,005124,100,2019-04-10,10/10/2019,2019-07-09,,2024-10-13,Renewal,ri,,roy.ilaga,2019-04-13 13:27:24
1231,9201706,P-2014-026-M1-R1,2019-04-10,0005125,100,2019-04-10,10/10/2019,2019-07-09,,2024-10-13,Renewal,RI,,roy.ilaga,2019-04-13 13:28:57
1232,9601195,P-2014-027-M1-R1,2019-04-10,0005126,100,2019-07-17,1/17/2020,2019-08-21,,2024-10-14,Renewal,RI,,roy.ilaga,2019-04-13 13:30:48
1233,9601312,P-2014-016-M1-R1,2019-04-10,0005127,100,2019-07-17,1/17/2020,2019-08-21,,2024-10-16,Renewal,ri,,roy.ilaga,2019-04-13 13:32:50
1234,9101175,P-2014-012-R1,2019-04-10,0005128,100,2019-04-10,10/10/2019,2019-07-09,,2024-10-16,Renewal,ri,,roy.ilaga,2019-04-13 13:34:37
1235,9101176,P-2014-014-R1,2019-04-10,0005130,100,2019-04-10,10/10/2019,2019-07-05,,2024-10-13,Renewal,RI,,roy.ilaga,2019-04-13 13:37:16
1236,9100328,P-2014-036-R1,2019-04-10,0005134,100,2019-08-06,2/6/2020,2019-09-27,,2024-10-13,Renewal,ri,,roy.ilaga,2019-04-13 13:38:30
1237,9200335,P-2014-035-M1-R1,2019-04-10,0005133,100,2019-07-17,1/17/2020,2019-08-21,,2024-10-13,Renewal,ri,,roy.ilaga,2019-04-13 13:40:09
1238,9100337,P-2014-034-M1-R1,2019-04-10,0005132,100,2019-07-17,1/17/2020,2019-08-13,,2024-10-13,Renewal,ri,,roy.ilaga,2019-04-13 13:42:51
1239,9101185,P-2014-022-R1,2019-04-10,0005131,100,2019-07-17,1/17/2020,2019-08-20,,2024-10-13,Renewal,ri,,roy.ilaga,2019-04-13 13:45:00
1240,9201202,P-2014-023-R1,2019-04-10,0005129,100,2019-04-10,10/10/2019,2019-07-09,,2024-10-13,Renewal,ri,,roy.ilaga,2019-04-13 13:46:15
1241,9101199,P-2014-018-R1,2019-04-10,0242837,100,2019-08-06,2/6/2020,2019-08-20,,2024-10-13,Renewal,RI,,roy.ilaga,2019-04-13 13:47:33
1242,9707906,P-2014-003-R1,2019-04-11,202533,100,2019-04-11,10/11/2019,2019-06-05,,2024-08-13,Renewal,RI,,roy.ilaga,2019-04-13 13:53:30
1243,9500424,P-2016-008-T1,2019-04-11,15365,50,2019-04-11,10/11/2019,2019-06-12,,2021-05-12,Transfer,RI,,roy.ilaga,2019-04-13 13:55:30
1244,9101098,P-2009-011-R2,2019-03-25,00000072098,100,2019-03-25,9/25/2019,2019-06-24,,2024-10-28,Renewal,ri,,roy.ilaga,2019-04-13 13:57:53
1245,9602214,P-2013-005-R1,2019-03-14,0000349488,100,2019-04-22,10/22/2019,2019-05-23,,2024-05-23,Renewal,ri,"current permit expired on5/10/2018, to resend a revised application/RI        4/22/2019 - rec'd revised application/RI",roy.ilaga,2019-04-17 14:19:22
1246,9201208,P-2014-021-R1,2019-04-30,0005225,100,2019-04-30,2/30/2020,2019-09-27,,2024-11-19,Renewal,roy,,roy.ilaga,2019-04-30 15:43:26
1247,9707255,P-2014-015-R1,2019-04-30,0005272,100,2019-04-30,2/30/20,2019-09-30,,2024-11-19,Renewal,roy,,roy.ilaga,2019-04-30 15:44:48
1248,9101120,P-2014-041-R1-rescinded,2019-04-29,00000072240,100,2019-04-29,10/29/2019,2019-07-03,,2024-11-14,Renewal,roy,10/18/2019  permit rescinded due to change in ownership prior to renewal .  Tramsfer permit was isssued- rk,roxanne.kwan,2019-05-09 10:08:25
1249,9707955,P-2014-002-R1,2019-04-26,780-0033869,100,2019-05-28,11/28/2019,2019-06-13,,2024-06-06,Renewal,roy,5/28/2019 - rec'd revised form 4/RI,roxanne.kwan,2019-05-09 10:10:48
1250,9500106,P-2009-010-T1-R2,2019-05-08,00000072239,100,2019-05-28,11/28/2019,2019-06-24,,2024-11-09,Renewal,roy,5/28/2019 - rec'd revised application/RI,roxanne.kwan,2019-05-09 10:14:53
1251,9102609,P-2014-004-R1,2019-05-15,203170,100,2019-05-17,11/17/2019,2019-06-05,,2024-07-25,Renewal,roy,"received incomplete application.    5/17/2019 - received complete, revised application, check #203087 returned to William Suckoll and replaced with check #203170",roy.ilaga,2019-05-17 08:31:41
1252,9601223,P-2014-008-R1,2019-05-15,100167,100,2019-05-21,11/21/2019,2019-06-05,,2024-08-19,Renewal,roy,5/21/2019 - received revised p. 2 of the application. Returned check #100169 ($300) to O/O.,roy.ilaga,2019-05-17 09:45:51
1253,9101031,P-2010-006-R1,2019-05-13,54095,100,2019-05-24,10/24/2019,2019-07-05,,2024-07-05,Renewal,roy,5/24/2019 - received revised application/RI,roxanne.kwan,2019-05-18 14:28:14
1254,9202999,P-2014-028-R1,2019-05-17,0005418,100,2019-05-17,11/17/2019,2019-07-05,,2024-10-02,Renewal,roy,,roy.ilaga,2019-05-20 15:45:24
1255,9101028,P-2015-114-M1,2019-02-25,0243234,200,2019-05-30,11/30/2019,2019-08-26,2021-07-08,2021-03-07,Modification,RI,"2/25/2019 - application inadequate; permit fee not submitted.     3/15/2019 - wrong form submitted        5/30/2019 - received revised form 2/RI     1/6/2019 - received Form 3, infro must be reconciled, revision needed/RI      11/2/2020 - revised Form 3 received/RI",roy.ilaga,2019-06-01 07:23:10
1256,9602427,P-2009-012-R2,2019-05-30,0005496,100,2019-05-30,11/30/2019,2019-09-27,,2025-01-28,Renewal,RI,,roy.ilaga,2019-06-01 08:44:22
1257,9101462,P-2014-037-R1,2019-06-03,PO 41102112,100,2019-07-12,1/12/2020,2019-07-26,,2024-10-03,Renewal,RI,,roy.ilaga,2019-06-05 09:10:33
1308,9500549,P-2014-064-R1,2019-07-18,0110225547,100,2019-07-18,1/18/2020,2020-02-10,,2025-02-17,Renewal,RI,,roy.ilaga,2019-08-05 14:47:40
1258,9202189,P-2015-043-R1,2019-06-10,0243453,100,2019-06-21,12/21/2019,2019-11-19,,2025-02-05,Renewal,roy,"no payment attached - rk       6/21/2019 - rec'd revised app and permit fee.  To return check #0243282/RI        10/22/2019 - received revised application, operator info changed/RI",roxanne.kwan,2019-06-18 10:42:45
1259,9100184,P-2014-006-T1,2019-06-12,1291,50,2019-07-01,1/1/2020,2019-07-22,,2019-07-25,Transfer,RI,"7/1/2019 - received revised Form 5/RI     This permit is issued with effective date from 6/28/2019 -7/25,2019",roy.ilaga,2019-06-19 16:51:29
1260,9100184,P-2014-006-R1,2019-06-19,175769,100,2019-06-19,12/19/2019,2019-07-05,,2024-07-25,Renewal,RI,"6/12/2019- renewal application from Goodwill Beretania Center was also received. This permit renewal was issued to Tony Hawaii.  7/1/2019 - Permit is rescinded, will transfer permit to Goodwill and renew permit with Goodwill/RI",roy.ilaga,2019-06-19 16:52:24
1261,9101032,P-2015-109-M1 - void,2019-06-21,0243454,200,,,,,,Modification,RI,"Did not process application to modify existing permit. O/O submitted installation & Operation permit app, instead. Check #0243454 ($200) to be returned.",roy.ilaga,2019-06-24 16:32:52
1262,9201165,P-2013-024-T2-R1,2019-07-02,00000072530,50.00,2019-07-02,01/02/2020,2019-09-11,,2024-05-21,Transfer,RI,"Par Hawaii, Inc. will convert from a corporation to a limited liability company, and Mid Pac Petroleum, LLC and HIE Retail, LLC will each merge into Par Hawaii, LLC.",Timothy.Ugaitafa,2019-07-15 08:20:00
1263,9100171,P-2013-022-T2-R1,2019-07-02,00000072529,50.00,2019-07-02,01/02/2020,2019-10-18,,2024-05-21,Transfer,RI,"Par Hawaii, Inc. will convert from a corporation to a limited liability company, and Mid Pac Petroleum, LLC and HIE Retail, LLC will each merge into Par Hawaii, LLC.",Timothy.Ugaitafa,2019-07-15 08:34:40
1264,9201157,P-2013-023-T2-R1,2019-07-02,00000072531,50.00,2019-07-02,01/02/2020,2019-09-19,,2024-05-21,Transfer,RI,"Par Hawaii, Inc. will convert from a corporation to a limited liability company, and Mid Pac Petroleum, LLC and HIE Retail, LLC will each merge into Par Hawaii, LLC.",Timothy.Ugaitafa,2019-07-15 08:39:11
1265,9701796,P-2016-202-T2-M2,2019-07-02,00000072519,50.00,2019-07-02,01/02/2020,2019-12-06,,2021-07-22,Transfer,RI,"Par Hawaii, Inc. will convert from a corporation to a limited liability company, and Mid Pac Petroleum, LLC and HIE Retail, LLC will each merge into Par Hawaii, LLC.",Timothy.Ugaitafa,2019-07-15 08:42:55
1266,9702972,P-2008-005-R2-M1-T2,2019-07-02,00000072532,50.00,2019-07-02,01/02/2020,2019-12-10,,2023-09-10,Transfer,RI,"Par Hawaii, Inc. will convert from a corporation to a limited liability company, and Mid Pac Petroleum, LLC and HIE Retail, LLC will each merge into Par Hawaii, LLC.",Timothy.Ugaitafa,2019-07-15 08:48:27
1267,9707493,P-2016-197-T2,2019-07-02,00000072521,50.00,2019-07-02,01/02/2020,2019-12-10,,2021-07-22,Transfer,RI,"Par Hawaii, Inc. will convert from a corporation to a limited liability company, and Mid Pac Petroleum, LLC and HIE Retail, LLC will each merge into Par Hawaii, LLC.",Timothy.Ugaitafa,2019-07-15 08:54:03
1268,9100914,P-2008-009-T2-R2,2019-07-02,00000072522,50.00,2019-07-02,01/02/2020,2019-10-18,,2023-12-05,Transfer,RI,"Par Hawaii, Inc. will convert from a corporation to a limited liability company, and Mid Pac Petroleum, LLC and HIE Retail, LLC will each merge into Par Hawaii, LLC.",Timothy.Ugaitafa,2019-07-15 08:57:25
1269,9201703,P-2013-015-R1-T1,2019-07-02,00000072523,50.00,2019-07-02,01/02/2020,2019-09-18,,2023-11-25,Transfer,RI,"Par Hawaii, Inc. will convert from a corporation to a limited liability company, and Mid Pac Petroleum, LLC and HIE Retail, LLC will each merge into Par Hawaii, LLC.",Timothy.Ugaitafa,2019-07-15 09:00:41
1270,9100059,P-2013-014-R1-T1,2019-07-02,00000072524,50.00,2019-07-02,01/02/2020,2019-10-18,,2023-11-25,Transfer,RI,"Par Hawaii, Inc. will convert from a corporation to a limited liability company, and Mid Pac Petroleum, LLC and HIE Retail, LLC will each merge into Par Hawaii, LLC.",Timothy.Ugaitafa,2019-07-15 09:05:13
1271,9101385,P-2013-007-T2-R1,2019-07-02,00000072525,50.00,2019-07-02,01/02/2020,2019-10-18,,2023-08-09,Transfer,RI,"Par Hawaii, Inc. will convert from a corporation to a limited liability company, and Mid Pac Petroleum, LLC and HIE Retail, LLC will each merge into Par Hawaii, LLC.",Timothy.Ugaitafa,2019-07-15 09:11:28
1272,9101120,P-2014-041-T1,2019-07-02,00000072498,50.00,2019-07-02,01/02/2020,2019-10-18,,2019-11-14,Transfer,RI,"Par Hawaii, Inc. will convert from a corporation to a limited liability company, and Mid Pac Petroleum, LLC and HIE Retail, LLC will each merge into Par Hawaii, LLC.",Timothy.Ugaitafa,2019-07-15 09:15:02
1273,9100348,P-2015-055-T1,2019-07-02,00000072499,50.00,2019-07-02,01/02/2020,2019-10-18,,2020-11-06,Transfer,RI,"Par Hawaii, Inc. will convert from a corporation to a limited liability company, and Mid Pac Petroleum, LLC and HIE Retail, LLC will each merge into Par Hawaii, LLC.",Timothy.Ugaitafa,2019-07-15 09:18:53
1274,9707485,P-2015-001-T1,2019-07-02,00000072500,50.00,2019-07-02,01/02/2020,2019-11-08,,2020-10-13,Transfer,RI,"Par Hawaii, Inc. will convert from a corporation to a limited liability company, and Mid Pac Petroleum, LLC and HIE Retail, LLC will each merge into Par Hawaii, LLC.",Timothy.Ugaitafa,2019-07-15 09:22:35
1275,9102158,P-2000-016-R3-T3,2019-07-02,00000072501,50.00,2019-07-02,01/02/2020,2019-10-18,,2020-10-27,Transfer,RI,"Par Hawaii, Inc. will convert from a corporation to a limited liability company, and Mid Pac Petroleum, LLC and HIE Retail, LLC will each merge into Par Hawaii, LLC.",Timothy.Ugaitafa,2019-07-15 09:25:52
1276,9200922,P-2015-049-T1,2019-07-02,00000072502,50.00,2019-07-02,01/02/2020,2019-11-08,,2020-11-09,Transfer,RI,"Par Hawaii, Inc. will convert from a corporation to a limited liability company, and Mid Pac Petroleum, LLC and HIE Retail, LLC will each merge into Par Hawaii, LLC.",Timothy.Ugaitafa,2019-07-15 09:30:40
1277,9201680,P-2015-079-T1,2019-07-02,00000072504,50.00,2019-07-02,01/02/2020,2019-09-18,,2020-11-24,Transfer,RI,"Par Hawaii, Inc. will convert from a corporation to a limited liability company, and Mid Pac Petroleum, LLC and HIE Retail, LLC will each merge into Par Hawaii, LLC.",Timothy.Ugaitafa,2019-07-15 09:37:40
1278,9201860,P-2015-052-T1,2019-07-02,00000072505,50.00,2019-07-02,01/02/2020,2019-09-18,,2020-11-06,Transfer,RI,"Par Hawaii, Inc. will convert from a corporation to a limited liability company, and Mid Pac Petroleum, LLC and HIE Retail, LLC will each merge into Par Hawaii, LLC.",Timothy.Ugaitafa,2019-07-15 09:40:29
1279,9200923,P-2013-003-T2-R1,2019-07-02,00000072527,50.00,2019-07-02,01/02/2020,2019-11-08,,2023-08-09,Transfer,RI,"Par Hawaii, Inc. will convert from a corporation to a limited liability company, and Mid Pac Petroleum, LLC and HIE Retail, LLC will each merge into Par Hawaii, LLC.",Timothy.Ugaitafa,2019-07-15 09:43:17
1280,9203163,P-2015-053-T1,2019-07-02,00000072507,50.00,2019-07-02,01/02/2020,2019-11-08,,2020-11-06,Transfer,RI,"Par Hawaii, Inc. will convert from a corporation to a limited liability company, and Mid Pac Petroleum, LLC and HIE Retail, LLC will each merge into Par Hawaii, LLC.",Timothy.Ugaitafa,2019-07-15 09:46:15
1281,9203164,P-2015-075-T1,2019-07-02,00000072508,50.00,2019-07-02,01/02/2020,2019-11-08,,2020-11-27,Transfer,RI,"Par Hawaii, Inc. will convert from a corporation to a limited liability company, and Mid Pac Petroleum, LLC and HIE Retail, LLC will each merge into Par Hawaii, LLC.",Timothy.Ugaitafa,2019-07-15 09:55:01
1282,9707998,P-2018-003-T1,2019-07-02,00000072528,50.00,2019-07-02,01/02/2020,2019-11-08,,2023-10-19,Transfer,RI,"Par Hawaii, Inc. will convert from a corporation to a limited liability company, and Mid Pac Petroleum, LLC and HIE Retail, LLC will each merge into Par Hawaii, LLC.",Timothy.Ugaitafa,2019-07-15 09:57:34
1283,9203150,P-2015-077-T1,2019-07-02,00000072510,50.00,2019-07-02,01/02/2020,2019-11-08,,2020-11-27,Transfer,RI,"Par Hawaii, Inc. will convert from a corporation to a limited liability company, and Mid Pac Petroleum, LLC and HIE Retail, LLC will each merge into Par Hawaii, LLC.",Timothy.Ugaitafa,2019-07-15 09:59:42
1284,9502743,P-2015-085-T1,2019-07-02,00000072511,50.00,2019-07-02,01/02/2020,2019-09-09,,2020-11-24,Transfer,RI,"Par Hawaii, Inc. will convert from a corporation to a limited liability company, and Mid Pac Petroleum, LLC and HIE Retail, LLC will each merge into Par Hawaii, LLC.",Timothy.Ugaitafa,2019-07-15 10:04:33
1285,9500373,P-2015-082-M1-T1,2019-07-02,00000072513,50.00,2019-07-02,01/02/2020,2019-11-08,,2020-11-27,Transfer,RI,"Par Hawaii, Inc. will convert from a corporation to a limited liability company, and Mid Pac Petroleum, LLC and HIE Retail, LLC will each merge into Par Hawaii, LLC.",Timothy.Ugaitafa,2019-07-15 10:07:12
1286,9503046,P-2015-084-T1,2019-07-02,00000072514,50.00,2019-07-02,01/02/2020,2019-12-05,,2020-11-27,Transfer,RI,"Par Hawaii, Inc. will convert from a corporation to a limited liability company, and Mid Pac Petroleum, LLC and HIE Retail, LLC will each merge into Par Hawaii, LLC.",Timothy.Ugaitafa,2019-07-15 10:10:20
1287,9600702,P-2015-054-T1,2019-07-02,00000072515,50.00,2019-07-02,01/02/2020,2019-12-12,,2020-11-06,Transfer,RI,"Par Hawaii, Inc. will convert from a corporation to a limited liability company, and Mid Pac Petroleum, LLC and HIE Retail, LLC will each merge into Par Hawaii, LLC.",Timothy.Ugaitafa,2019-07-15 10:13:40
1288,9600704,P-2015-080-T1,2019-07-02,00000072516,50.00,2019-07-02,01/02/2020,2019-12-12,,2020-11-24,Transfer,RI,"Par Hawaii, Inc. will convert from a corporation to a limited liability company, and Mid Pac Petroleum, LLC and HIE Retail, LLC will each merge into Par Hawaii, LLC.",Timothy.Ugaitafa,2019-07-15 10:15:33
1289,9600706,P-2015-086-T1,2019-07-02,00000072517,50.00,2019-07-02,01/02/2020,2019-12-10,,2020-11-27,Transfer,RI,"Par Hawaii, Inc. will convert from a corporation to a limited liability company, and Mid Pac Petroleum, LLC and HIE Retail, LLC will each merge into Par Hawaii, LLC.",Timothy.Ugaitafa,2019-07-15 10:17:35
1290,9602198,P-2015-078-T1,2019-07-02,00000072518,50.00,2019-07-02,01/02/2020,2019-12-10,,2020-11-24,Transfer,RI,"Par Hawaii, Inc. will convert from a corporation to a limited liability company, and Mid Pac Petroleum, LLC and HIE Retail, LLC will each merge into Par Hawaii, LLC.",Timothy.Ugaitafa,2019-07-15 10:19:23
1291,9502523,P-2015-083-M1-T1,2019-07-02,00000072512,50.00,2019-08-15,2/15/2020,2019-12-05,,2020-11-27,Transfer,RI,"Par Hawaii, Inc. will convert from a corporation to a limited liability company, and Mid Pac Petroleum, LLC and HIE Retail, LLC will each merge into Par Hawaii, LLC.",Timothy.Ugaitafa,2019-07-15 10:35:12
1292,9707169,P-2015-076-T1,2019-07-02,00000072509,50.00,2019-07-09,1/9/2020,2019-11-08,,2020-11-27,Transfer,RI,"Par Hawaii, Inc. will convert from a corporation to a limited liability company, and Mid Pac Petroleum, LLC and HIE Retail, LLC will each merge into Par Hawaii, LLC.",Timothy.Ugaitafa,2019-07-15 10:37:34
1293,9200925,P-2015-050-T1,2019-07-02,00000072506,50.00,2019-07-02,1/2/2020,2019-11-08,,2020-11-09,Transfer,RI,"Par Hawaii, Inc. will convert from a corporation to a limited liability company, and Mid Pac Petroleum, LLC and HIE Retail, LLC will each merge into Par Hawaii, LLC.",Timothy.Ugaitafa,2019-07-15 10:39:40
1294,9202208,P-2013-010-R1-T1,2019-07-02,00000072526,50.00,2019-08-20,2/20/2020,2019-11-21,,2023-11-18,Transfer,RI,"Par Hawaii, Inc. will convert from a corporation to a limited liability company, and Mid Pac Petroleum, LLC and HIE Retail, LLC will each merge into Par Hawaii, LLC.",Timothy.Ugaitafa,2019-07-15 10:41:48
1295,9102491,P-2015-048-T1,2019-07-02,00000072497,50.00,2019-08-20,2/20/2020,2019-10-18,,2020-10-14,Transfer,RI,"Par Hawaii, Inc. will convert from a corporation to a limited liability company, and Mid Pac Petroleum, LLC and HIE Retail, LLC will each merge into Par Hawaii, LLC.",Timothy.Ugaitafa,2019-07-15 10:43:30
1296,9100915,P-2015-046-T1,2019-07-02,00000072496,50.00,2019-08-20,2/20/2020,2019-10-18,,2020-11-06,Transfer,RI,"Par Hawaii, Inc. will convert from a corporation to a limited liability company, and Mid Pac Petroleum, LLC and HIE Retail, LLC will each merge into Par Hawaii, LLC.",Timothy.Ugaitafa,2019-07-15 10:45:29
1297,9703039,P-2007-007-R2-M1-T2,2019-07-02,00000072520,50.00,2019-08-15,2/15/2020,2019-12-10,,2023-01-22,Transfer,RI,"Par Hawaii, Inc. will convert from a corporation to a limited liability company, and Mid Pac Petroleum, LLC and HIE Retail, LLC will each merge into Par Hawaii, LLC.",Timothy.Ugaitafa,2019-07-15 10:48:41
1298,9202209,P-2015-051-T1,2019-07-02,00000072503,50.00,2019-07-02,1/2/2020,2019-11-21,,2019-11-06,Transfer,RI,"Par Hawaii, Inc. will convert from a corporation to a limited liability company, and Mid Pac Petroleum, LLC and HIE Retail, LLC will each merge into Par Hawaii, LLC.",Timothy.Ugaitafa,2019-07-15 10:55:08
1299,9102653,P-2013-026-R1,2019-07-16,1048,100,2019-07-16,1/16/2020,2019-08-13,,2024-08-04,Renewal,RI,,roy.ilaga,2019-07-16 16:32:19
1300,9707736,P-2016-329-T1,2019-07-15,0000003539,50,2019-07-15,1/15/2020,2019-09-05,,2021-07-20,Transfer,RI,check #0000003539 in the amount of $450 is split into the following payments: $400 for FC U-115 and $50 for Permit application,roy.ilaga,2019-07-17 09:17:03
1301,9200329,P-2015-098-M2,2019-07-17,0005776,200,2019-07-17,1/17/2020,2020-02-19,,2021-03-07,Modification,RI,permit modification issued after Form 3 was received to reflect updated tank information/RI,roy.ilaga,2019-07-17 13:52:33
1302,9100184,P-2014-006-T1-R1,2019-06-12,1290,100,2019-07-18,1/18/2020,2019-07-22,,2024-07-25,Renewal,RI,,roy.ilaga,2019-07-18 12:56:11
1303,9500542,P-2014-073-T2-R1,2019-07-18,0110225553,100,2019-07-18,1/18/2020,2020-02-10,,2025-02-27,Renewal,RI,,roy.ilaga,2019-08-05 14:41:53
1304,9500541,P-2014-074-R1,2019-07-18,0110225552,100,2019-07-18,1/18/2020,2020-02-10,,2025-02-26,Renewal,RI,,roy.ilaga,2019-08-05 14:43:32
1305,9500558,P-2014-068-R1,2019-07-18,0110225551,100,2019-07-18,1/18/2020,2020-02-10,,2025-02-24,Renewal,RI,,roy.ilaga,2019-08-05 14:44:33
1306,9500614,P-2014-070-R1,2019-07-18,0110225550,100,2019-07-18,1/18/2020,2020-02-10,,2025-02-24,Renewal,RI,,roy.ilaga,2019-08-05 14:45:39
1307,9500544,P-2014-072-R1,2019-07-18,0110225549,100,2019-07-18,1/18/2020,2020-02-14,,2025-02-24,Renewal,RI,,roy.ilaga,2019-08-05 14:46:44
1309,9500552,P-2014-060-R1,2019-07-18,0110225548,100,2019-07-18,1/18/2020,2020-02-10,,2025-02-17,Renewal,RI,,roy.ilaga,2019-08-05 14:48:43
1310,9600663,P-2014-011-R1,2019-08-09,4464,100,2019-08-09,2/9/2019,2019-09-25,,2024-07-25,Renewal,RI,current permit expired on 7/25/2019-RI,roy.ilaga,2019-08-12 09:32:56
1311,9707828,P-2014-010-R1,2019-08-09,004025,100,2019-08-09,2/9/2020,2019-11-25,,2024-07-25,Renewal,RI,current permit expired on 7/25/2019-RI,roy.ilaga,2019-08-12 10:28:27
1312,9500548,P-2014-066-R1,2019-08-07,0110226268,100,2019-08-07,2/7/2020,2020-02-14,,2025-03-10,Renewal,RI,,roy.ilaga,2019-08-12 15:03:10
1313,9500539,P-2014-075-R1,2019-08-07,0110226267,100,2019-08-07,2/7/2020,2020-02-14,,2025-03-10,Renewal,RI,,roy.ilaga,2019-08-12 15:07:16
1314,9500550,P-2014-063-R1,2019-08-07,0110226262,100,2019-08-07,2/7/2020,2020-02-14,,2025-03-10,Renewal,RI,,roy.ilaga,2019-08-12 15:12:28
1315,9300546,P-2014-071-R1,2019-08-07,0110226263,100,2019-08-07,2/7/2020,2020-02-14,,2025-03-23,Renewal,RI,,roy.ilaga,2019-08-12 15:16:20
1316,9400557,P-2014-067-R1,2019-08-07,0110226264,100,2019-08-07,2/7/2020,2020-02-14,,2025-03-23,Renewal,RI,,roy.ilaga,2019-08-12 15:20:21
1317,9700605,p-2015-036-R1,2019-08-15,0110227132,100,2019-08-15,2/15/20,2020-03-12,,2025-04-27,Renewal,RI,,roy.ilaga,2019-08-23 11:58:37
1318,9700602,P-2015-034-R1,2019-08-15,0110227133,100,2019-08-15,2/15/2020,2020-03-12,,2025-04-27,Renewal,RI,,roy.ilaga,2019-08-23 11:59:58
1319,9700606,p-2015-037-R1,2019-08-15,0110227134,100,2019-08-15,2/15/2020,2020-03-12,,2025-04-27,Renewal,RI,,roy.ilaga,2019-08-23 12:00:52
1320,9700607,p-2015-038-R1,2019-08-15,0110227135,100,2019-08-15,2/15/2020,2020-03-17,,2025-04-27,Renewal,Ri,,roy.ilaga,2019-08-23 12:02:33
1321,9700609,P-2015-039-R1,2019-08-15,0110227136,100,2019-08-15,2/15/20,2020-03-17,,2025-04-30,Renewal,RI,,roy.ilaga,2019-08-23 12:03:31
1322,9700610,p-2015-042-R1,2019-08-15,0110227137,100,2019-08-15,2/15/2020,2020-03-18,,2025-04-30,Renewal,RI,,roy.ilaga,2019-08-23 12:04:32
1323,9700615,P-2015-040-R1,2019-08-15,0110227138,100,2019-08-15,2/15/20,2020-03-16,,2025-04-30,Renewal,RI,,roy.ilaga,2019-08-23 12:05:39
1324,9700612,p-2015-041-R1,2019-08-15,0110227139,100,2019-08-15,2/15/2020,2020-03-16,,2025-04-30,Renewal,RI,,roy.ilaga,2019-08-23 12:06:38
1325,9600586,p-2014-057-R1,2019-08-15,0110227131,100,2019-08-15,2/15/20,2020-05-06,,2025-06-08,Renewal,RI,,roy.ilaga,2019-08-23 12:07:41
1326,9600580,p-2014-059-R1,2019-08-15,0110227130,100,2019-08-15,2/15/20,2020-05-06,,2025-06-08,Renewal,RI,,roy.ilaga,2019-08-23 12:10:01
1327,9600597,p-2014-047-R1,2019-08-15,0110227129,100,2019-08-15,2/15/20,2020-05-22,,2025-06-05,Renewal,RI,,roy.ilaga,2019-08-23 12:11:14
1328,9600595,p-2014-050-R1,2019-08-15,0110227128,100,2019-08-15,2/15/20,2020-05-22,,2025-06-05,Renewal,RI,,roy.ilaga,2019-08-23 12:12:49
1329,9600594,p-2014-051-R1,2019-08-15,0110227127,100,2019-08-15,2/15/20,2020-05-06,,2025-06-05,Renewal,RI,,roy.ilaga,2019-08-23 12:13:35
1330,9201280,P-2010-001-R1-T1,2019-07-12,00000072533,50,2019-07-12,1/12/2020,2019-10-08,,2020-02-08,Transfer,RI,,roy.ilaga,2019-08-23 16:56:26
1331,9201280,P-2010-001-R2-T1,2019-07-15,00000072749,100,2019-07-15,1/15/20,2019-11-20,,2025-02-08,Renewal,RI,,roy.ilaga,2019-08-23 17:29:09
1332,9200136,P-2005-003-T1-R3,2019-08-22,0715628,100,2019-08-22,2/22/20,2020-03-04,,2025-03-21,Renewal,RI,,roy.ilaga,2019-08-27 07:22:44
1333,9100135,P-2005-001-T1-R3-M1,2019-08-22,0715627,100,2019-08-22,2/22/2020,2020-03-04,,2025-03-29,Renewal,RI,,roy.ilaga,2019-08-27 07:24:26
1334,9707891,P-2010-002-R2,2019-07-29,14163,100,2019-08-29,2/29/2020,2019-09-27,,2025-02-11,Renewal,RI,,roy.ilaga,2019-09-11 15:25:14
1335,9708004,P-2019-002,2019-09-13,0243367,100,2019-09-20,3/20/2020,2019-09-30,2021-07-08,2024-09-29,New,RI,proposed date of installation is 9/2019,roy.ilaga,2019-09-20 16:34:18
1336,9600012,P-2016-364-T1,2019-07-08,1128,50,2019-09-30,3/30/2019,2019-10-07,,2021-08-12,Transfer,RI,,roy.ilaga,2019-09-30 17:03:00
1337,9602206,P-2015-137-T1,2019-10-07,108133,50,2019-10-16,4/16/2020,2019-11-08,,2021-04-12,Transfer,RI,,roy.ilaga,2019-10-16 11:24:00
1338,9707330,P-2016-055-T1,2019-07-12,00000072570,50,2019-07-12,1/12/2020,2019-12-16,,2021-06-28,Transfer,RI,"Par Hawaii, Inc. will convert from a corporation to a limited liability company, and Mid Pac Petroleum, LLC and HIE Retail, LLC will each merge into Par Hawaii, LLC.",roy.ilaga,2019-10-28 15:36:42
1339,9100028,P-2016-056-T1,2019-07-12,00000072571,50,2019-07-12,1/12/2020,2019-12-10,,2021-06-28,Transfer,RI,"Par Hawaii, Inc. will convert from a corporation to a limited liability company, and Mid Pac Petroleum, LLC and HIE Retail, LLC will each merge into Par Hawaii, LLC.",roy.ilaga,2019-10-28 15:38:18
1340,9707100,P-2016-050-T1,2019-07-12,00000072572,50,2019-07-12,1/12/2020,2019-12-12,,2021-06-28,Transfer,RI,"Par Hawaii, Inc. will convert from a corporation to a limited liability company, and Mid Pac Petroleum, LLC and HIE Retail, LLC will each merge into Par Hawaii, LLC.",roy.ilaga,2019-10-28 15:39:10
1341,9707578,P-2016-019-T1,2019-07-12,00000072573,50,2019-07-12,1/12/2020,2019-12-16,,2021-06-20,Transfer,RI,"Par Hawaii, Inc. will convert from a corporation to a limited liability company, and Mid Pac Petroleum, LLC and HIE Retail, LLC will each merge into Par Hawaii, LLC.",roy.ilaga,2019-10-28 15:39:59
1342,9100325,P-2002-005-R3-T2,2019-07-12,00000072574,50,2019-07-12,1/12/2020,2019-12-12,,2023-01-31,Transfer,RI,"Par Hawaii, Inc. will convert from a corporation to a limited liability company, and Mid Pac Petroleum, LLC and HIE Retail, LLC will each merge into Par Hawaii, LLC.",roy.ilaga,2019-10-28 15:40:50
1343,9200921,P-2009-001-R2-T1,2019-07-12,00000072575,50,2019-07-12,1/12/2020,2019-12-13,,2024-01-20,Transfer,RI,"Par Hawaii, Inc. will convert from a corporation to a limited liability company, and Mid Pac Petroleum, LLC and HIE Retail, LLC will each merge into Par Hawaii, LLC.",roy.ilaga,2019-10-28 15:41:56
1344,9101866,P-2012-007-R1-T1,2019-07-12,00000072576,50,2019-07-12,1/12/2020,2019-12-10,,2022-11-05,Transfer,RI,"Par Hawaii, Inc. will convert from a corporation to a limited liability company, and Mid Pac Petroleum, LLC and HIE Retail, LLC will each merge into Par Hawaii, LLC.",roy.ilaga,2019-10-28 15:42:49
1345,9200030,P-2016-130-T1,2019-07-12,00000072577,50,2019-07-12,1/12/2020,2019-12-10,,2021-07-14,Transfer,RI,"Par Hawaii, Inc. will convert from a corporation to a limited liability company, and Mid Pac Petroleum, LLC and HIE Retail, LLC will each merge into Par Hawaii, LLC.",roy.ilaga,2019-10-28 15:43:53
1346,9600105,P-2016-138-T1,2019-07-12,00000072578,50,2019-07-12,1/12/2020,2019-12-24,,2021-07-14,Transfer,RI,"Par Hawaii, Inc. will convert from a corporation to a limited liability company, and Mid Pac Petroleum, LLC and HIE Retail, LLC will each merge into Par Hawaii, LLC.",roy.ilaga,2019-10-28 15:44:53
1347,9600013,P-2016-135-T1,2019-07-12,00000072579,50,2019-07-12,1/12/2020,2019-12-20,,2021-07-14,Transfer,RI,"Par Hawaii, Inc. will convert from a corporation to a limited liability company, and Mid Pac Petroleum, LLC and HIE Retail, LLC will each merge into Par Hawaii, LLC.",roy.ilaga,2019-10-28 15:46:34
1348,9600104,P-2016-136-T1,2019-07-12,00000072580,50,2019-07-12,1/12/2020,2019-12-20,,2021-07-14,Transfer,RI,"Par Hawaii, Inc. will convert from a corporation to a limited liability company, and Mid Pac Petroleum, LLC and HIE Retail, LLC will each merge into Par Hawaii, LLC.",roy.ilaga,2019-10-28 15:47:28
1349,9600014,P-2016-137-T1,2019-07-12,00000072581,50,2019-07-12,1/12/2020,2019-12-02,,2021-07-14,Transfer,RI,"Par Hawaii, Inc. will convert from a corporation to a limited liability company, and Mid Pac Petroleum, LLC and HIE Retail, LLC will each merge into Par Hawaii, LLC.",roy.ilaga,2019-10-28 15:48:19
1350,9601325,P-2016-255-T1,2019-07-12,00000072582,50,2019-07-12,1/12/2020,2019-12-24,,2021-07-22,Transfer,RI,"Par Hawaii, Inc. will convert from a corporation to a limited liability company, and Mid Pac Petroleum, LLC and HIE Retail, LLC will each merge into Par Hawaii, LLC.",roy.ilaga,2019-10-28 15:49:07
1351,9601520,P-2016-256-T1,2019-07-12,00000072583,50,2019-07-12,1/12/2020,2019-12-24,,2021-07-22,Transfer,RI,"Par Hawaii, Inc. will convert from a corporation to a limited liability company, and Mid Pac Petroleum, LLC and HIE Retail, LLC will each merge into Par Hawaii, LLC.",roy.ilaga,2019-10-28 15:49:56
1352,9707950,P-2013-009-R1-T1,2019-07-12,00000072584,50,2019-07-12,1/12/2020,2019-12-24,,2023-08-09,Transfer,RI,"Par Hawaii, Inc. will convert from a corporation to a limited liability company, and Mid Pac Petroleum, LLC and HIE Retail, LLC will each merge into Par Hawaii, LLC.",roy.ilaga,2019-10-28 15:50:46
1353,9500007,P-2016-134-T1,2019-07-12,00000072586,50,2019-07-12,1/12/2020,2019-12-20,,2021-07-14,Transfer,RI,"Par Hawaii, Inc. will convert from a corporation to a limited liability company, and Mid Pac Petroleum, LLC and HIE Retail, LLC will each merge into Par Hawaii, LLC.",roy.ilaga,2019-10-28 15:51:45
1354,9600011,P-2008-006-R2-T1,2019-07-12,00000072585,50,2019-07-12,1/12/2020,2019-12-20,,2023-11-17,Transfer,RI,"Par Hawaii, Inc. will convert from a corporation to a limited liability company, and Mid Pac Petroleum, LLC and HIE Retail, LLC will each merge into Par Hawaii, LLC.",roy.ilaga,2019-10-28 15:52:35
1355,9707574,P-2000-007-T3-R3,2019-07-12,00000072587,50,2019-07-12,1/12/2020,2019-12-20,,2020-08-12,Transfer,RI,"Par Hawaii, Inc. will convert from a corporation to a limited liability company, and Mid Pac Petroleum, LLC and HIE Retail, LLC will each merge into Par Hawaii, LLC.",roy.ilaga,2019-10-28 15:53:28
1356,9500106,P-2009-010-T2-R2,2019-07-12,00000072588,50,2019-07-12,1/12/2020,2019-12-16,,2024-11-09,Transfer,RI,"Par Hawaii, Inc. will convert from a corporation to a limited liability company, and Mid Pac Petroleum, LLC and HIE Retail, LLC will each merge into Par Hawaii, LLC.",roy.ilaga,2019-10-28 15:54:38
1357,9500008,P-2009-003-R2-T1,2019-07-12,00000072589,50,2019-07-12,1/12/2020,2019-12-20,,2024-06-22,Transfer,RI,"Par Hawaii, Inc. will convert from a corporation to a limited liability company, and Mid Pac Petroleum, LLC and HIE Retail, LLC will each merge into Par Hawaii, LLC.",roy.ilaga,2019-10-28 15:55:43
1358,9707701,P-2016-254-T1,2019-07-12,00000072590,50,2019-07-12,1/12/2020,2019-12-20,,2021-07-22,Transfer,RI,"Par Hawaii, Inc. will convert from a corporation to a limited liability company, and Mid Pac Petroleum, LLC and HIE Retail, LLC will each merge into Par Hawaii, LLC.",roy.ilaga,2019-10-28 15:56:42
1359,9707936,P-2012-008-R1-T1,2019-07-12,00000072591,50,2019-07-12,1/12/2020,2019-12-20,,2022-11-29,Transfer,RI,"Par Hawaii, Inc. will convert from a corporation to a limited liability company, and Mid Pac Petroleum, LLC and HIE Retail, LLC will each merge into Par Hawaii, LLC.",roy.ilaga,2019-10-28 15:57:38
1360,9701643,P-2016-253-T1,2019-07-12,00000072593,50,2019-07-12,1/12/2020,2019-12-24,,2021-08-12,Transfer,RI,"Par Hawaii, Inc. will convert from a corporation to a limited liability company, and Mid Pac Petroleum, LLC and HIE Retail, LLC will each merge into Par Hawaii, LLC.",roy.ilaga,2019-10-28 15:58:35
1361,9707215,P-2016-261-T1,2019-07-12,00000072594,50,2019-07-12,1/12/2020,2019-12-24,,2021-07-22,Transfer,RI,"Par Hawaii, Inc. will convert from a corporation to a limited liability company, and Mid Pac Petroleum, LLC and HIE Retail, LLC will each merge into Par Hawaii, LLC.",roy.ilaga,2019-10-28 15:59:18
1362,9700618,P-2016-259-T1,2019-07-12,00000072592,50,2019-07-12,1/12/2020,2019-12-24,,2021-07-22,Transfer,RI,"Par Hawaii, Inc. will convert from a corporation to a limited liability company, and Mid Pac Petroleum, LLC and HIE Retail, LLC will each merge into Par Hawaii, LLC.",roy.ilaga,2019-10-28 16:00:11
1365,9101201,P-2016-097-T1,2019-07-12,0000007250,50,2019-07-12,1/12/2020,2019-12-13,,2021-07-18,Transfer,RI,"Par Hawaii, Inc. will convert from a corporation to a limited liability company, and Mid Pac Petroleum, LLC and HIE Retail, LLC will each merge into Par Hawaii, LLC.",roy.ilaga,2019-10-29 07:26:35
1366,9101189,P-2016-062-T1,2019-07-12,00000072565,50,2019-07-12,1/12/2020,2019-12-12,,2021-07-18,Transfer,RI,"Par Hawaii, Inc. will convert from a corporation to a limited liability company, and Mid Pac Petroleum, LLC and HIE Retail, LLC will each merge into Par Hawaii, LLC.",roy.ilaga,2019-10-29 08:33:30
1367,9101173,P-2009-009-R2-T1,2019-07-12,000000566,50,2019-07-12,1/20/20,2019-12-12,,2024-09-23,Transfer,RI,"Par Hawaii, Inc. will convert from a corporation to a limited liability company, and Mid Pac Petroleum, LLC and HIE Retail, LLC will each merge into Par Hawaii, LLC.",roy.ilaga,2019-10-29 08:34:21
1368,9201205,P-2016-095-T1,2019-07-12,00000072567,50,2019-07-12,1/12/2020,2019-12-16,,2021-07-18,Transfer,RI,"Par Hawaii, Inc. will convert from a corporation to a limited liability company, and Mid Pac Petroleum, LLC and HIE Retail, LLC will each merge into Par Hawaii, LLC.",roy.ilaga,2019-10-29 08:35:18
1369,9201207,P-2016-054-T1,2019-07-12,00000072568,50,2019-07-12,1/12/2020,2019-12-16,,2021-06-28,Transfer,RI,"Par Hawaii, Inc. will convert from a corporation to a limited liability company, and Mid Pac Petroleum, LLC and HIE Retail, LLC will each merge into Par Hawaii, LLC.",roy.ilaga,2019-10-29 08:36:06
1370,9201177,P-2016-058-T1,2019-07-12,00000072569,50,2019-07-12,1/12/2020,2019-12-13,,2021-06-28,Transfer,RI,"Par Hawaii, Inc. will convert from a corporation to a limited liability company, and Mid Pac Petroleum, LLC and HIE Retail, LLC will each merge into Par Hawaii, LLC.",roy.ilaga,2019-10-29 08:36:53
1371,9101187,P-2009-005-R2-T1,2019-07-12,00000072564,50,2019-07-12,1/12/2020,2019-12-13,,2024-08-13,Transfer,RI,"Par Hawaii, Inc. will convert from a corporation to a limited liability company, and Mid Pac Petroleum, LLC and HIE Retail, LLC will each merge into Par Hawaii, LLC.",roy.ilaga,2019-10-29 08:37:51
1372,9201181,P-2009-007-R2-T1,2019-07-12,00000072563,50,2019-07-12,1/12/2020,2019-12-16,,2029-06-19,Transfer,RI,"Par Hawaii, Inc. will convert from a corporation to a limited liability company, and Mid Pac Petroleum, LLC and HIE Retail, LLC will each merge into Par Hawaii, LLC.",roy.ilaga,2019-10-29 08:38:40
1373,9101196,P-2016-052-T1,2019-07-12,00000072562,50,2019-07-12,1/12/2020,2019-12-13,,2021-06-28,Transfer,RI,"Par Hawaii, Inc. will convert from a corporation to a limited liability company, and Mid Pac Petroleum, LLC and HIE Retail, LLC will each merge into Par Hawaii, LLC.",roy.ilaga,2019-10-29 08:39:27
1374,9201206,P-2016-051-T1,2019-07-12,00000072561,50,2019-07-12,1/12/2020,2019-12-16,,2021-06-28,Transfer,RI,,roy.ilaga,2019-10-29 08:40:48
1375,9201209,P-2016-053-T1,2019-07-12,00000072559,50,2019-07-12,1/12/2020,2019-12-24,,2021-06-28,Transfer,RI,,roy.ilaga,2019-11-01 07:50:46
1376,9101172,P-2009-008-R2-T1,2019-07-12,00000072558,50,2019-07-12,1/12/2020,2019-12-24,,2024-06-19,Transfer,RI,,roy.ilaga,2019-11-01 07:52:21
1377,9201192,P-2016-110-T1,2019-07-12,00000072557,50,2019-07-12,1/12/2020,2019-12-23,,2021-07-18,Transfer,RI,,roy.ilaga,2019-11-01 09:28:51
1378,9201184,P-2016-057-T1,2019-07-12,00000072556,50,2019-07-12,1/12/2020,2019-12-23,,2021-06-28,Transfer,RI,,roy.ilaga,2019-11-01 09:30:27
1379,9201204,P-2016-099-T1,2019-07-12,00000072555,50,2019-07-12,1/12/2020,2020-01-22,,2021-06-28,Transfer,RI,,roy.ilaga,2019-11-01 09:31:44
1380,9200016,P-2016-133-T1,2019-07-12,00000072554,50,2019-07-12,1/12/2020,2019-12-23,,2021-07-14,Transfer,RI,,roy.ilaga,2019-11-01 09:32:43
1381,9100341,P-2003-001-R3-T2,2019-07-12,00000072553,50,2019-07-12,1/12/2020,2019-12-23,,2023-01-27,Transfer,RI,,roy.ilaga,2019-11-01 09:33:40
1382,9101098,P-2009-011-R2-T1,2019-07-12,00000072552,50,2019-10-16,4/16/2019,2019-12-23,,2024-10-28,Transfer,RI,10/16/2019 - received revised p. 2/RI,roy.ilaga,2019-11-01 09:34:53
1383,9707766,P-2005-007-R2-T1,2019-07-12,00000072551,50,2019-07-12,1/12/2020,2019-12-23,,2020-11-23,Transfer,RI,,roy.ilaga,2019-11-01 09:37:48
1384,9100045,P-2005-006-R2-T1,2019-07-12,00000072550,50,2019-07-12,1/12/2020,2019-12-23,,2021-07-24,Transfer,RI,,roy.ilaga,2019-11-01 09:39:37
1385,9200102,P-2008-004-R2-T1,2019-07-12,00000072549,50,2019-07-12,1/12/2020,2019-12-23,,2023-04-25,Transfer,RI,,roy.ilaga,2019-11-01 09:41:42
1386,9203165,P-2016-183-T1,2019-07-12,00000072548,50,2019-07-12,1/12/2020,2019-12-23,,2021-07-14,Transfer,RI,,roy.ilaga,2019-11-01 09:44:58
1387,9100046,P-2008-008-M1-R2-T1,2019-07-12,00000072547,50,2019-07-12,1/12/2020,2019-12-23,,2023-12-08,Transfer,RI,,roy.ilaga,2019-11-01 11:08:35
1388,9200033,P-2011-002-R1-T1,2019-07-12,00000072546,50,2019-07-12,1/12/2020,2019-12-23,,2021-08-24,Transfer,RI,,roy.ilaga,2019-11-01 11:10:40
1389,9100043,P-2016-123-T1,2019-07-12,00000072545,50,2019-07-12,1/12/2020,2019-12-17,,2021-07-14,Transfer,RI,,roy.ilaga,2019-11-01 12:12:47
1390,9200020,P-2016-257-T1,2019-07-12,00000072544,50,2019-07-12,1/12/2020,2019-12-24,,,Transfer,RI,,roy.ilaga,2019-11-01 12:13:48
1391,9100103,P-2016-096-T1,2019-07-12,00000072543,50,2019-11-08,5/8/2020,2019-12-26,,2021-07-18,Transfer,RI,,roy.ilaga,2019-11-01 12:15:02
1392,9100032,P-2008-007-R2-T1,2019-07-12,00000072542,50,2019-07-12,1/12/2020,2019-12-23,,2023-10-27,Transfer,RI,,roy.ilaga,2019-11-01 12:16:17
1393,9100035,P-2016-182-T1,2019-07-12,00000072541,50,2019-07-12,1/12/2020,2020-01-08,,2021-07-14,Transfer,RI,,roy.ilaga,2019-11-01 12:17:42
1394,9100040,P-2016-129-T1,2019-07-12,00000072540,50,2019-07-12,1/12/2020,2019-12-26,,2021-07-14,Transfer,RI,,roy.ilaga,2019-11-01 13:08:53
1395,9200027,P-2016-098-T1,2019-07-12,00000072539,50,2019-07-12,1/12/2020,2019-12-24,,2021-07-18,Transfer,RI,,roy.ilaga,2019-11-01 13:45:51
1396,9101143,P-2016-131-T1,2019-07-12,00000072538,50,2019-07-12,1/12/2020,2019-12-26,,2021-07-14,Transfer,RI,,roy.ilaga,2019-11-01 13:47:10
1397,9200018,P-2016-063-T1,2019-07-12,00000072537,50,2019-07-12,1/12/2020,2019-12-26,,2021-07-18,Transfer,RI,,roy.ilaga,2019-11-01 13:48:11
1398,9200034,P-2016-132-T1,2019-07-12,00000072536,50,2019-07-12,1/12/2020,2019-12-24,,2021-07-14,Transfer,RI,,roy.ilaga,2019-11-01 13:49:04
1399,9100023,P-2016-258-T1,2019-07-12,00000072535,50,2019-07-12,1/12/2020,2020-01-08,,2021-07-22,Transfer,RI,"Par Hawaii, Inc's converting from a corporation to a limited liability company. Mid Pac Petroleum, LLC and HIE Retail, LLC will merge into Par Hawaii, LLC, the new owner and operator of the UST systems.",roy.ilaga,2019-11-01 13:50:14
1400,9200029,P-2016-020-T1,2019-07-12,00000072534,50,2019-07-12,1/12/2020,2019-12-24,,2021-04-26,Transfer,RI,,roy.ilaga,2019-11-01 13:51:27
1401,9101376,P-2015-044-R1,2019-10-28,201817809,100,2019-11-04,5/4/2020,2020-06-30,,2025-07-20,Renewal,RI,,roy.ilaga,2019-11-05 07:08:04
1402,9103017,P-2016-200-M1,2019-10-23,105,200,2019-11-08,5/8/2020,2019-12-13,,2021-07-20,Modification,RI,"Tank 1 is already permanently closed, thus the need to modify permit. 1/30/2019  rec memo that check bounced  2/5/2020 resubmitted check of 200 and 25 fee-rk",roy.ilaga,2019-11-08 09:22:12
1403,9102491,P-2015-048-T1-M1,2019-11-29,00000073453,200,2019-12-20,6/20/2020,2020-01-10,2020-02-14,2020-10-14,Modification,RI,"to modify Tank 2 as co-structural using the ""Phoenix system""; UST will be relabeled as 2-CS to reflect this change. Because the host tank will be incorporated as part of the new UST, it is NOT permanently closed.",roy.ilaga,2019-12-10 08:26:44
1404,9101120,P-2014-041-T1-R1,2019-11-12,00000073348,100,2019-11-12,5/12/2020,2019-12-16,,2024-11-14,Renewal,RI,,roy.ilaga,2019-12-10 09:55:31
1406,9600585,P-2014-049-T1-R1,2019-11-27,2538/2534,100,2020-01-07,7/72020,2020-05-08,,2025-06-09,Renewal,RI,Incorrect application form and permit fee/RI,roy.ilaga,2019-12-11 07:49:04
1407,9600587,P-2014-056-T1-R1,2019-11-27,2533/2539,100,2020-01-07,7/7/2020,2020-05-22,,2025-06-09,Renewal,RI,Incorrect application form and permit fee/RI,roy.ilaga,2019-12-11 07:50:20
1408,9600569,P-2015-028-T3-R1,2019-11-27,2532/2571,100,2020-02-10,8/10/2020,2020-06-08,,2025-06-09,Renewal,RI,Incorrect application form and permit fee/RI       2/10/2020 - received correct permit application and additiona permit fee of $50.,roy.ilaga,2019-12-11 07:51:48
1409,9201184,P-2016-057-T1-M1,2020-01-10,00000073454,200,2020-01-10,7/10/2020,2020-01-24,2020-02-21,2021-06-28,Modification,RI,"to install phoenix system on T1, tank will be relabeled as T1-CS/RI",roy.ilaga,2020-01-15 10:43:04
1410,9707215,P-2016-261-T1-M1,2020-01-10,00000073455,200,2020-01-10,7/10/2020,2020-01-24,2020-03-27,2021-07-22,Modification,RI,"to install ""phoenix system"" on all tank compartments, tank compartments will be relabeled as 1A-CS, 1B-CS and 1C-CS/RI",roy.ilaga,2020-01-15 14:29:01
1411,9101032,P-2019-003,2019-10-07,0244483,300,2019-12-13,6/13/2020,2020-02-14,2022-07-07,2025-02-13,New,RI,Previously permitted tanks were removed 5/2018. Facility remained unused for almost 2 years. DOH decided to issue a new permit number instead of issuing a permit modification./RI,roy.ilaga,2020-01-17 16:32:28
1412,9701554,P-2014-045-T1-R1 - void,2019-12-16,3171,100,,,,,,Renewal,RI,"1/30/2020 - received revised p. 2 of the application     3/13/2020 - will not issue the permit. Aloha Petroleum, Lt. will transfer and renew the permit, instead; to return permit fee to the permit applicant/RI     6/15/2020- letter sent to nullify application?RI",roy.ilaga,2020-01-21 14:49:03
1413,9100520,P-2015-059-R1,2019-12-16,0110233595,100,2019-12-16,6/16/2020,2020-06-15,,2025-06-30,Renewal,RI,,roy.ilaga,2020-01-22 07:49:43
1414,9200524,P-2015-062-R1,2019-12-16,0110233592,100,2019-12-16,6/16/2020,2020-06-10,,2025-06-30,Renewal,RI,,roy.ilaga,2020-01-22 07:51:42
1415,9101829,P-2015-060-R1,2019-12-16,0110233594,100,2019-12-16,6/16/2020,2020-06-15,,2025-06-30,Renewal,RI,,roy.ilaga,2020-01-22 07:53:10
1416,9200523,P-2015-061-R1,2019-12-17,011023359,100,2019-12-16,6/16/2020,2020-06-10,,2025-06-30,Renewal,RI,,roy.ilaga,2020-01-22 07:54:33
1417,9707609,P-2015-058-R1,2019-12-16,0110233596,100,2019-12-16,6/16/2020,2020-06-10,,2025-06-25,Renewal,RI,,roy.ilaga,2020-01-22 07:56:04
1418,9200519,P-2015-057-R1,2019-12-16,010233597,100,2019-12-16,6/16/2020,2020-06-10,,2025-06-30,Renewal,RI,,roy.ilaga,2020-01-22 08:00:27
1419,9100517,P-2015-056-R1,2019-12-16,0110233598,100,2019-12-16,6/16/2020,2020-06-15,,2025-06-30,Renewal,RI,,roy.ilaga,2020-01-22 09:54:47
1420,9200491,p-2015-008-R1,2019-12-16,0110233599,100,2019-12-16,6/16/2020,2020-06-15,,2025-06-30,Renewal,RI,,roy.ilaga,2020-01-22 09:56:36
1421,9200052,p-2015-012-R1,2019-12-16,0110233600,100,2020-03-30,9/30/2020,2020-06-15,,2025-06-30,Renewal,RI,Updated infprmation provided on 3/30/2020-RI,roy.ilaga,2020-01-22 10:12:41
1422,9600577,p-2015-020-R1,2019-12-16,0110233601,100,2019-12-16,6/16/2020,2020-06-10,,2025-06-30,Renewal,RI,,roy.ilaga,2020-01-22 10:14:11
1423,9201828,p-2015-067-R1,2019-12-16,0110233607,100,2020-03-25,9/25/2020,2020-06-10,,2025-06-30,Renewal,RI,Updated inormation provided on 3/25/2020-RI,roy.ilaga,2020-01-22 10:15:20
1424,9200529,p-2015-068-R1,2019-12-16,0110233602,100,2020-03-25,9/25/2020,2020-06-10,,2025-06-30,Renewal,RI,Updated information proviedd on 3/25/2020 - RI,roy.ilaga,2020-01-22 10:16:45
1425,9200533,p-2015-070-R1,2019-12-16,0110233603,100,2019-12-16,6/16/2020,2020-06-10,,2025-06-30,Renewal,RI,,roy.ilaga,2020-01-22 10:18:00
1426,9100525,p-2015-063-R1,2019-12-16,0110233604,100,2020-03-25,9/25/2020,2020-06-15,,2025-06-30,Renewal,RI,Updatead information provided 3/25/2020 - RI,roy.ilaga,2020-01-22 10:19:24
1427,9202717,p-2015-064-r1,2019-12-16,0110233605,100,2019-12-16,6/16/2020,2020-06-10,,2025-06-30,Renewal,RI,,roy.ilaga,2020-01-22 10:21:04
1428,9100527,P-2015-066-R1,2019-12-16,0110233606,100,2019-12-16,6/16/2020,2020-06-15,,2025-06-30,Renewal,RI,,roy.ilaga,2020-01-22 10:22:07
1429,9707895,P-2010-003-T1-R2,2019-12-16,0725126,100,2020-01-23,7/23/2020,2020-04-13,,2025-05-16,Renewal,RI,1/23/2020 - received revised application/RI,roy.ilaga,2020-01-23 11:34:09
1430,9700601,P-2014-044-R1,2019-08-28,0110227474,100,2019-08-28,2/28/2020,2020-05-27,,2025-06-09,Renewal,RI,,roy.ilaga,2020-01-23 13:52:39
1431,9600572,P-2015-025-R1,2019-08-27,0110227467,100,2019-08-27,2/27/2020,2020-05-27,,2025-06-09,Renewal,RI,,roy.ilaga,2020-01-23 13:55:45
1433,9600576,P-2015-021-R1,2019-08-27,0110227464,100,2019-08-27,2/27/2020,2020-05-27,,2025-06-09,Renewal,RI,,roy.ilaga,2020-01-23 13:57:31
1434,9600575,P-2015-022-R1,2019-08-27,0110277465,100,2019-08-27,2/27/2020,2020-05-27,,2025-06-09,Renewal,RI,,roy.ilaga,2020-01-23 13:59:53
1435,9600573,P-2015-024-R1,2019-08-27,0110227468,100,2019-08-27,2/27/2020,2020-05-27,,2025-06-09,Renewal,RI,,roy.ilaga,2020-01-23 14:02:32
1436,9600571,P-2015-026-R1,2019-08-27,0110227466,100,2019-08-27,2/27/2020,2020-05-22,,2025-06-09,Renewal,RI,,roy.ilaga,2020-01-23 14:04:36
1437,9600574,P-2015-023-R1,2019-08-27,0110227469,100,2019-08-27,2/27/2020,2020-05-27,,2025-06-09,Renewal,RI,,roy.ilaga,2020-01-23 14:06:32
1438,9600567,P-2015-030-R1,2019-08-27,0110227471,100,2019-08-27,2/27/2020,2020-05-22,,2025-06-09,Renewal,RI,,roy.ilaga,2020-01-23 14:08:07
1439,9600570,P-2015-027-R1,2019-08-27,0110227470,100,2019-08-27,2/27/2020,2020-05-22,,2025-06-09,Renewal,RI,,roy.ilaga,2020-01-23 14:09:36
1440,9600568,P-2015-029-R1,2019-08-27,0110227472,100,2019-08-27,2/27/2020,2020-05-22,,2025-06-09,Renewal,RI,,roy.ilaga,2020-01-23 14:11:12
1441,9501739,P-2013-020-R1,2019-09-05,00353562,100,2020-01-21,7/21/2020,2020-05-22,,2025-06-19,Renewal,RI,,roy.ilaga,2020-01-24 09:15:38
1443,9707568,P-2000-004-M1-R4,2019-12-16,100309/100380,100,2020-01-28,7/28/2020,2020-05-22,,2025-06-30,Renewal,RI,"1/28/2020 - received revised p.2 of the application/RI


2 separate checks at $50 each",roy.ilaga,2020-01-24 10:55:41
1444,9201929,P-2014-029-R1,2020-01-06,0006891,100,2020-01-28,7/28/2020,2020-05-06,,2025-05-05,Renewal,RI,renewal application received after previous permit expired/RI        1/28/2020 - received revised application/RI,roy.ilaga,2020-01-24 16:00:17
1445,9201170,P-2014-024-R1,2020-01-06,0006894,100,2020-01-28,7/28/2020,2020-03-09,,2025-03-09,Renewal,RI,renewal application received after previous permit expired/RI        1/28/2020 - received revised p.2/RI,roy.ilaga,2020-01-24 16:10:38
1446,9201193,P-2014-025-R1,2020-01-06,0006893,100,2020-01-28,7/28/2020,2020-04-17,,2025-04-16,Renewal,RI,renewal application received after previous permit expired/RI      1/28/2020 - received revised p.2/RI,roy.ilaga,2020-01-24 16:14:58
1447,9201937,P-2014-013-R1,2020-01-06,0006892,100,2020-01-06,7/6/2020,2020-05-12,,2025-05-11,Renewal,RI,renewal application received after previous permit expired/RI,roy.ilaga,2020-01-24 16:18:36
1448,9707899,P-2010-005-R2,2020-01-06,0006895,100,2020-01-06,7/6/2020,2020-07-16,,2025-07-28,Renewal,RI,,roy.ilaga,2020-01-24 16:25:03
1449,9707898,P-2010-004-R2,2020-01-07,0006896,100,2020-01-06,,2020-07-16,,2025-07-28,Renewal,RI,,roy.ilaga,2020-01-24 16:29:42
1450,9708001,P-2015-123-R1,2020-01-06,0006933,100,2020-01-06,7/6/2020,2020-06-30,,2025-07-17,Renewal,RI,,roy.ilaga,2020-01-24 16:34:12
1451,9701554,P-2014-045-T1,2020-01-24,5134,50,2020-01-30,7/30/2020,2020-02-28,,2020-06-18,Transfer,RI,permit will be trasferred to Sheilah Rego effective 2/1/2020,roy.ilaga,2020-02-03 16:09:12
1452,9101725,P-2015-100-M1,2020-01-30,0245470,200,2020-03-12,9/12/2020,2020-05-22,2021-07-08,2021-03-11,Modification,RI,3/12/2020 - received revised p.6 of the application.     7/8/2021 - received revised/completed Form 3; initial submittal received on 1/14/2021-RI,roy.ilaga,2020-02-04 15:13:25
1453,9201458,P-2016-044-M1,2020-01-30,0007101,200,2020-03-12,9/12/2020,2020-05-22,2021-07-08,2021-07-15,Modification,RI,3/12/2020 - received revised p.2 of the application/RI,roy.ilaga,2020-02-04 15:15:18
1454,9600569,P-2015-028-T3,2020-02-03,2567,50,2020-02-10,8/10/2020,2020-05-08,,2020-06-09,Transfer,RI,,roy.ilaga,2020-02-04 15:24:27
1455,9707574,P-2000-007-T3-R4,2020-02-05,00000073627,100,2020-02-05,8/5/2020,2020-07-22,,2025-08-12,Renewal,RI,,roy.ilaga,2020-02-06 07:17:09
1456,9601304,P-2013-017-R1-T1,2020-02-07,1159,50,2020-02-07,8/7/2020,2020-06-09,,2023-12-16,Transfer,RI,,roy.ilaga,2020-02-10 14:41:32
1457,9701046,P-2003-003-T1-R3,2020-02-07,0001635,100,2020-02-21,8/21/2020,2020-04-30,,2025-04-29,Renewal,RI,Previous permit expired prior to receiving renewal application; FC issued by NO,roy.ilaga,2020-02-10 15:08:56
1458,9502218,P-2016-284-R1,2020-02-10,001603,100,2020-02-21,8/21/2020,2021-07-06,,2026-07-06,Renewal,RI,"permit submitted too early, returned check #054228",roy.ilaga,2020-02-12 09:11:23
1459,9300555,P-2014-062-R1,2020-03-06,0110237262,100,2020-03-06,9/6/2020,2020-05-06,,2025-03-23,Renewal,RI,Permit application received late/RI,roy.ilaga,2020-03-09 14:56:47
1460,9102158,P-2000-016-R4-T3,2020-03-06,00000073871,100,2020-03-06,9/6/2020,2020-09-21,,2025-10-27,Renewal,RI,exp 10/27/2020,roy.ilaga,2020-03-09 15:00:00
1461,9200020,P-2016-257-T1-M1,2020-03-06,00000073913,200,2020-03-06,9/6/2020,2020-08-24,2021-08-11,2021-07-22,Modification,RI,,roy.ilaga,2020-03-09 15:02:15
1462,9102491,P-2015-048-T1-M1-R1,2020-03-06,00000073873,100,2020-03-06,9/6/2020,2020-09-15,,2025-10-14,Renewal,RI,exp 10/14/2020,roy.ilaga,2020-03-09 15:05:25
1463,9707485,P-2015-001-T1-R1,2020-03-06,00000073872,100,2020-03-06,9/6/2020,2020-09-21,,2025-10-13,Renewal,RI,exp 10/13/2020,roy.ilaga,2020-03-09 15:06:59
1464,9501802,P-2000-008-T1-R4-M1,2020-03-06,41952,100,2020-03-06,9/6/2020,2020-09-15,,2025-09-27,Renewal,RI,exp 9/27/2020,roy.ilaga,2020-03-09 15:10:46
1465,9100278,P-2000-011-R4-M1,2020-03-13,25820,100,2020-07-29,1/29/2021,2020-09-21,,2025-10-05,Renewal,RI,exp 10/5/2020  --- 7/29/2020 - received revised p.2 of the application/RI,roy.ilaga,2020-03-13 14:03:00
1466,9701554,P-2014-045-T2,2020-03-13,0007330,50,2020-03-13,9/13/2020,2020-04-30,,2020-06-18,Transfer,RI,"Owner remains and Operator will be Aloha Petroleum, Ltd.",roy.ilaga,2020-03-17 13:26:30
1467,9701554,P-2014-045-T2-R1,2020-03-13,0007333,100,2020-03-13,9/13/2020,2020-05-22,,2025-06-18,Renewal,RI,"previous operator submitted a renewal application, did not process application. Aloha Petroleum, Lt. will now be the New Operator/RI",roy.ilaga,2020-03-17 13:36:26
1468,9701796,P-2016-202-T2-M3 expired,2020-02-19,00000073626,200,2020-07-23,1/23/2021,2020-07-31,,2021-07-22,Modification,RI,3/23/2020 - UL compatibility certificate received/RI       7/9/2020- received revised application; piping runs for Tanks 1-4 becomes DW/RI     7/23/2020 - received revised p.11 and NOV Compatibility Certificate/RI,roy.ilaga,2020-03-23 15:15:04
1469,9707590,P-2000-012-T1-R4,2020-03-17,0110237734,100,2020-03-31,9/30/2020,2020-09-08,,2025-09-08,Renewal,RI,exp 9/8/2020,roy.ilaga,2020-03-31 08:31:29
1470,9707561,P-2000-002-R4,2020-03-20,110658,100,,,2020-06-30,,2025-07-15,Renewal,RI,Check #110658 ($200) shared with 9-501589/RI,roy.ilaga,2020-03-31 08:43:49
1471,9501589,P-2000-001-R4,2020-03-20,110358,200,2020-04-03,10/3/2020,2020-06-30,,2025-07-15,Renewal,RI,Check #110658 ($200) shared with 9-503629,roy.ilaga,2020-03-31 09:01:47
1472,9602434,P-2015-118-R1,2020-03-13,8193,100,2020-04-20,10/20/2020,2020-09-15,,2025-09-30,Renewal,RI, exp 9/30/2020   no permit fee received/RI       4/20/20- received completed application with permit fee/RI,roy.ilaga,2020-03-31 09:12:40
1474,9707187,P-2015-011-R1,2019-09-06,0110228523,100,2019-09-06,3/6/2020,2020-06-08,,2025-06-24,Renewal,RI,,roy.ilaga,2020-05-08 12:11:47
1475,9600563,P-2015-032-R1,2019-09-06,0110228206,100,2019-09-06,3/6/2020,2020-05-29,,2025-06-11,Renewal,RI,,roy.ilaga,2020-05-08 13:48:02
1476,9600564,P-2015-033-R1,2019-09-06,0110228207,100,2019-09-06,3/6/2020,2020-05-29,,2025-06-11,Renewal,ri,,roy.ilaga,2020-05-08 13:49:55
1477,9600566,P-2015-031-R1,2019-09-06,0110228208,100,2019-09-06,3/6/2020,2020-05-29,,2025-06-11,Renewal,RI,,roy.ilaga,2020-05-08 13:51:52
1478,9100507,P-2015-017-R1,2019-09-06,0110228203,100,2019-09-06,3/6/2020,2020-06-03,,2025-06-19,Renewal,ri,,roy.ilaga,2020-05-08 13:55:41
1479,9100508,P-2015-018-R1,2019-09-06,0110228204,100,2019-09-06,3/6/2020,2020-06-03,,2025-06-19,Renewal,RI,,roy.ilaga,2020-05-08 13:57:13
1480,9200506,P-2015-016-R1,2019-09-06,0110228202,100,2019-09-06,3/6/2020,2020-06-03,,2025-06-19,Renewal,RI,,roy.ilaga,2020-05-08 13:58:29
1481,9200509,P-2015-019-R1,2019-09-06,0110228205,100,2019-09-06,3/6/2020,2020-06-03,,2025-06-19,Renewal,RI,,roy.ilaga,2020-05-08 13:59:24
1482,9100492,P-2015-010-R1,2019-09-13,0110228524,100,2019-09-13,3/13/2020,2020-06-08,,2025-06-24,Renewal,RI,,roy.ilaga,2020-05-08 14:00:25
1483,9100493,P-2015-009-R1,2019-09-20,0110228522,100,2019-09-20,3/13/2020,2020-06-08,,2025-06-24,Renewal,RI,,roy.ilaga,2020-05-08 14:01:26
1484,9200512,P-2015-005-R1,2019-09-06,0110228212,100,2019-09-06,3/6/2020,2020-06-08,,2025-06-22,Renewal,RI,,roy.ilaga,2020-05-08 14:02:47
1485,9200514,P-2015-006-R1,2019-09-06,0110228210,100,2019-09-06,3/6/2020,2020-06-08,,2025-06-25,Renewal,RI,,roy.ilaga,2020-05-08 14:03:54
1486,9200515,P-2015-007-R1,2019-09-06,0110228211,100,2019-09-06,3/6/2020,2020-06-08,,2025-06-22,Renewal,RI,,roy.ilaga,2020-05-08 14:04:50
1487,9707186,P-2015-004-R1,2019-09-06,0110228201,100,2019-09-06,3/6/2020,2020-06-08,,2025-06-22,Renewal,RI,,roy.ilaga,2020-05-08 14:05:47
1488,9200148,P-2000-017-R4,2020-04-29,737186,100,2020-04-29,11/29/2020,2020-11-10,,2025-11-03,Renewal,RI,exp 11/3/2020,roy.ilaga,2020-05-22 09:57:56
1490,9202209,P-2015-051-T1-R1,2020-04-29,00000074134,100,2020-08-18,2/18/2021,2020-11-10,,2025-11-06,Renewal,RI,exp 11/6/2020;    8/18/2020 - received revised p.2/RI,roy.ilaga,2020-05-22 10:00:29
1491,9200922,P-2015-049-T1-R1,2020-04-29,00000074132,100,2020-04-29,11/29/2020,2020-10-15,,2025-11-09,Renewal,R1,exp 11/9/2020,roy.ilaga,2020-05-22 10:02:52
1492,9707766,P-2005-007-R3-T1,2020-04-29,00000074136,100,2020-04-29,11/29/2020,2020-10-19,,2025-11-23,Renewal,RI,exp 11/23/2020,roy.ilaga,2020-05-22 10:05:23
1493,9600702,P-2015-054-T1-R1,2020-04-29,00000074135,100,2020-04-29,4/6/2020,2020-10-15,,2025-11-06,Renewal,RI,exp 11/6/2020,roy.ilaga,2020-05-22 10:07:17
1494,9600704,P-2015-080-T1-R1,2020-04-29,00000074141,100,2020-04-29,11/29/2020,2020-10-19,,2025-11-24,Renewal,RI,exp 11/2/4/2020,roy.ilaga,2020-05-22 10:08:52
1495,9203163,P-2015-053-T1-R1,2020-04-29,00000074133,100,2020-04-29,11/29/2020,2020-11-10,,2025-11-06,Renewal,RI,exp 11/6/2020,roy.ilaga,2020-05-22 10:10:25
1496,9500373,P-2015-082-M1-T1-R1,2020-04-29,00000074147,100,2020-04-29,11/29/2020,2020-11-04,,2025-11-27,Renewal,RI,exp 11/27/2020,roy.ilaga,2020-05-22 10:12:42
1497,9201860,P-2015-052-T1-R1,2020-04-29,00000074131,100,2020-04-29,11/29/2020,2020-11-20,,2025-11-06,Renewal,RI,11/6/2020,roy.ilaga,2020-05-27 15:04:11
1498,9502743,P-2015-085-T1-R1,2020-04-29,00000074145,100,2020-04-29,11/29/2020,2020-10-19,,2025-11-24,Renewal,RI,exp 11/24/2020,roy.ilaga,2020-05-27 15:05:26
1499,9502523,P-2015-083-M1-T1-R1,2020-04-29,00000074146,100,2020-08-18,2/18/2021,2020-11-24,,2025-11-27,Renewal,RI,exp 11/27/2020;  8/18/2020 - received revised p.2 and tank chart/RI,roy.ilaga,2020-05-27 15:08:40
1500,9602198,P-2015-078-T1-R1,2020-04-29,00000074142,100,2020-04-29,11/29/2020,2020-10-19,,2025-11-24,Renewal,RI,exp 11/24/2020,roy.ilaga,2020-05-27 15:14:50
1501,9503046,P-2015-084-T1-R1,2020-04-29,00000074144,100,2020-04-29,11/29/2020,2020-11-04,,2025-11-27,Renewal,RI,exp 11/27/2020,roy.ilaga,2020-05-27 15:15:46
1543,9601869,P-2015-115-R1,2020-08-20,0008275,100,2020-11-02,5/2/2021,2021-03-31,,2026-04-04,Renewal,R1,,roy.ilaga,2020-08-24 14:05:23
1502,9600706,P-2015-086-T1-R1,2020-04-29,00000074143,100,2020-04-29,11/29/2020,2020-11-04,,2025-11-27,Renewal,RI,exp 11/27/2020,roy.ilaga,2020-05-27 15:16:43
1503,9100348,P-2015-055-T1-R1,2020-04-29,00000074129,100,2020-04-29,11/29/2020,2020-11-10,,2025-11-06,Renewal,RI,exp 11/6/2020,roy.ilaga,2020-05-27 15:17:47
1504,9200925,P-2015-050-T1-R1,2020-04-29,00000074130,100,2020-04-29,11/29/2020,2020-10-15,,2025-11-09,Renewal,RI,exp 11/3/2020,roy.ilaga,2020-05-27 15:18:46
1505,9100915,P-2015-046-T1-R1,2020-04-29,00000074128,100,2020-04-29,11/29/2020,2020-11-16,,2025-11-06,Renewal,RI,exp 11/6/2020,roy.ilaga,2020-05-27 15:23:26
1506,9707169,P-2015-076-T1-R1,2020-04-29,00000074140,100,2020-08-18,2/18/2021,2020-11-13,,2025-11-27,Renewal,RI,exp 11/27/2020;  8/18/2020 - received revised p.2/RI,roy.ilaga,2020-05-27 15:24:23
1507,9203164,P-2015-075-T1-R1,2020-04-29,00000074139,100,2020-04-29,11/29/2020,2020-11-04,,2025-11-27,Renewal,RI,exp 11/27/2020,roy.ilaga,2020-05-27 15:25:43
1508,9201680,P-2015-079-T1-R1,2020-04-29,00000074137,100,2020-04-29,11/29/2020,2020-10-19,,2025-11-24,Renewal,RI,exp 11/24/2020,roy.ilaga,2020-05-27 15:26:44
1509,9203150,P-2015-077-T1-R1,2020-04-29,00000074138,100,2020-08-18,2/18/2021,2020-11-13,,2025-11-27,Renewal,RI,exp 11/27/2020;     8/18/2020 - received revised p.2/RI,roy.ilaga,2020-05-27 15:27:35
1510,9707856,P-2010-007-R2,2020-04-22,111266,100,2020-04-22,10/22/2020,2020-10-06,,2025-10-25,Renewal,RI,exp 10/25/2020,roy.ilaga,2020-05-27 15:28:30
1511,9707571,P-2000-006-R4-T1,2020-04-22,111267,100,2020-04-22,10/22/2020,2020-07-16,,2025-07-29,Renewal,RI,,roy.ilaga,2020-05-27 15:34:02
1512,9100535,P-2015-072-R1,2020-01-17,0110234988,100,2020-01-17,7/17/2020,2020-06-22,,2025-07-02,Renewal,RI,,roy.ilaga,2020-06-04 10:05:00
1513,9200536,P-2015-073-R1,2020-01-17,0110234986,100,2020-01-17,7/17/2020,2020-06-22,,2025-07-02,Renewal,RI,,roy.ilaga,2020-06-04 10:06:30
1514,9200532,P-2015-069-R1,2020-01-17,0110234987,100,2020-06-05,12/5/2020,2020-06-22,,2028-07-02,Renewal,RI,to double check facility address; 6/5/2020 - verification doc included as part of the application/RI,roy.ilaga,2020-06-04 10:07:57
1515,9200537,P-2015-074-R1,2020-01-17,0110234980,100,2020-01-17,7/17/2020,2020-06-22,,2025-07-02,Renewal,RI,,roy.ilaga,2020-06-04 10:08:56
1516,9100510,P-2015-003-R1,2020-01-17,0110234983,100,2020-01-18,7/17/2020,2020-06-22,,2025-07-02,Renewal,RI,,roy.ilaga,2020-06-04 10:09:49
1517,9707579,P-2000-010-T1-R4,2020-01-17,0110234981,100,2020-01-17,7/17/2020,2020-07-16,,2025-07-29,Renewal,RI,,roy.ilaga,2020-06-04 10:12:07
1518,9200503,P-2015-015-R1,2020-01-17,0110234982,100,2020-01-17,7/17/2020,2020-06-22,,2025-07-02,Renewal,RI,,roy.ilaga,2020-06-04 10:14:18
1519,9600588,P-2014-055-R1,2020-01-17,0110234984,100,2020-01-17,7/17/2020,2020-06-22,,2025-07-02,Renewal,RI,,roy.ilaga,2020-06-04 10:15:28
1520,9100526,P-2015-065-R1,2020-01-17,0110234985,100,2020-01-17,7/17/2020,2020-06-22,,2025-07-02,Renewal,RI,,roy.ilaga,2020-06-04 10:16:26
1521,9707598,P-2000-014-R4-T1,2020-05-28,0000502532,100,2020-07-01,1/1/2021,2020-11-25,,2025-12-06,Renewal,RI, exp 12/6/2020     6/16/2020 - received revised application/RI       7/1/2020- received signed revised application/RI,roy.ilaga,2020-06-22 08:31:28
1522,9200016,P-2016-133-T1-M1 (expired),2020-06-12,00000074257,200,2020-06-12,12/12/2020,2020-09-04,,2021-07-14,Modification,RI,to install co-structural UST on Tank 2 (compartments A & B).  10/16/2023 - permit modification was not executed per Form 1 received on 3/29/2021,roy.ilaga,2020-06-22 08:46:19
1523,9100913,P-2015-047-M1-R1,2020-06-01,0007713,100,2020-06-02,12/1/2020,2020-10-13,,2025-10-13,Renewal,RI,exp 10/13/2020,roy.ilaga,2020-06-22 08:48:50
1524,9601316,P-2016-109-M1,2019-09-11,16809/17379,200,2020-07-02,1/2/2021,2020-07-20,2024-03-27,2021-06-08,Modification,RI,"9/16/2019- incomplete application, advised O/O to revise and resubmit app.      6/19/2020 - received revised application, signature page not signed; to return check #16809 and process check #17379     7/2/2020- received signature page/RI",roy.ilaga,2020-06-29 10:57:45
1525,9707604,P-2000-018-R4-M2,2020-07-06,200128,100,2020-07-14,1/14/2021,2020-12-10,,2026-01-04,Renewal,RI, exp 1/4/2021   7 /14/2020- received revised p.2/RI,roy.ilaga,2020-07-09 11:13:43
1526,9600487,P-2015-126-R1,2020-07-16,105164,100,2020-08-03,2/3/2021,2021-01-21,,2026-02-05,Renewal,RI,exp 2/5/2021         2/25/2021 - e-copy of permit and approved application sent to Shane Nobriga/RI,roy.ilaga,2020-07-24 08:07:40
1527,9602400,P-2015-121-T1-R1,2020-08-03,8229,100,2020-08-03,2/3/2021,2021-01-12,,2026-01-29,Renewal,RI,,roy.ilaga,2020-08-07 13:44:59
1528,9400397,P-2015-117-R1,2020-07-22,2787,100,,,2021-01-13,,2026-01-26,Renewal,RI,,roy.ilaga,2020-08-10 15:16:19
1529,9707966,P-2015-122-T1-R1,2020-07-31,7282,100,2020-07-31,1/31/2021,2020-08-31,,2025-09-03,Renewal,RI,8/12/2020 - received application late/RI,roy.ilaga,2020-08-10 15:23:44
1530,9707396,P-2016-248-R1,2020-08-03,150752,100,2020-11-09,5/9/2021,2021-06-28,,2026-06-24,Renewal,RI,8/13/2020 - informed applicant to use Form 4 and issue a new permit fee of $100; check # 150563 ($300) will be returned.     11/9/2020 - received revised p. 2/RI,roy.ilaga,2020-08-13 11:17:23
1531,9100119,P-2015-129-R1,2020-08-19,030732686,100,2020-08-19,2/19/2021,2021-03-03,,2026-03-14,Renewal,RI,,roy.ilaga,2020-08-24 11:31:54
1532,9707565,P-2000-003-T3-R4,2020-08-10,0008218,100,2020-11-02,5/2/2021,2021-01-25,,2026-02-26,Renewal,RI,,roy.ilaga,2020-08-24 11:41:28
1533,9101186,P-2011-001-R2,2020-08-20,0008268,100,2020-08-20,2/20/2021,2021-04-01,,2026-04-26,Renewal,RI,,roy.ilaga,2020-08-24 12:06:00
1534,9101867,P-2015-105-R1,2020-08-20,0008269,100,2020-11-02,5/2/2021,2021-03-02,,2026-03-07,Renewal,RI,,roy.ilaga,2020-08-24 12:07:28
1535,9200329,P-2015-098-M2-R1,2020-08-20,0008271,100,2020-11-02,5/2/2021,2021-03-02,,2026-03-07,Renewal,RI,,roy.ilaga,2020-08-24 13:53:05
1536,9100343,P-2015-097-R1,2020-08-20,0008272,100,2020-11-02,5/2/2021,2021-03-02,,2026-03-07,Renewal,RI,,roy.ilaga,2020-08-24 13:55:02
1537,9201863,P-2015-095-R1,2020-08-20,0246969,100,2020-11-02,5/2/2021,2021-03-03,,2026-03-18,Renewal,RI,,roy.ilaga,2020-08-24 13:56:21
1538,9201724,P-2015-094-R1,2020-08-20,0246970,100,2020-11-02,5/2/2021,2021-03-03,,2026-03-17,Renewal,RI,,roy.ilaga,2020-08-24 13:57:35
1539,9200331,P-2015-091-R1,2020-08-20,0246971,100,2020-11-02,5/2/2021,2021-03-01,,2026-03-01,Renewal,RI,,roy.ilaga,2020-08-24 13:58:50
1540,9200622,P-2015-101-M1-R1,2020-08-20,0246973,100,2020-11-02,5/2/2021,2021-03-05,,2026-03-11,Renewal,RI,,roy.ilaga,2020-08-24 14:00:46
1541,9501862,P-2015-106-R1,2020-08-20,0008273,100,2020-11-02,5/2/2021,2021-03-01,,2026-03-07,Renewal,RI,,roy.ilaga,2020-08-24 14:02:24
1542,9200323,P-2015-096-M1-R1,2020-08-20,0008274,100,2020-11-02,5/2/2021,2021-03-03,,2026-03-11,Renewal,RI,,roy.ilaga,2020-08-24 14:03:45
1544,9101026,P-2015-093-R1,2020-08-20,0008276,100,2020-11-02,5/2/2021,2021-03-02,,2026-03-07,Renewal,RI,,roy.ilaga,2020-08-24 14:06:45
1545,9601786,P-2015-092-R1,2020-08-20,0008277,100,2020-11-02,5/2/2021,2021-02-25,,2026-03-07,Renewal,R1,,roy.ilaga,2020-08-24 14:07:49
1546,9101028,P-2015-114-M1-R1,2020-08-20,0246974,100,2020-11-03,5/2/2021,2021-03-02,,2026-03-07,Renewal,R1,,roy.ilaga,2020-08-24 14:09:14
1547,9201024,P-2015-113-R1,2020-08-20,0008278,100,2020-11-25,5/25/2021,2021-03-01,,2026-03-07,Renewal,RI,11/25/2020 - received revised pp 2 & 4/RI,roy.ilaga,2020-08-24 14:10:23
1548,9701679,P-2015-112-R1,2020-08-20,0008279,100,2020-11-02,5/2/2021,2021-02-25,,2026-03-07,Renewal,RI,,roy.ilaga,2020-08-24 14:11:30
1549,9701555,P-2015-111-R1,2020-08-20,0008280,100,2020-11-25,5/25/2021,2021-02-25,,2026-03-07,Renewal,RI,11/25/2020 - received revised p. 2/RI,roy.ilaga,2020-08-24 14:13:24
1550,9701257,P-2015-110-R1,2020-08-20,0008281,100,2020-08-20,2/20/2021,2021-02-25,,2026-03-07,Renewal,RI,,roy.ilaga,2020-08-24 14:14:27
1551,9502484,P-2015-108-R1,2020-08-20,0008282,100,2020-11-02,5/2/2021,2021-03-03,,2026-03-28,Renewal,RI,,roy.ilaga,2020-08-24 14:15:26
1552,9201029,P-2015-107-M1-R1,2020-08-20,0246975,100,2020-11-02,5/2/2021,2021-03-01,,2026-03-07,Renewal,RI,Must modify the permit first before renewal,roy.ilaga,2020-08-24 14:16:47
1553,9707015,P-2015-104-R1,2020-08-20,0246976,100,2020-08-20,2/20/2021,2021-02-25,,2026-03-07,Renewal,RI,,roy.ilaga,2020-08-24 14:17:54
1554,9500421,P-2015-103-R1,2020-08-20,0246977,100,2020-08-20,2/20/2021,2021-03-01,,2026-03-07,Renewal,RI,,roy.ilaga,2020-08-24 14:19:26
1555,9100314,P-2016-048-R1,2020-08-20,0246978,100,2020-08-31,3/3/2021,2021-03-29,,2026-04-08,Renewal,RI,8/31/2020- received revised p.2,roy.ilaga,2020-08-24 14:20:34
1556,9708020,P-2020-001(expired),2020-08-14,6538,300,2020-08-14,2/14/2021,2020-12-04,,2025-12-04,New,RI,"Permit not used within 1 year, permit expired. Safeway will reapply",roy.ilaga,2020-08-31 14:01:45
1557,9708021,P-2020-002,2020-08-13,0246932,300,2020-08-13,2/13/2021,2020-10-27,2022-07-07,2025-10-26,New,RI,"Form 3 initially submitted on 6/4/2021, revision needed.      7/7/2022 - revised Form 3 received/RI",roy.ilaga,2020-08-31 15:18:05
1558,9200982,P-2016-084-T1,2020-08-24,EFT,50,,,2020-12-09,,2021-06-07,Transfer,RI,"Permit fee to follow via EFT; Per Form 5 received on 8/24/2020, Operator of Tanks will be changed from Dawson to Naval Computer Telecommunicati0ons Area Station Pacific effective 10/01/2019 - RI   9/24/2020 rec payment via EFT - rk",roy.ilaga,2020-09-02 14:38:38
1559,9202310,P-2016-085-T1,2020-08-24,EFT,50,,,2020-12-09,,2021-06-23,Transfer,RI,Permit fee to follow via EFT; Operator of Tanks will be changed from NAVFAC HI to Naval Computer Telecommunicati0ons Area Station Pacific effective 10/01/2020 - RI  9/24/2020 rec payment via EFT - rk,roy.ilaga,2020-09-02 14:40:54
1560,9201865,P-2015-099-M1,2020-07-24,0246731,300,2020-09-25,3/25/2021,2020-10-08,2021-01-14,2021-03-07,Modification,RI,"7/24/2020 - incorrect application and permit fee/RI     9/25/2020 - check #0246731 ($300), returned to sender's authorizewd representative , Jackie Murai-Pedersen/RI",roy.ilaga,2020-09-25 13:36:12
1561,9100328,P-2014-036-R1-M1,2020-07-24,0008459,200,2020-10-08,4/8/2021,2002-10-16,2021-01-14,2024-10-13,Modification,RI,"7/24/2020 - incorrect application and permit fee/RI     9/25/2020 - check #0246730 ($300), returned to sender's authorized representative , Jackie Murai-Pedersen/RI     10/8/2020 - rec'd revised pp 3-6/RI",roy.ilaga,2020-09-25 13:40:19
1562,9500770,P-2006-002-R3,2020-09-04,00373866,100,2020-11-05,5/5/2021,2021-06-22,,2026-06-20,Renewal,RI,11/5/2020 - received revised app/RI,roy.ilaga,2020-09-28 10:07:27
1563,9202313,P-2016-086-T1,2020-09-03,eft,50,,,2020-12-09,,2021-06-13,Transfer,RI,Permit Fee to follow via EFT.  Operator of Tanks will be changed from Naval Computer Telecommunications to NAVFAC Hawaii effective 10/01/2020 - RI   9/24/2020 rec payment via EFT - rk,roy.ilaga,2020-09-28 10:31:28
1564,9200966,P-2015-180-R1,2020-09-18,1100127278,100,2020-09-18,3/18/2020,2021-03-29,,2026-04-04,Renewal,RI,,roy.ilaga,2020-09-28 13:59:41
1565,9100957,P-2015-181-R1,2020-09-18,1100127279,100,2020-09-18,3/18/2021,2021-03-29,,2026-04-07,Renewal,RI,,roy.ilaga,2020-09-28 14:01:23
1566,9500956,P-2015-135-R1,2020-09-18,1300109741,100,2020-10-13,4/13/2021,2021-03-29,,2026-04-01,Renewal,RI,10/13/2020 - revised pp 1 & 2 received,roy.ilaga,2020-09-28 14:03:01
1567,9200029,P-2016-020-T1-R1,2020-09-17,00000074583,100,2020-09-17,3/17/2021,2021-04-01,,2026-04-26,Renewal,RI,,roy.ilaga,2020-09-28 14:05:11
1568,9200024,P-2016-060-R1,2020-09-18,17303,100,2020-10-30,4/30/2021,2021-05-04,,2026-05-12,Renewal,RI,10/30/2020 - received revised app/RI,roy.ilaga,2020-09-28 14:07:23
1569,9707258,P-2016-012-R1,2020-10-02,JV,100,,,2021-04-01,,2026-04-26,Renewal,RI,,roy.ilaga,2020-10-07 10:47:35
1570,9102098,P-2016-010-R1,2020-10-03,JV,100,,,2021-05-04,,2026-05-09,Renewal,RI,,roy.ilaga,2020-10-07 10:49:05
1571,9102082,P-2016-013-R1,2020-10-02,JV,100,,,2021-05-04,,2026-05-09,Renewal,RI,,roy.ilaga,2020-10-07 10:50:33
1572,9102088,P-2016-014-R1,2020-10-02,JV,100,,,2021-05-04,,2026-05-09,Renewal,R1,,roy.ilaga,2020-10-07 10:51:46
1573,9102083,P-2015-178-R1,2020-10-02,JV,100,,,2021-03-30,,2026-04-22,Renewal,RI,,roy.ilaga,2020-10-07 10:53:08
1574,9201918,P-2015-142-R1,2020-09-28,15411/15485,$50/$50,2020-11-02,5/2/2021,2021-03-03,,2026-03-14,Renewal,RI,Incorrect Application Form and Permit Fee/RI   11/2/2020-rec'd revised app and additional permit feeRI,roy.ilaga,2020-10-09 07:42:09
1575,9708022,P-2020-003 (expired),2020-10-02,008236,300,2022-03-23,9/23/2022,2021-05-03,,2027-05-02,New,RI,check #6672 ($300) returned to sender; 5/9/2023 - permit expired after failure to install within 1 year of permit issuance; O/O advised to reapply.,roy.ilaga,2020-10-09 11:51:53
1576,9102650,P-2014-046-T1-R1,2020-01-06,11109814,100,2020-09-30,3/30/2021,2020-10-27,,2025-10-26,Renewal,RI,"insufficient info on permit application, permit fee not received/RI       Warning letter issued on 6/5/2020.     9/30/2020- permit completed; current permit expired, to issue FC from the desk /RI     permit application requires revisions and appropriate permit fee; reached out to Jimmy Recolan numerous times, to no avail. Application will be denied, O/O must reapply.  6/5/2020 sent letter stating permit application is incpomplete - rk",roy.ilaga,2020-10-12 11:32:45
1577,9601657,P-2015-139-R1,2020-10-16,114060,100,2020-11-12,5/12/2021,2021-03-30,,2026-04-12,Renewal,RI,Check #114060 ($300) is shared with 9-600484 and 9-600729       11/12/2020 - received revised application/RI,roy.ilaga,2020-10-28 08:43:16
1578,9600484,P-2015-140-R1,2020-10-16,114060,100,,,2021-03-30,,2026-04-18,Renewal,RI,Check #114060 ($300) is shared with 9-601657 and 9-600729,roy.ilaga,2020-10-28 08:45:09
1579,9600729,P-2016-002-R1,2020-10-16,114060,100,2020-11-12,5/12/2021,2021-03-30,,2026-04-18,Renewal,RI,Check #114060 ($300) is shared with 9-601657 and 9-600484    11/12/2020 - received revised application/RI,roy.ilaga,2020-10-28 08:47:17
1580,9201721,P-2016-349-T1,2020-07-09,17079,50,2020-11-02,5/2/2021,2020-12-09,,2021-08-05,Transfer,RI,"11/2/2020 - rec'd revised application. Change O/O to H Street Plaza, LLC effective 3/4/2020",roy.ilaga,2020-11-06 09:54:32
1581,9201029,P-2015-107-M1,2020-11-02,0008733,200,2020-11-25,5/25/2021,2020-12-10,,2021-03-07,Modification,RI,,roy.ilaga,2020-11-09 16:01:46
1582,9101720,P-2015-154-T1-R1,2020-09-24,0000502823,100,2021-02-16,8/16/2021,2021-03-19,,2026-04-08,Renewal,RI,2/16/2021 - received revised app/RI,roy.ilaga,2020-11-16 13:41:06
1583,9201224,P-2015-153-T2-R1,2020-09-24,0000502807,100,2021-03-10,9/10/2021,2021-04-01,,2026-04-07,Renewal,R1,renewal application received prior to receiving the transfer application/RI,roy.ilaga,2020-11-16 13:42:54
1584,9101247,P-2015-157-T1-R1,2020-09-24,0000502801,100,2021-02-16,8/16/2021,2021-03-19,,2026-04-11,Renewal,RI,2/16/2021 - received revised app/RI,roy.ilaga,2020-11-16 13:44:34
1585,9101099,P-2015-150-T2-RI,2020-09-24,0000502806,100,2021-03-10,9/10/2021,2021-04-15,,2026-04-22,Renewal,RI,renewal application received prior to the transfer application/RI,roy.ilaga,2020-11-16 13:46:25
1586,9201214,P-2015-161-T1-R1,2020-09-24,0000502825,100,2020-09-24,3/24/2020,2021-03-19,,2026-04-18,Renewal,RI,,roy.ilaga,2020-11-16 13:48:19
1587,9200862,P-2015-145-T2-R1,2020-09-24,0000502803,100,2021-03-10,9/10/2021,2021-04-08,,2026-04-08,Renewal,RI,,roy.ilaga,2020-11-16 13:49:20
1588,9101118,P-2015-174-T1-R1,2020-09-24,0000502799,100,2020-09-24,3/24/2021,2021-03-19,,2026-04-11,Renewal,RI,,roy.ilaga,2020-11-16 13:50:16
1589,9201256,P-2015-163-T1-R1,2020-09-24,0000502810,100,2021-02-16,8/16/2021,2021-03-19,,2026-04-11,Renewal,RI,2/16/2021 - received revised app/RI,roy.ilaga,2020-11-16 13:51:17
1590,9101110,P-2015-151-T1-R1,2020-09-24,0000502798,100,2020-09-24,3/24/2021,2021-03-19,,2026-04-22,Renewal,RI,,roy.ilaga,2020-11-16 13:52:15
1591,9707179,P-2015-148-T1-R1,2020-09-24,0000502822,100,2020-09-24,3/24/2021,2021-03-19,,2026-04-22,Renewal,RI,,roy.ilaga,2020-11-16 13:53:15
1592,9501125,P-2015-160-T2-R1,2020-09-24,0000502814,100,2021-03-10,9/10/2021,2021-04-15,,2026-04-22,Renewal,RI,,roy.ilaga,2020-11-16 13:54:09
1593,9701131,P-2015-164-T2-R1,2020-09-24,0000502812,100,2021-03-10,9/10/2021,2021-04-01,,2026-04-07,Renewal,RI,7/29/2021 - received updated site map/RI,roy.ilaga,2020-11-16 13:55:19
1594,9708135,P-2015-176-T2-R1,2020-09-24,0000502815,100,2021-03-10,9/10/2021,2021-04-06,,2026-04-11,Renewal,RI,,roy.ilaga,2020-11-16 13:56:18
1595,9201102,P-2015-146-T2-R1,2020-09-24,0000502813,100,2021-03-10,9/10/2021,2021-04-15,,2026-04-22,Renewal,RI,renewal application received prior to the transfer application/RI,roy.ilaga,2020-11-16 13:57:06
1596,9201252,P-2015-170-T2-R1,2020-09-24,0000502818,100,2021-03-10,9/10/2021,2021-04-08,,2026-04-12,Renewal,RI,renewal application received prior to receiving the transfer application/RI,roy.ilaga,2020-11-16 13:58:08
1597,9100235,P-2015-168-T2-R1,2020-09-24,0000502802,100,2021-03-10,9/10/2021,2021-04-06,,2026-04-11,Renewal,RI,renewal application received prior to receiving the transfer application/RI,roy.ilaga,2020-11-16 13:59:01
1598,9201226,P-2015-166-T2-R1,2020-09-24,0000502800,100,2021-03-10,9/10/2021,2021-04-09,,2026-04-18,Renewal,RI,renewal application received prior to the transfer application/RI,roy.ilaga,2020-11-16 14:00:10
1599,9201117,P-2015-155-T2-R1,2020-09-24,0000502794,100,2021-03-11,9/10/2021,2021-04-06,,2026-04-11,Renewal,RI,renewal application received prior to receiving the transfer application/RI,roy.ilaga,2020-11-16 14:01:06
1600,9101255,P-2015-167-T2-R1,2020-09-25,0000502819,100,2021-03-10,9/10/2021,2021-04-08,,2026-04-12,Renewal,RI,renewal application received prior to receiving the transfer application/RI,roy.ilaga,2020-11-16 14:02:07
1601,9101238,P-2015-169-T2-R1,2020-09-24,0000502821,100,2021-03-10,9/10/2021,2021-04-06,,2026-04-11,Renewal,RI,renewal application received prior to receiving the transfer application/RI,roy.ilaga,2020-11-16 14:03:06
1602,9101237,P-2015-162-T2-R1,2020-09-25,0000502797,100,2021-03-10,9/10/2021,2021-04-09,,2026-04-18,Renewal,RI,renewal application received prior to receiving the transfer application/RI,roy.ilaga,2020-11-16 14:04:10
1603,9101113,P-2015-149-T2-R1,2020-09-24,0000502808,100,2021-03-10,9/10/2021,2021-04-15,,2026-04-22,Renewal,RI,renewal application received prior to the transfer application/RI,roy.ilaga,2020-11-16 14:05:16
1604,9101105,P-2015-175-T1-R1,2020-09-24,0000502804,100,2021-03-01,9/1/2021,2021-03-19,,2026-04-11,Renewal,RI,3/1/2021 - received updated facility diagram/RI,roy.ilaga,2020-11-16 14:06:19
1605,9101101,P-2015-165-T2-R1,2020-09-24,0000502817,100,2021-03-10,9/10/2021,2021-04-08,,2026-04-11,Renewal,RI,renewal application received prior to receiving the transfer application/RI,roy.ilaga,2020-11-16 14:07:30
1606,9101236,P-2015-158-T2-R1,2020-09-24,0000502811,100,2021-03-10,9/10/2021,2021-04-15,,2026-04-22,Renewal,RI,renewal application received prior to receiving the transfer application/RI,roy.ilaga,2020-11-16 14:08:25
1607,9101119,P-2015-156-T2-R1,2020-09-24,0000502795,100,2021-03-10,9/10/2021,2021-04-15,,2026-04-22,Renewal,RI,renewal application received prior to receiving the transfer application/RI,roy.ilaga,2020-11-16 14:17:37
1608,9201097,P-2015-177-T2-R1,2020-09-24,0000502826,100,2021-03-10,9/10/2021,2021-04-08,,2026-04-12,Renewal,RI,renewal application received prior to the transfer application/RI,roy.ilaga,2020-11-16 14:18:37
1609,9101108,P-2015-173-T2-R1,2020-09-24,000502805,100,2021-03-10,9/10/2021,2021-04-08,,2026-04-12,Renewal,RI,renewal application received prior to the transfer application/RI,roy.ilaga,2020-11-16 14:19:29
1610,9101225,P-2015-171-T2-R1,2020-09-24,0000502796,100,2021-03-10,9/10/2021,2021-04-08,,2026-04-12,Renewal,RI,renewal application received prior to the transfer application/RI,roy.ilaga,2020-11-16 14:20:13
1611,9101246,P-2015-172-T2-R1,2020-09-24,0000502816,100,2021-03-10,9/10/2021,2021-04-08,,2026-04-11,Renewal,RI,renewal application received prior to the transfer application/RI,roy.ilaga,2020-11-16 14:21:01
1612,9201233,P-2015-159-T2-R1,2020-09-24,0000502809,100,2021-03-10,9/10/2021,2021-04-08,,2026-04-08,Renewal,RI,renewal application received prior to receiving the transfer application/RI,roy.ilaga,2020-11-16 14:21:46
1613,9200976,P-2016-083-R1,2020-10-08,EFT,100,2020-10-08,4/8/2021,2021-06-14,,2026-06-13,Renewal,RI,EFT receipt confirmed on 12/7/2020-RI,roy.ilaga,2020-11-18 09:00:29
1614,9102384,P-2016-080-R1,2020-10-08,EFT,100,2020-10-08,4/8/2020,2021-06-14,,2026-06-13,Renewal,RI,EFT receipt confirmed on 12/7/2020-RI,roy.ilaga,2020-11-18 09:02:39
1615,9102001,P-2016-075-R1,2020-10-08,EFT,100,2021-10-08,4/8/2021,2021-06-14,,2026-06-13,Renewal,RI,EFT receipt confirmed on 12/7/2020-RI,roy.ilaga,2020-11-18 09:04:01
1616,9202316,P-2016-088-R1,2020-10-08,EFT,100,2020-10-08,4/8/2021,2021-06-14,,2026-06-13,Renewal,RI,EFT receipt confirmed on 12/7/2020-RI,roy.ilaga,2020-11-18 09:05:48
1617,9202315,P-2016-087-R1,2020-10-08,EFT,100,2020-10-08,4/8/2021,2021-06-10,,2026-06-13,Renewal,RI,EFT receipt confirmed on 12/7/2020-RI,roy.ilaga,2020-11-18 09:06:45
1618,9200982,P-2016-084-T1-R1,2020-10-08,EFT,100,2020-10-08,4/8/2020,2021-05-19,,2026-06-07,Renewal,RI,EFT receipt confirmed on 12/7/2020-RI,roy.ilaga,2020-11-18 09:09:02
1619,9202319,P-2016-089-R1,2020-10-08,EFT,100,2020-10-08,4/8/2020,2021-06-10,,2026-06-13,Renewal,RI,EFT receipt confirmed on 12/7/2020-RI,roy.ilaga,2020-11-18 09:10:11
1620,9102058,P-2016-077-R1,2020-10-08,EFT,100,2020-10-08,4/8/2021,2021-05-19,,2026-06-07,Renewal,RI,EFT receipt confirmed on 12/7/2020-RI,roy.ilaga,2020-11-18 09:11:41
1621,9102052,P-2016-076-RI,2020-10-08,EFT,100,2020-10-08,4/8/2021,2021-06-10,,2026-06-13,Renewal,RI,EFT receipt confirmed on 12/7/2020-RI,roy.ilaga,2020-11-18 09:13:09
1622,9101229,P-2015-152-T1-R1,2020-09-25,0000502824,100,2021-03-02,9/2/2021,2021-03-19,,2026-04-08,Renewal,RI,,roy.ilaga,2020-11-18 09:17:56
1623,9201503,P-2016-121-R1,2020-11-05,EFT,100,2021-04-28,10/28/2021,2021-09-27,,2026-06-24,Renewal,RI,rec payment via eft - rk,roy.ilaga,2020-11-18 09:21:29
1624,9101497,P-2016-279-R1,2020-11-05,002305,100,2020-11-05,5/5/2021,2021-07-07,,2026-07-06,Renewal,RI,,roy.ilaga,2020-11-18 09:26:34
1625,9500540,P-2016-101-R1,2020-11-05,0110248539,100,2020-11-05,5/5/2021,2021-05-12,,2026-05-12,Renewal,RI,,roy.ilaga,2020-11-18 10:06:31
1626,9700603,P-2016-102-R1,2020-11-05,0110248540,100,2020-11-05,5/5/2021,2021-05-12,,2026-05-12,Renewal,RI,,roy.ilaga,2020-11-18 10:08:26
1627,9202391,P-2016-100-R1,2020-11-10,000194,100,2020-11-10,5/10/2021,2021-06-22,,2026-06-20,Renewal,RI, 11/18/2020 - discovered that the permit number P-2016-106 issued on 6/20/2016 was incorrect. It should have been P-2016-100. Will correct and update during renewal/RI,roy.ilaga,2020-11-18 10:31:00
1628,9601743,P-2016-111-R1,2020-11-18,2282,100,2020-12-03,6/3/2021,2021-06-15,,2026-06-13,Renewal,RI, wrong Form used. Contacted O/O to resubmit Form 4 instead and issue an appropriate Permit fee of $100. Check No. 2279 will be returned      12/3/2021 - received Form 4,roy.ilaga,2020-11-30 10:11:03
1629,9102735,P-2015-144-R1,2020-11-20,222357,100,2020-12-07,6/7/2021,2021-03-29,,2026-04-07,Renewal,RI,Revision required.     12/7/2020- received revised app/RI,roy.ilaga,2020-11-30 10:25:43
1630,9500429,P-2016-236-R1,2020-11-30,44421,100,2020-12-02,6/2/2021,2021-06-22,,2026-06-22,Renewal,RI,12/2/2020 - received revised p.2,roy.ilaga,2020-12-02 09:15:20
1631,9501127,P-2016-240-R1,2020-11-30,44423,100,2020-12-16,6/16/2021,2021-06-28,,2026-06-24,Renewal,RI,12/16/2020 - received revised app/RI,roy.ilaga,2020-12-02 09:16:49
1632,9501888,P-2016-239-R1,2020-11-30,44422,100,2020-11-30,5/30/2021,2021-06-28,,2026-06-24,Renewal,RI,,roy.ilaga,2020-12-02 09:17:37
1633,9201192,P-2016-110-T1-M1,2020-10-26,00000074660,200,2020-10-26,4/26/2021,2021-01-13,2021-08-11,2021-07-18,Modification,RI,"Tank 2 will be converted into a Co-Structural system, will be relabeled as 2-CS.",roy.ilaga,2020-12-04 08:52:09
1634,9100849,P-2015-147-T1-R1,2020-10-21,0000502820,100,2021-03-01,9/1/2021,2021-03-19,,2026-04-22,Renewal,RI,,roy.ilaga,2020-12-04 08:55:39
1635,9202313,P-2016-086-T1-R1,2020-10-23,EFT,100,2020-10-23,,2021-06-10,,2026-06-13,Renewal,RI,EFT verified 12/15/2021,roy.ilaga,2020-12-04 08:57:10
1636,9101850,P-2016-074-R1,2020-10-21,EFT,100,2020-10-21,,2021-06-07,,2026-06-07,Renewal,RI,EFT verified 12/15/2021,roy.ilaga,2020-12-04 08:58:50
1637,9100991,P-2016-073-R1,2020-10-22,EFT,100,2020-10-21,,2021-06-04,,2026-06-07,Renewal,RI,EFT verified 12/15/2021,roy.ilaga,2020-12-04 08:59:41
1638,9102302,P-2016-079-R1,2020-10-21,EFT,100,,,2021-06-07,,2026-06-07,Renewal,RI,EFT verified 12/15/2021,roy.ilaga,2020-12-04 09:00:25
1639,9102062,P-2016-078-R1,2020-10-20,EFT,100,2020-10-20,,2021-06-23,,2026-06-23,Renewal,RI,EFT verified 12/15/2021,roy.ilaga,2020-12-04 09:01:05
1640,9701318,P-2016-093-R1,2020-10-26,EFT,100,2020-10-26,4/26/2021,2021-05-28,,2026-06-07,Renewal,RI,EFT verified 12/15/2021,roy.ilaga,2020-12-04 09:01:59
1641,9700824,P-2016-091-R1 (not issued),2020-10-26,EFT,100,2020-10-26,,,,,Renewal,RI,"EFT verified 12/15/2021; permit was drafted but not issued because per Raelynn's email on 6/17/2021, tanks were removed prior to the expiration of the current permit.",roy.ilaga,2020-12-04 09:03:49
1642,9701094,P-2016-092-R1,2020-10-23,EFT,100,2020-10-23,,2021-06-23,,2026-06-23,Renewal,RI,EFT verified 12/15/2021,roy.ilaga,2020-12-04 09:04:36
1643,9700463,P-2016-090-R1,2020-10-23,EFT,100,2020-10-23,4/23/2021,2021-05-28,,2026-06-07,Renewal,RI,EFT verified 12/15/2021,roy.ilaga,2020-12-04 09:05:50
1644,9601874,P-2016-065-R1,2020-10-23,24947,100,2021-04-08,10/8/2021,2021-05-06,,2026-05-12,Renewal,RI,,roy.ilaga,2020-12-04 09:06:45
1645,9601607,P-2016-039-R1,2020-11-02,38199,100,2020-11-02,5/2/2021,2021-05-05,,2026-05-12,Renewal,RI,"check # 38199 ($300) shared among 9-601607,9-601647 and 9-602718 for $100 each",roy.ilaga,2020-12-04 09:09:14
1646,9602718,P-2016-016-R1,2020-11-02,38199,100,2020-11-02,5/2/2021,2021-05-05,,2026-05-12,Renewal,RI,"check # 38199 ($300) shared among 9-601607,9-601647 and 9-602718 for $100 each",roy.ilaga,2020-12-04 09:11:48
1647,9601647,P-2016-015-R1,2020-11-02,38199,100,2020-11-02,5/2/2021,2021-05-05,,2026-05-12,Renewal,RI,"check # 38199 ($300) shared among 9-601607,9-601647 and 9-602718 for $100 each",roy.ilaga,2020-12-04 09:13:06
1648,9601658,P-2016-201-R1,2020-12-02,1055,100,2021-06-25,12/25/2021,2021-07-30,,2026-07-20,Renewal,RI,6/25/2021 - revised application received/RI,roy.ilaga,2020-12-04 09:15:23
1649,9701551,P-2016-285-T1,2020-11-10,3593,50,2020-11-09,5/9/2021,2021-02-22,,2021-07-06,Transfer,RI,,roy.ilaga,2020-12-04 09:16:00
1650,9101930,P-2015-120-R1,2020-12-04,Cash,100,2021-01-27,7/27/2021,2021-02-03,,2026-02-05,Renewal,RI,12/7/2020 - O/O informed incorrect Form and Permit fee/RI     1/27/2021 - received revised application and permit fee. Check # 000050443 will be returned to sender with the UST Permit/RI,roy.ilaga,2020-12-07 11:33:46
1651,9102679,P-2016-081-R1,2020-12-09,EFT,100,2020-12-09,6/9/2021,2021-05-19,,2026-06-07,Renewal,RI,EFT receipt confirmed on 12/7/2020-RI,roy.ilaga,2020-12-14 10:58:11
1652,9202310,P-2016-085-T1-R1,2020-12-09,EFT,100,2020-12-09,6/9/2021,2021-06-23,,2026-06-23,Renewal,RI,EFT receipt confirmed on 12/7/2020-RI,roy.ilaga,2020-12-14 11:01:03
1653,9101732,P-2000-013-R4-M1,2020-11-19,3323586175,100,2021-02-26,8/26/2021,2021-04-20,,2026-04-19,Renewal,RI,2/26/2021 - received revised p.2,roy.ilaga,2020-12-14 11:38:05
1654,9601677,P-2016-187-R1,2020-12-07,29289,100,2020-12-07,6/7/2021,2021-06-22,,2026-06-22,Renewal,RI,,roy.ilaga,2020-12-14 11:40:55
1655,9701523,P-2016-064-R1,2020-12-08,1462404,100,2021-03-01,9/1/2021,2021-07-12,,2026-07-08,Renewal,RI,,roy.ilaga,2020-12-14 11:42:20
1656,9201204,P-2016-099-T1-R1,2020-12-09,00000074731,100,2020-12-09,6/9/2021,2021-06-30,,2026-06-28,Renewal,RI,,roy.ilaga,2020-12-14 12:14:14
1657,9201184,P-2016-057-T1-M1-R1,2020-12-09,00000074732,100,2020-12-09,6/9/2021,2021-06-30,,2021-06-28,Renewal,RI,,roy.ilaga,2020-12-14 12:15:59
1658,9201209,P-2016-053-T1-R1,2020-12-09,00000074733,100,2020-12-09,6/9/2021,2021-06-30,,2026-06-28,Renewal,RI,,roy.ilaga,2020-12-14 12:17:06
1659,9201206,P-2016-051-T1-R1,2020-12-09,00000074734,100,2020-12-09,6/9/2021,2021-06-30,,2026-06-28,Renewal,RI,,roy.ilaga,2020-12-14 12:17:51
1660,9101196,P-2016-052-T1-R1,2020-12-09,00000074735,100,2020-12-09,6/9/2021,2021-06-30,,2026-06-28,Renewal,RI,,roy.ilaga,2020-12-14 12:18:47
1661,9201207,P-2016-054-T1-R1,2020-12-09,00000074736,100,2020-12-09,6/9/2021,2021-06-30,,2026-06-28,Renewal,RI,,roy.ilaga,2020-12-14 12:19:29
1662,9201177,P-2016-058-T1-R1,2020-12-09,00000074737,100,2020-12-09,6/9/2021,2021-06-30,,2021-06-28,Renewal,RI,,roy.ilaga,2020-12-14 12:20:22
1663,9707330,P-2016-055-T1-R1,2020-12-09,00000074738,100,2020-12-09,6/9/2021,2021-06-30,,2026-06-28,Renewal,RI,,roy.ilaga,2020-12-14 12:21:07
1664,9100028,P-2016-056-T1-R1,2020-12-09,00000047439,100,2020-12-09,6/9/2012,2021-06-30,,2026-06-28,Renewal,RI,,roy.ilaga,2020-12-14 12:22:13
1665,9707100,P-2016-050-T1-R1,2020-12-09,00000074740,100,2020-12-09,6/9/2021,2021-06-30,,2026-06-28,Renewal,RI,,roy.ilaga,2020-12-14 12:23:03
1666,9707578,P-2016-019-T1-R1,2020-12-09,00000074741,100,2020-12-09,6/9/2021,2021-06-22,,2026-06-20,Renewal,RI,,roy.ilaga,2020-12-14 12:23:53
1667,9101434,P-2016-275-R1,2020-12-29,116069,100,2021-06-18,12/18/2021,2021-07-07,,2026-07-06,Renewal,RI,,roy.ilaga,2021-01-11 09:11:34
1668,9707671,P-2001-002-R4-T1,2020-12-31,115316,100,2021-09-30,3/30/2022,2021-11-12,,2026-12-06,Renewal,RI,"1/11/2021 - renewal application too early/RI     9/30/2021 - revision received, check #119587 ($200) shared between 9-603957 and 9-603727; returned check (115316)/RI",roy.ilaga,2021-01-11 09:19:36
1669,9101159,P-2016-122-R1,2021-01-04,017793,100,2021-01-19,7/19/2021,2021-06-22,,2026-06-22,Renewal,RI,,roy.ilaga,2021-01-11 15:34:33
1670,9601690,P-2016-272-R1,2021-01-28,034752,100,2021-07-06,,2021-07-08,,2026-07-06,Renewal,RI,check # 034752 ($200) shared with 9-602493,roy.ilaga,2021-01-13 09:46:34
1671,9602493,P-2016-273-R1,2020-12-28,034752,100,2021-07-06,,2021-07-08,,2026-07-06,Renewal,RI,check # 034752 ($200) shared with 9-601690,roy.ilaga,2021-01-13 09:50:59
1672,9701551,P-2016-285-T1-R1,2020-12-28,3688/3727,100,2021-01-19,7/19/2021,2021-07-07,,2026-07-06,Renewal,RI,wrong form and permit fee.    1/19/2021 - rec'd completed app & additional $50/RI,roy.ilaga,2021-01-13 09:52:49
1673,9100056,P-2016-192-R1,2020-12-24,26998,100,2020-12-24,6/24/2021,2021-06-17,,2026-06-17,Renewal,RI,9/29/2021 sent letter to DOT correcting the size of the tanks. *rk,roy.ilaga,2021-01-13 10:56:08
1674,9707647,P-2016-338-R1,2020-12-24,27002,100,2020-12-24,6/24/2021,2021-08-25,,2026-05-12,Renewal,RI,,roy.ilaga,2021-01-13 10:57:02
1675,9101675,P-2016-339-R1,2020-12-24,27001,100,2020-12-24,6/24/2021,2021-08-25,,2026-08-12,Renewal,RI,,roy.ilaga,2021-01-13 10:57:47
1676,9601039,P-2016-212-R1,2021-01-06,JV,100,2021-06-15,12/15/2021,2021-07-12,,2026-07-11,Renewal,RI,JV to be sent separately     1/11/2021- received JV payment/RI,roy.ilaga,2021-01-13 11:49:36
1677,9100801,P-2016-191-R1,2020-12-21,0925001,100,2021-06-21,12/21/2021,2021-08-06,,2026-07-22,Renewal,RI,check # 0924883 ($300) will be returned to sender due to overpayment; will require to resubmit correct permit fee and application form.    6/21/2021 - received revised application/RI,roy.ilaga,2021-01-13 11:57:56
1678,9202073,P-2016-328-R1,2020-12-21,112,100,2021-05-10,,2021-07-20,,2026-07-11,Renewal,RI,"check #110 expired and returned to sender, replaced with check #112",roy.ilaga,2021-01-13 12:15:01
1679,9702437,P-2015-136-R1,2020-12-17,1172,100,2021-03-12,9/12/2021,2021-03-30,,2026-04-12,Renewal,RI,3/12/2021 - received revised p.2,roy.ilaga,2021-01-13 12:16:40
1680,9707268,P-2016-318-R1,2020-12-15,1105,100,2020-12-15,6/15/2021,2021-07-16,,2026-07-11,Renewal,RI,,roy.ilaga,2021-01-13 12:18:25
1681,9702554,P-2016-353-R1,2020-12-15,1107,100,2020-12-15,6/15/2021,2021-08-24,,2026-08-12,Renewal,RI,,roy.ilaga,2021-01-13 12:20:26
1682,9701778,P-2016-352-R1,2020-12-15,1106,100,2020-12-15,6/15/2021,2021-08-24,,2026-08-12,Renewal,RI,,roy.ilaga,2021-01-13 12:21:43
1683,9701132,P-2016-237-R1,2020-12-15,44461,100,2021-05-04,11/4/2021,2021-06-22,,2026-06-22,Renewal,RI,,roy.ilaga,2021-01-13 12:22:56
1684,9201510,P-2016-199-R1,2020-12-15,1058,100,2021-06-25,12/25/2021,2021-07-30,,2026-07-20,Renewal,RI,6/25/2021 - revised application received/RI,roy.ilaga,2021-01-13 12:24:25
1685,9101000,P-2016-198-R1,2020-12-15,1059,100,2021-06-25,12/25/2021,2021-07-30,,2026-07-20,Renewal,RI,6/25/2021 - revised application received/RI,roy.ilaga,2021-01-13 12:25:21
1686,9103017,P-2016-200-M1-R1,2020-12-15,1057,100,2021-06-25,12/25/2021,2021-07-30,,2026-07-20,Renewal,RI,6/25/2021 - revised application received/RI,roy.ilaga,2021-01-13 12:26:27
1687,9101979,P-2016-104-R1,2020-12-14,173128,100,2020-12-14,6/14/2021,2021-06-22,,2026-06-20,Renewal,RI,,roy.ilaga,2021-01-13 12:27:30
1688,9602661,P-2016-281-R1,2021-01-11,136008,100,2021-06-25,,2021-07-08,,2026-07-06,Renewal,RI,,roy.ilaga,2021-01-13 13:58:30
1689,9707362,P-2016-235-R1,2021-01-11,569822,100,2021-01-11,7/11/2021,2021-06-22,,2026-06-22,Renewal,RI,,roy.ilaga,2021-01-13 13:59:48
1690,9100071,P-2016-216-R1,2021-01-08,011751982,100,2021-01-08,7/8/2021,2021-06-17,,2026-06-17,Renewal,RI,"check # 011751982 ($1,800) shared with 18 facilities/RI",roy.ilaga,2021-01-15 08:39:20
1691,9100081,P-2016-217-R1,2021-01-08,011751982,100,2021-01-08,7/8/2021,2021-06-17,,2026-06-17,Renewal,RI,"check # 011751982 ($1,800) shared with 18 facilities/RI",roy.ilaga,2021-01-15 08:42:39
1692,9100083,P-2016-218-R1,2021-01-08,011751982,100,2021-01-08,7/8/2021,2021-06-17,,2026-06-17,Renewal,RI,"check # 011751982 ($1,800) shared with 18 facilities/RI",roy.ilaga,2021-01-15 08:44:05
1693,9100076,P-2016-219-R1,2021-01-08,011751982,100,2021-01-08,7/8/2021,2021-06-17,,2026-06-17,Renewal,RI,"check # 011751982 ($1,800) shared with 18 facilities/RI",roy.ilaga,2021-01-15 08:45:24
1694,9100101,P-2016-220-R1,2021-01-08,011751982,100,2021-01-08,7/8/2021,2021-06-17,,2026-06-17,Renewal,RI,"check # 011751982 ($1,800) shared with 18 facilities/RI",roy.ilaga,2021-01-15 08:47:50
1695,9200093,P-2016-222-R1,2021-01-08,011751982,100,2021-01-08,7/8/2021,2021-06-17,,2026-06-17,Renewal,RI,"check # 011751982 ($1,800) shared with 18 facilities/RI",roy.ilaga,2021-01-15 08:49:05
1696,9707182,P-2016-223-R1,2021-01-08,011751982,100,2021-01-08,7/8/2021,2021-06-17,,2026-06-17,Renewal,RI,"check # 011751982 ($1,800) shared with 18 facilities/RI",roy.ilaga,2021-01-15 08:50:41
1697,9200091,P-2016-224-R1,2021-01-08,011751982,100,2021-01-08,7/8/2021,2021-06-14,,2026-06-17,Renewal,RI,"check # 011751982 ($1,800) shared with 18 facilities/RI",roy.ilaga,2021-01-15 08:57:17
1698,9200077,P-2016-225-R1,2021-01-08,011751982,100,2021-01-08,7/8/2021,2021-06-17,,2026-06-17,Renewal,RI,"check # 011751982 ($1,800) shared with 18 facilities/RI",roy.ilaga,2021-01-15 08:58:34
1699,9200065,P-2016-226-R1,2021-01-08,011751982,100,2021-01-08,7/8/2021,2021-06-17,,2026-06-17,Renewal,RI,"check # 011751982 ($1,800) shared with 18 facilities/RI",roy.ilaga,2021-01-15 09:02:30
1700,9200094,P-2016-227-R1,2021-01-08,011751982,100,2021-01-08,7/8/2021,2021-06-17,,2026-09-17,Renewal,RI,"check # 011751982 ($1,800) shared with 18 facilities/RI",roy.ilaga,2021-01-15 09:17:01
1701,9100100,P-2016-228-R1,2021-01-08, 011751982,100,2021-01-08,7/8/2021,2021-06-17,,2026-06-17,Renewal,RI,"check # 011751982 ($1,800) shared with 18 facilities/RI",roy.ilaga,2021-01-15 09:18:22
1702,9100089,P-2016-229-R1,2021-01-08,011751982,100,2021-01-08,7/8/2021,2021-06-17,,2026-06-17,Renewal,RI,"check # 011751982 ($1,800) shared with 18 facilities/RI",roy.ilaga,2021-01-15 09:41:48
1703,9200090,P-2016-230-R1,2021-01-08,011751982,100,2021-01-08,7/8/2021,2021-06-17,,2026-06-17,Renewal,RI,"check # 011751982 ($1,800) shared with 18 facilities/RI",roy.ilaga,2021-01-15 09:45:19
1704,9100084,P-2016-231-R1,2021-01-08, 011751982,100,2021-01-08,7/8/2021,2021-06-17,,2026-06-17,Renewal,RI,"check # 011751982 ($1,800) shared with 18 facilities/RI",roy.ilaga,2021-01-15 09:47:15
1705,9100078,P-2016-232-R1,2021-01-08,011751982,100,2021-01-08,7/8/2021,2021-06-17,,2026-06-17,Renewal,RI,"check # 011751982 ($1,800) shared with 18 facilities/RI",roy.ilaga,2021-01-15 09:48:58
1706,9100069,P-2016-233-R1,2021-01-08, 011751982,100,2021-01-08,7/8/2021,2021-06-17,,2026-06-17,Renewal,RI,"check # 011751982 ($1,800) shared with 18 facilities/RI",roy.ilaga,2021-01-15 10:03:40
1707,9200095,P-2016-234-R1,2021-01-08, 011751982,100,2021-01-08,7/8/2021,2021-06-17,,2026-06-17,Renewal,RI,"check # 011751982 ($1,800) shared with 18 facilities/RI",roy.ilaga,2021-01-15 10:05:05
1708,9201932,P-2016-139-R1,2020-11-30,011749699,100,2020-11-30,5/30/2021,2021-06-17,,2026-06-13,Renewal,RI,"check number 011749699 ($1,500) shared with 15 other facilities.",Timothy.Ugaitafa,2021-01-20 08:17:37
1709,9203141,P-2016-140-R1,2020-11-30,011749699,100,2020-11-30,5/2/2021,2021-05-28,,2026-06-09,Renewal,RI,"check number 011749699 ($1,500) shared with 15 other facilities.",Timothy.Ugaitafa,2021-01-20 08:21:20
1710,9201933,P-2016-141-R1,2020-11-30,011749699,100,2020-11-30,5/30/2021,2021-06-08,,2026-06-13,Renewal,RI,"check number 011749699 ($1,500) shared with 15 other facilities.",Timothy.Ugaitafa,2021-01-20 08:41:18
1711,9201968,P-2016-145-R1,2020-11-30,011749699,100,2020-11-30,5/30/2021,2021-06-08,,2026-06-13,Renewal,RI,"check number 011749699 ($1,500) shared with 15 other facilities.",Timothy.Ugaitafa,2021-01-20 09:09:15
1712,9201982,P-2016-146-R1,2020-11-30,011749699,100,2020-11-30,5/30/2021,2021-06-08,,2026-06-13,Renewal,RI,"check number 011749699 ($1,500) shared with 15 other facilities.",Timothy.Ugaitafa,2021-01-20 09:26:59
1713,9200142,P-2016-147-R1,2020-11-30,011749699,100,2020-11-30,5/30/2021,2021-06-08,,2026-06-13,Renewal,R1,"check number 011749699 ($1,500) shared with 15 other facilities.",Timothy.Ugaitafa,2021-01-20 09:35:47
1714,9102407,P-2016-148-R1,2020-11-30,011749699,100,2020-11-30,5/30/2021,2021-06-08,,2026-06-13,Renewal,RI,"check number 011749699 ($1,500) shared with 15 other facilities.",Timothy.Ugaitafa,2021-01-20 09:45:12
1715,9201996,P-2016-149-R1,2020-11-30,011749699,100,2021-04-13,10/13/2021,2021-06-08,,2026-06-13,Renewal,RI,"check number 011749699 ($1,500) shared with 15 other facilities.",Timothy.Ugaitafa,2021-01-20 10:17:54
1716,9201934,P-2016-150-R1,2020-11-30,011749699,100,2020-11-30,5/30/2021,2021-06-08,,2026-06-13,Renewal,RI,"check number 011749699 ($1,500) shared with 15 other facilities.",Timothy.Ugaitafa,2021-01-20 10:27:54
1717,9201931,P-2016-151-R1,2020-11-30,011749699,100,2020-11-30,5/30/2021,2021-06-08,,2026-06-13,Renewal,RI,"check number 011749699 ($1,500) shared with 15 other facilities.",Timothy.Ugaitafa,2021-01-20 10:35:04
1718,9707656,P-2016-152-R1,2020-11-30,011749699,100,2020-11-30,5/30/2021,2021-06-08,,2026-06-13,Renewal,RI,"check number 011749699 ($1,500) shared with 15 other facilities.",Timothy.Ugaitafa,2021-01-20 10:49:34
1719,9200149,P-2016-153-R1,2020-11-30,011749699,100,2020-11-30,5/30/2021,2021-06-14,,2026-06-09,Renewal,RI,"check number 011749699 ($1,500) shared with 15 other facilities.",Timothy.Ugaitafa,2021-01-20 10:55:07
1720,9707556,P-2016-154-R1,2020-11-30,011749699,100,2020-11-30,5/30/2021,2021-06-14,,2026-06-09,Renewal,RI,"check number 011749699 ($1,500) shared with 15 other facilities.",Timothy.Ugaitafa,2021-01-20 11:07:27
1721,9707555,P-2016-142-R1,2020-11-30,011749699,100,2020-11-30,5/30/2021,2021-06-14,,2026-06-09,Renewal,RI,"check number 011749699 ($1,500) shared with 15 other facilities.",Timothy.Ugaitafa,2021-01-20 11:22:19
1722,9200145,P-2016-143-R1,2020-11-30,011749699,100,2020-11-30,5/30/2021,2021-05-28,,2026-06-09,Renewal,RI,"check number 011749699 ($1,500) shared with 15 other facilities.",Timothy.Ugaitafa,2021-01-20 11:29:18
1723,9201976,P-2016-174-R1,2020-11-30,011749697,100,2020-11-30,5/30/2021,2021-06-21,,2026-06-14,Renewal,RI,"check number 011749697 ($1,400) shared with 14 other facilities.",Timothy.Ugaitafa,2021-01-20 13:41:20
1724,9202998,P-2016-155-R1,2020-12-02,011749698,100,2020-12-03,6/2/2021,2021-06-01,,2026-06-09,Renewal,RI,"check number 011749698 ($1,300) shared with 13 other facilities.",Timothy.Ugaitafa,2021-01-20 13:45:26
1725,9200138,P-2016-156-R1,2020-12-02,011749698,100,2020-12-02,6/2/2021,2021-06-01,,2026-06-09,Renewal,RI,"check number 011749698 ($1,300) shared with 13 other facilities.",Timothy.Ugaitafa,2021-01-20 13:48:48
1726,9201990,P-2016-157-R1,2020-12-02,011749698,100,2020-12-02,6/2/2021,2021-06-01,,2026-06-09,Renewal,RI,"check number 011749698 ($1,300) shared with 13 other facilities.",Timothy.Ugaitafa,2021-01-20 14:36:54
1727,9202513,P-2016-144-R1,2020-12-02,011749698,100,2020-12-02,6/2/2021,2021-06-01,,2026-06-09,Renewal,RI,"check number 011749698 ($1,300) shared with 13 other facilities.",Timothy.Ugaitafa,2021-01-20 14:42:40
1728,9101994,P-2016-158-R1,2020-12-02,011749698,100,2020-12-02,6/2/2021,2021-06-01,,2026-06-09,Renewal,RI,"check number 011749698 ($1,300) shared with 13 other facilities.",Timothy.Ugaitafa,2021-01-20 14:52:57
1729,9101995,P-2016-159-R1,2020-12-02,011749698,100,2021-05-10,,2021-06-14,,2026-06-09,Renewal,RI,"check number 011749698 ($1,300) shared with 13 other facilities.",Timothy.Ugaitafa,2021-01-20 14:58:11
1730,9707722,P-2016-160-R1,2020-12-02,011749698,100,2020-12-02,6/2/2021,2021-06-01,,2026-06-09,Renewal,RI,"check number 011749698 ($1,300) shared with 13 other facilities.",Timothy.Ugaitafa,2021-01-20 15:12:21
1731,9201991,P-2016-161-R1,2020-12-02,011749698,100,2020-12-02,6/2/2021,2021-06-02,,2026-06-09,Renewal,RI,"check number 011749698 ($1,300) shared with 13 other facilities.",Timothy.Ugaitafa,2021-01-20 15:23:09
1732,9202669,P-2016-162-R1,2020-12-02,011749698,100,2020-12-09,6/2/2021,2021-06-02,,2026-06-09,Renewal,RI,"check number 011749698 ($1,300) shared with 13 other facilities.",Timothy.Ugaitafa,2021-01-20 15:27:52
1733,9707664,P-2016-336-R1,2020-12-02,011749698,100,2020-12-02,6/2/2021,2021-08-24,,2026-08-12,Renewal,RI,"check number 011749698 ($1,300) shared with 13 other facilities.",Timothy.Ugaitafa,2021-01-20 15:32:47
1734,9201983,P-2016-163-R1,2020-12-02,011749698,100,2020-12-02,6/2/2021,2021-06-02,,2026-06-09,Renewal,RI,"check number 011749698 ($1,300) shared with 13 other facilities.",Timothy.Ugaitafa,2021-01-20 15:39:31
1735,9202668,P-2016-164-R1,2020-12-02,011749698,100,2020-12-02,6/2/2021,2021-06-20,,2026-06-09,Renewal,RI,"check number 011749698 ($1,300) shared with 13 other facilities.",Timothy.Ugaitafa,2021-01-20 15:47:29
1736,9202968,P-2016-165-R1,2020-12-02,011749698,100,2020-12-02,6/2/2021,2021-06-01,,2026-06-09,Renewal,RI,"check number 011749698 ($1,300) shared with 13 other facilities.",Timothy.Ugaitafa,2021-01-20 15:55:45
1737,9201985,P-2016-175-R1,2020-11-30,011749697,100,2020-11-30,5/30/2021,2021-06-15,,2026-06-14,Renewal,RI,"check number 011749697 ($1,400) shared with 14 other facilities.",Timothy.Ugaitafa,2021-01-20 16:27:31
1738,9201992,P-2016-176-R1,2020-11-30,011749697,100,2020-11-30,5/30/2021,2021-06-15,,2026-06-14,Renewal,RI,"check number 011749697 ($1,400) shared with 14 other facilities.",Timothy.Ugaitafa,2021-01-25 09:44:10
1739,9707603,P-2016-177-R1,2020-11-30,011749697,100,2020-11-30,5/30/2021,2021-06-14,,2026-06-09,Renewal,RI,"check number 011749697 ($1,400) shared with 14 other facilities.",Timothy.Ugaitafa,2021-01-25 13:44:44
1740,9200144,P-2016-178-R1,2020-11-30,011749697,100,2020-11-30,5/30/2021,2021-06-15,,2026-06-14,Renewal,RI,"check number 011749697 ($1,400) shared with 14 other facilities.",Timothy.Ugaitafa,2021-01-25 13:59:10
1741,9101993,P-2016-179-R1,2020-11-30,011749697,100,2020-11-30,5/30/2021,2021-06-14,,2026-06-09,Renewal,RI,"check number 011749697 ($1,400) shared with 14 other facilities.",Timothy.Ugaitafa,2021-01-25 14:03:37
1742,9707602,P-2016-167-R1,2020-11-30,011749697,100,2020-11-30,5/30/2021,2021-06-14,,2026-06-09,Renewal,RI,"check number 011749697 ($1,400) shared with 14 other facilities.",Timothy.Ugaitafa,2021-01-25 14:10:16
1743,9100141,P-2016-168-R1,2020-11-30,011749697,100,2020-11-30,5/30/2021,2021-06-14,,2021-06-09,Renewal,RI,"check number 011749697 ($1,400) shared with 14 other facilities.",Timothy.Ugaitafa,2021-01-25 14:30:06
1744,9100140,P-2016-169-R1,2020-11-30,011749697,100,2021-11-30,5/30/2021,2021-06-14,,2026-06-09,Renewal,RI,"check number 011749697 ($1,400) shared with 14 other facilities.",Timothy.Ugaitafa,2021-01-25 14:33:01
1745,9101975,P-2016-170-R1,2020-11-30,011749697,100,2020-11-30,5/30/2021,2021-06-15,,2026-06-14,Renewal,RI,"check number 011749697 ($1,400) shared with 14 other facilities.",Timothy.Ugaitafa,2021-01-25 14:35:45
1746,9707601,P-2016-171-R1,2020-11-30,011749697,100,2020-11-30,5/30/2021,2021-06-14,,2026-06-09,Renewal,RI,"check number 011749697 ($1,400) shared with 14 other facilities.",Timothy.Ugaitafa,2021-01-25 14:40:18
1747,9101971,P-2016-172-R1,2020-11-30,011749697,100,2020-11-30,,2021-06-15,,2026-06-14,Renewal,RI,"check number 011749697 ($1,400) shared with 14 other facilities.",Timothy.Ugaitafa,2021-01-25 14:45:14
1748,9101972,P-2016-173-R1,2020-11-30,011749697,100,2020-11-30,5/30/2021,2021-06-15,,2026-06-14,Renewal,RI,"check number 011749697 ($1,400) shared with 14 other facilities.",Timothy.Ugaitafa,2021-01-25 14:48:02
1749,9200143,P-2016-180-R1,2020-11-30,011749697,100,2020-11-30,5/30/2021,2021-06-15,,2026-06-14,Renewal,RI,"check number 011749697 ($1,400) shared with 14 other facilities.",Timothy.Ugaitafa,2021-01-25 14:52:54
1750,9201252,P-2015-170-T2,2021-01-25,0000503222,50,2021-01-25,7/25/2021,2021-03-19,,2021-04-12,Transfer,RI,,roy.ilaga,2021-02-01 14:52:15
1751,9101099,P-2015-150-T2,2021-01-25,0000503229,50,,,2021-03-15,,2021-04-22,Transfer,RI,,roy.ilaga,2021-02-01 16:05:44
1752,9201226,P-2015-166-T2,2021-01-25,0000503207,50,,,2021-03-19,,2021-04-18,Transfer,RI,,roy.ilaga,2021-02-01 16:09:14
1753,9101113,P-2015-149-T2,2021-01-25,0000503228,50,2021-01-25,7/25/2021,2021-03-15,,2021-04-22,Transfer,RI,,roy.ilaga,2021-02-01 16:14:20
1754,9201097,P-2015-177-T2,2021-01-25,0000503227,50,,,2021-03-17,,2021-04-12,Transfer,RI,,roy.ilaga,2021-02-03 08:22:29
1755,9101108,P-2015-173-T2,2021-01-25,0000503225,50,,,2021-03-15,,2021-04-12,Transfer,RI,,roy.ilaga,2021-02-03 08:28:26
1756,9101246,P-2015-172-T2,2021-01-25,0000503224,50,2021-01-25,7/25/2021,2021-03-17,,2021-04-11,Transfer,RI,,roy.ilaga,2021-02-03 08:31:52
1757,9101225,P-2015-171-T2,2021-01-25,0000503223,50,,,2021-03-15,,2021-04-12,Transfer,RI,,roy.ilaga,2021-02-03 08:34:56
1758,9101238,P-2015-169-T2,2021-01-25,0000503221,50,2021-01-25,7/25/2021,2021-03-17,,2021-04-11,Transfer,RI,,roy.ilaga,2021-02-03 08:39:33
1759,9100235,P-2015-168-T2,2021-01-25,0000503220,50,2021-01-25,7/25/2021,2021-03-15,,2021-04-11,Transfer,RI,,roy.ilaga,2021-02-03 08:41:25
1760,9101255,P-2015-167-T2,2021-01-25,0000503219,50,2021-01-25,7/25/2021,2021-03-17,,2021-04-12,Transfer,RI,,roy.ilaga,2021-02-03 08:43:31
1761,9101101,P-2015-165-T2,2021-01-25,0000503218,50,2021-01-25,7/25/2021,2021-03-15,,2021-04-11,Transfer,RI,,roy.ilaga,2021-02-03 08:45:21
1762,9101237,P-2015-162-T2,2021-01-25,0000503215,50,2021-01-25,7/25/2021,2021-03-17,,2021-04-18,Transfer,RI,,roy.ilaga,2021-02-03 09:01:18
1763,9101236,P-2015-158-T2,2021-01-25,0000503214,50,2021-01-25,7/25/2021,2021-03-17,,2021-04-22,Transfer,RI,,roy.ilaga,2021-02-03 09:03:23
1764,9201233,P-2015-159-T2,2021-01-25,0000503212,50,2021-01-25,7/25/2021,2021-03-19,,2021-04-08,Transfer,RI,,roy.ilaga,2021-02-03 09:05:22
1765,9101119,P-2015-156-T2,2021-01-25,0000503211,50,2021-01-25,7/25/2021,2021-03-15,,2021-04-22,Transfer,RI,,roy.ilaga,2021-02-03 09:06:42
1766,9201117,P-2015-155-T2,2021-01-25,0000503210,50,2021-01-25,7/25/2021,2021-03-19,,2021-04-11,Transfer,RI,,roy.ilaga,2021-02-03 09:08:39
1767,9201224,P-2015-153-T2,2021-01-25,0000503208,50,2021-01-25,7/25/2021,2021-03-19,,2021-04-07,Transfer,RI,,roy.ilaga,2021-02-03 09:10:08
1768,9201102,P-2015-146-T2,2021-02-02,0000503226,50,2021-02-02,8/2/2021,2021-03-19,,2021-04-22,Renewal,RI,,roy.ilaga,2021-02-12 07:19:08
1769,9200862,P-2015-145-T2,2021-02-02,0000503216,50,2021-02-02,8/2/2021,2021-03-17,,2021-04-08,Transfer,RI,renewal application received prior to the transfer application/RI,roy.ilaga,2021-02-12 07:21:11
1770,9708135,P-2015-176-T2,2021-02-02,0000503209,50,2021-02-02,8/2/2021,2021-03-19,,2021-04-11,Transfer,RI,renewal application received prior to the transfer application/RI,roy.ilaga,2021-02-12 07:22:33
1771,9501125,P-2015-160-T2,2021-02-02,0000503213,50,,,2021-03-19,,2021-04-22,Transfer,RI,renewal application received prior to the transfer application/RI,roy.ilaga,2021-02-12 07:23:44
1772,9701131,P-2015-164-T2,2021-02-02,0000503217,50,2021-02-02,,2021-03-19,,2021-04-07,Transfer,RI,renewal application received prior to the transfer application/RI,roy.ilaga,2021-02-12 07:24:56
1773,9707808,P-2016-341-R1,2021-02-10,502282,100,2021-02-10,8/10/2021,2021-08-19,,2026-08-10,Renewal,RI,,roy.ilaga,2021-02-12 08:15:06
1774,9707824,P-2016-340-R1,2021-02-10,502283,100,2021-02-10,8/10/2021,2021-08-19,,2026-08-10,Renewal,RI,,roy.ilaga,2021-02-12 08:16:56
1775,9100832,P-2016-276-R1,2021-02-10,17912,100,2021-03-02,9/2/2021,2021-09-01,,2026-08-12,Renewal,RI,"wrong form and permit fee; to revise and resubmit correct fee/RI     3/2/2021 - received revised form and correct permit fee, to return check #17873 ($300)/RI",roy.ilaga,2021-02-12 08:20:02
1776,9701885,P-2016-313-R1,2021-02-10,17798,100,2021-02-10,8/10/2021,2021-09-02,,2026-08-16,Renewal,RI,,roy.ilaga,2021-02-12 08:24:04
1777,9601644,P-2016-309-R1,2021-02-10,17795,100,2021-02-10,8/10/2021,2021-09-02,,2026-08-16,Renewal,RI,,roy.ilaga,2021-02-12 08:25:48
1778,9707329,P-2016-315-R1,2021-02-10,17797,100,2021-02-10,8/10/2021,2021-09-02,,2026-08-22,Renewal,RI,,roy.ilaga,2021-02-12 08:28:28
1779,9601648,P-2016-314-R1,2021-02-10,17796,100,2021-02-10,8/10/2021,2021-08-10,,2026-08-10,Renewal,RI,,roy.ilaga,2021-02-12 08:33:33
1780,9702492,P-2016-310-R1,2021-02-10,17799,100,2021-02-10,8/10/2021,2021-09-01,,2026-08-12,Renewal,RI,,roy.ilaga,2021-02-12 08:37:01
1781,9100810,P-2016-308-R1,2021-02-10,17794,100,2021-02-10,8/10/2021,2021-09-01,,2026-08-12,Renewal,RI,,roy.ilaga,2021-02-12 08:41:24
1782,9201124,P-2016-025-R1,2021-01-14,1823,100,2021-01-14,7/1/2021,2021-04-01,,2026-04-26,Renewal,RI,,roy.ilaga,2021-02-12 11:47:44
1783,9501594,P-2016-299-R1,2021-01-21,17769,100,2021-01-21,7/21/2021,2021-07-12,,2026-07-08,Renewal,RI,,roy.ilaga,2021-02-12 11:52:01
1784,9502466,P-2016-298-R1,2021-01-21,17771,100,2021-01-21,7/21/2021,2021-07-12,,2026-07-08,Renewal,RI,,roy.ilaga,2021-02-12 11:53:28
1785,9501890,P-2016-297-R1,2021-01-21,17770,100,2021-01-21,7/21/2021,2021-07-12,,2026-07-08,Renewal,RI,,roy.ilaga,2021-02-12 11:54:49
1786,9500370,P-2016-312-R1 not applicable,2021-01-20,27084,100,,,,,,Renewal,RI,"Permit fee missing; check issued by EnviroServices & Training Center LLC     7/30/2021- per Richard Stook, both 6K tanks were both removed early July 2021; closure report and Form 1 being prepared./RI       9/8/2021 - permit was not renewed./RI",roy.ilaga,2021-02-12 11:57:42
1787,9100189,P-2016-271-R1,2021-01-29,000226,100,2021-01-29,,2021-07-20,,2026-07-11,Renewal,RI,missing fee;    3/24/2021 - received check #000226/RI,roy.ilaga,2021-02-12 12:04:25
1788,9102406,P-2016-373-R1,2021-02-01,1460,100,2021-02-01,,2021-09-01,,2026-08-12,Renewal,RI,,roy.ilaga,2021-02-12 12:09:26
1789,9702798,P-2016-021-R1,2021-02-01,4825,100,2021-05-03,11/3/2021,2021-05-28,,2026-06-08,Renewal,RI,,roy.ilaga,2021-02-12 12:11:09
1790,9707104,P-2016-322-R1,2021-02-01,1151242306,100,2021-06-22,12/22/2021,2021-07-16,,2026-07-13,Renewal,RI,,roy.ilaga,2021-02-12 12:13:53
1791,9707566,P-2016-321-R1,2021-02-01,1151242444,100,2021-06-22,12/22/2021,2021-07-16,,2026-07-13,Renewal,RI,,roy.ilaga,2021-02-12 12:15:37
1792,9701714,P-2016-306-R1,2021-02-12,000036200,100,2021-02-12,8/12/2021,2021-07-16,,2026-07-13,Renewal,RI,check shared with 9-501717,roy.ilaga,2021-02-12 15:57:19
1793,9501717,P-2016-304-R1,2021-02-12,0000362200,100,2021-02-12,8/12/2021,2021-07-16,,2026-07-13,Renewal,RI,check shared with 9-701717,roy.ilaga,2021-02-12 16:04:11
1794,9201455,P-2016-374-T1,2021-02-22,201,50,2021-02-22,8/22/2021,2021-03-05,,2021-08-16,Transfer,RI,application came with renewal app,roy.ilaga,2021-02-24 11:09:26
1795,9201455,P-2016-374-T1-R1,2021-02-22,202,100,2021-02-22,8/22/2021,2021-09-02,,2026-08-16,Renewal,RI,application came with transfer app.,roy.ilaga,2021-02-24 11:10:49
1796,9502183,P-2016-003-R1,2021-02-22,116227,100,2021-02-22,8/22/2021,2021-05-06,,2026-05-09,Renewal,RI,check # 116227 ($500) shared with 5 facilities,roy.ilaga,2021-02-24 12:07:42
1797,9707245,P-2016-005-R1,2021-02-22,116227,100,2021-04-09,10/9/2021,2021-05-06,,2026-05-09,Renewal,RI,check # 116227 ($500) shared with 5 facilities,roy.ilaga,2021-02-24 12:09:09
1798,9500423,P-2016-006-R1,2021-02-22,116227,100,2021-04-09,10/9/2021,2021-05-06,,2026-05-09,Renewal,RI,check # 116227 ($500) shared with 5 facilities,roy.ilaga,2021-02-24 12:10:08
1799,9500223,P-2016-004-R1,2021-02-22,116227,100,2021-04-09,10/9/2021,2021-05-06,,2026-05-09,Renewal,RI,check # 116227 ($500) shared with 5 facilities,roy.ilaga,2021-02-24 12:11:06
1800,9500376,P-2016-007-R1,2021-02-22,116227,100,2021-04-12,10/12/2021,2021-05-06,,2026-05-09,Renewal,RI,check # 116227 ($500) shared with 5 facilities,roy.ilaga,2021-02-24 12:12:16
1801,9707414,P-2016-368-R1,2021-02-22,1342,100,2021-07-26,1/26/2022,2021-09-01,,2026-08-12,Renewal,RI,,roy.ilaga,2021-02-24 12:14:07
1802,9101676,P-2016-376-R1,2021-02-18,27175,100,2021-02-18,,2021-09-02,,2026-08-29,Renewal,RI,"missing permit fee, check found on 4/23/2021/RI",roy.ilaga,2021-02-24 12:15:18
1803,9502423,P-2016-185-R1,2021-02-11,5955,100,2021-02-11,8/11/2021,2021-07-07,,2026-07-06,Renewal,RI,,roy.ilaga,2021-02-24 12:22:19
1804,9707328,P-2016-303-R1,2021-01-25,0110253339,100,2021-01-25,7/25/2021,2021-07-07,,2026-07-06,Renewal,RI,,roy.ilaga,2021-02-24 12:23:17
1805,9600561,P-2016-302-R1,2021-01-25,01102553338,100,2021-01-25,7/25/2021,2021-07-20,,2026-07-06,Renewal,RI,,roy.ilaga,2021-02-24 12:24:59
1806,9603019,P-2016-113-R1,2021-02-12,1009,100,2021-06-18,12/18/2021,2021-08-06,,2026-07-22,Renewal,RI,,roy.ilaga,2021-02-24 12:25:57
1807,9101822,P-2016-188-M2,2021-07-14,21914,200,2021-07-14,1/14/2022,2021-07-16,,2021-07-18,Modification,RI,Permit modification will be issued together with the renewed permit. Permit modification 2 (M2) was issued to reflect just one tank being operated.,roy.ilaga,2021-02-26 13:34:37
1808,9201025,P-2016-045-R1,2021-01-14,0247954,100,2021-01-14,7/14/2021,2021-07-22,,2026-07-15,Renewal,RI,,roy.ilaga,2021-03-01 07:23:24
1809,9601019,P-2016-041-R1,2021-01-14,0009092,100,2021-01-17,,2021-07-29,,2026-07-18,Renewal,RI,,roy.ilaga,2021-03-01 07:24:25
1810,9601320,P-2016-040-R1,2021-01-14,0247955,100,2021-01-14,7/14/2021,2021-07-29,,2026-07-18,Renewal,RI,,roy.ilaga,2021-03-01 07:25:12
1811,9701784,P-2016-042-R1,2021-01-14,0009091,100,2021-01-14,,2021-07-22,,2026-07-15,Renewal,RI,,roy.ilaga,2021-03-01 07:25:59
1812,9100316,P-2016-049-R1,2021-01-14,0247956,100,2021-01-14,7/14/2021,2021-07-22,,2026-07-15,Renewal,RI,,roy.ilaga,2021-03-01 07:26:49
1813,9101017,P-2016-046-R1,2021-01-14,0247957,100,2021-01-14,7/14/2021,2021-07-22,,2026-07-15,Renewal,RI,,roy.ilaga,2021-03-01 07:27:31
1814,9501006,P-2016-038-R1,2021-01-14,0247958,100,2021-01-14,7/14/2021,2021-07-22,,2026-07-15,Renewal,RI,,roy.ilaga,2021-03-01 07:28:18
1815,9501005,P-2016-037-R1,2021-01-14,0009093,100,2021-01-14,7/14/2021,2021-07-22,,2026-07-15,Renewal,RI,,roy.ilaga,2021-03-01 07:29:02
1816,9201016,P-2016-047-R1,2021-01-14,0247959,100,2021-01-14,7/14/2021,2021-07-22,,2026-07-15,Renewal,RI,,roy.ilaga,2021-03-01 07:30:06
1817,9700444,P-2016-036-R1,2021-01-14,0247960,100,2021-01-14,7/14/2021,2021-07-22,,2026-07-15,Renewal,RI,,roy.ilaga,2021-03-01 07:30:50
1818,9707593,P-2016-035-R1,2021-01-14,0247961,100,2021-01-14,7/14/2021,2021-07-23,,2026-07-15,Renewal,RI,,roy.ilaga,2021-03-01 07:31:39
1819,9200315,P-2016-033-M1-R1,2021-01-14,0247962,100,2021-01-14,7/14/2021,2021-07-23,,2026-07-15,Renewal,RI,,roy.ilaga,2021-03-01 07:32:25
1820,9202796,P-2016-034-R1,2021-01-14,0247963,100,2021-01-14,7/14/2021,2021-07-23,,2026-07-15,Renewal,RI,,roy.ilaga,2021-03-01 07:33:14
1821,9202938,P-2016-032-R1,2021-01-14,0009095,100,2021-01-14,7/14/2021,2021-07-23,,2026-07-15,Renewal,RI,,roy.ilaga,2021-03-01 07:34:01
1822,9707803,P-2006-004-R3,2021-01-14,0248055,100,2021-01-14,7/14/2021,2021-09-03,,2026-08-14,Renewal,RI,,roy.ilaga,2021-03-01 07:35:21
1823,9701695,P-2016-043-R1,2021-01-14,0009169,100,2021-01-14,7/14/2021,2021-07-26,,2026-07-15,Renewal,RI,,roy.ilaga,2021-03-01 07:36:08
1824,9201458,P-2016-044-M1-R1,2021-01-14,0009094,100,2021-01-14,7/14/2021,2021-07-26,,2026-07-15,Renewal,RI,,roy.ilaga,2021-03-01 07:39:27
1825,9201865,P-2015-099-M1-R1,2021-01-21,0008270,100,,,2021-05-07,,2026-03-07,Renewal,0008270,,roy.ilaga,2021-03-01 07:40:16
1826,9101725,P-2015-100-M1-R1,2021-01-14,0246972,100,2021-01-14,7/14/2021,2021-05-07,,2026-03-11,Renewal,RI,,roy.ilaga,2021-03-01 07:43:20
1827,9707493,P-2016-197-T2-R1,2021-01-13,00000074891,100,2021-01-13,7/12/2021,2021-09-02,,2026-07-22,Renewal,RI,,roy.ilaga,2021-03-01 08:21:55
1828,9707215,P-2016-261-T1-M1-R1,2021-01-13,00000074890,100,2021-06-21,12/21/2021,2021-08-13,,2026-07-22,Renewal,RI,,roy.ilaga,2021-03-01 08:26:08
1829,9700618,P-2016-259-T1-R1,2021-01-13,00000074889,100,2021-01-13,7/13/2021,2021-08-13,,2026-07-22,Renewal,RI,,roy.ilaga,2021-03-01 08:27:19
1830,9707701,P-2016-254-T1-R1,2021-01-13,00000074888,100,2021-01-13,7/13/2021,2021-08-13,,2026-07-22,Renewal,RI,,roy.ilaga,2021-03-01 08:28:40
1831,9500007,P-2016-134-T1-R1,2021-01-13,00000074887,100,2021-01-13,7/13/2021,2021-07-22,,2026-07-14,Renewal,RI,,roy.ilaga,2021-03-01 08:29:55
1832,9601520,P-2016-256-T1-R1,2021-01-13,00000074886,100,2021-01-13,7/13/2021,2021-08-13,,2026-07-22,Renewal,RI,,roy.ilaga,2021-03-01 08:30:52
1833,9601325,P-2016-255-T1-R1,2021-01-13,00000074885,100,2021-01-13,7/13/2021,2021-09-02,,2026-07-22,Renewal,RI,,roy.ilaga,2021-03-01 08:31:51
1834,9600014,P-2016-137-T1-R1,2021-01-13,00000074884,100,2021-01-13,7/13/2021,2021-07-22,,2026-07-14,Renewal,RI,,roy.ilaga,2021-03-01 08:32:46
1835,9600104,P-2016-136-T1-R1,2021-01-13,00000074883,100,2021-01-13,7/13/2021,2021-07-22,,2026-07-14,Renewal,RI,,roy.ilaga,2021-03-01 08:42:13
1836,9600013,P-2016-135-T1-R1,2021-01-13,00000074882,100,2021-01-13,7/13/2021,2021-07-21,,2026-07-14,Renewal,RI,,roy.ilaga,2021-03-01 08:47:50
1837,9600105,P-2016-138-T1-R1,2021-01-13,000000,100,2021-01-13,7/13/2021,2021-07-21,,2026-07-14,Renewal,RI,,roy.ilaga,2021-03-01 08:48:36
1838,9200030,P-2016-130-T1-R1,2021-01-13,00000074880,100,2021-01-13,7/13/2021,2021-07-20,,2026-07-14,Renewal,RI,,roy.ilaga,2021-03-01 08:49:21
1839,9201205,P-2016-095-T1-R1,2021-01-13,00000074879,100,2021-01-13,7/13/2021,2021-07-29,,2026-07-18,Renewal,RI,,roy.ilaga,2021-03-01 08:50:13
1840,9101189,P-2016-062-T1-R1,2021-01-13,00000074878,100,2021-01-13,7/13/2021,2021-07-29,,2026-07-18,Renewal,RI,,roy.ilaga,2021-03-01 08:51:01
1841,9101201,P-2016-097-T1-R1,2021-01-13,00000074877,100,2021-01-13,7/13/2021,2021-07-29,,2026-07-18,Renewal,RI,,roy.ilaga,2021-03-01 08:51:44
1842,9100045,P-2005-006-R3-T1,2021-01-13,00000074876,100,2021-01-13,7/13/2021,2021-08-19,,2026-07-24,Renewal,RI,,roy.ilaga,2021-03-01 08:52:37
1843,9203165,P-2016-183-T1-R1,2021-01-13,00000074875,100,2021-01-13,7/13/2021,2021-07-20,,2026-07-14,Renewal,RI,,roy.ilaga,2021-03-01 08:53:37
1844,9100043,P-2016-123-T1-R1,2021-01-13,00000074874,100,2021-01-13,7/13/2021,2021-07-20,,2026-07-14,Renewal,RI,,roy.ilaga,2021-03-01 08:54:26
1845,9100035,P-2016-182-T1-R1,2021-01-13,00000074872,100,2021-06-21,12/21/2021,2021-07-20,,2026-07-14,Renewal,RI,,roy.ilaga,2021-03-01 08:55:08
1846,9100103,P-2016-096-T1-R1,2021-01-13,00000074873,100,2021-06-21,12/21/2021,2021-07-29,,2026-07-18,Renewal,RI,,roy.ilaga,2021-03-01 08:56:03
1847,9100040,P-2016-129-T1-R1,2021-01-13,00000074871,100,2021-01-13,7/13/2021,2021-07-21,,2026-07-14,Renewal,RI,,roy.ilaga,2021-03-01 08:57:23
1848,9200027,P-2016-098-T1-R1,2021-01-13,00000074870,100,2021-01-13,7/13/2021,2021-07-29,,2026-07-18,Renewal,RI,,roy.ilaga,2021-03-01 08:58:06
1849,9101143,P-2016-131-T1-R1,2021-01-13,00000074869,100,2021-01-13,7/13/2021,2021-07-20,,2026-07-14,Renewal,RI,,roy.ilaga,2021-03-01 08:58:53
1850,9200018,P-2016-063-T1-R1,2021-01-13,00000074868,100,2021-01-13,7/13/2021,2021-07-29,,2026-07-18,Renewal,R1,,roy.ilaga,2021-03-01 08:59:43
1851,9200034,P-2016-132-T1-R1,2021-01-13,00000074867,100,2021-01-13,7/13/2021,2021-07-20,,2026-07-14,Renewal,RI,,roy.ilaga,2021-03-01 09:00:33
1852,9100023,P-2016-258-T1-R1,2021-01-13,00000074866,100,2021-01-13,7/13/2021,2021-08-19,,2026-07-22,Renewal,RI,,roy.ilaga,2021-03-01 09:01:17
1853,9101822,P-2016-188-M1,2021-03-01,20702,200,2021-04-21,10/21/2021,2021-04-30,2021-07-14,2021-07-18,Modification,RI,revised app received onb 4/21/2021,roy.ilaga,2021-03-03 15:42:36
1854,9701643,P-2016-253-T1-R1,2021-02-26,00000075112,100,2021-02-26,8/26/2021,2021-09-01,,2026-08-12,Renewal,RI,,roy.ilaga,2021-03-03 15:44:11
1855,9200033,P-2011-002-R2-T1,2021-02-26,00000075113,100,2021-02-26,8/26/2021,2021-09-02,,2026-08-24,Renewal,RI,,roy.ilaga,2021-03-03 15:46:44
1856,9202796,P-2016-034-R1-M1,2021-03-02,0248292,200,2021-06-04,12/4/2021,2021-08-03,2022-07-07,2026-07-15,Modification,RI,"12/30/2021 - initially received Form 3, needed revisions.     7/7/2022 - received revised Form 3/RI",roy.ilaga,2021-03-03 15:58:38
1857,9101989,P-2016-264-R1,2021-03-01,761198,100,2021-04-26,10/26/2021,2021-06-28,,2026-06-26,Renewal,RI,,roy.ilaga,2021-03-03 16:02:17
1858,9202982,P-2016-263-R1,2021-03-01,761198,100,2021-04-26,10/26/2021,2021-06-30,,2026-06-24,Renewal,RI,,roy.ilaga,2021-03-03 16:03:10
1859,9201677,P-2016-265-R1,2021-03-01,761198,100,2021-04-26,10/26/2021,2021-07-12,,2026-07-11,Renewal,RI,,roy.ilaga,2021-03-03 16:05:35
1860,9200134,P-2016-262-R1,2021-03-01,761198,100,2021-04-26,10/26/2021,2021-06-28,,2026-06-24,Renewal,RI,,roy.ilaga,2021-03-03 16:06:32
1861,9707412,P-2016-375-T1-R1 not applicable,2021-03-08,4566,100,,,,,,Renewal,RI,"too early to process;wrong application form      3/25/2021 - per Robert Ueoka's email, tank is already removed and will no longer seek permit renewal; to return check #4566",roy.ilaga,2021-03-12 08:57:22
1862,9202656,P-2016-181-T1-R1,2021-03-09,4567,100,2021-07-28,1/28/2022,2021-09-03,,2026-08-16,Renewal,RI,wrong application form,roy.ilaga,2021-03-12 08:58:51
1863,9103084,P-2016-301-R1,2021-03-08,41507529,100,2021-03-08,9/8/2021,2021-09-03,,2026-08-29,Renewal,RI,,roy.ilaga,2021-03-12 08:59:39
1864,9707968,P-2015-131-R1,2021-03-05,45217,100,2021-03-12,9/12/2021,2021-04-20,,2026-04-19,Renewal,RI,late application; current permit expired,roy.ilaga,2021-03-12 13:56:23
1868,9101211,P-2016-189-R1,2021-03-16,20598,100,2021-03-16,9/16/2021,2021-06-22,,2026-06-22,Renewal,RI,,roy.ilaga,2021-03-17 07:18:36
1869,9201024,P-2015-113-R1-M1,2021-03-16,009321,200,2021-06-04,12/4/2021,2021-08-03,2023-06-16,2026-03-07,Modification,RI,,roy.ilaga,2021-03-17 14:36:37
1870,9707599,P-2000-015-R4,2021-03-17,080976,100,2021-03-17,9/17/2021,2021-04-20,,2026-04-19,Renewal,RI,,roy.ilaga,2021-03-17 15:48:45
1873,9707071,P-2016-069-R1,2021-03-17,080962,100,2021-03-17,9/17/2021,2021-04-21,,2026-04-26,Renewal,RI,renewal application received late,roy.ilaga,2021-03-17 15:57:22
1874,9102498,P-2015-182-R1,2021-03-17,080961,100,2021-03-17,9/17/2021,2021-04-07,,2026-04-07,Renewal,RI,renewal app received late,roy.ilaga,2021-03-17 16:05:51
1875,9102514,P-2015-130-R1,2021-03-23,32346,100,2021-03-23,9/23/2021,2020-04-21,,2026-04-26,Renewal,RI,,roy.ilaga,2021-03-24 07:05:01
1876,9200243,P-2016-195-R1,2021-03-25,011758384,100,2021-03-25,9/25/2021,2021-07-07,,2026-07-06,Renewal,RI,check #011758384 shared with 9-200130,roy.ilaga,2021-03-29 12:18:04
1877,9200130,P-2016-194-R1,2021-03-25,011758384,100,2021-03-25,9/25/2021,2021-07-12,,2026-07-11,Renewal,RI,check# 011758384 shared with 9-200243,roy.ilaga,2021-03-29 13:23:36
1878,9707798,P-2016-186-R1,2021-03-29,11312485,100,2021-03-29,9/29/2021,2021-07-07,,2026-07-06,Renewal,RI,FC issued during the 5/29/2024 inspection/RI,roy.ilaga,2021-03-29 15:23:59
1879,9200513,P-2016-066-R1,2021-03-31,3323825560,300,2021-05-03,11/3/2021,2021-06-23,,2026-06-23,Renewal,RI,"wrong form and permit fee, advised O/O to revise the app and reissue a new check.",roy.ilaga,2021-04-05 15:53:28
1880,9202072,P-2016-379-R1,2021-03-30,Vocher  DT10039632,100,2021-03-30,,2021-10-01,,2026-10-07,Renewal,RI,permit fee to arrie separately.,roy.ilaga,2021-04-05 16:02:05
1881,9101443,P-2016-295-R1,2021-03-29,JV,100,2021-03-29,,2021-07-16,,2026-07-11,Renewal,RI,,roy.ilaga,2021-04-05 16:11:22
1882,9601612,P-2016-326-R1,2021-04-05,10108673,100,2021-04-05,10/5/2021,2021-08-06,,2026-07-22,Renewal,RI,,roy.ilaga,2021-04-07 08:06:10
1883,9707333,P-2016-245-R1,2021-04-05,98473,100,2021-04-05,10/5/2021,2021-07-12,,2026-07-08,Renewal,RI,,roy.ilaga,2021-04-07 08:15:28
1884,9707572,P-2015-183-R1,2021-04-12,1265,100,2021-04-12,10/12/2021,2021-05-07,,2026-05-06,Renewal,RI,current permit expired,roy.ilaga,2021-04-14 13:59:12
1885,9201864,P-2014-032-R1-M1,2021-04-15,0009487,200,2021-06-04,12/4/2021,2021-08-03,2023-07-19,2024-09-26,Modification,RI,,roy.ilaga,2021-04-19 09:40:15
1886,9707173,P-2016-347-T1,2021-04-12,1013,50,2021-04-12,10/12/2021,2021-05-07,,2021-08-05,Transfer,RI,new owner/operator is now First Presbyterian Church,roy.ilaga,2021-04-19 15:43:13
1887,9707173,P-2016-347-T1-R1,2021-04-12,1012,100,2021-04-12,10/12/2021,2021-08-10,,2026-08-05,Renewal,RI,,roy.ilaga,2021-04-19 15:44:06
1888,9601138,P-2006-008-R3,2021-04-16,23624,100,2021-04-16,10/16/2021,2021-11-02,,2026-11-03,Renewal,RI,,roy.ilaga,2021-04-19 15:55:10
1889,9100901,P-2006-005-R3-M1,2021-04-19,00216868,100,2021-04-27,10/27/2021,2021-09-03,,2026-08-14,Renewal,RI,permit fee missing; revision needed.,roy.ilaga,2021-04-21 10:28:35
1890,9102200,P-2016-068-R1,2021-04-19,21889,100,2021-04-19,10/19/2021,2021-06-23,,2026-06-23,Renewal,RI,,roy.ilaga,2021-04-21 10:46:11
1891,9201467,P-2016-067-R1,2021-04-19,21888,100,2021-04-19,10/19/2021,2021-06-23,,2026-06-23,Renewal,RI,,roy.ilaga,2021-04-21 10:53:07
1893,9707442,P-2016-215-R1,2021-04-27,00216869,100,2021-04-27,10/27/2021,2021-07-29,,2026-07-18,Renewal,RI,,roy.ilaga,2021-04-28 11:24:46
1894,9701796,P-2016-202-T2-M3-R1,2021-04-27,00000074892,100,2021-04-29,10/29/2021,2021-08-05,,2026-07-22,Renewal,RI,,roy.ilaga,2021-04-28 12:06:40
1895,9200111,P-2016-204-R1,2021-01-04,011756547,100,2021-02-19,8/19/2021,2021-07-06,,2026-07-06,Renewal,RI,,roy.ilaga,2021-04-28 14:29:45
1896,9201871,P-2016-203-R1,2021-01-04,011756547,100,2021-02-19,8/19/2021,2021-07-06,,2026-07-06,Renewal,RI,,roy.ilaga,2021-04-28 14:33:33
1897,9200113,P-2016-208-R1,2021-01-04,011756547,100,2021-02-19,8/19/2021,2022-07-07,,2026-07-06,Renewal,RI,,roy.ilaga,2021-04-28 14:35:02
1898,9200112,P-2016-207-R1,2021-01-04,011756547,100,2021-02-19,8/19/2021,2021-07-06,,2026-07-06,Renewal,,,roy.ilaga,2021-04-28 14:37:39
1899,9200123,P-2016-209-R1,2021-01-04,011756547,100,2021-02-19,8/19/2021,2021-07-06,,2026-07-06,Renewal,,,roy.ilaga,2021-04-28 14:39:33
1900,9101235,P-2015-184-R1,2021-05-12,1268,100,2021-05-12,11/12/2021,2021-05-20,,2026-05-19,Renewal,RI,current permit expired.,roy.ilaga,2021-05-17 08:29:37
1901,9701243,P-2016-238-R1,2021-05-04,45158,100,2021-05-04,11/4/2021,2021-06-22,,2026-06-22,Renewal,RI,,roy.ilaga,2021-05-17 16:01:53
1902,9707707,P-2016-289-R1,2021-05-17,121,100,2021-05-17,11/17/2021,2021-07-07,,2026-07-06,Renewal,RI,Late renewal application,roy.ilaga,2021-05-19 14:03:21
1903,9200129,P-2016-266-R1,2021-05-21,011763049,100,2021-05-21,11/21/2021,2021-06-28,,2026-06-24,Renewal,RI,check #011763049 shared among 4 facilities,roy.ilaga,2021-05-24 13:56:45
1904,9200126,P-2016-268-R1,2021-05-21,011763049,100,2021-05-21,11/21/2021,2021-06-28,,2026-06-24,Renewal,RI,check #011763049 shared among 4 facilities,roy.ilaga,2021-05-24 14:05:12
1905,9200131,P-2016-270-R1,2021-05-21,011763049,100,2021-05-21,11/21/2021,2021-07-12,,2026-07-08,Renewal,RI,check #011763049 shared among 4 facilities,roy.ilaga,2021-05-24 14:07:15
1906,9200125,P-2016-269-R1,2021-05-21,011763049,100,2021-05-21,11/21/2021,2021-07-12,,2026-07-11,Renewal,RI,check #011763049 shared among 4 facilities,roy.ilaga,2021-05-24 14:18:41
1907,9100939,P-2016-354-R1,2021-05-24,11283,100,2021-06-21,,2021-09-03,,2026-08-16,Renewal,RI,,roy.ilaga,2021-05-26 14:09:05
1908,9502566,P-2016-127-R1,2021-05-24,20158,100,2021-05-24,11/24/2021,2021-08-05,,2026-07-18,Renewal,RI,,roy.ilaga,2021-05-26 14:10:18
1909,9707393,P-2016-344-R1,2021-06-01,1034,100,2021-06-18,12/18/2021,2021-08-25,,2026-08-12,Renewal,RI,,roy.ilaga,2021-06-02 10:35:45
1910,9600012,P-2016-364-T2,2021-06-08,2939,50,2021-06-08,12/8/2021,2021-06-17,,2021-08-12,Transfer,RI,,roy.ilaga,2021-06-09 11:17:50
1911,9100264,P-2016-355-M1-R1,2021-06-14,5373,100,2021-06-21,12/21/2021,2021-09-27,,2026-08-12,Renewal,RI,must modify permit before renewal due to tank removal in 2018.,roy.ilaga,2021-06-16 09:31:56
1912,9707806,P-2016-380-R1,2021-06-14,EFT,100,2021-07-07,1/7/2022,2022-03-10,,2027-04-03,Renewal,RI,Permit fee did not come with the application      7/7/2021 - rec'd EFT info/RI,roy.ilaga,2021-06-16 09:44:52
1913,9707297,P-2016-001-R1,2021-06-14,023864,100,2021-06-14,12/14/2021,2021-09-15,,2026-09-14,Renewal,RI,current permit expired 4/12/2021,roy.ilaga,2021-06-16 10:02:44
1914,9500675,P-2015-143-R1,2021-06-14,023865,100,2022-04-11,10/11/2022,2022-04-29,,2027-04-28,Renewal,RI,,roy.ilaga,2021-06-16 10:15:24
1915,9707439,P-2016-022-R1,2021-06-22,20056305,100,2021-06-22,12/22/2021,2021-06-23,,2026-06-23,Renewal,RI,renewal app received late.,roy.ilaga,2021-06-23 11:45:15
1916,9202509,P-2016-282-R1,2021-06-21,134230,100,2021-07-07,11/7/2021,2021-07-08,,2026-07-06,Renewal,RI,permit app received late.,roy.ilaga,2021-06-28 15:05:39
1917,9101379,P-2016-105-R1,2021-07-01,22292,100,2021-07-01,1/1/2022,2021-09-15,,2026-09-14,Renewal,RI,current permit expired on 6/8/2021,roy.ilaga,2021-07-02 14:06:36
1918,9700463,P-2016-090-R1-T1,2021-04-30,EFT,50,,,2021-10-01,,2026-06-07,Transfer,RI,7/7/2021 - EFT info received/RI,roy.ilaga,2021-07-07 08:42:47
1919,9701304,P-2018-005-T1,2021-04-30,EFT,50,2021-07-07,1/7/2022,2021-10-01,,2024-07-15,Transfer,RI,7/7/2021 - EFT info received/RI,roy.ilaga,2021-07-07 08:45:14
1920,9701094,P-2016-092-R1-T1,2021-04-30,EFT,50,2021-07-07,1/7/2022,2021-10-01,,2026-06-23,Transfer,RI,7/7/2021 - EFT info received/RI,roy.ilaga,2021-07-07 08:46:30
1921,9500106,P-2009-010-T3-R2,2021-07-06,46154,50,2021-08-06,2/6/2022,2021-10-01,,2024-11-09,Transfer,RI,,roy.ilaga,2021-07-07 13:02:20
1922,9101232,P-2016-243-R1,2021-07-07,2371,100,2021-07-08,1//8/2022,2021-09-27,,2026-09-26,Renewal,RI,incorrect Form and fee; to return check #2368/RI,roy.ilaga,2021-07-07 13:52:07
1923,9201896,P-2016-242-R1,2021-07-07,2372,100,2021-07-08,1/8/2022,2021-09-27,,2026-07-08,Renewal,RI,Incorrect Form and fee; check # 2369 returned/RI,roy.ilaga,2021-07-07 13:54:41
1924,9201963,P-2016-241-R1,2021-07-07,2374,100,2021-07-08,1/8/2022,2021-09-27,,2026-09-26,Renewal,RI,incorrect form and fee; check #2370 returned/RI,roy.ilaga,2021-07-07 13:57:51
1925,9100264,P-2016-355-M1,2021-07-12,5511,200,2021-07-26,1/26/2022,2021-08-10,,2021-08-12,Modification,RI,,roy.ilaga,2021-07-12 14:54:34
1926,9600012,P-2016-364-T2-R1,2021-07-13,2957,100,2021-07-13,1/13/2022,2021-08-24,,2026-08-12,Renewal,RI,,roy.ilaga,2021-07-14 08:58:38
1927,9100815,P-2016-210-R1,2021-02-19,011756547,100,2021-02-19,8/19/2021,2021-07-06,,2026-07-06,Renewal,RI,check # 011756547 ($600) shared among six facilities,roy.ilaga,2021-07-14 09:22:21
1928,9707976,P-2016-381-R1,2021-07-08,0010064,100,2021-07-14,1/14/2022,2022-03-10,,2027-04-20,Renewal,RI,7/14/2021 - received revision,roy.ilaga,2021-07-14 11:15:22
1929,9707411,P-2016-383-R1,2021-07-08,0009945,100,2021-07-08,1/8/2022,2021-12-09,,2027-01-17,Renewal,RI,,roy.ilaga,2021-07-14 13:00:32
1930,9101822,P-2016-188-M2-R1,2021-07-14,21912,100,2021-07-14,1/14/2022,2021-07-16,,2026-07-18,Renewal,RI,"received a renewal application on 2/25/2021 but due to incorrect information the application and fee were not processed. Check #26174 will be returned. Subsequently, a new completed application and fee were received.",roy.ilaga,2021-07-16 09:00:05
1931,9200020,P-2016-257-T1-M1-R1,2021-07-20,00000075455,100,2021-07-20,1/20/2022,2021-08-23,,2026-07-22,Renewal,RI,,roy.ilaga,2021-07-21 15:37:39
1932,9201192,P-2016-110-T1-M1-R1,2021-07-20,00000075454,100,2021-07-20,1/20/2022,2021-08-23,,2026-07-18,Renewal,RI,,roy.ilaga,2021-07-21 15:48:10
1933,9101028,P-2015-114-M2-R1,2021-07-08,0249252,200,2021-07-08,1/8/2021,2021-09-29,,2026-03-07,Modification,RI,"Modification after the fact to allow Aloha to operate the installed tank, no Form 3 required (Form 3 was for M1 permit)",roy.ilaga,2021-07-26 16:25:04
1934,9602994,P-2016-118-R1,2021-08-06,297397,100,2021-08-11,2/11/2022,2021-09-16,,2026-09-15,Renewal,RI,"incorrect form and fee, check #297016 ; received revision and fee on 8/11/2021-RI",roy.ilaga,2021-08-09 07:23:22
1935,9201721,P-2016-349-T1-R1,2021-05-03,18083,100,2021-05-03,11/3/2021,2021-08-10,,2026-08-05,Renewal,RI,,roy.ilaga,2021-08-09 07:39:02
1936,9707758,P-2006-006-R3,2021-07-19,201400,100,2021-07-19,1/19/2022,2021-12-09,,2027-01-30,Renewal,RI,,roy.ilaga,2021-08-09 12:29:07
1937,9701796,P-2016-202-T2-M4-R1,2021-08-19,00000075302,200,2021-08-19,2/19/2022,2021-10-08,2022-06-17,2026-07-22,Modification,RI,,roy.ilaga,2021-08-25 08:47:40
1938,9102491,P-2015-048-T1-M2-R1,2021-08-16,00000075610,200,2021-08-16,2/16/2022,2021-09-29,2022-03-01,2025-10-14,Modification,RI,"to modify Tank 1 as co-structural using the ""Phoenix system""; UST will be relabeled as 1-CS to reflect this change. Because the host tank will be incorporated as part of the new UST, it is NOT permanently closed.",roy.ilaga,2021-08-25 09:01:12
1939,9707924,P-2012-001-R2,2021-08-16,201497,100,2021-08-16,2/16/2021,2022-01-27,,2027-02-27,Renewal,RI,,roy.ilaga,2021-08-25 09:06:23
1940,9502426,P-2016-107-R1,2021-08-23,297900,100,2021-08-23,2/23/2022,2021-09-16,,2026-09-15,Renewal,RI,current permit expired on 6/20/2021,roy.ilaga,2021-08-25 09:14:28
1941,9707455,P-2016-330-R1,2021-09-01,JG-039,100,2021-10-14,4/14/2022,2021-11-19,,2026-11-18,Renewal,RI,Permit fee to be paid via JV/RI     10/14/2021 - received JV info/RI,roy.ilaga,2021-09-20 09:00:59
1942,9707392,P-2016-249-R1,2021-09-16,30005383,100,2021-09-20,3/20/2022,2021-10-25,,2026-10-24,Renewal,RI,9/20/2021 - received revised p.2/RI,roy.ilaga,2021-09-20 09:15:57
1943,9201102,P-2015-146-T2-R1-M1,2021-09-01,0000503879,200,2021-10-07,4/7/2022,2021-10-25,2022-01-10,2026-04-22,Modification,RI,Permit fee not enclosed with the application/RI     9/24/2021 - received permit fee/RI      2/24/2022 - revised Form 3 received/RI,roy.ilaga,2021-09-20 11:14:37
1944,9601928,P-2016-024-R1,2021-09-17,4386,100,2021-09-22,3/22/2022,2021-10-29,,2026-10-26,Renewal,RI,9/22/2021 - received revised app/RI,roy.ilaga,2021-09-20 11:16:45
1945,9602707,P-2016-360-R1,2021-09-24,4018,100,2021-10-01,4/1/2021,2021-11-02,,2026-11-01,Renewal,RI,,roy.ilaga,2021-09-29 08:45:33
1946,9707754,P-2006-001-R3,2021-09-24,4019,100,2021-10-01,4/1/2021,2021-11-02,,2026-11-01,Renewal,RI,,roy.ilaga,2021-09-29 08:50:27
1947,9707973,P-2016-184-R1,2021-09-30,119587,100,2021-09-30,3/30/2021,2021-10-25,,2026-10-24,Renewal,RI,Check #119587 ($200) shared between 9-603957 and 9-603727,roy.ilaga,2021-10-08 14:13:49
1948,9707505,P-2016-116-R1,2021-09-30,119938,100,2021-09-30,3/30/2021,2021-10-25,,2026-10-24,Renewal,RI,,roy.ilaga,2021-10-08 14:57:56
1949,9707368,P-2016-114-R1,2021-09-30,119939,100,2021-09-30,3/30/2021,2021-11-02,,2026-11-01,Renewal,RI,10/14/2021 - check #120057 returned to sender due to overpayment/RI,roy.ilaga,2021-10-08 15:04:04
1950,9601650,P-2016-247-R1,2021-10-04,5176829,100,2021-11-23,5/23/2021,2021-12-20,,2026-12-01,Renewal,RI,,roy.ilaga,2021-10-08 15:08:12
1951,9707923,P-2013-025-R1,2021-10-04,30499,100,2021-10-04,4/4/2022,2021-10-29,,2026-10-26,Renewal,RI,,roy.ilaga,2021-10-11 08:54:30
1952,9101035,P-2016-124-R1,2021-10-01,68888,100,2021-12-27,6/27/2022,2022-01-31,,2027-01-30,Renewal,RI,check was received on 12/27/2021,roy.ilaga,2021-10-11 09:05:48
1953,9500665,P-2016-324-R1,2021-10-01,64199,100,2021-10-28,4/28/2022,2021-12-02,,2026-12-01,Renewal,RI,,roy.ilaga,2021-10-11 09:30:48
1954,9700058,P-2016-327-R1,2021-10-01,10137475,100,2021-10-28,4/28/2022,2021-12-02,,2026-12-01,Renewal,RI,Check #10137475 ($200) shared with 9-601613,roy.ilaga,2021-10-11 09:39:49
1955,9602753,P-2013-013-T1-R1,2021-10-14,120056,100,2021-10-21,4/21/2022,2021-11-19,,2026-11-16,Renewal,RI,10/21/2021 - received revised app/RI,roy.ilaga,2021-10-18 09:43:57
1956,9600486,P-2015-124-R1,2021-10-11,0010900,100,2021-10-26,4/26/2022,2021-12-02,,2026-12-01,Renewal,RI,Form 4 incomplete/RI     10/26/2021 - rec'd application form/RI,roy.ilaga,2021-10-25 09:23:20
1957,9707926,P-2012-004-T1-R2,2021-10-26,2426,100,2021-10-26,4/26/2022,2022-04-14,,2027-05-03,Renewal,RI,,roy.ilaga,2021-10-27 11:45:10
1958,9601613,P-2016-334-R1,2021-10-28,10137475,100,2021-10-28,4/28/2022,2021-12-20,,2026-12-01,Renewal,RI,check #10137475 ($200) shared with 9-700058,roy.ilaga,2021-11-03 10:23:53
1959,9707675,P-2002-002-T2-R4,2021-12-02,137/138,100,2021-12-17,6/17/2022,2022-03-10,,2027-04-19,Renewal,RI,Incorrect renewal application form and fee/RI  12/7/2021 - received permit fee and revised app/RI,roy.ilaga,2021-12-03 13:43:36
1960,9600476,P-2015-045-R1,2021-12-02,1729488,100,2021-12-02,6/2/2022,2021-12-09,,2026-12-08,Renewal,RI,current permit expired/RI,roy.ilaga,2021-12-03 14:37:13
1961,9101765,P-2016-337-R1,2021-11-18,0280461362,100,2021-11-18,5/18/2022,2022-01-31,,2027-01-30,Renewal,RI,,roy.ilaga,2022-01-10 15:04:34
1962,9707094,P-2016-277-R1,2022-01-07,27150998872,100,2022-01-07,7/7/2022,2022-01-31,,2027-01-30,Renewal,RI,existing permit expired on 7/6/2021,roy.ilaga,2022-01-13 11:00:31
1963,9101118,P-2015-174-T1-R1-M1,2021-12-20,0000504087,200,2022-01-26,7/26/2022,2022-02-17,2022-12-15,2026-04-11,Modification,RI,to install structural systems (SAS) on all 3 existing USTs,roy.ilaga,2022-01-13 11:07:52
1964,9602994,P-2016-118-R1-M1,2022-01-18,306028,200,2022-01-21,7/21/2022,2022-02-01,,2026-09-15,Modification,RI,"1/21/2022 - revision received, new check (306028) issued; to return check # 305369.",roy.ilaga,2022-01-26 08:55:35
1965,9100733,P-2016-070-T1-R1,2022-02-16,001916,100,2022-02-16,8/16/2022,2022-02-28,,2027-02-27,Renewal,RI,,roy.ilaga,2022-02-18 10:53:16
1966,9708128,P-2022-001,2021-10-12,00000075789,300,2022-04-11,10/11/2022,2022-04-28,,2027-04-27,New,RI,,roy.ilaga,2022-02-18 11:12:14
1967,9708020,P-2022-002,2022-02-16,008232,300,2022-03-23,9/23/2022,2022-05-03,2024-09-09,2027-05-02,New,RI,,roy.ilaga,2022-02-18 11:54:07
1968,9101105,P-2015-175-T1-R1-M1(expired),2022-02-23,0000504245,200,2022-02-23,8/23/2022,2022-04-05,,2026-04-11,Modification,RI,Permit mod expired prior to installtion; secured a new permit mod.,roy.ilaga,2022-02-23 11:11:20
1969,9201233,P-2015-159-T2-R1-M1,2022-02-23,0000504242,200,2022-02-23,8/23/2022,2022-04-06,2022-12-09,2026-04-08,Modification,RI,,roy.ilaga,2022-02-23 11:12:22
1970,9101119,P-2015-156-T2-R1-M1,2022-02-23,0000504241,200,2022-02-23,8/23/2022,2022-04-06,2023-09-19,2026-04-22,Modification,RI,,roy.ilaga,2022-02-23 11:13:10
1971,9101238,P-2015-169-T2-R1-M1 (expired),2022-02-23,0000504244,200,2022-02-23,8/23/2022,2022-04-05,,2026-04-11,Modification,RI,"2/28/2022 - all three (3) 10K Xerxes SW FRP USTs will be converted into co-structural (Phoenix system) tank system.  This Modification was not used within 1 year of issuance. Additionally, a trasfer was issued for th eexsiting tanks prior to tank modification/RI",roy.ilaga,2022-02-23 11:14:09
1972,9600469,P-2016-115-R1,2022-02-14,122102,100,2022-02-14,8/14/2022,2022-03-08,,2027-03-07,Renewal,RI,,roy.ilaga,2022-02-28 11:48:33
1973,9201459,P-2016-350-R1,2022-02-28,45172418,100,2022-04-04,10/4/2022,2022-04-28,,2027-04-27,Renewal,RI,wrong form and permit fee; check #45172181 ($300) to be returned/RI,roy.ilaga,2022-03-07 08:41:56
1974,9201460,P-2016-343-R1,2022-03-17,4560,100,2022-03-17,9/17/2022,2022-03-30,,2027-03-29,Renewal,RI,,roy.ilaga,2022-03-21 13:42:59
1975,9707110,P-2016-246-R1,2022-03-15,0000049105,100,2022-05-02,11/2/2022,2022-05-20,,2027-05-19,Renewal,RI,incomplete application form;returned check #0000047935 ($100)/RI,roy.ilaga,2022-03-28 08:31:48
1976,9200862,P-2015-145-T2-R1-M1 (expired),2022-03-15,00005042243,200,2022-03-15,9/15/2022,2022-06-01,,2026-04-08,Modification,RI,Permit not used due to failure to install within 1 year of permit issuance,roy.ilaga,2022-03-28 08:55:00
1977,9402551,P-2016-213-R1,2022-03-29,516435,100,2022-03-29,9/29/2022,2022-05-31,,2027-05-30,Renewal,RI,,roy.ilaga,2022-03-30 15:48:00
1978,9202544,P-2016-335-R1,2022-03-29,32713,100,2022-03-29,9/29/2022,2022-05-20,,2027-05-19,Renewal,RI,,roy.ilaga,2022-03-30 15:54:12
1979,9400397,P-2015-117-R1-T1,2022-03-31,516436,50,2022-04-29,10/29/2022,2022-05-27,,2026-01-26,Transfer,RI,,roy.ilaga,2022-04-06 08:33:36
1980,9600568,P-2015-029-R1-T1,2022-03-24,2024,50,2022-05-31,11/31/2022,2022-06-27,,2025-06-09,Transfer,RI,,roy.ilaga,2022-04-06 09:16:22
1981,9600561,P-2016-302-R1-T1,2022-03-24,2025,50,2022-05-31,11/31/2022,2021-06-27,,2026-07-06,Transfer,RI,,roy.ilaga,2022-04-06 09:17:44
1982,9101866,P-2012-007-R2-T1,2022-04-19,00000076241,100,2022-04-19,10/19/2022,2022-10-26,,2027-11-05,Renewal,RI,,roy.ilaga,2022-04-20 15:13:35
1983,9707936,P-2012-008-R2-T1,2022-04-19,00000076242,100,2022-04-19,10/19/2022,2022-10-26,,2027-11-29,Renewal,RI,,roy.ilaga,2022-04-20 15:16:53
1984,9100343,P-2015-097-R1-M1,2022-05-13,0012061,200,2022-05-13,11/13/2022,2022-08-12,2023-07-10,2026-03-07,Modification,RI,,roy.ilaga,2022-05-16 10:19:26
1985,9701679,P-2015-112-R1-M1,2022-05-13,0012062,200,2022-05-13,11/13/2022,2022-08-12,2023-03-28,2026-03-07,Modification,RI,,roy.ilaga,2022-05-16 10:22:25
1986,9501128,P-2016-278-R1,2022-05-17,18182,100,2022-06-01,12/1/2022,2022-06-16,,2027-06-15,Renewal,RI,,roy.ilaga,2022-06-01 12:04:46
1987,9501245,P-2016-252-R1,2022-05-26,7025,100,2022-05-26,11/26/2022,2022-06-16,,2027-06-15,Renewal,RI,,roy.ilaga,2022-06-01 12:08:46
1988,9200518,P-2016-028-T1-R1,2022-05-31,2026,100,2022-05-31,11/31/2022,2022-09-09,,2027-09-08,Renewal,RI,transfer and renewal were processed simultaneously,roy.ilaga,2022-06-01 14:46:57
1989,9200518,P-2016-028-T2-R1,2022-05-31,2027,50,2022-05-31,11/31/2022,2022-09-09,,2027-09-08,Transfer,RI,transfer and renewal were processed simultaneously,roy.ilaga,2022-06-01 14:47:32
1990,9707328,P-2016-303-R1-T1,2022-05-31,2030,50,2022-05-31,11/31/2022,2022-06-24,,2026-07-09,Transfer,RI,,roy.ilaga,2022-06-01 14:50:15
1991,9500540,P-2016-101-R1-T1,2022-05-31,2029,50,2022-05-31,11/31/2022,2022-06-24,,2026-05-12,Transfer,RI,,roy.ilaga,2022-06-01 14:52:39
1992,9700603,P-2016-102-R1-T1,2022-05-31,2028,50,2022-05-31,11/31/2022,2022-06-24,,2026-05-12,Transfer,RI,,roy.ilaga,2022-06-01 14:53:25
2068,9601137,P-2013-011-R2,2023-05-09,26585,100,2023-05-24,10/24/2023,2023-11-03,,2028-11-12,Renewal,RI,,roy.ilaga,2023-05-10 08:51:15
1993,9201896,P-2016-242-R1-M1 (expired),2022-06-01,2404,200,2022-06-01,12/1/2022,2022-07-20,,2026-07-08,Modification,RI,This permit expired and was not used. O/O applied for a new permit.,roy.ilaga,2022-06-02 15:22:44
1994,9101232,P-2016-243-R1-M1,2022-06-01,2406,200,2022-06-01,12/1/2022,2022-07-21,2023-07-10,2026-09-26,Modification,RI,"to replace existing two (2) 10,000-gallon USTs",roy.ilaga,2022-06-02 15:27:08
1995,9201963,P-2016-241-R1-M1,2022-06-01,2405,200,2022-06-01,12/1/2022,2022-07-20,2023-10-19,2026-09-26,Modification,RI,revised p. 3 received on 2/16/2024,roy.ilaga,2022-06-02 15:27:52
1996,9501899,P-2016-331-R1,2022-06-03,30009961,100,2022-06-03,12/3/2022,2022-06-20,,2027-06-27,Renewal,RI,FC issued during the 5/29/2024 inspection/RI,roy.ilaga,2022-06-13 11:34:49
1997,9707580,P-2016-348-R1,2022-06-13,0897162,100,2022-06-13,12/13/2022,2022-06-20,,2027-06-19,Renewal,RI,,roy.ilaga,2022-06-15 09:13:44
1998,9707414,P-2016-368-R1-T1,2022-06-27,6,50,,,2022-08-11,,2026-08-12,Transfer,RI,"missing permit fee, operator's signature and consent of transfer from the previous O/O.",roy.ilaga,2022-07-05 14:59:06
1999,9101017,P-2016-046-R1-M1,2022-07-08,0252759,200,2022-10-24,4/24/2023,2022-11-08,2023-04-10,2026-07-15,Modification,RI,Incorrerct Permit app and permit fee; to return check #0252057 ($300),roy.ilaga,2022-07-14 07:48:13
2000,9703039,P-2007-007-R3-M1-T2,2022-07-14,00000076406,100,2022-07-14,1/14/2023,2023-01-20,,2028-01-22,Renewal,RI,,roy.ilaga,2022-07-15 14:28:22
2001,9100325,P-2002-005-R4-T2,2022-07-14,00000076407,100,2022-07-14,1/14/2023,2023-01-20,,2028-01-31,Renewal,RI,,roy.ilaga,2022-07-15 14:33:10
2002,9501128,P-2016-278-R1-T1,2022-06-24,163100,50,2022-11-14,5/14/2023,2022-12-12,,2027-06-15,Transfer,RI,"12/8/2022 - effective 12/12/2022, the new O/O will be IES Retail, LLC",roy.ilaga,2022-07-15 14:39:54
2003,9708003,P-2019-001-M1,2022-07-15,1005,200,2022-07-15,1/15/2023,2022-09-22,2023-10-04,2024-07-12,Modification,RI,,roy.ilaga,2022-07-18 07:45:12
2004,9100341,P-2003-001-R4-T2,2022-07-22,00000076405,100,2022-07-22,1/22/2023,2023-01-19,,2028-01-27,Renewal,RI,,roy.ilaga,2022-08-08 08:45:30
2005,9707947,P-2013-004-R2,2022-07-26,0252182,100,2022-08-08,2/8/2023,2023-03-23,,2028-04-19,Renewal,RI,,roy.ilaga,2022-08-08 08:49:50
2006,9707944,P-2013-001-R2,2022-07-26,0252181,100,2022-08-08,2/8/2023,2023-02-22,,2028-03-08,Renewal,RI,,roy.ilaga,2022-08-08 08:57:19
2007,9600477,P-2015-119-R1,2022-08-22,9483,100,2022-08-22,2/22/2023,2022-09-14,,2027-09-13,Renewal,RI,previous permit expired on 4/4/2021,roy.ilaga,2022-08-26 11:52:55
2008,9602206,P-2015-137-T1-R1,2022-08-16,125032,100,2022-08-16,2/16/2023,2022-09-13,,2027-09-12,Renewal,RI,previouspermit expired on 4/12/2023,roy.ilaga,2022-08-26 12:10:46
2009,9707161,P-2016-319-R1,2022-08-15,15571,100,2022-08-15,2/15/2023,2022-09-13,,2027-09-12,Renewal,RI,previous permit expired on 7/13/2021,roy.ilaga,2022-08-26 12:15:56
2010,9707987,P-2017-003-R1,2022-08-08,0100043873,100,2022-10-10,4/10/2023,2023-01-20,,2028-02-08,Renewal,RI,,roy.ilaga,2022-08-26 12:22:05
2011,9708018,P-2022-003,2022-08-22,12360,300,2022-08-22,2/22/2023,2022-09-15,,2027-09-14,Operational,RI,,roy.ilaga,2022-08-26 13:28:23
2012,9202399,P-2024-001,2022-08-15,JV,300,2024-02-21,8/21/2024,2024-03-07,,2024-03-06,Operational,RI,missing permit fee     9/13/2022 - received JV info/RI,roy.ilaga,2022-08-26 13:38:01
2013,9707961,P-2014-042-T1-R1,2022-08-05,8653,100,2022-08-05,2/5/2023,2022-09-27,,2027-09-26,Renewal,RI,transfer and renewal were processed simultaneously,roy.ilaga,2022-08-26 13:46:39
2014,9707942,P-2012-012-R2,2022-09-02,38847,100,2022-09-02,3/2/2023,2022-10-26,,2027-11-05,Renewal,RI,,roy.ilaga,2022-09-06 11:21:13
2015,9707961,P-2014-042-T1,2022-09-09,8654,50,2022-09-09,3/9/2022,2022-09-27,,2027-09-26,Transfer,RI,8/5/2022 - O/O submitted Form 4 instead of Form 5; transfer and renewal were processed simultaneously,roy.ilaga,2022-09-09 14:33:21
2016,9707310,P-2016-108-R1,2022-09-14,12347/12355,100,2022-09-14,3/14/2022,2022-09-22,,2027-09-21,Renewal,RI,2 checks ($100),roy.ilaga,2022-09-15 10:09:10
2017,9101798,P-2016-361-R1,2022-09-30,130,100,2022-09-30,3/30/2023,2022-10-10,,2027-10-09,Renewal,RI,,roy.ilaga,2022-09-30 14:26:00
2018,9201025,P-2016-045-R1-M1(void),2022-10-10,0252672,200,2022-11-07,5/7/2023,2022-12-01,,2026-07-15,Modification,RI,This permit is voided and will be replaced with P-2016-045-R1-M2 per Aloha's application. This permit will expire prior to complete installation of the new UST systems/RI,roy.ilaga,2022-10-11 13:59:46
2019,9201123,P-2015-141-R1,2022-10-10,869,100,2022-11-04,5/4/2023,2022-11-25,,2027-11-24,Renewal,RI,,roy.ilaga,2022-10-11 14:01:16
2020,9200102,P-2008-004-R3-T1,2022-10-04,00000076600,100,2022-11-02,5/2/2022,2023-03-23,,2028-04-25,Renewal,RI,,roy.ilaga,2022-10-11 15:41:44
2021,9202209,P-2015-051-T1-R1-M1,2022-10-10,00000076638,200,2022-11-02,5/2/2023,2022-11-21,,2025-11-06,Modification,RI,,roy.ilaga,2022-10-11 15:47:02
2022,9101000,P-2016-198-R1-M1,2022-10-26,1007,200,2022-10-31,4/30/2023,2022-11-07,2024-11-26,2026-07-20,Modification,RI,check received on 9/27/2022 but no Form 2/RI       10/26/2022 - Form 2 received/RI        10/31/2022-attachments received    11/26/2024 rec form 1 and closure rept dated 8/2/2024  - rk,roy.ilaga,2022-10-12 09:28:01
2023,9707744,P-2016-251-R1,2022-10-05,26739,100,2022-11-17,5/17/2023,2022-11-25,,2027-11-24,Renewal,RI,"Incorrect application Form, missing permit fee.     11/17/2022 - rec'd check",roy.ilaga,2022-10-12 09:51:56
2024,9200531,P-2016-317-R1,2022-10-27,34087,100,2022-11-02,5/2/2023,2022-11-21,,2027-11-20,Renewal,RI,must resubmit application using the revised Form 4,roy.ilaga,2022-10-31 08:34:02
2025,9603019,P-2016-113-R1-T1,2022-11-01,1403,50,2022-11-02,5/2/2023,2022-11-28,,2026-07-22,Transfer,RI,,roy.ilaga,2022-11-02 07:57:00
2026,9600470,P-2016-128-T1-R1,2022-11-09,0500083607,100,2022-11-09,5/9/2023,2022-11-23,,2027-11-22,Renewal,RI,Permit Renewal and Transfer were processed simultaneously; Check # 0500083607 ($150) is for both renewal and transfer fees.,roy.ilaga,2022-11-09 14:07:01
2027,9600470,P-2016-128-T1,2022-11-09,050008307,50,2022-11-09,5/9/2023,2022-11-23,,2027-11-22,Transfer,RI,Permit Renewal and Transfer were processed simultaneously; Check # 0500083607 ($150) is for both renewal and transfer fees.,roy.ilaga,2022-11-09 14:11:10
2028,9101521,P-2013-006-R2,2022-11-14,023710/1538,100,2022-11-25,5/25/2023,2023-05-12,,2028-05-24,Renewal,RI,Incorrect application form and permit fee amount.    Permit fee with check #s 023710 ($50) and 1538 ($50),roy.ilaga,2022-11-16 11:28:54
2029,9707389,P-2016-120-R1,2022-11-28,138539,100,2022-11-28,15/28/2023,2022-12-09,,2027-12-08,Renewal,RI,,roy.ilaga,2022-11-29 15:28:27
2030,9100492,P-2015-010-R1-M1,2022-12-21,0110286905,200,2023-03-28,9/28/2023,2023-04-05,,2025-06-24,Modification,RI,3/28/2023 - to return check #0110291105 due to overpayment,roy.ilaga,2022-12-02 08:51:22
2031,9707927,P-2012-005-R2,2022-12-09,1100571753,100,2023-02-08,8/8/2023,2023-04-05,,2028-04-04,Renewal,RI,"12/14/2022 - used old form, to revise and resubmit/RI      2/8/2023 - received revised app/RI",roy.ilaga,2022-12-14 09:06:41
2032,9707591,P-2017-001-R1,2022-12-12,cash,100,2022-12-12,6/12/2023,2023-05-16,,2028-05-23,Renewal,RI,,roy.ilaga,2022-12-14 09:11:23
2033,9707389,P-2016-120-R1-T1,2022-12-19,002829,50,2023-04-10,10/10/2023,2023-05-03,,2027-12-08,Transfer,RI,,roy.ilaga,2023-01-09 11:55:51
2034,9600472,P-2016-214-R1,2022-12-16,63203,100,2022-12-16,6/16/2023,2023-01-20,,2028-01-28,Renewal,RI,renewal and transfer apps were received simultaneously,roy.ilaga,2023-01-09 11:58:14
2035,9600472,P-2016-214-R1-T1,2022-12-16,63204,50,2022-12-16,6/16/2023,2023-01-20,,2028-01-19,Transfer,RI,renewal and transfer apps were received simultaneously,roy.ilaga,2023-01-09 11:59:29
2036,9707995,P-2018-002-R1,2023-01-27,0000505029,100,2023-02-06,7/27/2023,2023-08-08,,2028-08-21,Renewal,RI,Check nos. 0000505029 ($50) and 0000505101 ($50),roy.ilaga,2023-01-30 09:05:24
2037,9707849,P-2007-005-R3,2023-01-27,203220,100,2023-02-09,8/9/2023,2023-07-13,,2028-07-30,Renewal,RI,2/9/2023 - received revised pages and plot plan/RI,roy.ilaga,2023-01-30 09:06:25
2038,9707207,P-2003-004-M1-R4,2023-01-27,203219,100,2023-02-03,8/3/2023,2023-07-12,,2028-07-30,Renewal,RI,2/3/2023 - received revised page and updated plot plan.,roy.ilaga,2023-01-30 09:07:33
2039,9101099,P-2015-150-T2-RI-M1,2023-01-30,0000505055,200,2023-01-30,7/30/2023,2023-03-06,2023-05-31,2026-04-22,Modification,RI,,roy.ilaga,2023-01-31 08:46:43
2040,9101238,P-2015-169-T3-R1-M2,2023-01-30,0000505052,200,2023-01-30,7/30/2023,2023-05-23,2023-09-19,2026-04-11,Modification,RI,,roy.ilaga,2023-01-31 08:55:08
2041,9101236,P-2015-158-T2-R1-M1,2023-01-30,000505056,200,2023-01-30,7/30/2023,2023-04-20,2023-06-16,2026-04-22,Modification,RI,5/1/2023 will start installing the costructural system.  Tank capacities will be reduced to 9400 gallons.  Work is to start on 5/8-9/2023 - rk,roy.ilaga,2023-01-31 08:58:15
2042,9101105,P-2015-175-T1-R1-M2,2023-01-30,0000505054,200,2023-05-17,11/17/2023,2023-06-06,2023-09-19,2026-04-11,Modification,RI,,roy.ilaga,2023-01-31 09:01:49
2043,9101101,P-2015-165-T2-R1-M1,2023-01-30,0000505053,200,2023-02-01,8/1/223,2023-04-20,2023-08-10,2026-04-11,Modification,RI,"revised pp 5,7 & 9 received on 2/1/2023",roy.ilaga,2023-01-31 09:07:36
2044,9707948,P-2013-008-R2,2023-02-02,127763,100,2023-02-02,8/2/2023,2023-05-12,,2028-05-31,Renewal,RI,,roy.ilaga,2023-02-06 14:00:31
2045,9707950,P-2013-009-R2-T1,2023-02-09,00000076843,100,2023-02-15,8/15/2023,2023-08-03,,2028-08-09,Renewal,RI,2/15/2023 - received revised pp 6&7/RI,roy.ilaga,2023-02-15 13:59:59
2046,9200923,P-2013-003-T2-R2,2023-02-09,00000019769,100,2023-02-21,8/21/2023,2023-08-03,,2028-08-09,Renewal,RI,,roy.ilaga,2023-02-15 14:01:58
2047,9101385,P-2013-007-T2-R2,2023-02-09,00000076844,100,2023-02-21,8/21/2023,2023-08-04,,2028-08-09,Renewal,RI,revised p 6 received on 2/21/2023-RI,roy.ilaga,2023-02-15 14:04:01
2048,9501685,P-2016-125-T1-R1,2023-03-06,1149,100,2023-03-06,9/6/2023,2023-03-21,,2028-03-20,Renewal,RI,Renewal and transfer permit were processed simultaneously,roy.ilaga,2023-03-14 14:44:13
2049,9501685,P-2016-125-T1,2023-03-06,1150,50,2023-03-06,9/6/2023,2023-03-21,,2028-03-20,Transfer,RI,Renewal and transfer permit were processed simultaneously,roy.ilaga,2023-03-14 14:45:42
2050,9101175,P-2014-012-R1-M1,2023-03-20,0013520,200,2023-03-20,9/20/2023,2023-06-07,2024-02-05,2024-10-16,Modification,RI,,roy.ilaga,2023-03-23 10:07:21
2051,9601134,P-2015-128-R1,2023-04-03,1697,100,2023-04-03,10/3/2023,2023-04-11,,2028-04-10,Renewal,RI,,roy.ilaga,2023-04-04 13:57:22
2052,9707861,P-2008-003-T1-R3,2023-03-28,011813010,100,2023-04-10,,2023-05-12,,2028-05-22,Renewal,RI,,roy.ilaga,2023-04-05 14:32:33
2053,9707672,P-2002-001-R4,2023-03-28,011813009,100,2023-04-10,,2023-05-12,,2028-05-11,Renewal,RI,,roy.ilaga,2023-04-05 14:51:26
2054,9601133,P-2015-127-M1,2023-04-13,1699,200,2023-04-13,10/13/2023,2023-05-03,,2028-05-02,Modification,RI,"Permit Modification ""after the fact"" - Facility applied for a permit mod in 2019, however, the 3 year window to obtain UST operation permit for existing UST system, was still in effect. An operation permit was instead issued. The modification of the UST permit occurred during this trnasition hence it is now being issued after the fact. Renewal and modification were processed simultaneously.",roy.ilaga,2023-04-17 13:43:05
2055,9101519,P-2004-001-R4-M1,2023-04-06,0253997,100,2023-05-23,11/23/2023,2024-01-25,,2029-02-19,Renewal,RI,,roy.ilaga,2023-04-17 13:51:46
2056,9707735,P-2004-003-R4,2023-04-06,0253995,100,2023-05-17,11/17/2023,2024-08-20,,2029-05-20,Renewal,RI,,roy.ilaga,2023-04-17 13:57:49
2057,9201183,P-2016-071-R1,2023-04-06,3639,100,2023-05-22,11/22/2023,2023-05-26,,2028-05-25,Renewal,RI,expired permit,roy.ilaga,2023-04-17 14:01:44
2058,9100032,P-2008-007-R3-T1,2023-04-18,00000076975,100,2023-04-18,10/14/2023,2023-09-29,,2028-10-27,Renewal,RI,,roy.ilaga,2023-04-20 10:58:00
2059,9707998,P-2018-003-T1-R1,2023-04-18,00000019878,100,2023-04-28,10/28/2023,2023-09-28,,2028-10-19,Renewal,RI,certification page received on 4/28/2023,roy.ilaga,2023-04-20 11:11:19
2060,9601133,P-2015-127-M1-R1,2023-04-20,1701,100,2023-04-20,10/20/2023,2023-05-03,,2028-05-02,Renewal,RI,renewal and modification were processed simultaneously,roy.ilaga,2023-04-25 15:34:48
2061,9101238,P-2015-169-T3-R1-M1,2023-04-25,0000505286,50,2023-04-27,10/27/2023,2023-05-17,,2026-04-11,Transfer,RI,"previoiusly, a permit mod (M1) was issued but had to transfer the exisiting permit prior to executing the tanks' modification",roy.ilaga,2023-04-26 07:37:05
2062,9201510,P-2016-199-R1-M1,2023-04-25,1009,200,2023-04-25,10/25/2023,2023-06-16,2024-10-23,2026-07-20,Modification,RI,check received on 2/22/2023,roy.ilaga,2023-04-26 07:41:50
2063,9707801,P-2006-003-R3,2023-04-24,00042350/00042358,100,2023-07-24,1/24/2024,2023-09-13,,2028-09-12,Renewal,RI,Incorrect form and permit fee.,roy.ilaga,2023-04-26 09:14:07
2064,9200862,P-2015-145-T2-R1-M2 (voided),2023-04-25,0000505287,200,2023-04-25,10/25/2023,2023-06-22,,2026-04-08,Modification,RI,previous permit mod unused and expired on 6/1/2023.  8/17/2023 - permit to modify is voided; Owner applied to transfer operatorship prior to installation.,roy.ilaga,2023-04-26 09:29:07
2065,9601133,P-2015-127-M1-R1-T1,2023-05-02,51208,50,2023-05-02,11/2/2023,2023-05-18,,2028-05-02,Transfer,RI,check # 51208 ($100) shared with 9-601134,roy.ilaga,2023-05-08 11:45:06
2066,9601134,P-2015-128-R1-T1,2023-05-02,51208,50,2023-05-02,11/2/2023,2023-05-22,,2028-04-10,Transfer,RI,check # 51208 ($100) shared with 9-601133,roy.ilaga,2023-05-08 11:47:09
2067,9708022,P-2023-001(expired),2023-05-09,1197,300,2023-06-21,12/21/2023,2023-07-06,,2028-07-05,New,RI,received re-application; permit expired,roy.ilaga,2023-05-10 08:45:00
2069,9100137,P-2003-002-R4,2023-05-09,011815981,100,2023-05-09,11/9/2023,2023-11-20,,2028-11-26,Renewal,RI,,roy.ilaga,2023-05-10 09:23:37
2070,9301876,P-2016-365-R1,2023-03-22,JV,100,2023-04-06,10/6/2023,2023-06-16,,2028-06-15,Renewal,RI,permit fee paid via JV,roy.ilaga,2023-05-11 08:30:42
2071,9202208,P-2013-010-R2-T1,2023-05-18,00000019910,100,2023-05-18,11/18/2023,2023-11-06,,2028-11-18,Renewal,RI,,roy.ilaga,2023-05-30 08:45:14
2072,9600011,P-2008-006-R3-T1,2023-05-18,00000077006,100,2023-05-18,11/18/2023,2023-11-06,,2028-11-17,Renewal,RI,,roy.ilaga,2023-05-30 08:53:42
2073,9601320,P-2016-040-R1-M1,2023-05-17,0254332,200,2023-05-30,11/30/2023,2023-03-26,2023-12-18,2026-07-18,Modification,RI,5/30/2023 - received revised p8 and additional facility diagram/RI,roy.ilaga,2023-05-30 09:04:21
2074,9201703,P-2013-015-R2-T1,2023-05-30,00000019908,100,2023-06-23,12/23/2023,2023-11-14,,2028-11-25,Renewal,RI,,roy.ilaga,2023-05-31 09:36:38
2075,9100059,P-2013-014-R2-T1,2023-05-30,00000019909,100,2023-06-23,12/23/2023,2023-11-14,,2028-11-25,Renewal,RI,,roy.ilaga,2023-05-31 09:39:18
2076,9707840,P-2007-002-R3,2023-05-30,24144,100,2023-06-16,12/16/2023,2023-11-03,,2028-11-14,Renewal,RI,,roy.ilaga,2023-05-31 09:40:55
2078,9100046,P-2008-008-M1-R3-T1,2023-06-05,00000077041,100,2023-06-05,12/5/2023,2023-12-11,,2028-12-08,Renewal,RI,,roy.ilaga,2023-06-09 09:13:55
2079,9100914,P-2008-009-T2-R3,2023-06-05,00000019944,100,2023-06-26,12/26/2023,2023-12-11,,2028-12-05,Renewal,RI,,roy.ilaga,2023-06-09 09:34:15
2080,9708138,P-2023-002,2023-06-16,0254564,300,2023-06-19,12/19/2023,2023-06-26,2024-08-19,2028-06-25,New,RI,,roy.ilaga,2023-06-19 13:46:56
2081,9202666,P-2008-002-R3,2023-06-16,251406,100,2023-09-06,3/6/2023,2023-11-21,,2028-11-21,Renewal,RI,9/6/2023 - received revised p. 7,roy.ilaga,2023-06-19 14:02:05
2082,9200921,P-2009-001-R3-T1,2023-06-28,00000077056,100,2023-06-28,12/28/2023,2024-01-19,,2029-01-20,Renewal,RI/20,,roy.ilaga,2023-06-30 10:49:00
2083,9200755,P-2014-007-R1,2023-06-30,3760894,100,2023-10-20,4/20/2024,2023-10-26,,2028-10-25,Renewal,RI,revised app received on 10/20/2023,roy.ilaga,2023-07-05 07:32:07
2084,9601715,P-2008-010-T1-R3,2023-07-10,0000373683/0000374600,100,2023-09-07,3/7/2024,2023-12-29,,2029-01-09,Renewal,RI,incorrect form and permit fee      9/7/2023-received completed application and additional $50,roy.ilaga,2023-07-11 12:47:07
2085,9601620,P-2008-011-T1-R3,2023-07-10,0000373684/0000374601,100,2023-09-25,3/25/2024,2024-01-04,,2029-01-09,Renewal,RI,incorrect form and permit fee    9/7/2023-received completed application and additional $50,roy.ilaga,2023-07-11 12:49:32
2086,9602214,P-2013-005-R2,2023-07-10,0000373685/0000374602,100,2023-09-25,3/25/2024,2024-05-16,,2029-05-23,Renewal,RI,incorrect form and permit fee     9/7/2023-received completed application and additional $50,roy.ilaga,2023-07-11 12:51:53
2087,9201939,P-2016-166-R1,2023-07-10,011821319,100,2023-07-10,1/10/2024,2023-08-04,,2028-07-31,Renewal,RI,,roy.ilaga,2023-07-21 07:44:29
2088,9707422,P-2000-005-R4,2023-08-07,1007398,100,2023-08-31,3/2/2024,2023-12-15,,2028-12-17,Renewal,RI,,roy.ilaga,2023-08-15 10:22:02
2089,9201016,P-2016-047-R1-M1,2023-07-27,0254842,200,2023-07-27,3/27/2024,2023-09-12,2024-03-15,2026-07-15,Modification,RI,,roy.ilaga,2023-08-15 10:28:23
2090,9707843,P-2007-003-R3,2023-08-11,00015603,100,2023-11-06,5/6/2024,2023-11-30,,2028-11-29,Renewal,RI,,roy.ilaga,2023-08-15 10:36:01
2091,9201182,P-2016-009-R1,2023-07-24,2006,100,2023-09-05,3/5/2024,2023-09-14,,2028-09-13,Renewal,RI,wrong form and permit fee; complete revised app and correct fee received on 9/5/2023-RI,roy.ilaga,2023-08-15 10:39:29
2092,9600477,P-2015-119-R1-T1,2023-08-01,1204,50,2023-08-31,3/2/2024,2023-09-08,,2027-09-13,Transfer,RI,10/11/2023 DOH sent letter correct the size of the tank on the permit - rk,roy.ilaga,2023-08-15 10:48:14
2093,9201102,P-2015-146-T3-R1-M1,2023-08-17,0000505550,50,2023-08-17,2/17/2024,2023-08-23,,2026-04-22,Transfer,RI,transfer due to change in operator,roy.ilaga,2023-08-17 13:55:26
2094,9200862,P-2015-145-T3-R1-M2,2023-08-17,0000505549,50,2023-08-17,2/17/2024,2023-08-31,,2026-04-08,Transfer,RI,P-2015-145-T2-R1-M2 (voided) replaced with transfer application due to change in operator prior to modification of the UST systems. Owner will reapply for another permit modification to reflect the same O/O,roy.ilaga,2023-08-21 14:34:39
2095,9707075,P-2023-003,2023-08-01,cash,300,2023-08-01,2/1/2024,2023-08-31,2024-06-27,2028-02-28,New,RI,Completed Form 3 received on 07/19/2024.,roy.ilaga,2023-08-23 09:57:56
2096,9101805,P-2023-004,2023-07-20,JV,300,2023-09-06,3/6/2024,2023-09-15,,2028-09-14,Operational,RI,,roy.ilaga,2023-08-24 12:01:36
2097,9200862,P-2015-145-T3-R1-M3,2023-08-23,0000505562,200,2023-08-23,2/23/2024,2023-09-01,,2026-04-08,Modification,RI,,roy.ilaga,2023-08-29 08:01:26
2098,9600351,P-2016-346-R1,2023-08-14,5403,100,2024-05-24,11/24/2024,2024-06-07,,2028-12-06,Renewal,RI,,roy.ilaga,2023-08-31 09:29:05
2099,9201025,P-2016-045-R1-M2,2023-08-21,0254933,200,2023-08-21,2/21/2024,2023-09-13,2024-03-18,2026-07-15,Modification,RI,to replace P-2016-045-R1-M1which is set to expire on 12/1/2023; anticioated installtion of the the new USTs will not be completed before this date/RI,roy.ilaga,2023-08-31 11:40:16
2100,9602641,P-2016-345-R1,2023-08-28,1234085,100,2024-05-24,11/24/2024,2024-06-07,,2029-06-06,Renewal,RI,,roy.ilaga,2023-08-31 12:58:31
2101,9702972,P-2008-005-R3-M1-T2,2023-03-21,00000076845,100,2023-05-30,11/30/2023,2023-08-29,,2028-09-10,Renewal,RI,,roy.ilaga,2023-09-05 08:18:51
2102,9707945,P-2013-002-R2,2023-08-31,230,100,2024-02-29,8/29/2024,2024-03-08,,2029-03-04,Renewal,RI,,roy.ilaga,2023-09-05 13:02:33
2103,9100122,P-2016-290-R1,2023-09-05,011825015,100,2024-07-24,1/24/2025,2024-09-06,,2029-09-05,Renewal,RI,,roy.ilaga,2023-09-07 09:45:56
2105,9601520,P-2016-256-T2-R1,2023-09-12,4442,50,2023-10-11,4/11/2024,2023-12-11,,2026-07-22,Transfer,RI,,roy.ilaga,2023-10-02 15:37:05
2106,9201124,P-2016-025-R1-T1,2023-09-29,0000505640,50,2023-10-10,4/10/2024,2023-10-26,,2026-04-26,Transfer,RI,Transfer effective 11/1/2023,roy.ilaga,2023-10-06 10:04:30
2107,9707880,P-2009-004-R3,2023-10-19,EFT,100,2024-01-22,7/22/2024,2024-04-08,,2029-04-23,Renewal,RI,revised pp 3-7 received on 1/22/2024,roy.ilaga,2023-10-23 08:54:26
2108,9708143,P-2023-005,2023-10-30,cash,300,2023-10-30,4/30/2024,2023-11-09,,2028-11-05,New,RI,,roy.ilaga,2023-10-30 11:51:26
2109,9707227,P-2013-018-R2,2023-10-10,130816,100,2023-10-10,4/10/2024,2023-11-14,,2028-11-18,Renewal,RI,,roy.ilaga,2023-11-06 09:37:38
2110,9201256,P-2015-163-T1-R1-M1,2023-11-07,0000505727,200,2023-11-07,5/7/2024,2024-03-08,,2026-04-11,Modification,RI,,roy.ilaga,2023-11-08 07:55:08
2111,9701131,P-2015-164-T2-R1-M1,2023-11-07,0000505728,200,2023-11-07,5/7/2024,,,2026-04-07,Modification,RI,,roy.ilaga,2023-11-08 07:57:30
2112,9101720,P-2015-154-T1-R1-M1,2023-11-07,0000505729,200,2023-11-07,5/7/2024,2024-03-18,,2026-04-08,Modification,RI,,roy.ilaga,2023-11-08 07:58:41
2113,9201252,P-2015-170-T2-R1-M1 (expired),2023-11-07,0000505731,200,2023-11-07,5/7/2024,2024-02-29,,2026-04-12,Modification,RI,"Permit expired, O/O acquired a new permit/RI",roy.ilaga,2023-11-08 07:59:34
2114,9708135,P-2015-176-T2-R1-M1,2023-11-07,0000505732,200,2023-11-07,5/7/2024,2024-04-26,,2026-04-11,Modification,R1,,roy.ilaga,2023-11-08 08:00:23
2115,9101211,P-2016-189-R1-M1,2023-11-07,0000505733,200,2023-11-07,5/7/2024,2024-05-02,,2026-06-22,Modification,RI,,roy.ilaga,2023-11-08 08:06:56
2116,9101110,P-2015-151-T1-R1-M1 (expired),2023-11-07,0000505726,200,2023-11-07,5/7/2024,2024-03-08,,2026-04-22,Modification,RI,Permit was unused; O/O re-applied for a new permit modification/RI,roy.ilaga,2023-11-08 08:07:40
2117,9701304,P-2018-005-T1-R1,2023-10-31,EFT,100,,,2024-06-17,,2029-07-15,Renewal,RI,10/31/2023 - EFT to follow         1/8/2024 - received proof of EFT payment/RI,roy.ilaga,2023-11-13 11:28:47
2118,9707238,P-2016-119-R1,2023-11-03,2362,100,2023-11-21,5/21/2024,2024-01-22,,2029-01-21,Renewal,RI,,roy.ilaga,2023-11-13 11:34:57
2119,9100851,P-2016-362-R1,2023-11-03,1389,100,2023-12-07,6/7/2024,2024-01-31,,2029-01-30,Renewal,RI,,roy.ilaga,2023-11-13 11:37:08
2120,9603022,P-2016-126-R1,2023-11-13,103005,100,2024-01-31,7/31/2024,2024-02-08,,2029-02-07,Renewal,RI,no permit fee     1/31/2024 - received complted app with permit fee/RI,roy.ilaga,2023-11-14 15:10:52
2121,9101200,P-2017-002-R1,2023-11-28,1535,100,2023-11-28,5/28/2024,2024-01-31,,2029-01-30,Renewal,RI,,roy.ilaga,2023-11-28 15:45:02
2122,9201157,P-2013-023-T2-R2,2023-11-22,00000020188,100,2024-01-17,7/17/2024,2024-05-21,,2029-05-21,Renewal,RI,revised pp 4 received on 1/17/2024,roy.ilaga,2023-11-30 10:52:26
2123,9100171,P-2013-022-T2-R2,2023-11-29,00000020186,100,2024-01-17,7/17/2024,2024-05-20,,2029-05-21,Renewal,RI,revised pp 4-5 received on 1/17/2024,roy.ilaga,2023-11-30 10:55:23
2124,9201165,P-2013-024-T2-R2,2023-11-22,00000020187,100,2024-01-17,7/17/2024,2024-05-21,,2029-05-21,Renewal,RI,revised pp 4-5 received on 1/17/2024,roy.ilaga,2023-11-30 10:59:24
2125,9201181,P-2009-007-R3-T1,2023-11-29,00000020191,100,2024-01-17,7/17/2024,2024-05-22,,2029-06-19,Renewal,RI,revised pp 4 received on 1/17/2024,roy.ilaga,2023-11-30 11:01:50
2126,9501586,P-2016-059-R1,2023-12-01,9791,100,2023-12-28,6/28/2024,2024-01-26,,2029-01-25,Renewal,RI,,roy.ilaga,2023-12-06 07:39:40
2127,9101462,P-2014-037-R2,2023-12-01,000146,100,2023-12-01,6/1/2024,2024-09-24,,2029-10-03,Renewal,RI,,roy.ilaga,2023-12-06 07:42:56
2128,9101395,P-2013-019-R2,2023-12-04,47062,100,,,2024-06-17,,2028-07-15,Renewal,RI,tank 1 is single walled tank.  2028 flyer attached to permit - rk,roy.ilaga,2023-12-06 07:47:45
2129,9100049,P-2014-033-R1-M1 (voided),2023-12-04,0255829,200,2023-12-04,6/4/2024,2024-01-22,,2024-09-29,Modification,RI,O/O will install a different type of UST; this permit mod is voided and will reapply for a new Permit mod to reflect the new type of tanks to be installed,roy.ilaga,2023-12-06 07:49:45
2130,9707932,P-2012-006-R2,2023-12-14,0100097546,100,2024-02-26,8/26/2024,2024-03-08,,2029-03-07,Renewal,RI,"permit expired 11/6/2023, app received 12/14/2023",roy.ilaga,2023-12-21 08:11:34
2131,9707906,P-2014-003-R2,2023-12-18,224405,100,2024-07-10,1/10/2025,2024-07-19,,2029-08-13,Renewal,RI,,roy.ilaga,2023-12-21 08:12:59
2132,9500393,P-2018-001-R1,2023-12-18,31781,100,2023-12-18,6/18/2024,2024-01-26,,2029-01-25,Renewal,RI,,roy.ilaga,2023-12-21 08:19:16
2133,9502790,P-2016-106-R1,2023-12-13,51448,100,2024-02-26,8/26/2024,2024-03-07,,2029-03-06,Renewal,RI,2/26/2024 - received revised pp. 3&4,roy.ilaga,2023-12-21 08:23:19
2134,9501685,P-2016-125-T2-R1,2024-01-03,1212,50,2024-01-03,7/3/2024,2024-01-26,,2028-05-20,Transfer,RI,Transfer app came with a renewal app. Renewal app will not be processed (current permit just renewed) and permit fee (check #1211) will be returned/RI,roy.ilaga,2024-01-12 09:59:42
2135,9708003,P-2019-001-M1-R1,2024-01-05,1001,100,2024-01-05,7/5/2024,2024-06-07,,2029-07-12,Renewal,RI,,roy.ilaga,2024-01-12 10:05:08
2136,9600448,P-2016-211-R1,2023-12-26,16467,100,2024-02-05,8/5/2024,2024-02-21,,2029-02-20,Renewal,RI,,roy.ilaga,2024-01-12 10:11:25
2137,9201224,P-2015-153-T2-R1-M1,2023-12-18,0000505863,200,2023-12-18,6/18/2024,2024-02-29,2025-01-06,2026-04-07,Modification,RI,,roy.ilaga,2024-01-16 15:57:15
2138,9201896,P-2016-242-R1-M2,2024-01-19,1048,200,2024-01-22,7/22/2024,2024-01-22,2024-01-30,2026-07-08,Modification,RI,"Note that P-2016-242-R1-M1 (expired) was not used. Sent in another application howver O/O used an old Form 2, O/O will revise application using the new Form 2/RI",roy.ilaga,2024-01-20 14:36:06
2139,9602710,P-2009-006-R3,2024-02-05,27579,100,2024-02-06,8/6/2024,2024-06-17,,2029-01-27,Renewal,RI,,roy.ilaga,2024-02-07 09:26:18
2140,9600663,P-2014-011-R1-T1,2024-02-06,6315,50,2024-02-05,8/5/2024,2024-02-21,,2024-07-25,Transfer,RI,,roy.ilaga,2024-02-12 08:40:18
2141,9600663,P-2014-011-R2-T1,2024-02-05,6314,100,2024-02-05,8/5/2024,2024-06-17,,2028-07-15,Renewal,RI,2 tanks need to meet the secondary containmnet requirement by 7/15/2028.  third tank has secondary containment - rk,roy.ilaga,2024-02-12 08:41:23
2142,9102653,P-2013-026-R2,2024-02-12,1575880716,100,2024-02-12,8/12/2024,2024-07-23,,2029-08-04,Renewal,RI,,roy.ilaga,2024-02-12 13:09:13
2143,9701257,P-2015-110-R1-M1,2024-02-09,0014829,200,2024-02-09,8/9/2024,2024-03-07,2024-12-05,2026-03-07,Modification,RI,"2/9/2024 per the permit application. Tank 1 and 2 and 3 will be closed and replaced with a 10,000 and a 10,000 compartmentalized tank - rk        1/23/20205 - per Form 3, T4 capacity chnaged from 10K to 12K",roy.ilaga,2024-02-16 09:26:22
2144,9100049,P-2014-033-R1-M2,2024-02-09,0256273,200,2024-02-09,8/9/2024,2024-04-15,2024-09-13,2024-09-29,Modification,RI,The permit number P-2014-033-R1-M1 (voided)is replaced with this (P-2014-033-R1-M2) new permit mod. Advised O/O to submit Form 3 as soon as practicable.,roy.ilaga,2024-02-16 09:35:07
2145,9301129,P-2016-300-R1,2024-02-22,8467,100,2024-03-20,9/20/2024,2024-04-09,,2028-07-15,Renewal,RI,flyer was sent due to sw tanks systems - rk,roy.ilaga,2024-02-26 11:50:19
2146,9707211,P-2014-039-R1,2024-02-21,22219,100,2024-07-29,1/29/2025,2024-09-06,,2029-09-05,Renewal,RI,,roy.ilaga,2024-02-26 11:57:09
2147,9500424,P-2016-008-T1-R1,2024-02-22,1489,100,2024-03-04,9/4/2024,2024-03-21,,2029-03-20,Renewal,RI,,roy.ilaga,2024-02-26 12:00:32
2148,9600109,P-2014-001-R2,2024-02-27,00027143,100,2024-02-27,8/27/2024,2024-06-17,,2029-07-25,Renewal,RI,,roy.ilaga,2024-03-01 09:05:56
2149,9101225,P-2015-171-T3-R1,2024-03-01,0000505989,50,2024-03-05,9/5/2024,2024-03-15,,2026-04-12,Transfer,RI,,roy.ilaga,2024-03-01 14:11:09
2150,9101236,P-2015-158-T3-R1-M1,2024-03-01,0000505988,50,2024-03-05,9/5/2024,2024-03-18,,2026-04-22,Transfer,RI,,roy.ilaga,2024-03-01 14:15:22
2151,9200330,P-2014-040-R2,2024-03-01,0014944,100,2024-03-01,9/1/2024,2024-08-08,,2029-09-02,Renewal,RI,,roy.ilaga,2024-03-01 16:04:42
2152,9501802,P-2000-008-T1-R5-M1,2024-03-04,53997,100,2024-03-04,9/4/2024,,,,Renewal,RI,"permit submitted too early, permit will be processed as it gets closer to the expiration of  the current permit.",roy.ilaga,2024-03-08 10:24:05
2153,9708004,P-2019-002-R1,2024-03-15,0256449,100,2024-03-15,9/15/2024,2024-08-09,,2029-09-29,Renewal,RI,,roy.ilaga,2024-03-18 16:45:53
2154,9707829,P-2007-001-R3-T1,2024-03-15,0014943,100,2024-03-19,9/19/2024,2024-08-08,,2029-09-25,Renewal,RI,,roy.ilaga,2024-03-18 16:46:55
2155,9101173,P-2009-009-R3-T1,2024-03-18,00000020282,100,2024-03-18,,2024-08-08,,2029-09-23,Renewal,RI,,roy.ilaga,2024-03-25 07:15:51
2156,9101187,P-2009-005-R3-T1,2024-03-18,00000020281,100,2024-03-18,9/18/2024,2024-07-08,,2029-02-13,Renewal,RI,,roy.ilaga,2024-03-25 07:21:53
2157,9202544,P-2016-335-R1-T1,2024-03-19,1011,50,2024-03-19,9/19/2024,2024-04-22,,2027-05-19,Transfer,RI,,roy.ilaga,2024-03-25 07:50:33
2158,9201025,P-2016-045-R1-M3,2024-03-18,0256519,200,2024-04-12,10/12/2024,2024-10-31,,2026-07-15,Modification,RI,"To re-add previously permitted T4 - a 550-gallon used oil tank, which was previously planned to be removed but ended up being maintained.",roy.ilaga,2024-03-25 07:56:41
2159,9500666,,,,,,,,,,,,,roy.ilaga,2024-04-03 12:11:28
2160,9601316,P-2016-109-M1-R1,2024-03-27,19381,100,2024-05-09,11/9/2024,2024-08-09,,2029-07-25,Renewal,RI,,roy.ilaga,2024-04-05 13:47:09
2161,9601223,P-2014-008-R2,2024-03-25,3084,100,2024-03-25,9/25/2024,2024-07-31,,2028-07-15,Renewal,RI,,roy.ilaga,2024-04-05 13:57:57
2162,9201727,P-2014-009-R2,2024-03-25,11006315467,100,2024-07-15,1/15/2025,2024-07-19,,2024-07-18,Renewal,RI,,roy.ilaga,2024-04-05 14:03:12
2163,9707898,P-2010-004-R3,2024-02-28,0015059,100,2024-04-15,10/15/2024,,,,Renewal,RI,renewal app received too early,roy.ilaga,2024-04-05 14:10:05
2164,9100322,P-2014-031-M1-R2,2024-03-28,0015058,100,2024-04-15,10/15/2024,2024-09-18,,2029-10-02,Renewal,RI,,roy.ilaga,2024-04-05 14:14:41
2165,9202999,P-2014-028-R2,2024-03-28,0015057,100,2024-04-15,10/15/2024,2024-09-18,,2029-10-02,Renewal,RI,attached 2028 flyer dated 7/1/2024 for release detection requirement - rk,roy.ilaga,2024-04-05 14:22:26
2166,9101175,P-2014-012-R2-M1,2024-04-15,0015098,100,2024-04-15,10/15/2024,2024-10-11,,2029-10-16,Renewal,RI,,roy.ilaga,2024-04-22 09:49:22
2167,9601195,P-2014-027-M1-R2,2024-04-15,0015097,100,2024-04-15,10/15/2024,2024-10-11,,2029-10-14,Renewal,RI,,roy.ilaga,2024-04-22 09:52:09
2168,9200335,P-2014-035-M1-R2,2024-04-15,0015104,100,2024-04-15,10/15/2024,2024-09-18,,2029-10-13,Renewal,RI,,roy.ilaga,2024-04-22 09:55:38
2169,9100337,P-2014-034-M1-R2,2024-04-15,0015103,100,2024-04-15,10/15/2024,2024-09-18,,2029-10-13,Renewal,RI,,roy.ilaga,2024-04-22 09:58:11
2170,9202219,P-2014-030-R2,2024-04-15,0256667,100,2024-04-15,10/15/2024,2024-09-19,,2029-10-13,Renewal,RI,,roy.ilaga,2024-04-22 10:02:22
2171,9201706,P-2014-026-M1-R2,2024-04-15,0015102,100,2024-04-15,10/15/2024,2024-09-20,,2029-10-13,Renewal,RI,,roy.ilaga,2024-04-22 10:05:12
2172,9201202,P-2014-023-R2,2024-04-15,0256666,100,2024-04-15,10/15/2024,2024-09-20,,2029-10-13,Renewal,RI,,roy.ilaga,2024-04-22 10:07:23
2173,9101198,P-2014-020-R2,2024-04-15,0015101,100,2024-04-15,10/15/2024,2024-09-20,,2029-10-13,Renewal,RI,,roy.ilaga,2024-04-22 10:26:33
2174,9101185,P-2014-022-R2,2024-04-15,0256665,100,2024-04-15,10/15/2024,2024-09-20,,2029-10-13,Renewal,RI,,roy.ilaga,2024-04-22 10:29:06
2175,9101190,P-2014-017-R2,2024-04-15,0015094,100,2024-04-15,10/15/2024,2024-09-25,,2028-07-15,Renewal,RI,attached the 2028 flyer,roy.ilaga,2024-04-22 10:31:23
2176,9101199,P-2014-018-R2,2024-04-15,0015095,100,2024-04-15,10/15/2024,2024-09-24,,2029-10-13,Renewal,RI,,roy.ilaga,2024-04-22 10:33:19
2177,9101176,P-2014-014-R2,2024-04-15,0015093,100,2024-04-15,10/15/2024,2024-09-24,,2029-10-13,Renewal,RI,,roy.ilaga,2024-04-22 10:35:35
2178,9201864,P-2014-032-R2-M1,2024-04-15,0015100,100,2024-04-15,10/15/2024,2024-08-08,,2029-09-26,Renewal,RI,,roy.ilaga,2024-04-22 10:41:34
2179,9601312,P-2014-016-M1-R2,2024-04-15,0015099,100,2024-04-15,10/15/2024,2024-10-11,,2029-10-16,Renewal,RI,,roy.ilaga,2024-04-22 10:44:38
2180,9100328,P-2014-036-R2-M1,2024-04-15,0015105,100,2024-04-15,10/15/2024,2024-09-25,,2024-10-13,Renewal,RI,,roy.ilaga,2024-04-22 10:48:00
2181,9201179,P-2014-019-R2,2024-04-15,0015096,100,2024-04-15,10/15/2024,2024-09-25,,2029-10-13,Renewal,RI,,roy.ilaga,2024-04-22 10:50:31
2182,9707168,P-2013-021-R1-T1,2024-04-17,00347990,50,2024-05-13,11/13/2024,2024-05-31,,2024-06-05,Transfer,RI,,roy.ilaga,2024-05-01 07:57:56
2183,9102647,P-2016-190-R1,2024-04-19,00008310,100,2024-11-12,5/12/2025,2024-11-08,,2025-07-18,Renewal,RI,previous permit expired on 08/12/21; FC issued   11/14/2024  need to use IM for piping - rk,roy.ilaga,2024-05-01 09:06:30
2184,9500106,P-2009-010-T3-R3,2024-04-22,54325,100,2024-04-22,10/22/2024,2024-10-14,,2029-11-09,Renewal,RI,,roy.ilaga,2024-05-01 09:20:35
2185,9708144,P-2024-002,2024-05-10,35610,300,2024-05-10,11/10/2024,2024-05-20,,2029-05-20,New,RI,,roy.ilaga,2024-05-13 12:47:41
2186,9500666,P-2016-351-R1,2024-04-29,2222,100,2024-08-05,2/5/2025,2024-09-10,,2029-09-03,Renewal,RI,FC issued during an inspection on 3/28/2024 - RI,roy.ilaga,2024-05-15 14:34:14
2187,9101172,P-2009-008-R3-T1,2024-04-30,00000020190,100,2024-06-21,12/21/2024,2024-07-08,,2029-07-01,Renewal,RI,,roy.ilaga,2024-05-15 15:02:34
2188,9101098,P-2009-011-R3-T1,2024-04-30,00000077568,100,2024-06-21,12/21/2024,2024-10-14,,2024-10-28,Renewal,RI,,roy.ilaga,2024-05-15 15:10:18
2189,9500008,P-2009-003-R3-T1,2024-04-30,00000020189,100,2024-04-30,10/30/2024,2024-06-24,,2029-06-22,Renewal,RI,,roy.ilaga,2024-05-15 15:18:21
2190,9201208,P-2014-021-R2,2024-05-13,0015235,100,2024-05-13,11/13/24,2024-10-14,,2028-07-15,Renewal,RI,,roy.ilaga,2024-05-20 13:39:12
2191,9101120,P-2014-041-T1-R2,2024-05-14,00000020381,100,2024-05-14,11/14/2024,2024-10-14,,2029-11-14,Transfer,RI,,roy.ilaga,2024-05-20 13:47:33
2192,9707675,,,,,,,,,,,,,roy.ilaga,2024-06-06 10:32:03
2193,9707168,P-2013-021-R2-T1,2024-06-06,00354081,100,2024-06-06,12/6/2024,2024-06-28,,2029-06-12,Renewal,RI,,roy.ilaga,2024-06-12 13:47:51
2194,9601316,P-2016-109-M1-R1-T1,2024-06-07,9347,50,2024-07-29,1/29/2025,2024-09-09,,2029-07-25,Transfer,RI,,roy.ilaga,2024-07-03 09:30:44
2195,9201206,P-2016-051-T1-R1-M1,2024-06-05,00000077518,200,2024-06-05,12/5/2024,2024-10-08,,2026-06-28,Modification,RI,,roy.ilaga,2024-07-03 09:40:05
2196,9707955,P-2014-002-R2,2024-06-03,0100129021,100,2024-09-03,3/3/2025,2024-09-16,,2029-09-15,Renewal,RI,signed page 8 received on 9/3/2024,roy.ilaga,2024-07-03 10:15:36
2197,9602753,P-2013-013-T1-R1-M1,2024-05-15,9344,200,2024-08-08,2/8/2025,2024-12-02,2024-08-08,2026-11-26,Modification,RI,"Modification app to install was received ""after the fact"" - RI",roy.ilaga,2024-07-03 10:26:35
2198,9700618,P-2016-259-T1-R1-M1,2024-06-17,00000077519,200,2024-06-17,12/17/2024,2024-07-25,2024-12-23,2026-07-22,Modification,RI,,roy.ilaga,2024-07-03 10:46:42
2199,9101101,P-2015-165-T3-R1-M1,2024-06-13,0000506224,50,2024-07-03,1/3/2025,2024-07-31,,2026-04-11,Transfer,RI,,roy.ilaga,2024-07-03 13:32:36
2200,9101119,P-2015-156-T3-R1-M1,2024-06-13,0000506223,50,2024-07-03,1/3/2025,2024-07-31,,2024-04-22,Transfer,RI,,roy.ilaga,2024-07-03 13:33:49
2201,9100362,P-2014-043-R2,2024-07-05,4858,100,2024-07-15,1/15/2025,2025-01-15,,2030-01-28,Renewal,RI,,roy.ilaga,2024-07-12 14:13:45
2202,9201280,P-2010-001-R3-T1,2024-07-15,000000776289,100,2024-07-15,1/15/20247,2025-01-29,,2030-02-08,Renewal,RI,,roy.ilaga,2024-07-19 07:53:01
2203,9202656,P-2016-181-T2-R1,2024-07-01,5985,50,2024-08-02,2/2/2025,2024-09-25,,2026-08-16,Transfer,RI,,roy.ilaga,2024-07-19 08:11:37
2204,9100816,P-2016-294-R1,2024-07-29,21199,100,2024-07-29,1/29/2025,2024-09-09,,2024-07-15,Renewal,RI,attached the 2028 flyer - rk,roy.ilaga,2024-08-04 16:13:34
2205,9602427,P-2009-012-R3,2024-07-29,0015402,100,2024-07-29,1/29/2025,2025-01-14,,2030-01-28,Renewal,RI,,roy.ilaga,2024-08-05 08:46:45
2206,9101237,P-2015-162-T3-R1,2024-07-25,0000506286,50,2024-10-17,4/17/2025,2024-10-24,,2026-04-18,Transfer,RI,revised pp 4 & 6 received on 10/17/2024; insert the 2028 flyer and mentioned in the letter,roy.ilaga,2024-08-05 08:55:54
2207,9708022,P-2024-003,2024-08-01,2231,300,2024-09-03,3/3/2025,2024-09-16,,2029-09-15,New,RI,,roy.ilaga,2024-08-19 08:45:56
2208,9202189,P-2015-043-R2,2024-08-05,0257146,100,2024-08-05,2/5/2025,2025-01-24,,2029-08-05,Renewal,RI,,roy.ilaga,2024-09-02 08:07:39
2209,9707406,P-2016-283-R1,2024-08-19,300003318,100,2024-08-19,2/19/2025,2024-10-24,,2028-07-15,Renewal,RI,renewal and transfer apps were received simultaneously; CHECK # 300003318 for renewal and transfer fees,roy.ilaga,2024-09-02 08:27:33
2210,9707406,P-2016-283-R1-T1,2024-08-19,300003318,50,2024-08-19,2/19/2025,2024-10-24,,2028-07-15,Transfer,RI,renewal and transfer apps were received simultaneously; CHECK # 300003318 for renewal and transfer fees,roy.ilaga,2024-09-02 08:31:08
2211,9707891,P-2010-002-R3,2024-08-27,15828/15870,100,2024-10-11,4/11/2025,2025-01-29,,2030-02-11,Renewal,RI,incorrect permit fee amount and app form,roy.ilaga,2024-09-02 08:36:58
2212,9101032,P-2019-003-R1,2024-08-19,0257391,100,2024-08-19,2/19/2025,2025-01-24,,2030-08-13,Renewal,RI,,roy.ilaga,2024-09-02 08:49:29
2213,9707828,P-2014-010-R2,2024-09-06,005392,100,2024-09-06,3/6/2025,2024-09-20,,2029-09-19,Renewal,RI,,roy.ilaga,2024-09-09 10:15:45
2214,9500552,P-2014-060-R2,2024-09-09,0110314803,100,2025-02-11,8/11/2025,2025-02-18,,2030-02-17,Renewal,RI,,roy.ilaga,2024-09-16 08:39:31
2215,9500544,P-2014-072-R2,2024-09-09,0110314797,100,,,,,,Renewal,RI,,roy.ilaga,2024-09-16 08:44:30
2216,9500541,P-2014-074-R2,2024-09-09,0110314796,100,,,,,,Renewal,RI,,roy.ilaga,2024-09-16 08:47:08
2217,9500614,P-2014-070-R2,2024-09-09,0110314798,100,,,,,,Renewal,RI,,roy.ilaga,2024-09-16 08:49:45
2218,9500550,P-2014-063-R2,2024-09-09,0110314802,100,,,,,,Renewal,RI,,roy.ilaga,2024-09-16 08:53:08
2219,9500558,P-2014-068-R2,2024-09-09,0110314799,100,,,,,,Renewal,RI,,roy.ilaga,2024-09-16 08:55:38
2220,9500539,P-2014-075-R2,2024-09-09,0110314795,100,,,,,,Renewal,RI,,roy.ilaga,2024-09-16 08:58:25
2221,9500549,P-2014-064-R2,2024-09-09,0110314801,100,2025-02-11,8/11/2025,2025-02-18,,2030-02-17,Renewal,RI,,roy.ilaga,2024-09-16 09:00:58
2222,9500548,P-2014-066-R2,2024-09-10,0110314800,100,,,,,,Renewal,RI,,roy.ilaga,2024-09-16 09:03:14
2223,9100049,P-2014-033-R2-M2,2024-09-13,0257556,100,2024-09-16,3/16/2025,2024-09-21,,2024-09-29,Renewal,RI,,roy.ilaga,2024-09-16 09:05:43
2224,9501739,P-2013-020-R2,2024-10-23,2413509,100,2024-12-16,6/16/2025,,,,Renewal,RI,11/21/2024 - O/O plans to renew before modification in June,roy.ilaga,2024-10-04 14:18:07
2225,9708146,P-2024-004,2024-09-17,1665,300,2024-09-17,3/17/2024,2024-10-24,2024-09-17,,Operational,RI,"New Facility without first obtaining a permit to install, DOH will issue permit to operate.",roy.ilaga,2024-10-04 14:32:08
2226,9201170,P-2014-024-R2,2024-09-20,0015663,100,2024-09-20,3/20/2025,,,,Renewal,RI,,roy.ilaga,2024-10-04 14:50:15
2227,9201193,P-2014-025-R2,2024-09-20,0015662,100,2024-09-20,3/20/2025,,,,Renewal,RI,,roy.ilaga,2024-10-04 14:54:40
2228,9100135,P-2005-001-T1-R4-M1,2024-09-27,011857845,100,2024-09-27,3/27/2025,,,,Renewal,RI,,roy.ilaga,2024-10-04 15:03:28
2229,9200136,P-2005-003-T1-R4,2024-09-27,011857846,100,2024-09-27,3/27/2025,,,,Renewal,RI,,roy.ilaga,2024-10-07 12:27:36
2230,9601707,P-2016-296-R1,2024-10-21,3000243196,100,2024-11-26,,2025-01-03,,2024-07-15,Renewal,RI,no im for release detection.  Included the 2028  flyer - rk,roy.ilaga,2024-10-30 09:45:11
2231,9201937,P-2014-013-R2,2024-10-30,0015784,100,2024-10-30,4/30/2025,,,,Renewal,RI,,roy.ilaga,2024-11-01 10:02:29
2232,9201929,P-2014-029-R2,2024-10-30,0015783,100,2024-11-25,5/25/2025,,,,Renewal,RI,,roy.ilaga,2024-11-01 10:17:55
2233,9701046,P-2003-003-T1-R4,2024-10-31,0020549,100,,,,,,Renewal,RI,,roy.ilaga,2024-11-01 10:27:54
2234,9707301,P-2016-112-R1,2024-11-04,011860936,100,2024-11-22,5/22/2025,2024-12-12,,2029-12-11,Renewal,RI,,roy.ilaga,2024-11-06 08:46:59
2235,9101229,P-2015-152-T1-R1-M1,2024-11-07,0000506536,200,2024-11-27,,2024-12-19,,2026-04-08,Modification,RI,11/27/2024 rec mod permit to install co-structual system for tanks 1-3.  tank 4 will remain unchanged.  Attached 2028 flyer for tank 4 - rk,roy.ilaga,2024-11-08 09:41:45
2236,9101237,P-2015-162-T3-R1-M1,2024-11-07,0000506539,200,2024-11-07,,2024-12-12,,2026-04-18,Modification,RI,,roy.ilaga,2024-11-08 09:45:18
2237,9201252,P-2015-170-T2-R1-M2,2024-11-07,0000506541,200,2024-11-07,,2024-12-13,,2026-04-12,Modification,RI,,roy.ilaga,2024-11-08 09:54:32
2238,9101108,P-2015-173-T2-R1-M1,2024-11-07,0000506544,200,2024-11-27,,2024-12-13,,2026-04-12,Modification,RI,11/27/2024 rec mod permit to install co-structural system - rk,roy.ilaga,2024-11-08 14:27:50
2239,9201117,P-2015-155-T2-R1-M1,2024-11-07,0000506537,200,2024-11-27,,2024-12-12,,2026-04-11,Modification,RI,,roy.ilaga,2024-11-08 14:31:13
2240,9201226,P-2015-166-T2-R1-M1,2024-11-07,0000506540,200,2024-11-27,,2024-12-13,,2026-04-18,Modification,RI,,roy.ilaga,2024-11-08 14:34:50
2241,9101198,P-2014-020-R2-M1,2024-11-18,0015817,200,2024-11-18,5/18/2025,2024-12-12,,2029-10-13,Modification,RI,11/18/2004 per permit appliction received-  2 usts will be removed and replace with a 10000 and 8000 -gallon tank - rk,roy.ilaga,2024-11-20 09:26:31
2242,9601869,P-2015-115-R1-M1,2024-11-18,0015816,200,2024-11-18,,2024-12-12,,2026-04-04,Modification,RI,"11/18/2024 rec permit mod -- will be replacing the 3 existing 10,000 usts  with 10,000 13,800 gallon tanks - rk",roy.ilaga,2024-11-20 09:32:14
2243,9501739,P-2013-020-R2-M1,2024-11-08,2416375,200,,,,,,Modification,RI,11/21/2024 - O/O plans to renew existing permit before modification in June,roy.ilaga,2024-11-22 07:29:19
2244,9100817,P-2016-332-R1,2024-11-25,1005,100,2024-11-25,5/25/2024,,,,Renewal,RI,renewal and transfer will be processed simultaneously; Permit fee shared under check# 2954264/RI,roy.ilaga,2024-11-27 10:26:50
2245,9100817,P-2016-332-R1-T1,2024-11-25,2954264,50,2024-11-25,5/25/2025,2025-02-14,,2030-02-13,Transfer,RI,renewal and transfer will be processed simultaneously; Permit fee shared under check# 2954264/RI,roy.ilaga,2024-11-27 10:28:03
2246,9707895,P-2010-003-T1-R3,2024-11-12,011861565,100,2024-11-12,5/12/2025,,,,Renewal,RI,,roy.ilaga,2024-12-08 21:40:41
2247,9701554,P-2014-045-T2-R2,2024-12-04,0015916,100,2024-12-04,6/4/2025,,,,Renewal,RI,,roy.ilaga,2024-12-13 13:22:32
2248,9101000,P-2016-198-R1-M2,2024-11-26,1005,200,,,,,,Modification,RI,,roy.ilaga,2024-12-19 14:34:15
2249,9100103,P-2016-096-T1-R1-M1,2025-01-09,000000778698,200,,,,,,Modification,RI,,roy.ilaga,2025-01-08 15:28:11
2250,9707568,P-2000-004-R5-M1,2024-12-27,206130,100,2024-12-27,6/27/2025,,,,Renewal,RI,,roy.ilaga,2025-01-10 15:11:23
2251,9101376,P-2015-044-R2,2025-01-02,201821480,100,2025-01-23,7/23/2025,,,,Renewal,RI,,roy.ilaga,2025-01-10 15:12:50
2252,9201124,P-2016-025-R1-T1-M1,2025-01-06,0000506546,200,2025-01-21,7/21/2025,2025-02-28,,2026-04-26,Modification,RI,,roy.ilaga,2025-01-10 15:16:40
2253,9201097,P-2015-177-T2-R1-M1,2025-01-06,0000506545,200,2025-01-21,7/21/2025,2025-02-27,,2026-04-12,Modification,RI,,roy.ilaga,2025-01-10 15:19:19
2254,9101246,P-2015-172-T2-R1-M1,2025-01-07,0000506543,200,2025-01-21,7/21/2025,2025-02-27,,2026-04-11,Transfer,RI,dispensers will be replaced - rk,roy.ilaga,2025-01-10 15:21:37
2255,9101110,P-2015-151-T1-R1-M2,2025-01-06,0000506547,200,2025-01-06,7/6/2025,2025-02-27,,2026-04-22,Modification,RI,,roy.ilaga,2025-01-10 15:24:06
2256,9101247,P-2015-157-T1-R1-M1,2025-01-06,0000506538,200,2025-01-21,7/21/2025,2025-02-27,,2026-04-11,Modification,RI,only tank 5 needs to have secondary containment.   Flyer attached to letter - rk,roy.ilaga,2025-01-10 15:26:37
2257,9101225,P-2015-171-T3-R1-M1,2025-01-06,0000506542,200,2025-01-21,7/21/2025,2025-01-31,,2026-04-12,Modification,RI,,roy.ilaga,2025-01-10 15:28:15
2258,9708001,P-2015-123-R2,2025-01-21,0016099,100,,,,,,Renewal,RI,,roy.ilaga,2025-02-03 13:53:56
2259,9200019,P-2016-367-R1-T1,2025-01-17,0932,50,2025-01-17,7/17/2025,2025-02-21,,2028-07-15,Transfer,RI,Transfer and Renewal apps processed  simultaneoulsy; permit fee for both apps shared via check#0932 ($150)   provided 2028 flyer inforamton,roy.ilaga,2025-02-03 13:59:01
2260,9200019,P-2016-367-R1,2025-01-17,0932,100,2025-01-17,7/17/2025,,,,Renewal,RI,Transfer and Renewal apps processed  simultaneoulsy; permit fee for both apps shared via check#0932 ($150),roy.ilaga,2025-02-03 14:02:23
2261,9201141,P-2016-369-R1-T1,2025-01-17,140,50,2025-01-17,7/17/2025,2025-02-27,,2028-07-15,Transfer,RI,Transfer and Renewal apps processed  simultaneoulsy; permit fee for both apps shared via check#140 ($150) flyer attached to letter - rk,roy.ilaga,2025-02-03 14:04:27
2262,9201141,P-2016-369-R1,2025-01-17,140,100,2025-01-17,7/17/2025,,,,Renewal,RI,Transfer and Renewal apps processed  simultaneoulsy; permit fee for both apps shared via check#140 ($150),roy.ilaga,2025-02-03 14:05:15
2263,9707574,P-2000-007-T3-R5,2025-01-29,00000020708,100,,,,,,Renewal,RI,,roy.ilaga,2025-02-05 10:44:45
2264,9201724,P-2015-094-R1-M1,2025-02-03,0258442,200,2025-02-03,8/3/2025,,,2026-05-17,Modification,RI,,roy.ilaga,2025-02-05 14:52:49
2265,9707899,P-2010-005-R3,2025-02-03,0016098,100,2025-02-03,8/3/2025,,,,Renewal,RI,,roy.ilaga,2025-02-05 14:58:57
2266,9201854,P-2016-023-R1,2025-01-29,011868270,100,2025-01-29,7/29/2025,2025-02-18,,2023-02-17,Renewal,RI,,roy.ilaga,2025-02-05 15:24:06
2267,9708135,P-2015-176-T3-R1-M1,2025-02-06,0000506736,50,,,2025-02-18,,2025-04-15,Transfer,RI,provided 2028 flyer,roy.ilaga,2025-02-07 09:18:57
2268,9701131,P-2015-164-T3-R1-M1,2025-02-06,0000506735,50,,,2025-02-18,,2028-07-18,Transfer,RI,attached the 2028 flyer - rk,roy.ilaga,2025-02-07 09:24:46
2269,9707571,P-2000-006-R5-T1,2025-02-07,139127,100,,,,,,Renewal,RI,,roy.ilaga,2025-02-07 14:47:14
2270,9707561,P-2000-002-R5,2025-02-11,139126,100,,,,,,Renewal,RI,,roy.ilaga,2025-02-12 09:32:07
2271,9501589,P-2000-001-R5,2025-02-11,139009,100,,,,,,Renewal,RI,,roy.ilaga,2025-02-12 11:26:26
2272,9708150,P-2025-001,2025-01-31,,200,2025-01-31,7/31/2025,2025-02-28,,2030-02-27,New,RI,,roy.ilaga,2025-02-14 09:22:35
2273,9701257,P-2015-110-R1-M2,2025-02-03,0016112,200,2025-02-03,8/3/2025,,,2026-03-07,Modification,RI,"Modification to M1 due to tank size discrepancy. T4 capacity originally noted as 10K-gallon, actual tank size sholuld have been 12K-gallon",roy.ilaga,2025-02-14 10:09:02
