CounterID,EventID,Status,Lead,StatusDate,LUSTStatusCommentsText,ProjectOfficer
3,2,Confirmed Release,RP-Lead,1993-12-20,SHOULD BE 12/20/93,
4,2,LUST Cleanup Initiated,RP-Lead,1994-05-23,,
5,2,Site Cleanup Completed (NFA),RP-Lead,1995-01-12,,
6,3,Confirmed Release,RP-Lead,1990-06-28,,
7,3,LUST Cleanup Initiated,RP-Lead,2001-06-13,"UST Closure rpt , OHM 1997",
8,3,Site Cleanup Completed (NFA),RP-Lead,2001-08-29,"NFA'd 29 Aug 2001, UO8043JAR",
9,4,Confirmed Release,RP-Lead,1990-01-24,,
10,4,LUST Cleanup Initiated,RP-Lead,1990-06-01,,
11,4,Site Cleanup Completed (NFA),RP-Lead,1997-06-20,U0693ES,
12,5,LUST Cleanup Initiated,RP-Lead,1989-10-14,BEGAN EXCAVATION AND STOCKPILING,
13,5,Confirmed Release,RP-Lead,1989-10-14,NOTED DURING A REMOVAL PROJECT,
14,5,Site Cleanup Completed (NFA),RP-Lead,2003-10-20,NFA U10026RT,
15,6,Confirmed Release,RP-Lead,1988-01-13,,
16,6,LUST Cleanup Initiated,RP-Lead,1993-09-22,ACTUAL 1-19-88,
17,6,Site Cleanup Completed (NFA),RP-Lead,1999-03-23,3/23/99 U03082JU letter,
18,7,Confirmed Release,RP-Lead,1992-01-01,RELEASE REPT 10.25/91,
19,7,Site Cleanup Completed (NFA),RP-Lead,1993-08-23,,
20,7,LUST Cleanup Initiated,RP-Lead,1993-08-23,,
21,8,Confirmed Release,RP-Lead,1994-05-12,,
22,8,LUST Cleanup Initiated,RP-Lead,1994-05-26,,
23,8,Site Cleanup Completed (NFA),RP-Lead,1999-11-26,DOH letter U11072JU,
24,9,LUST Cleanup Initiated,RP-Lead,1989-08-21,,
25,9,Confirmed Release,RP-Lead,1989-08-21,,
26,9,Disconfirmed Release,RP-Lead,1997-05-22,"Release was reported based on an inventory discrepancy and a ""rough"" tightness test. Removal of the USTs in 1990 did not reveal any actual soil contamination.",
27,10,Confirmed Release,RP-Lead,1994-11-09,VIA CALL,
28,10,LUST Cleanup Initiated,RP-Lead,1994-11-30,11/30/94 Closure Report,
29,10,Site Cleanup Completed (NFA),RP-Lead,1997-03-06,U0255ES,
30,11,Confirmed Release,RP-Lead,1992-03-11,,
31,11,LUST Cleanup Initiated,RP-Lead,1993-11-15,SOIL MGMT BEGAN W/REMOVAL PROJEC,
32,11,Site Cleanup Completed (NFA),RP-Lead,1994-01-07,,
33,12,LUST Cleanup Initiated,RP-Lead,1995-08-04,DATE OF UST REMOVAL,
34,12,Confirmed Release,RP-Lead,1995-10-10,DATE OF LAB SAMPLES,
35,12,Site Cleanup Completed (NFA),RP-Lead,1998-04-23,4/23/98 U0467SO letter,
36,13,Confirmed Release,RP-Lead,1994-02-08,ARMY LTR OF 3/30/94,
37,13,Site Cleanup Completed (NFA),RP-Lead,1997-03-14,U0330JS,
38,13,LUST Cleanup Initiated,RP-Lead,1997-03-14,,
39,14,LUST Cleanup Initiated,RP-Lead,1996-01-25,SOIL STOCKPILED FOR AERATION ON,
40,14,Confirmed Release,RP-Lead,1996-01-25,NOTED DURING REMOVAL-CALL TO JAC,
41,14,Site Cleanup Completed (NFA),RP-Lead,1996-06-27,,
42,15,Confirmed Release,RP-Lead,1993-12-02,,
43,15,LUST Cleanup Initiated,RP-Lead,1994-05-09,,
44,15,Site Cleanup Completed (NFA),RP-Lead,1994-05-09,,
45,16,LUST Cleanup Initiated,RP-Lead,1993-12-02,FREE PRODUCT PUMPED OUT OF WATER,
46,16,Confirmed Release,RP-Lead,1993-12-02,DOCUMENTED DURING PRELIM SITE IN,
47,17,Confirmed Release,RP-Lead,1995-08-18,DATE OF UST REMOVAL,
48,17,LUST Cleanup Initiated,RP-Lead,1995-10-10,DATE OF LAB SAMPLES,
49,18,LUST Cleanup Initiated,RP-Lead,1994-05-23,"Closure Report dated on Nov. 25, 1994, and received on Aug. 14, 2001",
50,18,Confirmed Release,RP-Lead,1994-05-23,CRN form dated 2/18/94,
51,19,LUST Cleanup Initiated,RP-Lead,1988-05-27,,
52,19,Confirmed Release,RP-Lead,1988-05-27,,
53,19,Site Cleanup Completed (NFA),RP-Lead,2000-06-07,"NFA's issued 5/22/00, U05039JAR",
55,20,Confirmed Release,RP-Lead,1992-06-03,,
56,20,Case Transferred to HEER (regulated),RP-Lead,1996-07-17,7/17/96 HEER Letter - Letter from Leslie Au to Army.,
57,21,Confirmed Release,RP-Lead,1990-12-19,LETTER,
58,21,Disconfirmed Release,RP-Lead,1992-06-04,,
59,22,LUST Cleanup Initiated,RP-Lead,1993-11-29,2/1/94 Walker Consultants Report,
60,22,Confirmed Release,RP-Lead,1993-11-29,12/14/93 DOH letter,
61,22,Site Cleanup Completed (NFA),RP-Lead,1997-09-09,9/9/97 U0901JAR Letter - NFA issued,
62,23,LUST Cleanup Initiated,RP-Lead,1993-10-15,,
63,23,Confirmed Release,RP-Lead,1993-10-15,,
64,24,Confirmed Release,RP-Lead,1994-02-07,PER CRN,
65,24,LUST Cleanup Initiated,RP-Lead,1994-02-07,PER CRN,
66,24,Site Cleanup Completed (NFA),RP-Lead,2001-12-27,,
67,25,LUST Cleanup Initiated,RP-Lead,1995-06-06,,
68,25,Confirmed Release,RP-Lead,1995-06-06,CALL TO JACK,
69,25,Site Cleanup Completed (NFA),RP-Lead,1995-08-21,,
70,26,Confirmed Release,RP-Lead,1992-11-24,,
71,26,LUST Cleanup Initiated,RP-Lead,1994-05-12,12/4/94 Morrison Knudsen Corporation Report - ,
72,26,Case Transferred to HEER (unregulated),RP-Lead,1998-03-13,heating oil tank transferred to heer office - rk,
73,27,LUST Cleanup Initiated,RP-Lead,1994-05-17,12/15/94 Morrison Knudsen Corporation Report,
74,27,Confirmed Release,RP-Lead,1994-05-17,,
75,27,Site Cleanup Completed (NFA),RP-Lead,1999-02-26,2/26/99 U02103JU letter,
76,28,LUST Cleanup Initiated,RP-Lead,1995-06-13,,
77,28,Confirmed Release,RP-Lead,1995-06-13,VIA CLOSURE REPT,
78,28,Site Cleanup Completed (NFA),RP-Lead,1995-08-31,,
79,29,Confirmed Release,RP-Lead,1990-12-18,PER:HLA PHASE 1 ENV. ASSESSMENT,
80,29,LUST Cleanup Initiated,RP-Lead,1996-01-31,,
81,29,Site Cleanup Completed (NFA),RP-Lead,1996-08-12,,
82,30,Monitored Natural Attenuation,RP-Lead,1988-12-02,,
83,30,Confirmed Release,RP-Lead,1988-12-02,,
84,30,LUST Cleanup Initiated,RP-Lead,1989-03-04,,
85,30,Site Cleanup Completed (NFA),RP-Lead,2006-02-16,NFA letter U02012RT,
86,31,Confirmed Release,RP-Lead,1994-04-07,,
87,31,LUST Cleanup Initiated,RP-Lead,2001-08-14,"Closure in place report dated Nov.1, 2000. and received on Aug. 14, 2001",
88,31,Exposure Prevention Management Plan,,2004-04-01,U04006RH -EPMP Noted in letter that area should be paved over with asphalt or concrete and inspected on a semi-annual basis for voids and cracks and should be repaired ASAP.,
89,32,Confirmed Release,RP-Lead,1991-05-09,,
90,32,LUST Cleanup Initiated,RP-Lead,1991-05-24,,
91,32,Site Cleanup Completed (NFA),RP-Lead,1995-02-07,,
92,33,Confirmed Release,RP-Lead,1992-01-01,RELEASE REPT 11/18/91,
93,33,LUST Cleanup Initiated,RP-Lead,1993-09-23,11-29-91,
94,33,Site Cleanup Completed (NFA),RP-Lead,2001-06-19,,
96,34,Confirmed Release,RP-Lead,1991-12-12,,
98,35,Confirmed Release,RP-Lead,1989-12-15,,
99,35,LUST Cleanup Initiated,RP-Lead,1991-05-16,6/6/90 UNITEK closure report-RSM,
100,35,Site Cleanup Completed (NFA),RP-Lead,2003-05-15,,
101,36,Confirmed Release,RP-Lead,1989-03-30,TTT,
102,36,LUST Cleanup Initiated,RP-Lead,1989-04-18,NAKAI DID 2ND TTT-REPAIRED PIPIN,
103,36,Site Cleanup Completed (NFA),RP-Lead,1997-05-28,U0549DH,
104,37,Confirmed Release,RP-Lead,1993-11-29,,
105,37,LUST Cleanup Initiated,RP-Lead,1994-01-14,UST Closure Report received 5/18/98,
106,37,Site Cleanup Completed (NFA),RP-Lead,2001-04-16,,
107,38,Monitored Natural Attenuation,RP-Lead,1996-06-06,,
108,38,Confirmed Release,RP-Lead,1990-03-23,,
109,38,LUST Cleanup Initiated,RP-Lead,1993-11-04,032990,
110,39,Confirmed Release,RP-Lead,1994-03-02,,
111,39,LUST Cleanup Initiated,RP-Lead,1994-05-13,04-18-94 REPORT,
112,39,Site Cleanup Completed (NFA),RP-Lead,1997-07-31,7/31/97 U0788SO,
113,40,Confirmed Release,RP-Lead,1995-05-03,PER CALL TO CHRIS - LAB RESULTS,
114,40,LUST Cleanup Initiated,RP-Lead,1997-07-01,7/1/97 OHM Remediation Services Corp. Report - ,
115,40,Site Cleanup Completed (NFA),RP-Lead,1997-11-03,11/3/97 DOH LETTER Letter - U1106LKI,
116,41,Confirmed Release,RP-Lead,1994-10-07,CONFIRMED W/SITE ASSMT RESULTS I,
117,41,LUST Cleanup Initiated,RP-Lead,1998-06-18,6/22/98 DOH inspection - PCS excavated during tank removal,
118,41,Site Cleanup Completed (NFA),RP-Lead,1999-08-26,"NFA issued, UO8115RSM",
119,42,LUST Cleanup Initiated,RP-Lead,1990-12-28,Excavation of contaminated soil,
120,42,Confirmed Release,RP-Lead,1990-12-28,CONFIRMED RELEASE AFTER REVIEWIN,
121,42,Site Cleanup Completed (NFA),RP-Lead,2001-05-17,,
123,43,Confirmed Release,RP-Lead,1994-02-07,,
125,44,Confirmed Release,RP-Lead,1994-04-04,,
126,44,Disconfirmed Release,RP-Lead,1996-05-21,"5/21/96 Morrison Knudsen Corporation Report - submitted letter to facility disconfirming the release and based on the info provided we have no further questions regarding the closure.  Ltr dated November 3, 1997, U1104JAR",
127,45,LUST Cleanup Initiated,RP-Lead,1995-05-10,UST REMOVAL DATE,
128,45,Confirmed Release,RP-Lead,1995-05-15,DATE OF LAB TPH ANALYSES,
129,45,Site Cleanup Completed (NFA),RP-Lead,1996-03-11,,
130,46,Confirmed Release,RP-Lead,1993-11-24,,
131,46,LUST Cleanup Initiated,RP-Lead,1993-11-24,,
132,46,Site Cleanup Completed (NFA),RP-Lead,1994-06-09,,
133,47,LUST Cleanup Initiated,RP-Lead,1992-02-04,,
134,47,Confirmed Release,RP-Lead,1992-02-04,,
135,47,Site Cleanup Completed (NFA),RP-Lead,1994-07-29,B,
136,48,LUST Cleanup Initiated,RP-Lead,1990-11-08,PER:FILE NOTES OF 11/8/90 EXCAVA,
137,48,Confirmed Release,RP-Lead,1990-11-08,,
138,48,Site Cleanup Completed (NFA),RP-Lead,1997-09-17,9/17/97 U0926LKI Letter - ,
139,49,Confirmed Release,RP-Lead,1995-06-08,LAB REPORT,
140,49,LUST Cleanup Initiated,RP-Lead,2002-07-10,"closure rpt dtd June 1995, addtional work requested 2/30/02, Work plan approved  7/ May 2002",
141,49,Site Cleanup Completed (NFA),,2005-01-26,,
142,2527,Confirmed Release,RP-Lead,1992-10-27,,
143,2527,LUST Cleanup Initiated,RP-Lead,1992-10-27,,
144,51,LUST Cleanup Initiated,RP-Lead,1991-06-29,SOIL MGMT BEGAN DURING REMOVAL P,
145,51,Confirmed Release,RP-Lead,1991-06-29,PER REMOVAL REPORT,
146,51,Site Cleanup Completed (NFA),RP-Lead,1993-11-17,,
147,52,LUST Cleanup Initiated,RP-Lead,1996-06-06,,
148,52,Confirmed Release,RP-Lead,1996-06-06,,
149,52,Site Cleanup Completed (NFA),RP-Lead,1997-10-20,10/20/97 U1083LKI Letter - ,
150,53,Confirmed Release,RP-Lead,1994-08-29,VIA NOTIFICATION FORM,
151,53,Site Cleanup Completed (NFA),RP-Lead,1997-07-30,7/30/97 U0797SO,
152,53,LUST Cleanup Initiated,RP-Lead,1997-07-30,,
153,54,Confirmed Release,RP-Lead,1991-02-28,,
154,54,LUST Cleanup Initiated,RP-Lead,1991-06-14,,
155,54,Site Cleanup Completed (NFA),RP-Lead,1997-07-25,U0760JAR,
156,55,LUST Cleanup Initiated,RP-Lead,1993-02-10,2/10/93 Dames & Moore Report,
157,55,Confirmed Release,RP-Lead,1993-07-27,VIA CLOSURE REPT DTED 02/22/93,
158,55,Site Cleanup Completed (NFA),RP-Lead,1997-10-20,10/20/97 U1061JAR Letter - NFA issued,
159,56,Confirmed Release,RP-Lead,1992-06-10,PER BHP REPT 8/6/92 PG8,
160,56,LUST Cleanup Initiated,RP-Lead,1992-07-17,PER BHP 7/20/92 LTR EXCAVATION/S,
161,56,Site Cleanup Completed (NFA),RP-Lead,1997-09-26,9/26/97 U09106DH Letter - BHP Environmental Technologies International report dated 8/6/92  as basis for NFA,
162,57,LUST Cleanup Initiated,RP-Lead,1990-02-20,,
163,57,Confirmed Release,RP-Lead,1990-02-20,,
164,57,Site Cleanup Completed (NFA),RP-Lead,2000-01-28,,
165,58,Confirmed Release,RP-Lead,1995-06-15,CALL TO ERIC,
166,58,LUST Cleanup Initiated,RP-Lead,1997-07-01,,
167,58,Site Cleanup Completed (NFA),RP-Lead,2003-06-25,,
168,59,LUST Cleanup Initiated,RP-Lead,1994-05-18,RELEASE AMTS UNDER DOH CLEAN-UP,
169,59,Confirmed Release,RP-Lead,1994-05-18,AS OF TANK REMOVAL DATE/LAB RESU,
170,59,Site Cleanup Completed (NFA),RP-Lead,1995-09-15,,
171,60,LUST Cleanup Initiated,RP-Lead,1994-09-13,,
172,60,Confirmed Release,RP-Lead,1994-09-13,,
173,60,Site Cleanup Completed (NFA),RP-Lead,1995-12-18,,
174,61,Confirmed Release,RP-Lead,1989-04-11,,
176,61,LUST Cleanup Initiated,RP-Lead,1996-06-06,,
177,62,Confirmed Release,RP-Lead,1994-01-17,NOTED DURING REMOVAL PROJECT,
178,62,LUST Cleanup Initiated,RP-Lead,1994-01-18,SOIL EXCAVATED & STOCKPILED DURI,
179,62,Site Cleanup Completed (NFA),RP-Lead,1994-08-26,,
180,63,LUST Cleanup Initiated,RP-Lead,1992-07-06,SOIL STOCKPILING/REMOVAL BEGAN D,
181,63,Confirmed Release,RP-Lead,1992-07-06,BEGAN REMOVAL PROJECT-CONTAMINAT,
182,63,Site Cleanup Completed (NFA),RP-Lead,1998-03-12,3/12/98 U0378SO letter,
183,64,LUST Cleanup Initiated,RP-Lead,1993-12-11,PER REMOVAL REPORT PG ES-1,
184,64,Confirmed Release,RP-Lead,1993-12-11,PER REMOVAL REPORT PG ES-1,
185,64,Site Cleanup Completed (NFA),RP-Lead,1998-03-18,3/18/98 U03139JS letter,
187,65,Confirmed Release,RP-Lead,1995-04-11,TO JACK RICHARDSON-VISUAL OBSERV,
188,65,Case Transferred to HEER (DERA),RP-Lead,1996-06-27,6/27/96 LUST referral letter Letter - ,
189,66,Confirmed Release,RP-Lead,1993-09-30,,
190,66,LUST Cleanup Initiated,RP-Lead,1995-01-09,4/22/96 MFA report,
191,66,Site Cleanup Completed (NFA),RP-Lead,2001-03-05,NFA'd 2/26/01 U02039JAR,
192,67,Confirmed Release,RP-Lead,1988-05-12,,
193,67,LUST Cleanup Initiated,RP-Lead,1988-10-01,,
194,67,Site Cleanup Completed (NFA),RP-Lead,1994-12-28,,
195,68,Confirmed Release,RP-Lead,1991-06-25,,
196,68,LUST Cleanup Initiated,RP-Lead,1999-08-03,Closure rpt rcv'd 5/27/99,
197,68,Site Cleanup Completed (NFA),RP-Lead,1999-08-25,"NFA'd, UO8074JAR, Aug 18,1999",
198,69,LUST Cleanup Initiated,RP-Lead,1991-07-30,FREE PRODUCT REMOVAL,
199,69,Confirmed Release,RP-Lead,1991-07-30,LETTER,
200,69,Site Cleanup Completed (NFA),RP-Lead,2001-04-18,,
201,70,Confirmed Release,RP-Lead,1992-04-13,,
202,70,Site Cleanup Completed (NFA),RP-Lead,1993-05-19,,
203,70,LUST Cleanup Initiated,RP-Lead,1993-05-19,,
204,71,LUST Cleanup Initiated,RP-Lead,1993-06-04,,
205,71,Confirmed Release,RP-Lead,1993-06-04,VIA CLOSURE REPORT PG 7,
206,71,Site Cleanup Completed (NFA),RP-Lead,1994-07-29,,
207,72,LUST Cleanup Initiated,RP-Lead,1994-02-02,SOIL MGMT DURING REMOVAL,
208,72,Confirmed Release,RP-Lead,1994-02-02,RELEASE DETECTED DURING REMOVAL,
209,72,Site Cleanup Completed (NFA),RP-Lead,1994-08-09,,
210,73,Confirmed Release,RP-Lead,1990-01-17,,
211,73,Disconfirmed Release,RP-Lead,1997-05-16,Based on info in 10/92 UST closure report. See 5/16/97 memo to file from David Hodges.,
212,74,LUST Cleanup Initiated,RP-Lead,1994-03-30,SOIL STOCKPILED DURING REMOVAL-A,
213,74,Confirmed Release,RP-Lead,1994-03-30,,
214,74,Site Cleanup Completed (NFA),RP-Lead,2001-06-27,NFA'd issued 6/22/01,
215,75,LUST Cleanup Initiated,RP-Lead,1994-07-07,,
216,75,Confirmed Release,RP-Lead,1994-07-07,,
217,75,Site Cleanup Completed (NFA),RP-Lead,2001-06-01,,
218,76,Confirmed Release,RP-Lead,1988-05-18,,
219,76,LUST Cleanup Initiated,RP-Lead,1999-02-01,  report,
220,76,Site Cleanup Completed (NFA),RP-Lead,1999-02-01,12/17/98 Levine fricke report - NFA U02005RT,
221,77,Confirmed Release,RP-Lead,1987-10-23,,
222,77,Disconfirmed Release,RP-Lead,1991-12-03,INSUFFICIENT INFORMATION - SEE F,
223,78,LUST Cleanup Initiated,RP-Lead,1994-04-09,PG 8 OF REMOVAL REPT,
224,78,Confirmed Release,RP-Lead,1994-04-09,FROM REMOVAL REPT,
225,78,Site Cleanup Completed (NFA),RP-Lead,1995-10-24,,
226,79,Monitored Natural Attenuation,RP-Lead,1991-08-01,,
227,79,Confirmed Release,RP-Lead,1991-08-02,LETTER,
228,79,LUST Cleanup Initiated,RP-Lead,1991-08-13,letter report by FOPCO 8/15/91,
229,79,Site Cleanup Completed (NFA),RP-Lead,2005-08-25,NFA U08046RT,
230,80,Confirmed Release,RP-Lead,1990-12-28,,
231,80,LUST Cleanup Initiated,RP-Lead,1992-06-18,,
232,80,Site Cleanup Completed (NFA),RP-Lead,1994-06-27,,
233,81,Confirmed Release,RP-Lead,1992-08-03,,
234,81,LUST Cleanup Initiated,RP-Lead,1992-10-08,,
235,81,Site Cleanup Completed (NFA),RP-Lead,2000-11-20,NFA letter: U11038SF,
236,82,Confirmed Release,RP-Lead,1990-05-17,,
237,82,LUST Cleanup Initiated,RP-Lead,1996-02-07,"12/1/94 Walker Consultants Report - Additional investigation is not necessary at this time and groundwater monitoring discontinued.  The subject site will remain as a leaking UST site.  In the interim, an exposure prevention management plan was requested from the facility on 9/19/96.",
238,82,Site Cleanup Completed (NFA),RP-Lead,1998-04-02,9/30/98 U09162JAR letter,
394,136,Confirmed Release,RP-Lead,1993-11-29,,
239,83,Confirmed Release,RP-Lead,1996-01-12,PHONE CALL TO JOSE RUIZ-NOTED DU,
241,84,Confirmed Release,RP-Lead,1991-01-14,,
242,84,LUST Cleanup Initiated,RP-Lead,1993-04-08,"Groundwater Sampling Report at Gas Express #11,  dated November 17, 1999, by Clayton Environmental Consultants",
243,84,Site Cleanup Completed (NFA),RP-Lead,2005-04-27,U04022SL,
244,85,Confirmed Release,RP-Lead,1991-04-15,CLOSURE REPORT,
245,85,LUST Cleanup Initiated,RP-Lead,1993-09-22,4-5-91,
246,85,Site Cleanup Completed (NFA),RP-Lead,1997-07-31,7/31/97 U07126LKI memo to file,
247,86,Confirmed Release,RP-Lead,1995-04-17,CALL TO CHRIS PROKOP,
248,86,LUST Cleanup Initiated,RP-Lead,1995-04-19,,
249,86,Site Cleanup Completed (NFA),RP-Lead,2006-04-21,NFA letter U04016RT,
250,87,LUST Cleanup Initiated,RP-Lead,1995-07-09,,
251,87,Confirmed Release,RP-Lead,1995-07-19,CALL TO JACK,
252,87,Site Cleanup Completed (NFA),RP-Lead,1997-01-29,1/29/97 UO129JAR Letter Report,
253,88,LUST Cleanup Initiated,RP-Lead,1993-02-11,SOIL STOCKPILED/REMOVED DURING R,
254,88,Confirmed Release,RP-Lead,1993-02-11,LAB RESULTS FROM REMOVAL PROJECT,
255,88,Site Cleanup Completed (NFA),RP-Lead,1993-11-16,,
257,89,Confirmed Release,RP-Lead,1991-07-05,,
260,90,Confirmed Release,RP-Lead,1994-03-31,VIA NOTIFICAITON FORM,
262,91,Confirmed Release,RP-Lead,1995-09-27,,
263,91,LUST Cleanup Initiated,RP-Lead,1995-12-04,N/A (USED ARBITRARY DATE OF BEGI,
264,91,Site Cleanup Completed (NFA),RP-Lead,2006-01-18,NFA issued U01010RT,
265,92,LUST Cleanup Initiated,RP-Lead,1995-11-06,SOIL STOCKPILED,
266,92,Confirmed Release,RP-Lead,1995-11-06,CALL TO C.PROKOP-LAB ANALYSIS-DA,
267,92,Site Cleanup Completed (NFA),RP-Lead,1997-06-01,5/6/98 U0565JU letter,
269,93,Confirmed Release,RP-Lead,1992-01-01,REPT 11/25/91,
271,94,Confirmed Release,RP-Lead,1995-05-01,CALL TO CHRIS - LAB RESULTS,
272,94,LUST Cleanup Initiated,RP-Lead,1997-07-01,Final Closure Report,
273,94,Site Cleanup Completed (NFA),RP-Lead,2002-05-10,,
274,95,LUST Cleanup Initiated,RP-Lead,1989-12-30,PIT FILLED W/NEW MATERIAL EXCAVA,
275,95,Confirmed Release,RP-Lead,1989-12-30,LAB RESULTS FROM REMOVAL SAMPLIN,
276,95,Site Cleanup Completed (NFA),State-Lead with State Money,1999-10-27,"NFA ISSUED, U10089RSM",
277,96,Confirmed Release,RP-Lead,1992-08-14,,
278,96,LUST Cleanup Initiated,RP-Lead,1992-08-20,INITIATED FREE PRODUCT RECOVERY,
279,97,LUST Cleanup Initiated,RP-Lead,1992-10-12,PER CLOSURE REPORT DATED 11/18/9,
280,97,Confirmed Release,RP-Lead,1992-10-12,PER CLOSURE REPORT DATED 11/18/9,
281,97,Site Cleanup Completed (NFA),RP-Lead,1995-11-28,,
282,98,LUST Cleanup Initiated,RP-Lead,1991-04-11,,
283,98,Confirmed Release,RP-Lead,1991-04-11,RELEASE HAS BEEN DETECTED DURING,
284,98,Site Cleanup Completed (NFA),RP-Lead,1994-05-16,,
285,99,LUST Cleanup Initiated,RP-Lead,1992-06-15,REMVL REPT PG 12 SOIL MGMT BEGAN,
286,99,Confirmed Release,RP-Lead,1992-06-15,PER REMVL REPT,
287,99,Site Cleanup Completed (NFA),RP-Lead,1998-12-08,12/8/98 U11008JAR letter - NFA issued,
288,100,LUST Cleanup Initiated,RP-Lead,1994-05-01,12/15/94 Morrison Knudsen Corporation Report,
289,100,Confirmed Release,RP-Lead,1994-05-06,,
290,100,Site Cleanup Completed (NFA),RP-Lead,2002-02-22,,
291,101,LUST Cleanup Initiated,RP-Lead,1991-06-01,SOIL EXCAVATED & TRANSPORTED DUR,
292,101,Confirmed Release,RP-Lead,1991-06-01,LEAD IN SOIL HIGH PER:MFA REPORT,
293,101,Site Cleanup Completed (NFA),RP-Lead,1994-02-08,,
294,102,Confirmed Release,RP-Lead,1995-03-16,"PHONE CALL TO ROX, LOST 250+ GAL",
295,102,LUST Cleanup Initiated,RP-Lead,1995-04-18,DURING REMOVAL,
296,102,Site Cleanup Completed (NFA),RP-Lead,2002-01-14,Soil sample was below Tier 1 NFA U01014MS,
297,103,Confirmed Release,RP-Lead,1989-07-28,07/27/89,
298,103,LUST Cleanup Initiated,RP-Lead,1990-12-06,,
299,103,Site Cleanup Completed (NFA),State-Lead with State Money,1999-10-14,"NFA ISSUED, UI0041RSM",
300,104,Confirmed Release,RP-Lead,1993-07-28,,
301,104,LUST Cleanup Initiated,RP-Lead,1999-11-17,"UST closure rpt rcv'd 11/15/99; UST pulled 6/22/93,  review report, potential NFA.",
302,104,Site Cleanup Completed (NFA),RP-Lead,2000-02-09,"NFA'd , 12/9/99  U112020JAR",
303,105,Confirmed Release,RP-Lead,1990-04-11,UNITEK ENV ASSMT 4/11/90 (APPEN,
304,105,LUST Cleanup Initiated,RP-Lead,2001-03-01,Site Assessment Report  -- SF,
305,106,LUST Cleanup Initiated,RP-Lead,1993-03-27,FREE PRODUCT REMOVAL/SOIL MGMT D,
306,106,Confirmed Release,RP-Lead,1993-03-27,VIA CLOSURE REPT,
307,106,Site Cleanup Completed (NFA),RP-Lead,1995-02-28,,
308,107,LUST Cleanup Initiated,RP-Lead,1990-03-02,REMOVED SOIL,
309,107,Confirmed Release,RP-Lead,1990-03-02,FROM 1ST RMVL REPORT,
310,107,Site Cleanup Completed (NFA),RP-Lead,2001-05-02,,
311,108,Confirmed Release,RP-Lead,1990-08-18,NOTED CONTAMINATION W/REMOVAL,
312,108,LUST Cleanup Initiated,RP-Lead,1997-10-01,11/1/97 Walker Consultants Report,
313,108,Site Cleanup Completed (NFA),RP-Lead,1998-02-05,2/5/98 UO205JAR letter,
315,109,Confirmed Release,RP-Lead,1991-11-21,VIA NOTIFICATION FORM,
317,110,Confirmed Release,RP-Lead,1991-11-13,,
318,110,LUST Cleanup Initiated,RP-Lead,1992-02-18,2-18-92,
319,110,Site Cleanup Completed (NFA),RP-Lead,1995-10-06,,
320,111,LUST Cleanup Initiated,RP-Lead,1995-08-10,DATE OF UST REMOVAL,
321,111,Confirmed Release,RP-Lead,1995-10-10,DATE OF LAB SAMPLES,
322,112,Confirmed Release,RP-Lead,1994-04-05,VIA CRN ON 03/29/94,
323,112,Disconfirmed Release,RP-Lead,1994-12-01,"12/1/94 Morrison Knudsen Corporation Report - Submitted letter to facility disconfirming release and informing them that we have no further questions regarding closure.  Ltr dated November 12, 1997, U1131JAR",
328,114,LUST Cleanup Initiated,RP-Lead,1992-10-09,,
329,114,Confirmed Release,RP-Lead,1992-10-09,,
330,114,Site Cleanup Completed (NFA),RP-Lead,1997-09-17,9/17/97 U0922LKI Letter - ,
331,115,LUST Cleanup Initiated,RP-Lead,1992-03-20,,
332,115,Confirmed Release,RP-Lead,1992-03-20,,
333,115,Site Cleanup Completed (NFA),RP-Lead,1996-10-21,10/21/96 LETTER,
334,116,Confirmed Release,RP-Lead,1992-11-12,,
335,116,LUST Cleanup Initiated,RP-Lead,1993-03-30,,
336,116,Site Cleanup Completed (NFA),RP-Lead,1997-11-03,11/3/97 U1101EJS Letter - ,
337,117,LUST Cleanup Initiated,RP-Lead,1991-07-12,"Phase II Site Assessment Groundwater Survey, LONGIE'S CRACKED SEED  STORE , 3508 HANAPEPE ROAD, HANAPEPE, HAWAII 96716, prepared by Muranaka Environmental Consultants,Inc., August 11,1999",
338,117,Confirmed Release,RP-Lead,1991-07-12,VIA CLOSURE REPORT DATED 9/11/91,
339,118,Confirmed Release,RP-Lead,1989-12-21,CALL,
340,118,LUST Cleanup Initiated,RP-Lead,1993-07-15,"Further Phase II Site Characterization Report, Dole Packaged Foods Company Emulsion Plant Facility, 750 Fraser Avenue, Lanai City,Lanai Hawaii,  Facility ID 9-402424, Leak ID 900128, dated July 13, 1993 and prepared by Brewer Environmental Services.",
341,118,Exposure Prevention Management Plan,RP-Lead,2005-06-17,,
342,119,LUST Cleanup Initiated,RP-Lead,1993-01-06,SOIL STOCKPILED/REMOVED DURING R,
343,119,Confirmed Release,RP-Lead,1993-01-06,LAB RESULTS FROM REMOVAL,
344,119,Site Cleanup Completed (NFA),RP-Lead,1993-05-17,,
345,120,Confirmed Release,RP-Lead,1992-06-02,,
346,120,LUST Cleanup Initiated,RP-Lead,2001-06-12,closure report received on 6/12/01,
347,120,Site Cleanup Completed (NFA),RP-Lead,2002-02-15,NFA U02043MS,
348,121,Confirmed Release,RP-Lead,1992-10-08,,
349,121,Disconfirmed Release,RP-Lead,1998-02-05,"2/5/98 UO213JAR Letter - tank tightness failure, disconfrimed release.",
350,122,LUST Cleanup Initiated,RP-Lead,1992-05-27,,
351,122,Confirmed Release,RP-Lead,1992-05-27,PER CLOSURE REPT (2ND REMOVAL PR,
352,122,Site Cleanup Completed (NFA),RP-Lead,2001-03-29,,
353,123,Confirmed Release,RP-Lead,1992-10-17,,
354,123,LUST Cleanup Initiated,RP-Lead,1993-02-20,,
355,123,Site Cleanup Completed (NFA),RP-Lead,1995-09-07,,
356,124,LUST Cleanup Initiated,RP-Lead,1992-07-21,SOIL STOCKPILED-REMOVAL-APPENDIX,
357,124,Confirmed Release,RP-Lead,1992-07-21,PER FILE NOTES OF SAME DATE & RE,
358,124,Site Cleanup Completed (NFA),RP-Lead,1993-08-27,,
359,125,LUST Cleanup Initiated,RP-Lead,1991-04-30,4/30/91 Brewer Environmental Services Report - Lab Report from Brewer.,
360,125,Confirmed Release,RP-Lead,1992-04-30,,
361,125,Site Cleanup Completed (NFA),RP-Lead,1998-11-03,11/3/97 U1113SO letter - SO issued NFA 11/3/97.,
362,126,Confirmed Release,RP-Lead,1989-12-20,BEGAN MONITORING-.20 FT FREE PRO,
363,126,LUST Cleanup Initiated,RP-Lead,1992-07-30,AT REMOVAL SOIL WAS STOCKPILED,
364,126,Site Cleanup Completed (NFA),RP-Lead,2001-07-24,"7/24/01, NFA letter U07041SL",
365,127,LUST Cleanup Initiated,RP-Lead,1991-11-05,,
366,127,Confirmed Release,RP-Lead,1991-11-05,,
367,127,Site Cleanup Completed (NFA),RP-Lead,1996-04-04,04/04/96 LETTER,
368,128,LUST Cleanup Initiated,RP-Lead,1993-10-09,,
369,128,Confirmed Release,RP-Lead,1993-10-09,VIA CLOSUURE REPT,
370,128,Site Cleanup Completed (NFA),RP-Lead,1996-03-11,,
371,129,LUST Cleanup Initiated,RP-Lead,1991-10-08,,
372,129,Confirmed Release,RP-Lead,1991-10-08,,
373,129,Site Cleanup Completed (NFA),RP-Lead,1994-12-22,,
374,130,Confirmed Release,RP-Lead,1993-04-05,VIA LETTER,
375,130,LUST Cleanup Initiated,RP-Lead,1999-11-17,"UST closure rpt rcv'd 8/29/97; USTs KB-2,3,4, and 5 w/o releases.  KB-12 with rls.",
376,130,Site Cleanup Completed (NFA),RP-Lead,1999-12-09,NFA'd  11/29/99  U11079JAR,
378,131,Confirmed Release,RP-Lead,1996-03-05,"SOLVENT - CHEVRON 325; VIA 3/5/96 CRN
Note: 9/26/89 BREWER REPORT ON AN UNREGULATED DIESEL RELEASE (USED TO HEAT BOILERS)",
379,131,Case Transferred to HEER (unregulated),RP-Lead,1997-09-11,9/11/97 U0909SO Letter - 550-gallon heating oil tank,
380,131,Site Cleanup Completed (NFA),RP-Lead,1997-09-11,9/11/97 U0910SO gave an NFA to the regulated Stoddard solvent release -- the unregulated diesel release was referred to HEER for any required followup.,
381,131,LUST Cleanup Initiated,RP-Lead,1997-09-11,,
382,132,Confirmed Release,RP-Lead,1994-06-29,VIA NOTIFICATION FORM,
383,132,LUST Cleanup Initiated,RP-Lead,1997-06-26,6/26/97 Masa Fujioka & Associates Report - ,
384,132,Site Cleanup Completed (NFA),RP-Lead,1997-07-30,7/30/97 UO797SO letter - This site was NFA'd per a letter to the Kalihi Uka Fire Station as both the police station and fire station are adjacent and shared the subject USTs.  Both departments mistakenly claimed ownship of the USTs.,
385,133,Confirmed Release,RP-Lead,1989-11-29,,
386,133,LUST Cleanup Initiated,RP-Lead,1990-01-16,,
387,133,Site Cleanup Completed (NFA),RP-Lead,1994-11-10,,
388,134,LUST Cleanup Initiated,RP-Lead,1993-08-02,SOIL STOCKPILED DURING REMOVAL,
389,134,Confirmed Release,RP-Lead,1993-08-02,NOTED DURING REMOVAL,
390,134,Site Cleanup Completed (NFA),RP-Lead,1996-11-04,Letter U1050RB,
391,135,LUST Cleanup Initiated,RP-Lead,1990-09-10,SOIL STOCKPILED AT TIME OF REMOV,
392,135,Confirmed Release,RP-Lead,1990-09-10,VIA TELEPHONE CALL,
393,135,Site Cleanup Completed (NFA),RP-Lead,2001-01-11,NFA U01020RT,
395,136,LUST Cleanup Initiated,RP-Lead,1994-05-24,,
396,136,Site Cleanup Completed (NFA),RP-Lead,1997-08-27,8/27/97 U0851SO,
397,137,Confirmed Release,RP-Lead,1995-08-12,"CALL TO ROGER, DURING REMOVAL",
398,137,LUST Cleanup Initiated,RP-Lead,1995-08-22,PER ROGER: INSPECTION OF SITE-SO,
399,137,Site Cleanup Completed (NFA),RP-Lead,1995-12-15,,
400,138,LUST Cleanup Initiated,RP-Lead,1992-07-01,6/1/97  report,
401,138,Confirmed Release,RP-Lead,1992-07-01,,
402,138,Site Cleanup Completed (NFA),RP-Lead,1998-11-24,11/24/98 NFA letter U11111DH letter,
403,139,Site Cleanup Completed (NFA),RP-Lead,1997-11-07,11/7/97 U1194DH Letter - OHM Final Closure Report dated 6/97 was basis for NFA finding,
404,139,LUST Cleanup Initiated,RP-Lead,1995-04-26,6/1/97 OHM Remediation Services Corp. Report,
405,139,Confirmed Release,RP-Lead,1995-05-03,CALL TO CHRIS-LAB RESULTS,
408,140,LUST Cleanup Initiated,RP-Lead,1988-09-14,,
409,140,Confirmed Release,RP-Lead,1988-09-14,09/14/88,
410,141,Confirmed Release,RP-Lead,1991-06-25,LETTER,
411,141,LUST Cleanup Initiated,RP-Lead,1994-01-31,,
412,141,Site Cleanup Completed (NFA),RP-Lead,1994-12-27,,
413,142,Site Cleanup Completed (NFA),RP-Lead,1992-05-01,,
414,142,LUST Cleanup Initiated,RP-Lead,1992-05-01,,
415,142,Confirmed Release,RP-Lead,1991-10-21,,
416,143,Confirmed Release,RP-Lead,1989-08-09,,
417,143,Disconfirmed Release,RP-Lead,1992-10-22,,
418,144,Monitored Natural Attenuation,RP-Lead,1996-06-06,,
419,144,Confirmed Release,RP-Lead,1988-08-17,,
420,144,LUST Cleanup Initiated,RP-Lead,1988-08-22,REC FREE PRODUCT REPT,
422,145,Confirmed Release,RP-Lead,1992-01-01,11/18/91 REPT RELEASE,
423,145,LUST Cleanup Initiated,RP-Lead,1993-09-23,11-29-91,
424,145,Site Cleanup Completed (NFA),RP-Lead,2001-06-07,,
425,146,LUST Cleanup Initiated,RP-Lead,1986-05-20,,
426,146,Confirmed Release,RP-Lead,1986-05-20,,
427,146,Site Cleanup Completed (NFA),RP-Lead,1992-06-10,,
428,147,Site Cleanup Completed (NFA),RP-Lead,1993-07-16,,
429,147,LUST Cleanup Initiated,RP-Lead,1993-07-16,,
430,147,Confirmed Release,RP-Lead,1993-07-16,VIA CLOSURE REPT,
432,148,Confirmed Release,RP-Lead,1991-03-16,,
433,148,LUST Cleanup Initiated,RP-Lead,1991-06-24,,
434,148,Case Transferred to HEER (unregulated),RP-Lead,1994-11-17,heating oil,
436,149,Confirmed Release,RP-Lead,1990-05-21,,
438,150,Confirmed Release,RP-Lead,1992-02-03,,
439,150,LUST Cleanup Initiated,RP-Lead,1992-02-21,12/29/94  report,
440,150,Site Cleanup Completed (NFA),RP-Lead,1998-11-04,11/4/98 NFA letter U11016DH letter,
441,151,Confirmed Release,RP-Lead,1993-12-15,,
442,151,LUST Cleanup Initiated,RP-Lead,1995-10-27,,
443,151,Site Cleanup Completed (NFA),RP-Lead,2001-10-22,,
445,152,Confirmed Release,RP-Lead,1993-01-20,,
447,153,Confirmed Release,RP-Lead,1989-11-16,,
448,153,LUST Cleanup Initiated,RP-Lead,1989-11-17,PER 2/15/90 ENV SITE ASSMT-FOPCO,
449,153,Site Cleanup Completed (NFA),RP-Lead,1999-09-07,"NFA Issued, UO9074RSM",
450,154,Confirmed Release,RP-Lead,1990-04-20,Via Phone by Neal Nakai of Harry Nakai Inc.,
451,154,LUST Cleanup Initiated,RP-Lead,1996-05-09,1/31/90 Harry Nakai Inc. closure report-RSM,
452,154,Site Cleanup Completed (NFA),State-Lead with State Money,2000-04-19,"NFA ISSUED, U04025RSM",
453,155,Confirmed Release,RP-Lead,1995-05-23,CALL TO ROGER BREWER,
454,155,Site Cleanup Completed (NFA),RP-Lead,1998-03-23,3/23/98 letter U03148EJS,
455,155,LUST Cleanup Initiated,RP-Lead,1998-03-23,8/30/95 Environmental Sciences-Pacific report,
456,156,Confirmed Release,RP-Lead,1989-12-04,PER USPS HON. DIVISION UST PROJE,
457,156,LUST Cleanup Initiated,RP-Lead,1990-07-25,APPROX DATE FOR REMOVAL-SOIL EXC,
458,156,Site Cleanup Completed (NFA),RP-Lead,2000-05-17,U05025JU DOH ltr,
459,157,Confirmed Release,RP-Lead,1989-10-17,,
460,157,Site Cleanup Completed (NFA),RP-Lead,1998-11-27,11/27/98 U11135EJS,
461,157,LUST Cleanup Initiated,RP-Lead,1998-11-27,11/27/98 U11135EJS,
462,158,LUST Cleanup Initiated,RP-Lead,1993-03-01,SOIL STOCKPILED DURING REMOVAL,
463,158,Confirmed Release,RP-Lead,1993-03-12,DATE LAB RESULTS CONFIRMED RELEA,
464,158,Disconfirmed Release,RP-Lead,1998-04-14,4/14/98 u03111jar letter,
465,159,Confirmed Release,RP-Lead,1992-10-08,,
466,159,LUST Cleanup Initiated,RP-Lead,1993-02-17,,
467,159,Site Cleanup Completed (NFA),RP-Lead,1993-02-24,,
468,160,Confirmed Release,RP-Lead,1994-09-02,VIA CRN DATED 8/30/94,
469,160,LUST Cleanup Initiated,RP-Lead,1994-11-02,,
470,160,Site Cleanup Completed (NFA),RP-Lead,1994-11-02,,
471,161,Confirmed Release,RP-Lead,1992-10-06,VIA CRN,
472,161,Site Cleanup Completed (NFA),RP-Lead,2003-02-12,"NFA'd based on site assessment conducted in December 2002, Issued NFA on 2/11/12003, UO2014JAR",
473,161,LUST Cleanup Initiated,RP-Lead,2003-02-12,Site assessment in December 2002,
474,162,Confirmed Release,RP-Lead,1992-09-28,VIA CRN,
475,162,Site Cleanup Completed (NFA),RP-Lead,1996-05-20,5/20/96 U0524RB letter,
476,162,LUST Cleanup Initiated,RP-Lead,1996-05-20,4/17/96 Dawson Environmental report,
477,163,LUST Cleanup Initiated,RP-Lead,1992-08-14,SOIL MGMT BEGAN DURING REMOVAL-R,
478,163,Confirmed Release,RP-Lead,1992-08-14,PER REMOVAL REPT PG 7,
479,163,Site Cleanup Completed (NFA),RP-Lead,1993-11-05,,
480,164,Confirmed Release,RP-Lead,1994-02-18,,
481,164,LUST Cleanup Initiated,RP-Lead,1994-02-18,,
482,164,Site Cleanup Completed (NFA),RP-Lead,1998-05-18,5/18/98 U0518JAR letter,
483,165,Confirmed Release,RP-Lead,1988-05-18,,
484,165,LUST Cleanup Initiated,RP-Lead,1995-03-23,DATE FOR SITE ASSMT NO CONTAMINT,
485,165,Site Cleanup Completed (NFA),RP-Lead,1995-10-11,,
486,166,Confirmed Release,RP-Lead,1994-03-08,,
487,166,Site Cleanup Completed (NFA),RP-Lead,1994-03-10,,
488,166,LUST Cleanup Initiated,RP-Lead,1994-03-10,,
489,167,LUST Cleanup Initiated,RP-Lead,1990-11-21,"FREE PROD REMOVAL & SOIL BERMED, UST Closure Report, 12/3/93, prepared by BES. Phase II Site Characterization,  8 / 22 / 99, 11/ 15 / 99,  prepared by WMF Hawaii.",
490,167,Confirmed Release,RP-Lead,1990-11-21,,
492,168,Confirmed Release,RP-Lead,1991-12-11,,
494,169,Confirmed Release,RP-Lead,1994-01-26,PHONE CALL ON 2/8/94 RE:LAB RESU,
495,169,LUST Cleanup Initiated,RP-Lead,1994-01-26,SOIL MGMT DURING TANK REMVL,
496,169,Site Cleanup Completed (NFA),RP-Lead,1995-01-30,,
498,170,Confirmed Release,RP-Lead,1993-09-28,,
499,170,LUST Cleanup Initiated,RP-Lead,1993-10-22,,
501,171,Confirmed Release,RP-Lead,1994-01-25,,
502,171,LUST Cleanup Initiated,RP-Lead,1994-05-16,"5/16/97 Inter Island Environmental Services, Inc. Report",
503,171,Site Cleanup Completed (NFA),RP-Lead,1999-06-09,"Inter Island Environmental Services, Inc letter dated 6/3/99    U06014JU DOH ltr",
504,172,Confirmed Release,RP-Lead,1990-11-30,,
505,172,Site Cleanup Completed (NFA),RP-Lead,2000-04-17,"NFA ISSUED, U04017RSM",
506,172,LUST Cleanup Initiated,RP-Lead,2000-04-17,11/30/90-WCC Closure Report,
507,173,Confirmed Release,RP-Lead,1991-07-12,,
508,173,LUST Cleanup Initiated,RP-Lead,1993-11-04,,
509,173,Site Cleanup Completed (NFA),RP-Lead,1998-09-11,9/11/98 U08138DH letter,
510,174,LUST Cleanup Initiated,RP-Lead,1994-03-08,,
511,174,Confirmed Release,RP-Lead,1994-03-08,DURING REMOVAL,
512,174,Site Cleanup Completed (NFA),RP-Lead,1996-01-22,,
513,175,Confirmed Release,RP-Lead,1994-01-06,TRANSFERRED FROM HEER OFFICE,
514,175,LUST Cleanup Initiated,RP-Lead,1994-05-04,,
515,175,Site Cleanup Completed (NFA),RP-Lead,1994-11-30,,
516,176,Confirmed Release,RP-Lead,1992-05-22,,
517,176,LUST Cleanup Initiated,RP-Lead,1992-08-07,,
518,176,Site Cleanup Completed (NFA),RP-Lead,1994-08-09,,
519,177,Confirmed Release,RP-Lead,1989-12-01,RELEASE NOT CONFIRMED YET-SEE CO,
520,177,LUST Cleanup Initiated,RP-Lead,1996-06-06,,
521,177,Site Cleanup Completed (NFA),RP-Lead,1998-12-09,12/9/98 U12028LKI letter,
522,178,Confirmed Release,RP-Lead,1994-11-07,VIA CRN,
523,178,LUST Cleanup Initiated,RP-Lead,1995-01-03,11/3/93 HIES Closure Report,
524,179,LUST Cleanup Initiated,RP-Lead,1994-05-26,PER:FILE NOTES 5/26/94 SOIL MGMT,
525,179,Confirmed Release,RP-Lead,1994-05-26,,
526,179,Site Cleanup Completed (NFA),RP-Lead,1998-09-01,11/20/98 U11009JAR letter - NFA issued,
527,180,LUST Cleanup Initiated,RP-Lead,1994-10-24,,
528,180,Confirmed Release,RP-Lead,1994-10-24,Date of UST Pull,
529,180,Site Cleanup Completed (NFA),RP-Lead,1995-01-01,9/25/98 UO9119JAR letter,
531,181,Confirmed Release,RP-Lead,1995-10-05,CALL TO ROGER-NOTED DURING REMOV,
533,182,Monitored Natural Attenuation,RP-Lead,1993-02-10,,
534,182,Confirmed Release,RP-Lead,1993-02-03,,
535,182,LUST Cleanup Initiated,RP-Lead,1994-12-15,5/18/95 Masa Fujioka & Associates Report - ,
536,182,Site Cleanup Completed (NFA),,2005-05-25,U05053RT  NFA,
537,183,Confirmed Release,RP-Lead,1993-07-27,VIA CRN DATED 06/07/93,
538,183,LUST Cleanup Initiated,RP-Lead,1993-08-12,,
539,183,Site Cleanup Completed (NFA),RP-Lead,1993-08-23,,
540,184,Confirmed Release,RP-Lead,1989-11-29,,
541,184,LUST Cleanup Initiated,RP-Lead,1992-10-08,,
542,184,Site Cleanup Completed (NFA),RP-Lead,2000-06-01,"NFA LETTER ISSUED, U05049RSM",
543,185,LUST Cleanup Initiated,RP-Lead,1994-04-20,,
544,185,Confirmed Release,RP-Lead,1994-04-20,,
545,185,Site Cleanup Completed (NFA),RP-Lead,1994-10-18,,
546,186,Confirmed Release,RP-Lead,1995-11-08,,
547,186,LUST Cleanup Initiated,RP-Lead,1996-01-31,3/11/96 Masa Fujioka & Associates Report - ,
548,186,Site Cleanup Completed (NFA),RP-Lead,1997-12-22,12/22/97 U1276SO letter,
549,187,Confirmed Release,RP-Lead,1990-05-03,DURING RMVL/REPLACEMENT-PER SAMP,
550,187,LUST Cleanup Initiated,RP-Lead,1990-05-16,FIRST EXCAVATION DATE-PER SAMPLI,
551,187,Site Cleanup Completed (NFA),RP-Lead,1998-10-30,10/30/98 U10112EJS,
552,188,Confirmed Release,RP-Lead,1989-06-14,,
553,188,LUST Cleanup Initiated,RP-Lead,1989-11-03,"PER 9/26/91 MFA REPORT PGS-1,4",
554,188,Site Cleanup Completed (NFA),RP-Lead,1993-08-11,NFA BY DOH,
555,189,Confirmed Release,RP-Lead,1993-11-01,,
556,189,LUST Cleanup Initiated,RP-Lead,1998-08-03,6/1/97 Ogden EECI Closure Report-RSM,
557,189,Site Cleanup Completed (NFA),State-Lead with State Money,1999-09-27,"NFA ISSUED, UO9063RSM",
558,190,Confirmed Release,RP-Lead,1989-10-20,,
559,190,LUST Cleanup Initiated,RP-Lead,1990-05-20,,
560,190,Site Cleanup Completed (NFA),RP-Lead,1995-10-24,,
561,191,LUST Cleanup Initiated,RP-Lead,1995-07-01,PER REMOVAL REPORT,
562,191,Confirmed Release,RP-Lead,1995-07-01,CALL TO ERIC,
563,191,Site Cleanup Completed (NFA),RP-Lead,1995-10-24,,
564,192,Confirmed Release,RP-Lead,1990-03-14,,
565,192,LUST Cleanup Initiated,RP-Lead,2001-08-22,"Closure &Site remediation of USTs No's 1-3, July 1997, Comprehensive Long Term Env Action for NS-77, UST no 1-3, report dated  8/00., & rcvd6/01.",
566,192,Site Cleanup Completed (NFA),,2005-05-27,letter U05068CP,
568,193,Confirmed Release,RP-Lead,1994-03-31,VIA NOTIFICATION FORM,
570,194,Confirmed Release,RP-Lead,1994-10-19,PER TELEPHONE CALL,
571,194,LUST Cleanup Initiated,RP-Lead,1995-06-02,,
572,194,Site Cleanup Completed (NFA),RP-Lead,1995-06-02,DOH NFA LETTER,
573,195,LUST Cleanup Initiated,RP-Lead,1993-09-22,SOIL STOCKPILED DURING REMOVAL,
574,195,Confirmed Release,RP-Lead,1993-09-22,,
575,195,Site Cleanup Completed (NFA),RP-Lead,1997-07-23,U0770JS,
576,196,LUST Cleanup Initiated,RP-Lead,1992-11-20,,
577,196,Confirmed Release,RP-Lead,1992-11-20,,
578,196,Site Cleanup Completed (NFA),RP-Lead,2001-07-03,,
579,197,LUST Cleanup Initiated,RP-Lead,1992-10-02,SOIL MGMT,
580,197,Confirmed Release,RP-Lead,1992-10-02,PER CLOSURE REPORT,
581,197,Site Cleanup Completed (NFA),RP-Lead,1996-09-10,Letter U0918RB,
582,198,Confirmed Release,RP-Lead,1996-01-12,CALL TO JOSE RUIZ-NOTED DURING R,
583,198,Site Cleanup Completed (NFA),RP-Lead,1999-01-05,1/5/99 U01018JU letter,
584,198,LUST Cleanup Initiated,RP-Lead,1999-01-05,1/12/96 Environmental Sciences-Pacific report,
587,199,Confirmed Release,RP-Lead,1991-11-26,REPT 11/25/91,
588,200,Confirmed Release,RP-Lead,1990-05-03,REMOVAL REPT PG.6 (NO INFO RE:DI,
589,200,Site Cleanup Completed (NFA),RP-Lead,2000-03-28,"NFA ISSUED, U03034RSM",
590,200,LUST Cleanup Initiated,RP-Lead,2000-03-28,,
591,201,LUST Cleanup Initiated,RP-Lead,1995-05-13,SOIL MGMT BEGAN DURING REMOVAL,
592,201,Confirmed Release,RP-Lead,1995-05-13,DATE OF REMOVAL,
593,201,Site Cleanup Completed (NFA),RP-Lead,1995-10-25,,
594,202,Confirmed Release,RP-Lead,1995-02-15,VIA CALL,
595,202,LUST Cleanup Initiated,RP-Lead,1995-03-01,Closure Report,
596,202,Site Cleanup Completed (NFA),RP-Lead,1996-11-04,Letter U1070JAR,
597,203,Confirmed Release,RP-Lead,1993-11-12,,
598,203,LUST Cleanup Initiated,RP-Lead,1995-01-09,SOIL MGMT BEGAN DURING REMOVAL,
599,203,Site Cleanup Completed (NFA),RP-Lead,1995-03-31,NFA LTR,
600,204,Confirmed Release,RP-Lead,1994-02-03,,
601,204,LUST Cleanup Initiated,RP-Lead,1994-05-13,APRIL 94 REPORT,
602,204,Site Cleanup Completed (NFA),RP-Lead,2006-07-27,NFA U07040RT,
603,205,Confirmed Release,RP-Lead,1991-04-15,PER REMOVAL REPORT,
604,205,LUST Cleanup Initiated,RP-Lead,1991-10-01,REMOVAL REPORT PG 4,
605,206,Confirmed Release,RP-Lead,1988-09-08,,
606,206,LUST Cleanup Initiated,RP-Lead,1988-12-13,,
607,206,Site Cleanup Completed (NFA),RP-Lead,1999-11-04,"NFA ISSUED, U11012RSM",
608,207,Confirmed Release,RP-Lead,1992-01-01,REPT 11/25/91,
610,208,Confirmed Release,RP-Lead,1989-11-13,11/13/89 letter from Shidler Group (master lessee),
611,208,Site Cleanup Completed (NFA),RP-Lead,1990-01-29,9/28/98 UO9120JAR letter,
612,208,LUST Cleanup Initiated,RP-Lead,1990-01-29,1/29/90 UEC report report,
616,210,LUST Cleanup Initiated,RP-Lead,1989-10-11,,
617,210,Confirmed Release,RP-Lead,1989-10-11,,
618,210,Site Cleanup Completed (NFA),RP-Lead,1993-12-16,,
619,211,LUST Cleanup Initiated,RP-Lead,1992-03-06,,
620,211,Confirmed Release,RP-Lead,1992-04-14,,
621,211,Site Cleanup Completed (NFA),RP-Lead,1996-02-26,2/26/96 U0242ES,
622,212,Confirmed Release,RP-Lead,1992-07-01,PER MFA REPT OF 1/5/93 PG1,
623,212,LUST Cleanup Initiated,RP-Lead,1993-01-01,1/1/93 Masa Fujioka & Associates Report - Letter sent on 9/29/97 asking them to resample,
624,212,Site Cleanup Completed (NFA),RP-Lead,2001-04-17,U04027JU ltr,
625,213,Confirmed Release,RP-Lead,1994-06-29,VIA NOTIFICATION FORM,
626,213,LUST Cleanup Initiated,RP-Lead,1995-11-27,,
627,213,Site Cleanup Completed (NFA),RP-Lead,2001-12-26,,
628,214,Confirmed Release,RP-Lead,1989-04-17,"FAILED TANK TEST,COULD'NT HOLD P",
629,214,LUST Cleanup Initiated,RP-Lead,1989-07-05,SOIL STOCKPILED WHEN TANK REMOVE,
630,214,Site Cleanup Completed (NFA),RP-Lead,2001-01-17,,
631,215,LUST Cleanup Initiated,RP-Lead,1990-01-16,,
632,215,Confirmed Release,RP-Lead,1990-01-16,,
633,215,Site Cleanup Completed (NFA),RP-Lead,1994-10-31,,
634,216,Confirmed Release,RP-Lead,1992-12-23,VIA CRN,
635,216,Site Cleanup Completed (NFA),RP-Lead,1994-03-03,,
636,216,LUST Cleanup Initiated,RP-Lead,1994-03-03,,
637,217,Confirmed Release,RP-Lead,1995-02-27,TO KIM SAVAGE,
638,217,LUST Cleanup Initiated,RP-Lead,1995-05-05,"Walker Consultants, Ltd. UST Closure Rept., May 1995",
639,217,Site Cleanup Completed (NFA),RP-Lead,1997-07-02,"NFA letter U0708JS, 07/02/97",
640,218,Confirmed Release,RP-Lead,1989-11-02,,
641,218,LUST Cleanup Initiated,RP-Lead,1992-03-18,F,
642,218,Site Cleanup Completed (NFA),RP-Lead,1994-06-17,,
643,218,Site Cleanup Completed (NFA),RP-Lead,1994-06-22,,
644,219,Confirmed Release,RP-Lead,1992-02-13,,
645,219,LUST Cleanup Initiated,RP-Lead,1993-10-26,,
646,219,Site Cleanup Completed (NFA),RP-Lead,1994-11-21,,
647,220,Confirmed Release,RP-Lead,1994-04-07,CRN form received 4/20/94,
648,220,LUST Cleanup Initiated,RP-Lead,1996-08-14,closure report received 8/14/96,
649,220,Site Cleanup Completed (NFA),RP-Lead,2006-05-03,NFA letter U04022RT,
650,221,Confirmed Release,RP-Lead,1991-10-23,,
651,221,LUST Cleanup Initiated,RP-Lead,1993-09-27,11-27-91,
652,221,Site Cleanup Completed (NFA),RP-Lead,2001-10-23,NFA'd 10/19/01  U10048JAR,
653,222,Confirmed Release,RP-Lead,1990-07-09,DATE OF PHONE CALL; ACTUAL RELEASE DATE UNKNOWN,
654,222,LUST Cleanup Initiated,RP-Lead,1996-10-18,CONT. SOIL REMOVED,
655,222,Site Cleanup Completed (NFA),State-Lead with State Money,1999-08-27,"NFA issued, UO8120RSM",
656,223,Confirmed Release,RP-Lead,1992-01-29,,
657,223,LUST Cleanup Initiated,RP-Lead,2002-02-25,,
658,223,Site Cleanup Completed (NFA),RP-Lead,2002-04-12,,
659,224,LUST Cleanup Initiated,RP-Lead,1994-04-23,,
660,224,Confirmed Release,RP-Lead,1994-04-23,,
661,224,Site Cleanup Completed (NFA),RP-Lead,1999-02-01,"3/18/99 NFA letter,  UO3057JAR letter",
662,225,LUST Cleanup Initiated,RP-Lead,1990-05-16,,
663,225,Confirmed Release,RP-Lead,1990-05-16,,
664,225,Site Cleanup Completed (NFA),RP-Lead,1998-02-12,3/9/98 UO357JAR letter,
665,226,LUST Cleanup Initiated,RP-Lead,1993-07-24,"EXCAVATED SOILS DURING REMOVAL                                                                                                             Long Term Release Response Activities, January 24, 1994, Unitek , 
 Quarterly Cleanup Progress  Report, 11/18/94,  Unitek",
666,226,Confirmed Release,RP-Lead,1993-07-24,RELEASE NOTED DURING REMOVAL (DU,
667,227,Confirmed Release,RP-Lead,1995-06-14,CALL TO ERIC S. (DURING REMOVAL-,
668,227,LUST Cleanup Initiated,RP-Lead,1995-10-04,,
669,227,Site Cleanup Completed (NFA),RP-Lead,1996-05-21,,
670,228,Confirmed Release,RP-Lead,1988-03-11,,
671,228,LUST Cleanup Initiated,RP-Lead,1988-07-01,FREE PRODUCT RECOVERY INITIATED-3/20/97 KBEI report - Plume has been delineated. Their next course of action will be watching the plume for natural attenuation,
672,229,Confirmed Release,RP-Lead,1993-08-06,NOTED DURING REMOVAL,
673,229,LUST Cleanup Initiated,RP-Lead,1993-10-20,SOIL EXCAVATED DURING RELEASE RE,
674,229,Site Cleanup Completed (NFA),RP-Lead,1997-06-05,U0550JAR 6/5/97,
675,230,LUST Cleanup Initiated,RP-Lead,1995-09-30,SOIL MGMT BEGAN DURING REMOVAL C,
676,230,Confirmed Release,RP-Lead,1995-09-30,CALL TO ROXANNE-RELEASE NOTED DU,
677,230,Site Cleanup Completed (NFA),RP-Lead,1996-04-03,Letter U0403ES,
678,231,LUST Cleanup Initiated,RP-Lead,1991-03-22,SOIL STOCKPILED DURING REMOVAL P,
679,231,Confirmed Release,RP-Lead,1991-03-22,CONTAMINATION NOTED DURING REMOV,
680,231,Site Cleanup Completed (NFA),RP-Lead,1998-11-18,7/10/92 UNITEK rpt report - NFA sent 11/18/98 -rt,
682,232,Confirmed Release,RP-Lead,1992-01-01,REPT 11/25/91,
684,233,Confirmed Release,RP-Lead,1990-06-12,,
685,233,LUST Cleanup Initiated,RP-Lead,1991-06-27,SEE 4/6/92 REPT,
686,233,Site Cleanup Completed (NFA),RP-Lead,1995-01-30,,
687,234,Confirmed Release,RP-Lead,1992-03-12,,
688,234,LUST Cleanup Initiated,RP-Lead,1993-09-23,4-29-92,
689,234,Site Cleanup Completed (NFA),RP-Lead,1998-12-08,12/8/98 U11010JAR letter - NFA issued,
690,235,Confirmed Release,RP-Lead,1991-05-31,LETTER,
691,235,LUST Cleanup Initiated,RP-Lead,1994-01-18,"Letter Report, Site Sampling Activities and Soil Management Unit Closures, Dole Packaged Foods Company Transfer Station, Lanai Plantation, Lanai, Hawaii, dated January 18, 1994 and prepared by Brewer Environmental Services.",
692,235,Site Cleanup Completed (NFA),RP-Lead,2001-08-28,,
693,236,Confirmed Release,RP-Lead,1991-04-12,PHONE CALL 3/28/91/LETTER 4/12/9,
694,236,LUST Cleanup Initiated,RP-Lead,1992-04-14,CONTAMINATED SOIL EXCAVATION BEG,
695,236,Site Cleanup Completed (NFA),RP-Lead,2002-02-08,,
696,237,Confirmed Release,RP-Lead,1992-09-30,LAB RESULTS FROM SAMPLING DURING,
697,237,Site Cleanup Completed (NFA),RP-Lead,1997-08-28,8/28/97 U0865ES,
698,237,LUST Cleanup Initiated,RP-Lead,1997-08-28,12/96 EA report,
699,238,Confirmed Release,RP-Lead,1995-10-13,CALL TO JACK,
700,238,Disconfirmed Release,RP-Lead,1997-05-30,"5/30/97 Walker Consultants Report - Issued NFA letter and removal of release identification #, on 5/30/97.",
701,239,Confirmed Release,RP-Lead,1995-06-20,CALL TO ROGER,
702,239,LUST Cleanup Initiated,RP-Lead,1995-06-22,"Underground Storage Tank (UST) Closure, Two 8,000-Gallon
gasoline Tank and one 5,000-Gallon gasoline Tank, DOH Facility I.D. 9-201183, Ewa Mart / Aloha Petroleum, 91-831 Ft. Weaver Road, Ewa Beach, Oahu, Hawaii, dated August 17, 1995, and prepared by Masa Fujioka & Associates (MFA) 

U02005SL letter",
703,239,Site Cleanup Completed (NFA),RP-Lead,2001-12-11,,
704,240,Confirmed Release,RP-Lead,1987-10-29,,
705,240,Disconfirmed Release,RP-Lead,1997-06-19,"Information in the file is too sketchy to allow followup, therefore we are closing this case.",
706,241,Confirmed Release,RP-Lead,1993-12-23,S/B 07/19/93,
707,241,LUST Cleanup Initiated,RP-Lead,1994-03-10,,
708,241,Site Cleanup Completed (NFA),RP-Lead,2000-01-18,"NFA ISSUED, U01019RSM",
709,242,Confirmed Release,RP-Lead,1993-09-02,VIA MARCH 1994 CLOSURE REPT,
710,242,LUST Cleanup Initiated,RP-Lead,1993-09-03,PER CLOSURE REPT - SOIL MGMT,
711,242,Site Cleanup Completed (NFA),RP-Lead,1995-05-10,DOH NFA LETTER,
712,243,Confirmed Release,RP-Lead,1992-03-11,,
713,243,Site Cleanup Completed (NFA),RP-Lead,1993-09-14,8-27-93,
714,243,LUST Cleanup Initiated,RP-Lead,1993-09-14,6/21/93,
715,244,LUST Cleanup Initiated,RP-Lead,1990-09-12,,
716,244,Confirmed Release,RP-Lead,1990-09-12,,
717,244,Site Cleanup Completed (NFA),RP-Lead,1998-01-21,1/21/98 U0130SO letter,
718,245,Confirmed Release,RP-Lead,1995-07-06,CALL TO CHRIS PROKOP,
719,245,LUST Cleanup Initiated,RP-Lead,1995-07-07,TRPH=237 MG/KG ALL OTHERS ND,
720,245,Site Cleanup Completed (NFA),RP-Lead,1995-07-14,,
721,246,Confirmed Release,RP-Lead,1994-11-11,VIA CRN,
722,246,LUST Cleanup Initiated,RP-Lead,1995-01-10,PER HIES REPT-INITIAL SITE CHARA,
723,246,Site Cleanup Completed (NFA),RP-Lead,1998-09-24,9/24/98 U09122LKI letter,
724,247,Confirmed Release,RP-Lead,1992-01-03,REPT RELEASE TO DOH 11/13/91,
725,247,LUST Cleanup Initiated,RP-Lead,1993-10-15,,
726,247,Site Cleanup Completed (NFA),RP-Lead,1994-02-11,,
727,248,Confirmed Release,RP-Lead,1992-04-01,RELEASE REPT 03/13/92,
728,248,Site Cleanup Completed (NFA),RP-Lead,1993-07-30,,
729,248,LUST Cleanup Initiated,RP-Lead,1993-07-30,,
730,249,LUST Cleanup Initiated,RP-Lead,1994-07-28,,
731,249,Confirmed Release,RP-Lead,1994-07-28,,
732,249,Site Cleanup Completed (NFA),RP-Lead,1994-11-22,,
733,250,LUST Cleanup Initiated,RP-Lead,1992-05-23,SOIL MGMT BEGAN DURING REMOVAL-R,
734,250,Confirmed Release,RP-Lead,1992-05-23,NOTED DURING REMOVAL,
735,250,Site Cleanup Completed (NFA),RP-Lead,1999-03-04,3/4/99 U03016JU letter,
736,251,LUST Cleanup Initiated,RP-Lead,1994-01-24,SOIL MGMT BEGAN DURING REMOVAL P,
737,251,Confirmed Release,RP-Lead,1994-01-24,DURING REMOVAL PROJECT,
738,251,Site Cleanup Completed (NFA),State-Lead with State Money,1999-10-19,"NFA ISSUED, UIOO52RSM",
740,252,Confirmed Release,RP-Lead,1990-01-15,REMOVAL 1988/SITE ASSMT 1/90 FOU,
741,252,LUST Cleanup Initiated,RP-Lead,1990-08-01,"PG 1 SIMON-EEI, INC. PROGRESS RE",
743,253,LUST Cleanup Initiated,RP-Lead,1991-11-20,,
744,253,Confirmed Release,RP-Lead,1991-11-20,,
745,253,Site Cleanup Completed (NFA),RP-Lead,1994-12-05,8,
746,254,LUST Cleanup Initiated,RP-Lead,1989-04-13,"PER DAMES & MOORE REPORT, 5/25/9",
747,254,Confirmed Release,RP-Lead,1989-04-13,,
748,254,Site Cleanup Completed (NFA),RP-Lead,1995-08-16,DOH NFA LETTER,
750,255,Confirmed Release,RP-Lead,1992-05-12,,
751,255,LUST Cleanup Initiated,RP-Lead,1993-10-06,SOIL MGMT BEGAN DURING REMOVAL,
752,256,LUST Cleanup Initiated,RP-Lead,1994-11-28,6/1/95 Walker Consultants Report,
753,256,Confirmed Release,RP-Lead,1994-11-29,VIA CALL,
754,256,Site Cleanup Completed (NFA),RP-Lead,1998-04-08,4/8/98 DOH letter - U0421JS,
755,257,LUST Cleanup Initiated,RP-Lead,1994-10-19,,
756,257,Confirmed Release,RP-Lead,1994-10-19,VIA CALL,
757,257,Site Cleanup Completed (NFA),RP-Lead,1994-12-22,,
759,258,Confirmed Release,RP-Lead,1992-04-01,,
761,259,LUST Cleanup Initiated,RP-Lead,1991-02-11,,
762,259,Confirmed Release,RP-Lead,1991-02-11,CALL,
763,259,Site Cleanup Completed (NFA),RP-Lead,1995-05-11,,
764,260,Confirmed Release,RP-Lead,1989-12-11,"DOH letter dated July 13, 2006(U07017SL): 

Mr. Steven Piper
Director, Physical Plant
Punahou School
1601 Punahou Street
Honolulu, Hawaii 96822 

Dear Mr. Piper:

SUBJECT: Punahou School - Maintenance Shop
                1601 Punahou Street
                 Facility ID 9-100297/ Release ID 900015	

The Department of Health (DOH) has reviewed the following reports: 

1. TIER III Direct- Exposure Risk Assessment Report, dated October 28, 1996, and prepared by your office.

2. Residual Gasoline Constituents in Soil Resulting From a UST Release at Punahou School, 1601 Punahou Street, Honolulu, Oahu, Hawaii, 96822, dated January 5, 1995, and prepared by Brewer Environmental Services.

3. Soil Excavation, Punahou School, 1601 Punahou Street, Honolulu, Oahu, Hawaii, 96822, dated July 26, 1993, and prepared by Brewer Environmental Services.

Please note the reports have been placed with the public record for the facility.

This letter follows the March 24, 2006, telephone call and message left for you by  Mr. Shaobin Li of DOH, and conversations between Mr. Randy Overton, your Assistant Director, and Mr. Li on June 28, 2006, regarding the reporting status of the site.

According to the July 26, 1993, Soil Excavation report, as indicated in Table 2: 
Laboratory Analytical Results, BESD Job #3505 Punahou School, contaminated soil was present at soil sample 3505.W-wall at 14 feet depth below ground surface (bgs) in the subsurface soils.  Benzene was detected at a concentration of 46 mg/kg, and ethylbenzene at 137 mg/kg, higher than their respective DOH Tier 1 action levels.

Based on the information provided in the October 28, 1996, report, the extent of contaminated soil left in place was 25 cubic meters with thickness of two meters.  In response to your October 28, 1996, report, the DOH letter (U1052RB) stated the contaminated soil present under the paved area at the site can be safely managed in place without posing a potential threat to groundwater as long as the integrity of the pavement capping the soil is maintained. However, if pavement capping the soil is removed or the contaminated soil is otherwise exposed during development activities at the site then the soil should be re-sampled and managed in accordance with DOH guidelines (e.g., immediately recapped and/or excavated or remediated).   

The results of the investigation and any actions taken including groundwater monitoring and soil sampling results should be submitted to our office for review.  Please re-sample the areas of known soil contamination as indicated above to determine contaminant concentrations in soil, and submit your report(s) as soon as possible to this office.

We appreciate your cooperation and prompt attention to this matter.  If you have any questions regarding this letter, please contact Mr. Shaobin Li of our Underground Storage Tank Section at (808) 586-4226.

Sincerely,

STEVEN Y.K. CHANG, P.E., CHIEF
Solid and Hazardous Waste Branch

Draft letter dated January 17, 2007(U-SL): 

Mr. Steven Piper
Director, Physical Plant
Punahou School
1601 Punahou Street
Honolulu, Hawaii 96822 

Dear Mr. Piper:

SUBJECT:		Punahou School - Maintenance Shop
			1601 Punahou Street
			Facility ID 9-100297/ Release ID 900015	

The Department of Health (DOH) has reviewed the following report: ""Site Investigation Report, Soil & Groundwater Investigation , Punahou School, Maintenance Facility, Former UST Site, 1601 Punahou Street, Honolulu, Oahu, Hawaii, 96822"", dated 
November 16, 2006, and prepared by Environet, Inc.  Please note the report has been placed with the public record for the facility.

Based on the information submitted, we conclude that no further action is necessary for this release.  However, please note that state law requires any detectable level of petroleum contamination discovered in the sub-surface of current or former UST facilities to be reported to this office within 24 hours, including de minimis contamination, contamination found at concentrations lower than DOH Tier 1 action levels, and contamination found after receiving a ""No Further Action"" letter from DOH.  In addition, groundwater monitoring well(s) should be removed or closed according to the Department of Land and Natural Resources' well abandonment policy. Old or damaged monitoring wells are potential conduits for contamination to the groundwater aquifer, and liability lies with the owner/installer of the monitoring well(s) as well as the landowner. A report that documents the proper abandonment of the well(s) should be submitted to this office for inclusion in the public record for the facility.
 
If you have any questions regarding this letter, please contact Mr. Shaobin Li of our Underground Storage Tank Section at (808) 586-4226.

Sincerely,



STEVEN Y.K. CHANG, P.E., CHIEF
Solid and Hazardous Waste Branch",
765,260,LUST Cleanup Initiated,RP-Lead,1993-06-21,"REPT 7/26/93 BREWER-Soil  EXCAVAT     Soil  Remediation Report, Punahou School, 1601 Punahou Street, Honolulu, Oahu, Hawaii 96822, BES Job #3704, dated April 27,1994, prepared by Brewer Environmental Services,
Exposure Prevention Management Plan (EPMP), U1052RB, 10/28/96",
766,261,Confirmed Release,RP-Lead,1991-02-21,,
767,261,LUST Cleanup Initiated,RP-Lead,1997-09-05,9/2/97 cover letter to 8/25/97 report,
768,261,Site Cleanup Completed (NFA),RP-Lead,1997-10-29,10/29/97 U10162EJS,
769,262,Confirmed Release,RP-Lead,1993-08-01,THIS IS THE 2ND RELEASE FOR THIS,
770,262,LUST Cleanup Initiated,RP-Lead,1993-09-23,,
771,262,Site Cleanup Completed (NFA),RP-Lead,1993-10-27,,
772,263,LUST Cleanup Initiated,RP-Lead,1989-11-03,"FREE PRODUCT REMOVED DURING TANK   Leeward Petroleum (L-0837) 85-723 Farrington Highway, Waianae, Hawaii, Groundwater Monitoring and Cleanup Progress Report, Second Quarter, 1999, dated July 15, 1999,  prepared  by Dawson Environmental Services, Inc. (DESI)",
773,263,Confirmed Release,RP-Lead,1989-11-03,,
775,264,LUST Cleanup Initiated,RP-Lead,1991-03-28,7/12/91 CLOSURE REPORT PG 5:FREE,
776,264,Confirmed Release,RP-Lead,1991-03-28,7/12/91 CLOSURE REPT SOIL/WATER,
777,265,Confirmed Release,RP-Lead,1987-01-29,,
778,265,LUST Cleanup Initiated,RP-Lead,1996-06-06,,
780,266,Confirmed Release,RP-Lead,1993-07-06,VIA LETTER,
781,266,Site Cleanup Completed (NFA),RP-Lead,1994-07-05,,
782,266,LUST Cleanup Initiated,RP-Lead,1994-07-05,,
783,267,Confirmed Release,RP-Lead,1993-12-09,,
784,267,LUST Cleanup Initiated,RP-Lead,1993-12-09,,
785,267,Site Cleanup Completed (NFA),RP-Lead,1998-01-04,5/14/98 UO552JAR letter,
786,268,LUST Cleanup Initiated,RP-Lead,1994-09-12,,
787,268,Confirmed Release,RP-Lead,1994-09-12,,
788,268,Site Cleanup Completed (NFA),RP-Lead,1998-09-21,9/21/98 U09103EJS letter,
789,269,LUST Cleanup Initiated,RP-Lead,1993-08-23,SOIL STOCKPILED DURING REMOVAL P,
790,269,Confirmed Release,RP-Lead,1993-08-23,PHONE CALL OCCURRED DURING REMOV,
791,269,Site Cleanup Completed (NFA),RP-Lead,1997-07-30,7/30/97 U0794SO,
792,270,Confirmed Release,RP-Lead,1995-06-08,CALL TO ERIC,
793,270,Disconfirmed Release,RP-Lead,1995-06-13,7/17/95 Brewer Environmental Services Report,
794,271,Confirmed Release,RP-Lead,1992-01-08,,
795,271,LUST Cleanup Initiated,RP-Lead,1994-06-08,  report,
796,271,Site Cleanup Completed (NFA),RP-Lead,1999-02-01,12/15/94 Morrison knudsen report - NFA U02003RT,
797,272,Confirmed Release,RP-Lead,1990-12-30,,
798,272,LUST Cleanup Initiated,RP-Lead,1993-04-06,,
799,272,Site Cleanup Completed (NFA),RP-Lead,2002-02-08,NFA U02004MS,
800,273,LUST Cleanup Initiated,RP-Lead,1989-08-26,,
801,273,Confirmed Release,RP-Lead,1989-08-26,,
890,304,Confirmed Release,RP-Lead,1987-09-01,,
802,273,Site Cleanup Completed (NFA),RP-Lead,1992-06-26,10/21/98 U10069JAR letter,
803,274,LUST Cleanup Initiated,RP-Lead,1993-03-18,6/10/93 REST Environmental Services and Technologies Report,
804,274,Confirmed Release,RP-Lead,1993-07-29,,
805,274,Site Cleanup Completed (NFA),RP-Lead,2002-06-26,"NFA'd 6/17/02, UO6024JAR",
806,275,Confirmed Release,RP-Lead,1995-12-04,CALL TO ERIC S.,
807,275,LUST Cleanup Initiated,RP-Lead,1998-01-16,,
808,276,LUST Cleanup Initiated,RP-Lead,1994-06-27,PER PG 8- 8/9/94 ENVIRMNTL ASSMT,
809,276,Confirmed Release,RP-Lead,1994-06-27,,
810,276,Site Cleanup Completed (NFA),RP-Lead,1995-05-01,"RECVD MORE INFO ON 3-28-95, NFA",
811,277,Confirmed Release,RP-Lead,1992-01-01,RELEASE REPT 11/18/91,
812,277,LUST Cleanup Initiated,RP-Lead,1992-06-15,5/16/94 Roger Brewer Letter,
813,277,Site Cleanup Completed (NFA),RP-Lead,1997-08-28,10/22/97 U01094JAR Letter - Issued NFA,
814,278,Confirmed Release,RP-Lead,1990-05-08,,
815,278,LUST Cleanup Initiated,RP-Lead,1993-09-23,8-15-92,
816,278,Site Cleanup Completed (NFA),RP-Lead,2001-10-19,Soil accounted for.  NFA U10053MS,
817,279,LUST Cleanup Initiated,RP-Lead,1992-03-01,4/1/96 Dames & Moore report,
818,279,Confirmed Release,RP-Lead,1992-03-09,,
819,279,Site Cleanup Completed (NFA),RP-Lead,1998-11-25,11/25/98 U11097JAR letter - NFA issued,
820,280,Confirmed Release,RP-Lead,1993-02-08,,
821,280,Site Cleanup Completed (NFA),RP-Lead,1993-06-10,,
822,280,LUST Cleanup Initiated,RP-Lead,1993-06-10,,
823,281,Confirmed Release,RP-Lead,1991-07-10,,
824,281,LUST Cleanup Initiated,RP-Lead,1993-07-23,,
825,281,Site Cleanup Completed (NFA),RP-Lead,1993-07-23,,
826,282,Confirmed Release,RP-Lead,1993-04-12,,
827,282,LUST Cleanup Initiated,RP-Lead,1993-10-15,SOIL MANAGEMENT DURING REMOVAL,
828,282,Site Cleanup Completed (NFA),RP-Lead,1999-08-11,"NFA'd  UO6054JAR,  6/28/99",
829,283,Confirmed Release,RP-Lead,1992-02-22,,
830,283,LUST Cleanup Initiated,RP-Lead,1992-03-09,,
831,283,Site Cleanup Completed (NFA),RP-Lead,1994-08-24,,
832,284,Confirmed Release,RP-Lead,1995-01-24,CALL TO REBECCA,
833,284,LUST Cleanup Initiated,RP-Lead,1995-03-07,,
834,284,Site Cleanup Completed (NFA),RP-Lead,2002-07-05,,
836,285,Confirmed Release,RP-Lead,1993-03-31,VIA LETTER-TANKS FAILED 2 TIGHTN,
838,286,Confirmed Release,RP-Lead,1992-01-21,BY CRN,
839,286,LUST Cleanup Initiated,RP-Lead,1994-02-01,7/1/94  Report - NFA'd by Roger Brewer,
840,286,Site Cleanup Completed (NFA),RP-Lead,1996-07-22,7/22/96 Roger Brewer Letter - ,
841,287,Confirmed Release,RP-Lead,1990-02-18,PER WALDRON LETTER OF 2/20/90,
842,287,LUST Cleanup Initiated,RP-Lead,1990-04-18,4/18/90 FILE NOTE-EXCAVATION&STO,
843,287,Site Cleanup Completed (NFA),RP-Lead,1996-11-21,11/21/96 HEER letter 96-390-ly,
844,288,Confirmed Release,RP-Lead,1990-02-27,,
845,288,LUST Cleanup Initiated,RP-Lead,1993-11-01,overexcavation and installationof two new tanks.,
846,288,Site Cleanup Completed (NFA),RP-Lead,1999-11-16,NFA'd 11/8 99  U11026JAR,
847,289,Confirmed Release,RP-Lead,1992-04-01,,
848,289,LUST Cleanup Initiated,RP-Lead,1992-05-29,,
849,289,Site Cleanup Completed (NFA),RP-Lead,1993-06-28,,
850,290,Confirmed Release,RP-Lead,1993-07-16,,
851,290,LUST Cleanup Initiated,RP-Lead,1993-08-14,SOIL MGMT BEGAN AT END OF REMOVA,
852,290,Site Cleanup Completed (NFA),RP-Lead,1999-06-01,U05082RT,
853,291,Confirmed Release,RP-Lead,1991-06-04,PHONE CALL,
854,291,LUST Cleanup Initiated,RP-Lead,1993-04-06,,
856,292,LUST Cleanup Initiated,RP-Lead,1991-03-29,,
857,292,Confirmed Release,RP-Lead,1991-03-29,PER CRN & GEO RESOURCE LETTER OF,
859,293,LUST Cleanup Initiated,RP-Lead,1994-06-24,"Closure Report dated July 20, 1994 and received on Aug. 5, 1994",
860,293,Confirmed Release,RP-Lead,1994-06-24,,
861,293,Site Cleanup Completed (NFA),RP-Lead,2005-08-23,,
862,294,Confirmed Release,RP-Lead,1994-10-18,FROM CLOSURE REPORT,
863,294,LUST Cleanup Initiated,RP-Lead,1995-01-01,Unitek reports,
864,294,Site Cleanup Completed (NFA),RP-Lead,1996-10-21,Letter U1034RK,
865,295,LUST Cleanup Initiated,RP-Lead,1993-11-12,FROM PG 2-2 CLOSURE REPT,
866,295,Confirmed Release,RP-Lead,1993-11-12,UST REMOVAL DATE,
867,295,Site Cleanup Completed (NFA),RP-Lead,1995-11-28,,
868,296,Confirmed Release,RP-Lead,1990-06-30,VIA CALL,
869,296,LUST Cleanup Initiated,RP-Lead,1994-06-13,,
870,296,Site Cleanup Completed (NFA),RP-Lead,1995-01-06,,
872,297,Confirmed Release,RP-Lead,1994-03-18,,
875,298,Confirmed Release,RP-Lead,1995-05-22,CALL TO ERIC - LAB RESULTS FROM,
877,299,Confirmed Release,RP-Lead,1992-10-01,SYMPHONY PARK PROJECT - LEAK #93,
879,300,Confirmed Release,RP-Lead,1990-03-16,,
880,300,LUST Cleanup Initiated,RP-Lead,1992-06-01,,
881,300,Site Cleanup Completed (NFA),RP-Lead,1998-11-02,11/2/98 U11002EJS,
882,301,Confirmed Release,RP-Lead,1991-12-11,,
883,301,LUST Cleanup Initiated,RP-Lead,1992-06-01,,
884,301,Site Cleanup Completed (NFA),RP-Lead,2001-04-05,,
885,302,Confirmed Release,RP-Lead,1994-09-22,VIA CRN,
886,302,LUST Cleanup Initiated,RP-Lead,1998-03-03,3/3/98 MFA report,
887,302,Site Cleanup Completed (NFA),RP-Lead,1998-10-12,10/12/98 U10035EJS letter,
888,303,Confirmed Release,RP-Lead,1993-12-15,,
889,303,LUST Cleanup Initiated,RP-Lead,1993-12-15,,
891,304,LUST Cleanup Initiated,RP-Lead,1987-09-10,,
892,304,Site Cleanup Completed (NFA),RP-Lead,1994-07-06,,
894,305,Case Transferred to HEER (unregulated),RP-Lead,1991-11-25,Heating oil tank release,
896,306,Confirmed Release,RP-Lead,1993-11-19,,
897,306,Site Cleanup Completed (NFA),RP-Lead,1999-08-11,"NFA'd UO8002JAR, 8/3/99",
898,306,LUST Cleanup Initiated,RP-Lead,1999-08-11,,
900,307,Confirmed Release,RP-Lead,1992-01-01,BY CRN ON 11-25-91,
902,308,Monitored Natural Attenuation,RP-Lead,1992-01-23,,
903,308,Confirmed Release,RP-Lead,1992-01-23,BY LETTER,
904,308,LUST Cleanup Initiated,RP-Lead,2001-01-16,Masa Fujioka and Associates. Sent  U03014JU ltr 3/9/01 to delineate,
906,309,Confirmed Release,RP-Lead,1993-03-08,,
907,309,LUST Cleanup Initiated,RP-Lead,1993-04-01,,
909,310,Confirmed Release,RP-Lead,1993-10-18,PER REMOVAL REPORT PG 1,
910,310,LUST Cleanup Initiated,RP-Lead,1993-11-22,INITIAL RELEASE RESPONSE REPT (R,
911,311,LUST Cleanup Initiated,RP-Lead,1995-09-02,FREE PRODUCT REMOVAL,
912,311,Confirmed Release,RP-Lead,1995-09-02,CALL TO ROGER BREWER,
913,311,Site Cleanup Completed (NFA),State-Lead with State Money,1999-10-26,"NFA ISSUED, UI0082RSM",
914,312,LUST Cleanup Initiated,RP-Lead,1993-11-30,SOILS STOCKPILED DURING REMOVAL,
915,312,Confirmed Release,RP-Lead,1993-12-13,LAB RESULTS FROM REMOVAL ON 11/3,
916,312,Site Cleanup Completed (NFA),RP-Lead,1994-05-04,DOH NFA LETTER,
917,313,Confirmed Release,RP-Lead,1992-01-08,,
918,313,LUST Cleanup Initiated,RP-Lead,1993-07-16,,
919,313,Site Cleanup Completed (NFA),RP-Lead,1993-08-27,,
920,314,LUST Cleanup Initiated,RP-Lead,1994-12-20,,
921,314,Confirmed Release,RP-Lead,1994-12-20,VIA CALL,
922,314,Site Cleanup Completed (NFA),RP-Lead,1995-03-15,,
923,315,Monitored Natural Attenuation,RP-Lead,1993-06-09,,
924,315,Confirmed Release,RP-Lead,1993-05-29,,
925,315,LUST Cleanup Initiated,RP-Lead,1994-08-23,12/10/94 Fuel Oil Polishing Company of Hawaii Report - ,
926,315,Exposure Prevention Management Plan,RP-Lead,2004-11-22,,
927,316,LUST Cleanup Initiated,RP-Lead,1992-03-12,SOIL STOCKPILING BEGUN DURING RE,
928,316,Confirmed Release,RP-Lead,1992-03-12,RELEASE DETECTED DURING REMOVAL,
929,316,Site Cleanup Completed (NFA),RP-Lead,1995-03-29,,
930,317,Confirmed Release,RP-Lead,1993-01-01,"PER MURANAKA 4/4/94 REPORT, PG.1",
931,317,LUST Cleanup Initiated,RP-Lead,1993-01-04,"PER MURANAKA 4/4/94 REPORT, PG.4",
932,318,Confirmed Release,RP-Lead,1990-05-21,ENV ASSMT 5/21/90 SHOWED CONTAMI,
933,318,LUST Cleanup Initiated,RP-Lead,1990-06-09,DATE APPROX. EXCAVATION/F.PROD R,
934,318,Site Cleanup Completed (NFA),RP-Lead,1996-02-13,,
936,319,LUST Cleanup Initiated,RP-Lead,1988-08-15,FREE PRODUCT REMOVAL BEGAN,
937,319,Confirmed Release,RP-Lead,1988-08-15,,
939,320,Confirmed Release,RP-Lead,1992-01-07,,
940,320,LUST Cleanup Initiated,RP-Lead,1998-04-17,5/15/92 INALAB report,
941,320,Site Cleanup Completed (NFA),RP-Lead,1998-09-25,9/25/98 U09130SO NFA letter,
942,321,Confirmed Release,RP-Lead,1992-01-01,RELEASE REPT 12/03/91,
943,321,LUST Cleanup Initiated,RP-Lead,1998-04-10,,
944,321,Site Cleanup Completed (NFA),RP-Lead,2001-12-03,All soil and groungwater samples below DOH Tier 1.  NFA U12006MS,
945,322,Confirmed Release,RP-Lead,1990-01-10,,
946,322,Site Cleanup Completed (NFA),RP-Lead,1997-07-25,U0759JAR,
947,322,LUST Cleanup Initiated,RP-Lead,1997-07-25,,
948,323,Confirmed Release,RP-Lead,1993-11-09,,
949,323,LUST Cleanup Initiated,RP-Lead,1993-11-09,IST RELEASE,
950,323,Site Cleanup Completed (NFA),RP-Lead,2002-04-04,,
951,324,LUST Cleanup Initiated,RP-Lead,1994-10-17,,
952,324,Confirmed Release,RP-Lead,1994-10-17,VIA CALL,
953,324,Site Cleanup Completed (NFA),RP-Lead,1997-02-25,U0226JS,
954,325,Confirmed Release,RP-Lead,1989-12-19,Tightness Test failure,
955,325,Disconfirmed Release,RP-Lead,1990-06-13,Tightness Test Failure was due to weeping valve on top of the UST,
956,326,Confirmed Release,RP-Lead,1990-07-09,,
957,326,Disconfirmed Release,RP-Lead,2001-08-15,DISCONFIRMED PASSED 2ND TIGHTNESS TEST,
958,327,Confirmed Release,RP-Lead,1990-05-31,,
959,327,Disconfirmed Release,State-Lead with State Money,2000-01-19,12/1/92-FOPCO Closure Report indicated clean closure. DOH Letter U01036RSM sent as NFW needed.-RSM,
960,328,LUST Cleanup Initiated,RP-Lead,1995-11-09,"Site characterization/delineation
Site Characterization/delineation",
961,328,Confirmed Release,RP-Lead,1995-10-10,DATE OF LAB SAMPLES,
962,329,LUST Cleanup Initiated,RP-Lead,1995-12-07,SEE INTERVIEW FORM,
963,329,Confirmed Release,RP-Lead,1995-12-07,CALL TO CHRIS P.,
964,329,Site Cleanup Completed (NFA),RP-Lead,1996-10-30,Letter U1069JR,
965,330,Confirmed Release,RP-Lead,1990-04-11,TTT,
966,330,LUST Cleanup Initiated,RP-Lead,1990-10-01,SOILS EXCAVATED/STOCKPILED DURIN,
967,330,Site Cleanup Completed (NFA),RP-Lead,1990-11-30,10/21/98 U10067JAR letter,
968,331,Confirmed Release,RP-Lead,1992-03-13,,
969,331,LUST Cleanup Initiated,RP-Lead,1997-11-25,11/25/97 5090Ser LEC/035-98 letter,
970,331,Site Cleanup Completed (NFA),RP-Lead,1998-03-11,3/11/98 U0374JU letter,
971,332,Confirmed Release,RP-Lead,1992-09-22,,
973,332,LUST Cleanup Initiated,RP-Lead,1993-06-09,STARTED 06/9/93,
974,333,LUST Cleanup Initiated,RP-Lead,1994-05-07,SOIL MGMT AT TIME OF REMOVAL,
975,333,Confirmed Release,RP-Lead,1994-05-07,DETECTED DURING REMOVAL,
976,333,Site Cleanup Completed (NFA),RP-Lead,1995-02-21,,
977,334,Confirmed Release,RP-Lead,1995-06-08,CALL TO ERIC,
978,334,LUST Cleanup Initiated,RP-Lead,1995-06-12,8/14/95 Brewer Environmental Services Report,
979,334,Site Cleanup Completed (NFA),RP-Lead,1998-08-18,8/18/98 U08104LKI letter,
980,335,LUST Cleanup Initiated,RP-Lead,1995-09-08,,
981,335,Confirmed Release,RP-Lead,1995-09-08,CALL TO JACK RICHARDSON,
982,335,Site Cleanup Completed (NFA),RP-Lead,1995-12-21,,
983,336,Confirmed Release,RP-Lead,1991-01-16,"PER REMOVAL REPT, PG 1, EARLIEST",
984,336,LUST Cleanup Initiated,RP-Lead,1993-03-06,CONTAMINATED SOIL REMOVED DURING UST REMOVAL AND SHIPPED TO A DISPOSAL FACILITY.,
985,337,Confirmed Release,RP-Lead,1991-03-07,CALL - failed TTT test.,
986,337,LUST Cleanup Initiated,RP-Lead,1998-07-06,USTs removed from ground.,
987,337,Site Cleanup Completed (NFA),RP-Lead,1998-12-29,U12113RT NFA addressed 990063 and 910031.,
988,338,Confirmed Release,RP-Lead,1990-10-05,APPROX DATE PER FOPCO LETTER OF,
989,338,LUST Cleanup Initiated,RP-Lead,1991-09-15,"Site Investigation Report - Robert Thomas Environmental Group, Inc.",
990,338,Site Cleanup Completed (NFA),RP-Lead,2002-03-19,,
992,339,Confirmed Release,RP-Lead,1992-01-01,REPT 11/25/91,
994,340,Confirmed Release,RP-Lead,1989-06-23,,
995,340,LUST Cleanup Initiated,RP-Lead,1996-06-06,,
996,340,Case Tansferred to HEER (VRP),RP-Lead,2001-01-12,UNDER THE VRP PROGRAM,
997,341,LUST Cleanup Initiated,RP-Lead,1991-06-10,SOIL SEPARATION/MGMT BEGAN DURIN,
998,341,Confirmed Release,RP-Lead,1991-06-10,AS NOTED IN REMOVAL REPORT,
999,341,Site Cleanup Completed (NFA),RP-Lead,2005-06-22,"U06023HW NFA Letter dated June 22, 2005",
1000,342,Confirmed Release,RP-Lead,1991-04-10,,
1001,342,LUST Cleanup Initiated,RP-Lead,1992-05-16,,
1002,342,Site Cleanup Completed (NFA),RP-Lead,1994-11-21,,
1003,343,LUST Cleanup Initiated,RP-Lead,1991-07-03,"PER RMVL REPT, PAGE 29, STOCKPIL",
1004,343,Confirmed Release,RP-Lead,1991-07-03,"PER REMOVAL RPORT, PAGE 2, DATED",
1005,343,Site Cleanup Completed (NFA),RP-Lead,1994-09-15,,
1006,344,Confirmed Release,RP-Lead,1989-12-21,,
1007,344,LUST Cleanup Initiated,RP-Lead,1990-02-12,,
1008,344,Site Cleanup Completed (NFA),RP-Lead,1994-09-27,,
1009,345,Confirmed Release,RP-Lead,1990-01-04,,
1010,345,Disconfirmed Release,RP-Lead,1998-03-09,11/19/90 FOPCo report (rcvd 3/9/98),
1011,346,LUST Cleanup Initiated,RP-Lead,1993-09-21,,
1012,346,Confirmed Release,RP-Lead,1993-09-21,11/16/89,
1013,346,Site Cleanup Completed (NFA),RP-Lead,1998-11-20,U11086RT,
1014,347,Confirmed Release,RP-Lead,1994-05-17,,
1015,347,LUST Cleanup Initiated,RP-Lead,1994-05-18,12/15/94 Morrison Knudsen Corporation Report,
1016,347,Site Cleanup Completed (NFA),RP-Lead,2001-10-19,DOH nfa letter U10055SL,
1017,348,Confirmed Release,RP-Lead,1991-03-07,CALL,
1018,348,LUST Cleanup Initiated,RP-Lead,1994-03-23,,
1019,348,Site Cleanup Completed (NFA),RP-Lead,1994-03-23,,
1020,349,Confirmed Release,RP-Lead,1993-01-25,UST #16,
1021,349,LUST Cleanup Initiated,RP-Lead,1995-02-27,Stockpiled contaminated soil in SMUs during UST removal,
1022,350,Confirmed Release,RP-Lead,1991-11-07,,
1023,350,Disconfirmed Release,RP-Lead,1992-03-24,,
1024,351,LUST Cleanup Initiated,RP-Lead,1991-03-06,FREE PRODUCT VACUUM PUMPED DURIN,
1025,351,Confirmed Release,RP-Lead,1991-03-06,CALL,
1026,351,Site Cleanup Completed (NFA),RP-Lead,1995-02-07,,
1027,352,Confirmed Release,RP-Lead,1995-08-21,CALL TO CHRIS/REMOVAL LAB RESULT,
1028,352,LUST Cleanup Initiated,RP-Lead,1996-10-01,10/96 Closure Report,
1029,352,Site Cleanup Completed (NFA),RP-Lead,1997-12-22,12/22/97 U1278SO letter,
1030,353,Confirmed Release,RP-Lead,1993-04-29,,
1031,353,LUST Cleanup Initiated,RP-Lead,1993-12-01,12/1/93 Inalab Report - ,
1032,353,Site Cleanup Completed (NFA),RP-Lead,1997-11-17,11/17/97 DOH Letter - U1197LKI,
1033,354,Confirmed Release,RP-Lead,1995-06-21,,
1034,354,LUST Cleanup Initiated,RP-Lead,1995-07-11,7/11/95 Closure Report,
1035,354,Site Cleanup Completed (NFA),RP-Lead,1997-02-20,U0245JS,
1036,355,LUST Cleanup Initiated,RP-Lead,1991-07-12,,
1037,355,Confirmed Release,RP-Lead,1991-07-12,VIA CLOSURE REPORT DATED 09/11/9,
1038,355,Site Cleanup Completed (NFA),RP-Lead,1998-12-29,12/29/98 U12109LKI letter,
1039,356,LUST Cleanup Initiated,RP-Lead,1990-03-12,"SOIL MGMT BEGAN DURING REMOVAL 

9/24/97 U0963LKI requested additional information. HEER is handling the case under DERA.",
1040,356,Confirmed Release,RP-Lead,1990-03-12,,
1042,357,Confirmed Release,RP-Lead,1994-09-08,,
1044,358,Confirmed Release,RP-Lead,1990-03-05,,
1045,358,Disconfirmed Release,RP-Lead,1992-11-27,,
1046,359,LUST Cleanup Initiated,RP-Lead,1992-01-28,SOIL MGMT BEGAN DURING REMOVAL P,
1047,359,Confirmed Release,RP-Lead,1992-01-28,NOTED DURING REMOVAL PROJECT,
1048,359,Site Cleanup Completed (NFA),RP-Lead,1998-12-09,12/9/98 U11012JAR letter - NFA issued,
1049,360,Confirmed Release,RP-Lead,1993-12-10,,
1050,360,LUST Cleanup Initiated,RP-Lead,1993-12-10,,
1051,360,Site Cleanup Completed (NFA),RP-Lead,1998-06-16,"6/16/98 UO527JAR letter - An NFA for the UST removal was issued  on the date indicated above.  However, the case was transferred to HEER due to PCB contamination dsicovered during the closure and assessment.  PCB was detected outside of the UST excavation.",
1052,361,Confirmed Release,RP-Lead,1993-11-01,,
1053,361,LUST Cleanup Initiated,RP-Lead,1998-08-03,6/1/98 Ogden EESCI closure report-RSM,
1054,361,Site Cleanup Completed (NFA),State-Lead with Trust Fund Money,2003-06-25,,
1055,362,Case Transferred to HEER (regulated),RP-Lead,1992-03-24,,
1056,362,Confirmed Release,RP-Lead,1992-03-24,,
1057,362,LUST Cleanup Initiated,RP-Lead,1993-04-05,,
1058,362,Site Cleanup Completed (NFA),RP-Lead,1994-08-02,,
1059,363,Confirmed Release,RP-Lead,1993-12-15,,
1060,363,LUST Cleanup Initiated,RP-Lead,1993-12-15,,
1061,363,Site Cleanup Completed (NFA),RP-Lead,1994-10-07,,
1062,364,Monitored Natural Attenuation,RP-Lead,1993-06-15,GW monitoring,
1063,364,LUST Cleanup Initiated,RP-Lead,1992-10-26,FREE PRODUCT REMOVAL & SOIL MGMT,
1064,364,Confirmed Release,RP-Lead,1992-10-26,DURING REMOVAL,
1065,365,Confirmed Release,RP-Lead,1990-12-07,FAILED TIGHTNESS TEST AND MEMO F,
1066,365,LUST Cleanup Initiated,RP-Lead,1991-06-07,PER 10/08/91 REPT,
1067,365,Site Cleanup Completed (NFA),RP-Lead,1994-12-28,,
1068,366,Confirmed Release,RP-Lead,1990-10-23,,
1069,366,LUST Cleanup Initiated,RP-Lead,1990-10-31,,
1070,366,Site Cleanup Completed (NFA),RP-Lead,1992-09-17,,
1071,367,Confirmed Release,RP-Lead,1994-07-26,,
1072,367,LUST Cleanup Initiated,RP-Lead,1996-09-01,6/1/97 Navy Report - Status Summary Report from Mike Young,
1073,367,Site Cleanup Completed (NFA),RP-Lead,1999-12-06,NFA U11085RT,
1074,368,Confirmed Release,RP-Lead,1992-03-23,AS OF DATE OF TANK REMOVAL FROM,
1075,368,LUST Cleanup Initiated,RP-Lead,1996-04-01,10/1/97 OHM Remediation Services Corp report,
1076,368,Site Cleanup Completed (NFA),RP-Lead,1997-10-01,11/25/98 U1100JAR letter,
1078,369,Confirmed Release,RP-Lead,1993-08-30,,
1080,370,Confirmed Release,RP-Lead,1992-02-27,CLOSURE REPT PG.4,
1081,370,LUST Cleanup Initiated,RP-Lead,1992-02-28,CLOSURE REPT PG.4/FREE PROD REMO,
1082,370,Site Cleanup Completed (NFA),RP-Lead,2001-11-13,site closed - RT,
1083,371,Confirmed Release,RP-Lead,1995-08-02,PHONE CALL,
1084,371,LUST Cleanup Initiated,RP-Lead,1999-01-15,2/22/99 Release Response Report report,
1085,371,Site Cleanup Completed (NFA),RP-Lead,1999-02-22,3/2/99 NFA letter U03002DH letter,
1086,372,LUST Cleanup Initiated,RP-Lead,1995-11-10,SOIL STOCKPILED,
1087,372,Confirmed Release,RP-Lead,1995-11-10,CALL C. PROKOP-LAB ANALYSIS-DATE,
1088,372,Site Cleanup Completed (NFA),RP-Lead,1997-06-01,5/6/98 U0567JU letter,
1089,373,LUST Cleanup Initiated,RP-Lead,1994-05-16,12/4/94 Morrison Knudsen Corporation Report,
1090,373,Confirmed Release,RP-Lead,1994-05-17,6/5/97 U0591JS commented on 12/15/94 Morrison Knudsen closure report.,
1091,373,Site Cleanup Completed (NFA),RP-Lead,1999-03-23,3/23/99 U03081JU letter,
1092,374,Confirmed Release,RP-Lead,1994-01-24,VIA CLOSURE REPT,
1093,374,LUST Cleanup Initiated,RP-Lead,1994-01-25,SOIL MGMT DURING REMOVAL,
1094,374,Site Cleanup Completed (NFA),RP-Lead,1994-08-16,,
1095,375,Confirmed Release,RP-Lead,1990-03-05,PER:UST REL. INVEST. PROGR. REPT,
1096,375,LUST Cleanup Initiated,RP-Lead,1990-03-06,PG2,
1097,376,Monitored Natural Attenuation,RP-Lead,1996-06-06,,
1098,376,Confirmed Release,RP-Lead,1990-02-20,,
1099,376,LUST Cleanup Initiated,RP-Lead,1996-09-18,1/11/97 Brewer Environmental  Services report,
1100,377,Confirmed Release,RP-Lead,1990-08-09,PER AMERICAN TANK SERVICES LTR 8,
1101,377,LUST Cleanup Initiated,RP-Lead,1990-09-18,DURING REMOVAL PROCESS & INVESTI,
1102,377,Site Cleanup Completed (NFA),RP-Lead,1991-11-11,,
1103,378,LUST Cleanup Initiated,RP-Lead,1992-02-15,SOIL MGMT/FREE PRODUCT REMOVAL B,
1104,378,Confirmed Release,RP-Lead,1992-02-15,RELEASE NOTED DURING REMOVAL,
1105,378,Site Cleanup Completed (NFA),RP-Lead,1997-06-10,U0628SO 6/10/97. There is still an outstanding issue of contamination originating from a septic tank (non-UST) - referred to HEER on 6/10/97 for followup as needed.,
1106,379,LUST Cleanup Initiated,RP-Lead,1993-09-13,,
1107,379,Confirmed Release,RP-Lead,1993-09-13,"PHONE REPORT 9/13/93, RELEASE OC",
1108,379,Site Cleanup Completed (NFA),RP-Lead,1999-12-06,NFA U11087RT,
1109,380,Confirmed Release,RP-Lead,1993-08-25,"PER FILE NOTES, PHONE CALL ON 8/",
1110,380,LUST Cleanup Initiated,RP-Lead,1993-08-25,PER FILE NOTE-PHONE CALL 8/25/93,
1111,380,Site Cleanup Completed (NFA),RP-Lead,2001-03-14,,
1112,381,Confirmed Release,RP-Lead,1991-12-12,,
1113,381,LUST Cleanup Initiated,RP-Lead,1993-08-31,"10/7/91,  3/6/92,  1/7/93,  Brewer report",
1114,381,Site Cleanup Completed (NFA),RP-Lead,2001-10-19,"  10/15/01, NFA letter",
1115,382,Confirmed Release,RP-Lead,1991-10-24,,
1116,382,LUST Cleanup Initiated,RP-Lead,1994-07-18,,
1117,382,Site Cleanup Completed (NFA),RP-Lead,1994-08-04,,
1119,383,Confirmed Release,RP-Lead,1994-12-28,CALL TO DUDLEY WILLIAMS,
1120,383,Case Transferred to HEER (unregulated),RP-Lead,1995-01-12,,
1121,384,LUST Cleanup Initiated,RP-Lead,1993-03-18,SOIL STOCKPILED DURING REMOVAL P,
1122,384,Confirmed Release,RP-Lead,1993-03-18,DATE OF LAB RESULTS-DETECTED REL,
1123,384,Site Cleanup Completed (NFA),RP-Lead,1998-04-14,4/14/98 uo3110jar letter,
1124,385,Confirmed Release,RP-Lead,1993-01-27,LAB RESULTS FROM REMOVAL SAMPLIN,
1125,385,LUST Cleanup Initiated,RP-Lead,1993-03-02,EXCAVATION BEGAN TO REMOVE CONTA,
1126,385,Site Cleanup Completed (NFA),RP-Lead,1996-05-14,,
1127,386,LUST Cleanup Initiated,RP-Lead,1995-07-28,,
1128,386,Confirmed Release,RP-Lead,1995-08-08,CALL TO CHRIS/DURING REMOVAL,
1129,386,Site Cleanup Completed (NFA),RP-Lead,1998-07-22,7/22/98 U07063LKI letter,
1130,387,Confirmed Release,RP-Lead,1994-12-27,VIA CALL,
1131,387,LUST Cleanup Initiated,RP-Lead,1998-03-25,HIES report,
1132,387,Site Cleanup Completed (NFA),RP-Lead,1999-04-07,"NFA issued, UO4010RSM",
1133,388,Confirmed Release,RP-Lead,1992-04-01,,
1134,388,LUST Cleanup Initiated,RP-Lead,1994-02-04,,
1135,388,Site Cleanup Completed (NFA),RP-Lead,1996-07-22,,
1136,389,Confirmed Release,RP-Lead,1994-05-17,,
1137,389,LUST Cleanup Initiated,RP-Lead,1994-12-15,Morrison Knudsen Corp. report,
1138,389,Site Cleanup Completed (NFA),RP-Lead,2000-01-10,U01011JU letter,
1139,390,Confirmed Release,RP-Lead,1995-03-03,,
1140,390,LUST Cleanup Initiated,RP-Lead,1995-03-10,2/26/97 Environmental Sciences-Pacific Report - ,
1141,391,LUST Cleanup Initiated,RP-Lead,1994-06-14,,
1142,391,Confirmed Release,RP-Lead,1994-06-14,,
1143,391,Site Cleanup Completed (NFA),RP-Lead,1994-12-28,,
1144,392,Confirmed Release,RP-Lead,1993-02-01,,
1145,392,Site Cleanup Completed (NFA),RP-Lead,1993-08-19,,
1146,392,LUST Cleanup Initiated,RP-Lead,1993-08-19,,
1147,393,Confirmed Release,RP-Lead,1992-04-01,,
1148,393,LUST Cleanup Initiated,RP-Lead,1992-05-29,,
1149,393,Site Cleanup Completed (NFA),RP-Lead,1993-12-06,,
1150,394,Confirmed Release,RP-Lead,1994-05-21,,
1151,394,LUST Cleanup Initiated,RP-Lead,1996-02-07,"12/1/94 Walker Consultants Report - Additional investigation is not necessary at this time and groundwater monitoring discontinued.  The subject site will remain as a leaking UST site.  In the interim, an exposure prevention management plan was requested from the facility on 09/19/96.",
1152,394,Site Cleanup Completed (NFA),RP-Lead,1996-07-12,9/19/96 UO946JAR letter,
1153,395,Confirmed Release,RP-Lead,1990-12-21,11/20/90 GAS ODORS-BURGER KING N,
1154,395,LUST Cleanup Initiated,RP-Lead,1991-02-22,CLAYTON BEGAN SOIL MGMT AND FREE,
1156,396,Confirmed Release,RP-Lead,1991-11-05,tank bp 68 and tank bp69,
1159,397,Confirmed Release,RP-Lead,1994-03-30,VIA NOTIFICATION FORM,
1161,398,Confirmed Release,RP-Lead,1991-12-13,RELEASE REPT 12-13-91,
1162,398,Disconfirmed Release,RP-Lead,1996-12-30,12/30/96 U1236ES,
1164,399,Confirmed Release,RP-Lead,1994-04-18,VIA CRN,
1165,399,Case Transferred to HEER (DERA),RP-Lead,1996-06-27,6/27/96 LUST referral letter,
1166,400,LUST Cleanup Initiated,RP-Lead,1994-03-02,,
1167,400,Confirmed Release,RP-Lead,1994-03-02,,
1168,400,Site Cleanup Completed (NFA),RP-Lead,1994-03-02,,
1170,401,Confirmed Release,RP-Lead,1993-04-12,REPORTED 0712/93,
1171,402,Confirmed Release,RP-Lead,1994-02-02,VIA CRN,
1172,402,LUST Cleanup Initiated,RP-Lead,1996-03-14,2/26/96 MFA report,
1173,402,Site Cleanup Completed (NFA),RP-Lead,1999-05-17,"NFA issued, UO5075RSM",
1175,403,LUST Cleanup Initiated,RP-Lead,1990-03-28,SOIL MGMT BEGAN DURING TANK REMV,
1176,403,Confirmed Release,RP-Lead,1990-03-28,,
1177,403,Case Transferred to HEER (unregulated),RP-Lead,1997-08-12,8/12/97 U0835SO Letter - Possible Co-mingling of contaminants (JP-5 and diesel release).  Consultant contends that remaining contaminant is JP-5 and not from diesel UST release.,
1178,404,LUST Cleanup Initiated,RP-Lead,1994-07-22,,
1179,404,Confirmed Release,RP-Lead,1994-07-22,,
1180,404,Site Cleanup Completed (NFA),RP-Lead,1994-12-08,,
1182,405,Confirmed Release,RP-Lead,1992-04-14,,
1184,406,Confirmed Release,RP-Lead,1993-08-03,PER:2/9/94 NOTES LEAK NOTED WHEN,
1185,406,LUST Cleanup Initiated,RP-Lead,1999-10-28,"Phase II Site Assessment Groundwater Monitoring Long-Term Release Response Report II, Former Pearl Auto Service & Supply 98-064 Kamehameha Highway, Aiea, Hawaii 96701 dated October 28,1999, prepared by Muranaka Environmental Consultants, Inc.",
1186,407,LUST Cleanup Initiated,RP-Lead,1992-10-21,SOIL MGMT BEGAN DURING REMOVAL-C,
1187,407,Confirmed Release,RP-Lead,1992-10-21,RELEASE NOTED DURING REMOVAL,
1188,407,Site Cleanup Completed (NFA),RP-Lead,1995-05-31,DOH NFA LETTER,
1189,408,Confirmed Release,RP-Lead,1994-11-04,VIA CALL TO ERIC S.,
1190,408,LUST Cleanup Initiated,RP-Lead,2001-10-30,rpt rcvd 01/01,
1191,408,Site Cleanup Completed (NFA),RP-Lead,2001-12-11,"NFA'd 12/11/01, U12018JAR",
1193,409,Confirmed Release,RP-Lead,1992-01-01,REPT 11/25/91,
1195,410,Confirmed Release,RP-Lead,1994-04-28,,
1196,410,LUST Cleanup Initiated,RP-Lead,1994-05-23,,
1197,410,Site Cleanup Completed (NFA),RP-Lead,1996-06-27,,
1198,411,Confirmed Release,RP-Lead,1991-12-03,,
1199,411,LUST Cleanup Initiated,RP-Lead,1994-07-06,8/5/94 Cotton & Frazier Consultants Report - ,
1200,411,Site Cleanup Completed (NFA),RP-Lead,2001-07-05,,
1201,412,LUST Cleanup Initiated,RP-Lead,1993-12-07,SOIL MGMT BEGAN DURING REMOVAL,
1202,412,Confirmed Release,RP-Lead,1993-12-07,PER ENVIRONMENTAL ASSMT,
1203,412,Site Cleanup Completed (NFA),RP-Lead,1996-11-04,Letter U1101JAR,
1204,413,LUST Cleanup Initiated,RP-Lead,1994-12-06,1/1/95 Walker Consultants Report,
1205,413,Confirmed Release,RP-Lead,1994-12-09,CRN,
1206,413,Site Cleanup Completed (NFA),RP-Lead,1997-06-02,6/2/97 U0557JS Letter,
1207,414,LUST Cleanup Initiated,RP-Lead,1995-08-04,SOIL MGMT BEGAN DURING REMOVAL,
1208,414,Confirmed Release,RP-Lead,1995-08-23,CALL TO ERIC/DURING REMOVAL-LAB,
1209,414,Site Cleanup Completed (NFA),RP-Lead,1995-12-28,,
1210,415,Confirmed Release,RP-Lead,1992-03-05,,
1211,415,LUST Cleanup Initiated,RP-Lead,1993-09-28,6-2-92,
1212,415,Site Cleanup Completed (NFA),RP-Lead,1999-01-20,1/20/99 UO1085JAR letter - NFA issued,
1213,416,Confirmed Release,RP-Lead,1991-12-04,,
1214,416,Disconfirmed Release,RP-Lead,1992-09-08,,
1215,417,Confirmed Release,RP-Lead,1991-11-18,,
1216,417,LUST Cleanup Initiated,RP-Lead,1997-08-01,,
1217,418,Confirmed Release,RP-Lead,1990-04-04,,
1218,418,LUST Cleanup Initiated,RP-Lead,1993-06-22,,
1219,418,Site Cleanup Completed (NFA),RP-Lead,2001-01-19,,
1220,419,LUST Cleanup Initiated,RP-Lead,1995-02-16,SOIL MGMT DURING REMOVAL,
1221,419,Confirmed Release,RP-Lead,1995-02-16,VIA CALL TO ROXANNE (FOUND DURIN,
1222,419,Site Cleanup Completed (NFA),RP-Lead,1996-10-21,Letter U1026RK,
1223,420,LUST Cleanup Initiated,RP-Lead,1994-07-07,,
1224,420,Confirmed Release,RP-Lead,1994-07-07,,
1225,420,Site Cleanup Completed (NFA),,2001-07-06,letter U06049SLi,
1226,421,LUST Cleanup Initiated,RP-Lead,1992-02-04,,
1227,421,Confirmed Release,RP-Lead,1992-02-04,,
1228,422,Confirmed Release,RP-Lead,1990-01-24,,
1229,422,LUST Cleanup Initiated,RP-Lead,1990-06-01,,
1230,422,Site Cleanup Completed (NFA),RP-Lead,1997-06-20,U0693ES,
1231,423,Confirmed Release,RP-Lead,1995-01-17,CALL TO ROXANNE-FAILED TTT,
1232,423,Disconfirmed Release,RP-Lead,1998-06-01,11/4/98 U11011JAR letter,
1233,2538,Confirmed Release,RP-Lead,1993-05-05,VIA LETTER,
1234,2538,LUST Cleanup Initiated,RP-Lead,2001-12-21,"Closure rpt, 8/99",
1235,425,LUST Cleanup Initiated,RP-Lead,1995-03-29,5/1/95 Walker Consultants Report,
1236,425,Confirmed Release,RP-Lead,1995-03-30,"TO JACK RICHARDSON, NOTED DURING",
1237,425,Site Cleanup Completed (NFA),RP-Lead,1996-10-25,5/1/95 U1048RB Letter,
1238,426,LUST Cleanup Initiated,RP-Lead,1993-09-16,SOIL MGMT BEGAN DURING CLOSURE,
1239,426,Confirmed Release,RP-Lead,1993-09-16,VIA CLOSURE REPORT,
1240,426,Site Cleanup Completed (NFA),RP-Lead,1995-05-25,DOH NFA LETTER,
1241,427,Confirmed Release,RP-Lead,1993-10-19,,
1242,427,LUST Cleanup Initiated,RP-Lead,1993-10-19,,
1243,427,Site Cleanup Completed (NFA),RP-Lead,2000-10-10,,
1244,428,Confirmed Release,RP-Lead,1990-04-04,,
1245,428,LUST Cleanup Initiated,RP-Lead,1996-06-06,,
1246,428,Site Cleanup Completed (NFA),RP-Lead,1998-10-30,10/30/98 U10108EJS,
1247,429,Confirmed Release,RP-Lead,1991-03-01,,
1248,429,Site Cleanup Completed (NFA),RP-Lead,1997-09-02,9/2/97 U0860DH,
1249,429,LUST Cleanup Initiated,RP-Lead,1997-09-02,3/29/91 Unitek report,
1250,430,Confirmed Release,RP-Lead,1990-09-25,NOTED DURING REMOVAL,
1251,430,LUST Cleanup Initiated,RP-Lead,1994-02-23,PER CLAYTON REPT 5/26/94 PG III-,
1252,430,Site Cleanup Completed (NFA),RP-Lead,1994-07-07,,
1253,431,Confirmed Release,RP-Lead,1992-03-13,LAB RESULTS ON REMOVAL SOIL SAMP,
1254,431,LUST Cleanup Initiated,RP-Lead,1992-08-30,8/30/92 BREWER ENVIRONMENTAL report,
1255,431,Site Cleanup Completed (NFA),RP-Lead,1998-01-23,1/23/98 UO0136JAR letter,
1256,432,Confirmed Release,RP-Lead,1993-04-30,VIA LETTER,
1257,432,LUST Cleanup Initiated,RP-Lead,1993-05-11,,
1258,432,Site Cleanup Completed (NFA),RP-Lead,2004-06-24,,
1259,433,Confirmed Release,RP-Lead,1991-12-02,,
1260,433,LUST Cleanup Initiated,RP-Lead,2002-03-21,Phase II Report -- SF,
1261,433,Site Cleanup Completed (NFA),,2005-04-27,,
1262,434,LUST Cleanup Initiated,RP-Lead,1994-04-04,PER CLOSURE REPORT:DURING REMOVA,
1263,434,Confirmed Release,RP-Lead,1994-04-04,PER CLOSURE REPT:DURING REMOVAL,
1264,434,Site Cleanup Completed (NFA),RP-Lead,1995-06-01,DOH NFA LETTER,
1265,435,Confirmed Release,RP-Lead,1991-02-26,,
1266,435,LUST Cleanup Initiated,RP-Lead,1991-04-21,SEE 7/1/91 REPT,
1267,435,Site Cleanup Completed (NFA),RP-Lead,1995-04-11,,
1268,436,Confirmed Release,RP-Lead,1992-05-26,CONFIRMATION FROM PHASE II ENVIR,
1269,436,LUST Cleanup Initiated,RP-Lead,1992-08-18,CORR ACTION VERIFICATION REPT PG,
1270,436,Site Cleanup Completed (NFA),RP-Lead,1993-09-23,,
1271,437,Confirmed Release,RP-Lead,1989-06-08,,
1272,437,LUST Cleanup Initiated,RP-Lead,1989-11-03,11/3/89 UNITEK report,
1273,437,Site Cleanup Completed (NFA),RP-Lead,1998-11-24,11/3/89 UNITEK report,
1274,438,LUST Cleanup Initiated,RP-Lead,1993-10-26,,
1275,438,Confirmed Release,RP-Lead,1993-10-26,,
1276,438,Site Cleanup Completed (NFA),RP-Lead,1995-01-11,,
1277,439,Confirmed Release,RP-Lead,1993-11-29,,
1278,439,LUST Cleanup Initiated,RP-Lead,1994-01-14,UST Closure Report received 5/18/98,
1279,439,Site Cleanup Completed (NFA),RP-Lead,2001-04-16,,
1280,440,LUST Cleanup Initiated,RP-Lead,1995-10-16,SOIL STOCKPILED,
1281,440,Confirmed Release,RP-Lead,1995-10-16,NOTED DURING REMOVAL-CALL TO ROG,
1282,440,Site Cleanup Completed (NFA),RP-Lead,2006-11-09,NFA letter U1112DP dated 11/9/06,
1283,441,Confirmed Release,RP-Lead,1995-03-21,2 TANKS FAILED TTT - CALL W/ROGE,
1284,441,Disconfirmed Release,RP-Lead,1997-09-15,9/15/97 memo to file - faulty tightness test.,
1285,442,Confirmed Release,RP-Lead,1989-12-26,,
1286,442,LUST Cleanup Initiated,RP-Lead,1990-11-06,,
1288,443,LUST Cleanup Initiated,RP-Lead,1995-08-16,DATE OF UST REMOVAL,
1289,443,Confirmed Release,RP-Lead,1995-10-10,DATE OF LAB SAMPLES,
1290,443,Site Cleanup Completed (NFA),RP-Lead,1998-04-23,4/23/98 U0469SO letter,
1291,444,Monitored Natural Attenuation,RP-Lead,1996-06-06,,
1292,444,Confirmed Release,RP-Lead,1988-11-22,PHONE CALL FROM HAROLD TAKARA-RE,
1293,444,LUST Cleanup Initiated,RP-Lead,1990-05-11,PER 3/11/92 UNOCAL LETTER & 3/9/,
1294,444,Site Cleanup Completed (NFA),RP-Lead,2005-03-02,"DOH NFA letter dated March 2, 2005 (U03011SL)",
1529,524,LUST Cleanup Initiated,RP-Lead,1994-12-24,,
1295,445,LUST Cleanup Initiated,RP-Lead,1994-05-01,"Removal of Underground Fuel Storage Tanks, Various U.S. Army Facilities, Hawaii, Contract No. DACW45-90-D-0029, D.O. No.5, dated December 4, 1994, and prepared by Morrison Knudsen Corporation.",
1296,445,Confirmed Release,RP-Lead,1994-05-27,,
1297,445,Site Cleanup Completed (NFA),RP-Lead,2000-04-26,"NFA letter, U04028SL",
1298,446,Confirmed Release,RP-Lead,1990-05-23,FAILED TTT-LEAK NOT YET CONFIRM,
1299,446,LUST Cleanup Initiated,RP-Lead,1997-03-07,SEE RELEASE ID NU. 970056,
1300,446,Site Cleanup Completed (NFA),,2004-05-28,also see release ID 970056,
1301,447,Monitored Natural Attenuation,RP-Lead,1995-10-19,,
1302,447,Confirmed Release,RP-Lead,1992-09-01,,
1303,447,LUST Cleanup Initiated,RP-Lead,1993-06-03,"DATE FROM QTR CLEANUP PROGRESS
REPORT 6/27/94 (FREE PROD. REMOVED)",
1304,448,Confirmed Release,RP-Lead,1990-04-17,SITE INVESTIGATION CONFIRMED CON,
1305,448,LUST Cleanup Initiated,RP-Lead,2000-09-11,,
1306,449,Confirmed Release,RP-Lead,1995-04-24,TO ROX,
1307,449,Site Cleanup Completed (NFA),RP-Lead,1997-10-28,10/28/97 U10140DH Letter - Source of NFA decisions was ES-P report dated 8/1/95,
1308,449,LUST Cleanup Initiated,RP-Lead,1997-04-27,8/1/95 Environmental Sciences-Pacific Report - ,
1309,450,Confirmed Release,RP-Lead,1993-10-14,"PHONE CALL,TTT FAILURE",
1310,450,LUST Cleanup Initiated,RP-Lead,1995-02-23,SOIL MGMT BEGAN DURING 2ND REMOV,
1311,450,Site Cleanup Completed (NFA),RP-Lead,1995-12-28,,
1312,451,Confirmed Release,RP-Lead,1993-09-23,,
1313,451,LUST Cleanup Initiated,RP-Lead,1993-09-23,,
1314,451,Site Cleanup Completed (NFA),RP-Lead,1997-07-30,7/30/97 U0796SO,
1315,452,Confirmed Release,RP-Lead,1992-03-03,,
1316,452,Site Cleanup Completed (NFA),RP-Lead,1993-07-30,,
1317,452,LUST Cleanup Initiated,RP-Lead,1993-07-30,,
1318,453,Confirmed Release,RP-Lead,1989-07-21,,
1319,453,LUST Cleanup Initiated,RP-Lead,1991-12-16,REMOVAL AND SOIL EXCAVATION,
1320,453,Site Cleanup Completed (NFA),RP-Lead,1992-11-13,,
1321,454,Confirmed Release,RP-Lead,1993-02-25,REMOVAL REPORT,
1322,454,LUST Cleanup Initiated,RP-Lead,1993-07-19,PER 10/15/93 SOIL REPT,
1323,454,Site Cleanup Completed (NFA),RP-Lead,1994-03-24,1ST DOH NFA LETTER,
1324,455,Confirmed Release,RP-Lead,1992-03-30,via phone,
1325,455,LUST Cleanup Initiated,RP-Lead,1995-10-26,1/1/95 US Army Closure Report-RSM,
1326,455,Site Cleanup Completed (NFA),State-Lead with State Money,1999-12-08,"NFA ISSUED, U12O18RSM",
1327,456,LUST Cleanup Initiated,RP-Lead,1992-04-24,4/24/92 Brewer Environmental Services Letter,
1328,456,Confirmed Release,RP-Lead,1992-04-24,,
1329,456,Site Cleanup Completed (NFA),RP-Lead,1997-10-20,10/20/97 U1060JAR Letter - NFA issued based on analytical data and EPA from 7530.,
1330,457,Confirmed Release,RP-Lead,1993-02-08,,
1331,457,Site Cleanup Completed (NFA),RP-Lead,2001-03-20,"NFA'd issued , March 16, 2001, UO3020JAR",
1332,457,LUST Cleanup Initiated,RP-Lead,2001-03-20,"Final Rlease response Rpt, dtd June 1998 & addendum dtd Feb 13, 2001.",
1333,458,LUST Cleanup Initiated,RP-Lead,1991-10-02,,
1334,458,Confirmed Release,RP-Lead,1991-10-02,VIA CLOSURE REPORT OF 08/28/92,
1335,458,Site Cleanup Completed (NFA),RP-Lead,1996-07-26,,
1336,459,Confirmed Release,RP-Lead,1990-03-12,,
1337,459,LUST Cleanup Initiated,RP-Lead,1999-11-21,"Closure Report, Removal of Underground Storage Tank NS63,  Naval Station, Pearl Harbor, Ford Island, Hawaii , dated November, 1999, and prepared by Allied Technology Group, Inc.",
1338,460,Confirmed Release,RP-Lead,1990-08-28,,
1339,460,LUST Cleanup Initiated,RP-Lead,1991-03-20,,
1340,460,Site Cleanup Completed (NFA),RP-Lead,1999-05-12,5/12/99 U05049LKI letter,
1341,461,Confirmed Release,RP-Lead,1990-01-05,,
1342,461,LUST Cleanup Initiated,RP-Lead,1990-03-23,3/23/90 Industrial technology Report,
1343,461,Site Cleanup Completed (NFA),RP-Lead,1998-01-20,1/20/98 UO122JAR Report,
1345,462,Confirmed Release,RP-Lead,1995-05-03,CALL TO ERIC,
1347,463,LUST Cleanup Initiated,RP-Lead,1989-12-15,,
1348,463,Confirmed Release,RP-Lead,1989-12-15,NOTED DURING CLOSURE,
1349,463,Site Cleanup Completed (NFA),,2006-04-21,,
1350,464,LUST Cleanup Initiated,RP-Lead,1989-06-22,,
1351,464,Confirmed Release,RP-Lead,1989-06-22,,
1352,464,Site Cleanup Completed (NFA),RP-Lead,1999-11-02,"NFA ISSUED, U10099RSM",
1353,465,Confirmed Release,RP-Lead,1993-04-22,,
1354,465,Disconfirmed Release,RP-Lead,1993-04-26,,
1355,466,Confirmed Release,RP-Lead,1994-09-27,,
1356,466,LUST Cleanup Initiated,RP-Lead,1994-09-30,,
1357,467,LUST Cleanup Initiated,RP-Lead,1995-10-24,CONTAM. SOIL STOCKPILED,
1358,467,Confirmed Release,RP-Lead,1995-10-24,REMOVAL,
1359,467,Site Cleanup Completed (NFA),RP-Lead,1998-09-25,9/25/98 U09133SO letter,
1360,468,LUST Cleanup Initiated,RP-Lead,1993-07-09,,
1361,468,Confirmed Release,RP-Lead,1993-07-09,VIA REMOVAL REPORT,
1362,468,Site Cleanup Completed (NFA),RP-Lead,1994-05-24,,
1363,469,Confirmed Release,RP-Lead,1989-12-01,,
1364,469,Disconfirmed Release,State-Lead with State Money,1999-08-06,"8/1/95-EA Pacific report confirmed Hickam AFB POL pipeline release at the site in 1949, HEER office investigating the pipeline releases fron Wheeler AFB to Hickam AFB-RSM",
1365,470,Confirmed Release,RP-Lead,1992-08-25,,
1366,470,LUST Cleanup Initiated,RP-Lead,1999-09-30,3/10/93-USCG Letter Report,
1367,470,Site Cleanup Completed (NFA),RP-Lead,2002-06-10,,
1369,471,Confirmed Release,RP-Lead,1991-06-18,,
1370,471,Site Cleanup Completed (NFA),RP-Lead,1999-08-11,"NFA'd  UO7027JAR, 7/19/99",
1371,471,LUST Cleanup Initiated,RP-Lead,1999-08-11,"Site investigation rpt and addendum, dtd 6/3/99 & 6/25/99  Sesoil model",
1372,2537,Confirmed Release,RP-Lead,1990-08-10,,
1373,2537,LUST Cleanup Initiated,RP-Lead,1998-05-11,"Underground Storage Tank  Closure and    Release Response Report for Facility I.D. No. 9-200782  Release I.D. No. 900097, dated November 9, 1998, and prepared by ETC.",
1374,473,Confirmed Release,RP-Lead,1994-04-19,VIA CRN,
1375,473,LUST Cleanup Initiated,RP-Lead,2001-08-14,UST Closure Report received on 8/14/2001,
1376,473,Site Cleanup Completed (NFA),,2004-04-01,U04005RH    NFA Issued,
1377,474,Confirmed Release,RP-Lead,1992-01-27,TTT,
1378,474,LUST Cleanup Initiated,RP-Lead,1992-09-02,,
1379,474,Site Cleanup Completed (NFA),RP-Lead,2001-09-20,,
1380,475,LUST Cleanup Initiated,RP-Lead,1993-01-26,CONTAMINATED SOIL MGMT-PER REMOV,
1381,475,Confirmed Release,RP-Lead,1993-01-26,DETECTED DURING REMOVAL PROJECT,
1382,475,Site Cleanup Completed (NFA),RP-Lead,1999-05-11,,
1383,476,Confirmed Release,RP-Lead,1994-05-19,,
1384,476,Site Cleanup Completed (NFA),RP-Lead,1997-10-28,10/28/97 U10125DH Letter - Source of NFA determination is ES-P report dated 7/26/94,
1385,476,LUST Cleanup Initiated,RP-Lead,1997-05-23,7/26/94 Environmental Services Pacific Report,
1386,477,LUST Cleanup Initiated,RP-Lead,1988-05-18,,
1387,477,Confirmed Release,RP-Lead,1988-05-18,,
1388,477,Site Cleanup Completed (NFA),RP-Lead,1994-12-27,,
1389,478,LUST Cleanup Initiated,RP-Lead,1988-02-04,,
1390,478,Confirmed Release,RP-Lead,1988-02-04,02/04/88,
1391,478,Disconfirmed Release,RP-Lead,1992-01-03,,
1392,479,Confirmed Release,RP-Lead,1992-04-01,,
1393,479,LUST Cleanup Initiated,RP-Lead,1992-05-29,,
1394,479,Site Cleanup Completed (NFA),RP-Lead,1993-06-28,,
1395,480,Confirmed Release,RP-Lead,1991-09-05,,
1396,480,LUST Cleanup Initiated,RP-Lead,1992-09-17,,
1397,480,Site Cleanup Completed (NFA),RP-Lead,1995-03-08,,
1398,481,Confirmed Release,RP-Lead,1990-08-07,,
1399,481,LUST Cleanup Initiated,RP-Lead,1990-08-09,,
1400,481,Site Cleanup Completed (NFA),RP-Lead,1999-08-12,"NFA'd  U10067JAR, 10/21/98",
1402,482,LUST Cleanup Initiated,RP-Lead,1992-01-01,7/25/2001 THIS CLEANUP INITIATED DATE IS USED AS A MARKER BECAUSE DERA FUNDED SITES WERE NOT ASSIGNED A CLEANUP INITATED DATE BY THE HEER OFFICE.  - RK,
1403,482,Confirmed Release,RP-Lead,1992-01-01,REPT 11/25/91,
1406,483,Confirmed Release,RP-Lead,1990-12-12,CONTAMINATION FOUND DURING REMOV,
1407,483,LUST Cleanup Initiated,RP-Lead,1991-11-11,CONTAMINATED SOIL REMOVED PER CH,
1408,483,Site Cleanup Completed (NFA),RP-Lead,1993-06-22,,
1409,484,Confirmed Release,RP-Lead,1989-08-24,,
1410,484,LUST Cleanup Initiated,RP-Lead,1996-04-25,,
1411,485,LUST Cleanup Initiated,RP-Lead,1995-04-27,"PER CRN-SOIL EXCAVATED,Site Assessment Report For Underground Storage Tank Closure, Navmag West Loch Building 604, Ewa Beach, hawaii, Project No. N62471-93-C-1306, DOH Facility ID. 9-202358, DOH LUST ID. 95-0080, dated May 22, 1996, and prepared BY The Fuel Oil Polishing Company Of Hawaii",
1412,485,Confirmed Release,RP-Lead,1995-04-27,TO CHRIS,
1413,485,Site Cleanup Completed (NFA),RP-Lead,2000-01-20, U01014SL,
1416,487,Confirmed Release,RP-Lead,1992-01-01,RELEASE REPT 12/13/91,
1417,487,LUST Cleanup Initiated,RP-Lead,1994-03-01,7/8/94 Morrison Knudsen Corporation Report - ,
1418,487,Site Cleanup Completed (NFA),RP-Lead,1996-07-23,DOH letter U0713RB,
1419,488,Confirmed Release,RP-Lead,1989-12-22,,
1420,488,LUST Cleanup Initiated,RP-Lead,1993-09-28,,
1421,488,Site Cleanup Completed (NFA),RP-Lead,2006-09-15,U09004DP,
1422,489,Confirmed Release,RP-Lead,1989-11-21,,
1423,489,Disconfirmed Release,RP-Lead,1994-05-23,,
1424,490,Confirmed Release,RP-Lead,1992-01-16,,
1425,490,LUST Cleanup Initiated,RP-Lead,1997-01-20,,
1426,490,Site Cleanup Completed (NFA),RP-Lead,2001-09-20,,
1427,491,Confirmed Release,RP-Lead,1991-09-27,LETTER DATED 9/27/91,
1428,491,LUST Cleanup Initiated,RP-Lead,1991-11-07,,
1429,491,Site Cleanup Completed (NFA),RP-Lead,1992-06-01,,
1430,492,LUST Cleanup Initiated,RP-Lead,1994-05-12,12/15/94 Morrison Knudsen Corporation Report,
1431,492,Confirmed Release,RP-Lead,1994-05-20,,
1432,492,Site Cleanup Completed (NFA),RP-Lead,1999-10-08,U09011SL NFA 9/3/99,
1433,493,LUST Cleanup Initiated,RP-Lead,1992-01-06,SOIL MGMT/FREE PRODUCT REMVL AT,
1434,493,Confirmed Release,RP-Lead,1992-01-06,REMOVAL,
1435,493,Site Cleanup Completed (NFA),RP-Lead,1999-12-13,NFA U12035RT,
1436,494,LUST Cleanup Initiated,RP-Lead,1993-07-20,SOIL MGMT DURING REMOVAL,
1437,494,Confirmed Release,RP-Lead,1993-07-20,NOTED DURING REMOVAL,
1438,494,Site Cleanup Completed (NFA),RP-Lead,1994-07-06,,
1439,495,Confirmed Release,RP-Lead,1995-02-21,2/28/95 U0235RB,
1440,495,LUST Cleanup Initiated,RP-Lead,1996-07-29,,
1441,495,Site Cleanup Completed (NFA),RP-Lead,1996-07-29,7/29/96 U0742RB,
1442,496,Confirmed Release,RP-Lead,1994-10-24,TTT SHOWED LEAKS-PG. 6 CLOSURE R,
1443,496,LUST Cleanup Initiated,RP-Lead,1995-02-22,PGS. 13/14 CLOSURE REPT. SOIL MG,
1444,497,Confirmed Release,RP-Lead,1996-01-12,PHONE CALL TO JOSE RUIZ-NOTED DU,
1445,497,LUST Cleanup Initiated,RP-Lead,1996-03-20,3/20/96 Closure Report,
1446,497,Site Cleanup Completed (NFA),RP-Lead,1997-02-19,U0232JS,
1447,498,LUST Cleanup Initiated,RP-Lead,1995-08-18,,
1448,498,Confirmed Release,RP-Lead,1995-08-18,CALL TO CHRIS/DURING REMOVAL,
1449,498,Site Cleanup Completed (NFA),RP-Lead,1996-07-05,,
1450,499,LUST Cleanup Initiated,RP-Lead,1992-12-22,"CLOSURE REPORT, PG 14, SOIL STOC",
1451,499,Confirmed Release,RP-Lead,1992-12-22,"VIA CLOSURE REPT DATED 04/14/93,    release from the two 2000 gallon gasoline ust",
1453,500,Confirmed Release,RP-Lead,1995-01-19,FAX TO JACK,
1454,500,LUST Cleanup Initiated,RP-Lead,1997-06-01,Tracer Test by Tracer Research Corporation and Tightness Test in June 1997,
1455,500,Site Cleanup Completed (NFA),RP-Lead,2002-03-19,,
1456,501,Confirmed Release,RP-Lead,1995-11-17,LEAKING VENT LINE-OVERFILL EVENT,
1457,501,Site Cleanup Completed (NFA),RP-Lead,1997-07-31,7/31/97 U0787SO,
1458,501,LUST Cleanup Initiated,RP-Lead,1997-07-31,,
1459,502,Confirmed Release,RP-Lead,1989-08-16,,
1460,502,LUST Cleanup Initiated,RP-Lead,1996-02-07,,
1461,502,Site Cleanup Completed (NFA),RP-Lead,1998-03-11,3/11/98 DOH letter - U0371JS,
1462,503,Confirmed Release,RP-Lead,1989-05-09,,
1463,503,LUST Cleanup Initiated,RP-Lead,1990-09-05,,
1464,503,Site Cleanup Completed (NFA),RP-Lead,1994-11-18,,
1465,504,LUST Cleanup Initiated,RP-Lead,1993-05-25,,
1466,504,Confirmed Release,RP-Lead,1993-05-25,ENV. ASSMT. REPT. 7/20/93 PG. 10,
1467,504,Site Cleanup Completed (NFA),RP-Lead,1993-12-21,,
1469,505,LUST Cleanup Initiated,RP-Lead,1998-01-02,Closure Report,
1473,506,Confirmed Release,RP-Lead,1993-03-03,,
1474,506,LUST Cleanup Initiated,RP-Lead,2000-04-19,"Underground Storage Tank Closure Assessment, Century Aviation, 98  Kapalulu Place, Honolulu, Hawaii, dated July 23, 1999, and prepared by J.R. Herold & Associates
DOH letter,U04027SL,4/20/00, requested additional investigations.",
1475,507,Confirmed Release,RP-Lead,1992-05-07,DOH NOTIFIED BY LTR-6/27/95,
1476,507,LUST Cleanup Initiated,RP-Lead,1994-02-26,BEGAN FREE PRODUCT RECOVERY (NO,
1477,507,Site Cleanup Completed (NFA),RP-Lead,1995-08-02,,
1478,508,Confirmed Release,RP-Lead,1988-05-18,"1st release, from leaking gasket on gasoline UST. 2nd release (12/7/94) discovered during waste oil UST closure. 4/9/96 letter U0423RB stated that: (1) no further action was needed for the waste oil release; (2) there was potentially still gasoline contaminated soil left in place from the original 1988 release, so the release is not closed -- Roger Brewer recommended that an Exposure Prevention Management Plan be prepared to account for potential exposures if the concrete pad at the site is removed.",
1479,508,LUST Cleanup Initiated,RP-Lead,1995-06-20,PCS excavated - 1/18/95 HIES report,
1480,508,Site Cleanup Completed (NFA),RP-Lead,1999-08-26,"NFA issued, UO8119RSM",
1481,509,Confirmed Release,RP-Lead,1993-04-05,VIA LETTER,
1482,509,LUST Cleanup Initiated,RP-Lead,1997-03-14,3/14/97 Morrison Knudsen Corporation Report - ,
1483,509,Site Cleanup Completed (NFA),RP-Lead,1997-10-20,10/20/97 U1062JAR Letter,
1484,510,Confirmed Release,RP-Lead,1992-02-19,,
1485,510,LUST Cleanup Initiated,RP-Lead,1992-06-29,,
1486,510,Site Cleanup Completed (NFA),RP-Lead,1994-08-02,,
1487,511,Confirmed Release,RP-Lead,1993-07-28,,
1488,511,LUST Cleanup Initiated,RP-Lead,1999-11-17,"UST closure rpt rev'd 11/15/99; UST pulled 6/93, need addtional work at the site.  ?? soil results",
1489,511,Site Cleanup Completed (NFA),RP-Lead,2001-11-08,"NFA'd issued 10/31/01, U10076JAR",
1491,512,Confirmed Release,RP-Lead,1992-01-01,REPT 11/25/91,
1493,512,LUST Cleanup Initiated,RP-Lead,2001-07-17,,
1494,513,Confirmed Release,RP-Lead,1993-11-23,,
1495,513,LUST Cleanup Initiated,RP-Lead,1993-12-14,9/22/95 Morrison Knudsen Corporation Report,
1496,513,Site Cleanup Completed (NFA),,2006-07-24,,
1497,514,Confirmed Release,RP-Lead,1990-05-01,,
1498,514,Site Cleanup Completed (NFA),RP-Lead,1997-07-31,7/31/97 U0785DH,
1499,514,LUST Cleanup Initiated,RP-Lead,1997-07-31,,
1500,515,Confirmed Release,RP-Lead,1989-12-22,,
1501,515,LUST Cleanup Initiated,RP-Lead,1990-01-04,,
1502,515,Site Cleanup Completed (NFA),RP-Lead,1995-08-31,,
1503,516,Confirmed Release,RP-Lead,1994-10-12,VIA CRN,
1504,516,LUST Cleanup Initiated,RP-Lead,1999-11-17,closure rpt rcvd 11/15/99; UST pulled 9/6/93,
1505,516,Site Cleanup Completed (NFA),RP-Lead,1999-12-10,NFA'd 12/8/99  U12022JAR,
1506,517,Confirmed Release,RP-Lead,1993-12-08,,
1507,517,LUST Cleanup Initiated,RP-Lead,1993-12-08,,
1508,517,Site Cleanup Completed (NFA),RP-Lead,1998-03-12,3/12/98 U0377SO letter,
1509,518,Monitored Natural Attenuation,RP-Lead,1989-10-26,,
1510,518,Confirmed Release,RP-Lead,1989-09-14,ERC LTR OF 10/18/89,
1511,518,LUST Cleanup Initiated,RP-Lead,1996-06-26,9/20/96 HIES Report - Passive skimmer installed to collect free-product.  Skimmer has since been replaced with sorbants.,
1512,519,LUST Cleanup Initiated,RP-Lead,1995-08-10,DATE OF UST REMOVAL,
1513,519,Confirmed Release,RP-Lead,1995-10-10,,
1514,519,Site Cleanup Completed (NFA),RP-Lead,1998-04-23,4/23/98 U0466SO letter,
1515,520,LUST Cleanup Initiated,RP-Lead,1994-05-17,12/15/94 Morrison Knudsen Corporation Report,
1516,520,Confirmed Release,RP-Lead,1994-05-27,,
1517,520,Site Cleanup Completed (NFA),State-Lead with State Money,2004-04-08,"NFA letter (U04016SL)  dated April 8, 2004",
1518,521,LUST Cleanup Initiated,RP-Lead,1995-08-21,DATE OF UST REMOVAL,
1519,521,Confirmed Release,RP-Lead,1995-10-10,DATE OF LAB SAMPLES,
1520,521,Site Cleanup Completed (NFA),RP-Lead,1998-04-23,4/23/98 U0468SO letter,
1521,522,Confirmed Release,RP-Lead,1987-10-02,,
1522,522,Disconfirmed Release,RP-Lead,1987-11-10,,
1525,523,Confirmed Release,RP-Lead,1994-05-23,,
1526,523,LUST Cleanup Initiated,RP-Lead,1996-10-08,,
1527,523,Site Cleanup Completed (NFA),RP-Lead,1996-10-08,Letter U0943JAR,
1528,524,Confirmed Release,RP-Lead,1993-10-25,,
1530,525,Confirmed Release,RP-Lead,1992-05-05,,
1531,525,LUST Cleanup Initiated,RP-Lead,1995-09-12,9/12/95 NCTAMS report Report,
1532,525,Site Cleanup Completed (NFA),RP-Lead,1998-02-05,2/5/98 UO211JAR Letter,
1533,526,LUST Cleanup Initiated,RP-Lead,1988-08-31,SOIL EXCAVATED/TRANSPORTED DURIN,
1534,526,Confirmed Release,RP-Lead,1988-08-31,,
1535,526,Site Cleanup Completed (NFA),RP-Lead,1996-03-11,,
1537,527,Confirmed Release,RP-Lead,1992-11-24,,
1538,527,LUST Cleanup Initiated,RP-Lead,1994-12-15,12/15/94 Morrison Knudsen closure report - comments in 6/5/97 U0593JS,
1539,527,Case Transferred to HEER (unregulated),RP-Lead,1998-03-13,3/13/98 U0392SO letter - Heating Oil Tank,
1541,528,Confirmed Release,RP-Lead,1991-10-23,,
1542,528,LUST Cleanup Initiated,RP-Lead,1993-09-28,1-22-92,
1544,529,Confirmed Release,RP-Lead,1994-01-14,,
1545,529,LUST Cleanup Initiated,RP-Lead,2001-01-22,Tanks were removed 01/22/01,
1546,529,Site Cleanup Completed (NFA),RP-Lead,2001-12-03,Both tanks were removed and there were no evidence of soil or groundwater contamination above DOH Tier 1 NFA 12005MS,
1547,530,LUST Cleanup Initiated,RP-Lead,1994-06-23,SOIL MGMT BEGAN DURING REMOVAL,
1548,530,Confirmed Release,RP-Lead,1994-06-23,CONTAMINATION FOUND DURING REMOV,
1549,530,Site Cleanup Completed (NFA),RP-Lead,1998-11-04,11/4/98 U11007JAR letter - NFA issued,
1550,531,Confirmed Release,RP-Lead,1990-08-10,CLOSURE,
1552,531,LUST Cleanup Initiated,RP-Lead,1991-02-22,ACTUAL - 2-22-91,
1553,532,Confirmed Release,RP-Lead,1991-03-14,"FOPC LETTER, DURING REMOVAL",
1554,532,Site Cleanup Completed (NFA),RP-Lead,1997-07-31,7/31/97 U07122JAR,
1555,532,LUST Cleanup Initiated,RP-Lead,1997-07-31,,
1557,533,Confirmed Release,RP-Lead,1993-11-22,,
1558,533,Case Transferred to HEER (unregulated),RP-Lead,1998-09-28,"9/28/98 U09150LKI letter - release detected does not appear to be from UST, thus not regulated under 40CFR280.  transferred to HEER.  site is also part of aloha tower development, which is part of the HEER's honolulu harbor case.",
1559,534,LUST Cleanup Initiated,RP-Lead,1991-10-31,pg 6 of TANK CLOSURE AND SITE ASSESSMENT REPT,
1560,534,Confirmed Release,RP-Lead,1991-10-31,RELEASE REPT 11/18/91,
1561,534,Site Cleanup Completed (NFA),RP-Lead,1994-07-22,"NFA ISSUED 1/29/97, U0127JAR
VIA TANK CLS RPT",
1562,535,Confirmed Release,RP-Lead,1992-01-01,RELEASE REPT 11/18/91,
1563,535,LUST Cleanup Initiated,RP-Lead,1993-09-23,11-29-91,
1564,535,Site Cleanup Completed (NFA),RP-Lead,1994-05-26,,
1565,536,Confirmed Release,RP-Lead,1992-03-27,"PER QRTLY REPORT, 1ST QTR TRPH F",
1566,536,LUST Cleanup Initiated,RP-Lead,1992-06-02,SOIL EXCAVATED/AERATED PER FINAL,
1567,536,Site Cleanup Completed (NFA),RP-Lead,1996-10-21,Letter U1024RK,
1568,537,Confirmed Release,RP-Lead,1991-09-23,,
1569,537,LUST Cleanup Initiated,RP-Lead,1993-09-15,7-29-91,
1570,537,Site Cleanup Completed (NFA),RP-Lead,1999-03-10,3/10/99 UO3048RSM letter - NFA issued,
1571,538,Confirmed Release,RP-Lead,1989-04-20,,
1572,538,LUST Cleanup Initiated,RP-Lead,1993-08-10,,
1573,538,Site Cleanup Completed (NFA),RP-Lead,2000-10-27,,
1574,539,LUST Cleanup Initiated,RP-Lead,1995-01-25,,
1575,539,Confirmed Release,RP-Lead,1995-01-25,TO JACK RICHARDSON,
1576,539,Site Cleanup Completed (NFA),RP-Lead,1995-08-31,,
1577,540,LUST Cleanup Initiated,RP-Lead,1994-03-04,CLOSURE REPT. SOIL MGMT BEGAN DU,
1578,540,Confirmed Release,RP-Lead,1994-03-04,PHONE CALL FROM DUNCAN WALKER/RE,
1579,540,Site Cleanup Completed (NFA),RP-Lead,1995-11-07,,
1580,541,Confirmed Release,RP-Lead,1994-09-27,DATE OF SOIL BORINGS LAB RESULTS,
1581,541,LUST Cleanup Initiated,RP-Lead,1995-02-27,REMV/REPLCMT PROJECT REMOVED FRE,
1582,541,Site Cleanup Completed (NFA),RP-Lead,2002-06-19,"NFA'd 4 June 02, U06006JAR",
1583,542,Confirmed Release,RP-Lead,1994-01-10,,
1584,542,LUST Cleanup Initiated,RP-Lead,1994-01-10,,
1585,542,Site Cleanup Completed (NFA),RP-Lead,1995-10-02,,
1586,543,LUST Cleanup Initiated,RP-Lead,1990-12-19,VENT LINE LEAK REPAIRED & SOIL E,
1587,543,Confirmed Release,RP-Lead,1990-12-19,VIA SELF-CERT RELEASE DET. FORM,
1588,543,Site Cleanup Completed (NFA),RP-Lead,1999-03-09,2/18/99 Foremost letter,
1589,544,Confirmed Release,RP-Lead,1992-03-31,,
1590,544,LUST Cleanup Initiated,RP-Lead,1992-04-01,Cls Rpt by Kiewit Pacific 9/27/91,
1591,544,Site Cleanup Completed (NFA),RP-Lead,2000-11-06,NFA U11013SF,
1592,545,Confirmed Release,RP-Lead,1992-07-01,,
1593,545,LUST Cleanup Initiated,RP-Lead,1992-11-30,"4/2/93 Unitek Environmental Report - lust cleanup initiated: 11/30/92.                                            NFA letter dated Sept 20, 1996.",
1594,545,Site Cleanup Completed (NFA),RP-Lead,1996-09-20,9/20/96 U0962JS,
1595,546,Confirmed Release,RP-Lead,1992-04-25,,
1596,546,LUST Cleanup Initiated,RP-Lead,1993-12-27,,
1597,546,Site Cleanup Completed (NFA),RP-Lead,1994-11-21,,
1598,547,Confirmed Release,RP-Lead,1995-04-13,VIA CALL,
1599,547,LUST Cleanup Initiated,,2002-07-20,Site Investigation Report,
1600,547,Site Cleanup Completed (NFA),RP-Lead,2006-12-08,NFA letter U1206DP,
1601,548,LUST Cleanup Initiated,RP-Lead,1991-10-08,Date of UST Removal,
1602,548,Confirmed Release,RP-Lead,1991-10-11,release is from the usts located at bldg 701 - rk,
1604,549,Confirmed Release,RP-Lead,1992-04-03,,
1608,550,LUST Cleanup Initiated,RP-Lead,1994-11-15,,
1609,550,Confirmed Release,RP-Lead,1994-12-07,VIA CRN,
1610,551,LUST Cleanup Initiated,RP-Lead,1994-07-14,,
1611,551,Confirmed Release,RP-Lead,1994-08-26,,
1612,551,Site Cleanup Completed (NFA),RP-Lead,1996-02-26,,
1613,552,LUST Cleanup Initiated,RP-Lead,1992-12-01,SOIL STOCKPILED/REMOVED DURING R,
1614,552,Confirmed Release,RP-Lead,1992-12-01,LAB RESULTS FROM REMOVAL PROJECT,
1615,552,Site Cleanup Completed (NFA),RP-Lead,1997-10-17,10/17/97 U1063SO letter - ,
1616,553,LUST Cleanup Initiated,RP-Lead,1989-11-22,,
1617,553,Confirmed Release,RP-Lead,1989-11-22,,
1618,553,Site Cleanup Completed (NFA),RP-Lead,1999-11-05,U10098RT,
1619,554,LUST Cleanup Initiated,RP-Lead,1987-10-23,FREE PRODUCT REMOVAL,
1620,554,Confirmed Release,RP-Lead,1987-10-27,,
1622,555,Confirmed Release,RP-Lead,1990-05-17,,
1623,555,LUST Cleanup Initiated,RP-Lead,1990-07-25,H. Nakai Inc. Closure Report,
1624,555,Site Cleanup Completed (NFA),State-Lead with State Money,1999-10-27,"NFA Issued, UI0086RSM",
1625,556,Confirmed Release,RP-Lead,1990-02-20,1) REC. SITE ASSESSMENT REPORT,
1626,556,LUST Cleanup Initiated,RP-Lead,1992-09-02,,
1627,556,Site Cleanup Completed (NFA),RP-Lead,1992-09-09,,
1628,557,Confirmed Release,RP-Lead,1991-06-03,"LETTER BY HARRY NAKAI, INC",
1629,557,LUST Cleanup Initiated,RP-Lead,1991-06-12,,
1630,557,Site Cleanup Completed (NFA),RP-Lead,2000-02-29,"Risk Site Assessment rpt, dtd 11/99
NFA'd 2/15/00  U02019JAR",
1631,558,Confirmed Release,RP-Lead,1991-10-23,PHONE CALL,
1632,558,LUST Cleanup Initiated,RP-Lead,1992-06-15,6/15/92 Rubeck Engineering & Construction report,
1633,558,Site Cleanup Completed (NFA),RP-Lead,1999-02-11,2/11/99 U02084JU letter,
1634,559,Confirmed Release,RP-Lead,1991-09-16,REMOVAL,
1635,559,LUST Cleanup Initiated,RP-Lead,1992-10-31,"MFA 12/2/92 TANK CLOSURE REPORT,",
1636,559,Site Cleanup Completed (NFA),RP-Lead,1993-08-27,,
1637,560,Confirmed Release,RP-Lead,1994-09-07,PER NOTIFICATION FORM DATED 11/10/94,
1638,560,LUST Cleanup Initiated,RP-Lead,1996-04-26,,
1639,560,Site Cleanup Completed (NFA),RP-Lead,1996-04-26,4/26/97 U0474RB Letter,
1641,561,Confirmed Release,RP-Lead,1989-10-06,10/06/89,
1643,562,Confirmed Release,RP-Lead,1992-02-05,,
1644,562,LUST Cleanup Initiated,RP-Lead,1992-05-11,,
1645,562,Site Cleanup Completed (NFA),RP-Lead,1997-07-31,7/31/97 U07128LKI,
1646,563,Confirmed Release,RP-Lead,1993-09-09,,
1647,563,Site Cleanup Completed (NFA),RP-Lead,1993-09-09,,
1648,563,LUST Cleanup Initiated,RP-Lead,1993-09-09,,
1649,564,Confirmed Release,RP-Lead,1994-02-18,,
1650,564,LUST Cleanup Initiated,RP-Lead,1994-02-18,,
1651,564,Site Cleanup Completed (NFA),RP-Lead,1996-08-05,8/5/96 U0737JAR Letter,
1652,565,LUST Cleanup Initiated,RP-Lead,1991-09-30,,
1653,565,Confirmed Release,RP-Lead,1991-09-30,VIA CLOSURE REPORT,
1654,565,Site Cleanup Completed (NFA),RP-Lead,2000-06-22,"NFA LTR ISSUED, U06039RSM",
1655,566,LUST Cleanup Initiated,RP-Lead,1993-10-04,SOIL MGMT BEGAN DURING REMOVAL P,
1656,566,Confirmed Release,RP-Lead,1993-10-04,DURING REMOVAL,
1657,566,Site Cleanup Completed (NFA),,2005-08-12,NFA letter 9-101814,
1658,567,LUST Cleanup Initiated,RP-Lead,1991-08-03,SOIL STOCKPILED DURING REMOVAL,
1659,567,Confirmed Release,RP-Lead,1991-08-03,"RELEASE FOUND DURING REMOVAL, LE",
1660,567,Site Cleanup Completed (NFA),RP-Lead,2000-07-06,"NFA letter, U06066SL, 7/6/00",
1661,568,Confirmed Release,RP-Lead,1991-02-04,,
1662,568,Disconfirmed Release,RP-Lead,1993-01-06,,
1663,569,LUST Cleanup Initiated,RP-Lead,1992-03-19,VIA REPORT 7/9/92,
1664,569,Confirmed Release,RP-Lead,1992-03-19,VIA REPORT 07/09/92 UST #6 ONLY,
1665,569,Site Cleanup Completed (NFA),RP-Lead,1995-05-16,DOH NFA LETTER,
1666,570,Confirmed Release,RP-Lead,1991-01-25,LETTER,
1667,570,LUST Cleanup Initiated,RP-Lead,1999-07-22,,
1668,570,Site Cleanup Completed (NFA),RP-Lead,2002-06-04,NFA U06005RT,
1669,571,Confirmed Release,RP-Lead,1993-03-17,,
1670,571,LUST Cleanup Initiated,RP-Lead,1997-03-20,7/25/97 Hawaii International Environmental Services Report -,
1671,571,Site Cleanup Completed (NFA),RP-Lead,1998-09-25,9/25/98 U09132SO letter,
1672,572,LUST Cleanup Initiated,RP-Lead,1994-11-02,,
1673,572,Confirmed Release,RP-Lead,1994-11-02,VIA CALL,
1674,572,Site Cleanup Completed (NFA),RP-Lead,1995-10-27,,
1675,573,Confirmed Release,RP-Lead,1995-11-28,,
1676,573,LUST Cleanup Initiated,RP-Lead,1998-11-13,cls rpt by OHM dated oct 97,
1677,573,Site Cleanup Completed (NFA),RP-Lead,2003-11-07,NFA U11006RT,
1678,574,Confirmed Release,RP-Lead,1991-11-20,,
1679,574,LUST Cleanup Initiated,RP-Lead,1998-01-20,4/1/98 JAV National Trans Syst. Cntr report,
1680,574,Site Cleanup Completed (NFA),RP-Lead,1998-04-01,11/4/98 U11013JAR letter,
1682,575,Confirmed Release,RP-Lead,1991-03-07,DURING CLOSURE,
1683,575,LUST Cleanup Initiated,RP-Lead,1992-08-28,"8/28/92 Unitek Environmental Consultants, Inc. Report",
1684,575,Site Cleanup Completed (NFA),RP-Lead,1997-09-17,3/27/91 Unitek Environmental Consultants Report - ,
1686,576,LUST Cleanup Initiated,RP-Lead,1994-09-07,,
1687,576,Confirmed Release,RP-Lead,1994-09-07,,
1688,576,Site Cleanup Completed (NFA),RP-Lead,2001-04-19,"NFA'd issued 4/18/01, U04024JAR",
1689,577,Confirmed Release,RP-Lead,1993-03-03,CRN,
1690,577,LUST Cleanup Initiated,RP-Lead,1993-04-03,,
1691,577,Site Cleanup Completed (NFA),RP-Lead,1999-11-26,,
1692,578,LUST Cleanup Initiated,RP-Lead,1993-10-15,,
1693,578,Confirmed Release,RP-Lead,1993-10-15,10-13-93,
1694,578,Site Cleanup Completed (NFA),RP-Lead,1994-04-06,,
1695,579,LUST Cleanup Initiated,RP-Lead,1994-01-05,SOIL MGMT BEGAN DURING REMOVAL P,
1696,579,Confirmed Release,RP-Lead,1994-01-05,PER REMVL REPT,
1697,579,Site Cleanup Completed (NFA),RP-Lead,2000-06-27,"NFA'd 6/26/00,  UO6052JAR",
1698,580,LUST Cleanup Initiated,RP-Lead,1992-11-10,REMOVAL REPT PG 1.0,
1699,580,Confirmed Release,RP-Lead,1992-11-10,DURING REMOVAL,
1700,580,Exposure Prevention Management Plan,,1996-08-12,Site visit conducted 1 1999.,
1701,581,LUST Cleanup Initiated,RP-Lead,1988-04-24,,
1702,581,Confirmed Release,RP-Lead,1988-11-03,,
1703,581,Site Cleanup Completed (NFA),RP-Lead,1999-11-16,NFA'd 11/8/99  U11025JAR,
1704,582,Confirmed Release,RP-Lead,1989-10-18,,
1705,582,LUST Cleanup Initiated,RP-Lead,1992-08-24,,
1706,582,Site Cleanup Completed (NFA),RP-Lead,1996-09-20,Letter U0957JAR,
1707,583,LUST Cleanup Initiated,RP-Lead,1991-10-09,,
1708,583,Confirmed Release,RP-Lead,1991-10-09,,
1709,583,Site Cleanup Completed (NFA),RP-Lead,1994-08-01,,
1710,584,LUST Cleanup Initiated,RP-Lead,1992-03-09,SOIL STOCKPILED DURING REMOVAL,
1711,584,Confirmed Release,RP-Lead,1992-03-09,RELEASE DETECTED DURING REMOVAL,
1712,584,Site Cleanup Completed (NFA),RP-Lead,1993-05-11,,
1713,585,LUST Cleanup Initiated,RP-Lead,1990-08-25,,
1714,585,Confirmed Release,RP-Lead,1990-08-25,,
1715,585,Site Cleanup Completed (NFA),RP-Lead,1993-09-08,,
1716,586,Confirmed Release,RP-Lead,1992-09-29,VIA CRN,
1717,586,LUST Cleanup Initiated,RP-Lead,1997-11-18,2/3/98 Dawson Environmental Report - Telephone report of cleanup activities after UST removal.  UST Closure Report is forthcoming.,
1718,586,Site Cleanup Completed (NFA),RP-Lead,2002-10-22,NFA  U10059RT,
1719,587,LUST Cleanup Initiated,RP-Lead,1995-07-28,"Closure and Site Remediation of USTs Naval Shipyard Pearl Harbor, UST No. 21, Oahu, Hawaii, Final Closure Report, dated July 1997, and prepard by OHM Remediation Services Corporation.                                                                                                     Quarterly Release Response Report for UST No. 21, dated October 1999, prepared by Pearl Harbor Naval Shipyard & Intermediate maintenance Facility.",
1720,587,Confirmed Release,RP-Lead,1995-08-08,CALL TO CHRIS/DURING REMOVAL,
1721,588,Confirmed Release,RP-Lead,1993-07-15,,
1722,588,Site Cleanup Completed (NFA),RP-Lead,1997-07-03,U0720ES,
1723,588,LUST Cleanup Initiated,RP-Lead,1997-07-03,,
1724,589,Confirmed Release,RP-Lead,1990-01-01,8/12/92 SUBSRFACE INVST. NOTES F,
1725,589,LUST Cleanup Initiated,RP-Lead,1993-09-22,8-12-92,
1726,589,Exposure Prevention Management Plan,,1996-01-31,,
1727,590,Confirmed Release,RP-Lead,1989-11-01,,
1728,590,LUST Cleanup Initiated,RP-Lead,1990-01-05,1/5/90 Unitek Environmental Report,
1729,590,Site Cleanup Completed (NFA),RP-Lead,1998-09-23,9/23/98 UO9104JAR letter,
1730,591,LUST Cleanup Initiated,RP-Lead,1995-04-19,,
1731,591,Confirmed Release,RP-Lead,1995-04-19,CALL TO CHRIS PROKOP,
1732,591,Site Cleanup Completed (NFA),RP-Lead,2001-11-05,,
1733,592,LUST Cleanup Initiated,RP-Lead,1992-01-10,"PER 9/22/92 BREWER REPORT PGS 1,",
1734,592,Site Assessment Ongoing,RP-Lead,1992-01-10,DURING REMOVAL,
1735,593,Confirmed Release,RP-Lead,1992-08-14,,
1736,593,LUST Cleanup Initiated,RP-Lead,1993-03-29,,
1737,593,Site Cleanup Completed (NFA),RP-Lead,1998-10-30,10/30/98 U10109EJS,
1738,594,Confirmed Release,RP-Lead,1992-02-27,,
1739,594,LUST Cleanup Initiated,RP-Lead,1993-12-20,,
1740,594,Site Cleanup Completed (NFA),RP-Lead,1994-06-22,,
1741,595,Confirmed Release,RP-Lead,1991-04-23,LAB RESULTS AFTER REMOVAL,
1742,595,LUST Cleanup Initiated,RP-Lead,1991-07-21,7/21/91 Brewer Environmental Services Report,
1743,596,Confirmed Release,RP-Lead,1991-09-01,REL ID# 930071 = 1ST & 3RD RELEA,
1744,596,LUST Cleanup Initiated,RP-Lead,1995-12-18,"12/13/95-FOPCO report, NFA requested",
1745,596,Site Cleanup Completed (NFA),RP-Lead,1999-05-07,"NFA issued, UO5017RSM",
1746,597,LUST Cleanup Initiated,RP-Lead,1995-11-06,SOIL STOCKPILED,
1747,597,Confirmed Release,RP-Lead,1995-11-06,CALL TO C. PROKOP-LAB ANALYSIS-D,
1748,597,Site Cleanup Completed (NFA),RP-Lead,1997-06-01,5/6/98 U0564JU letter,
1749,598,LUST Cleanup Initiated,RP-Lead,1993-06-01,,
1750,598,Confirmed Release,RP-Lead,1993-06-01,,
1751,598,Site Cleanup Completed (NFA),RP-Lead,1996-09-19,,
1752,599,Confirmed Release,RP-Lead,1990-03-12,"PER CALL, TTT FAILURE",
1753,599,LUST Cleanup Initiated,RP-Lead,1999-11-19,"Closure rpt rcv'd July 1997, report list UST #1 & Site Inv rpt dated 3/00 & rcvd 6/01",
1754,599,Site Cleanup Completed (NFA),,2005-08-12,NFA letter U08024CP,
1755,600,Confirmed Release,RP-Lead,1994-08-17,CALL TO DOH,
1756,600,LUST Cleanup Initiated,RP-Lead,1994-10-13,EXCAVATION/REMEDIATION PROJECT (,
1757,600,Site Cleanup Completed (NFA),RP-Lead,1996-02-13,2/13/96 U0207ES,
1761,602,LUST Cleanup Initiated,RP-Lead,1994-03-23,SOILS EXCAVATED DURING REMOVAL P,
1762,602,Confirmed Release,RP-Lead,1994-03-23,,
1763,602,Site Cleanup Completed (NFA),RP-Lead,2003-07-21,NFA U07027RT,
1765,603,Confirmed Release,RP-Lead,1992-01-01,REPT 11/25/91,
1768,604,Confirmed Release,RP-Lead,1994-06-14,,
1769,605,LUST Cleanup Initiated,RP-Lead,1993-11-22,SOIL STOCKPILED DURING REMOVAL P,
1770,605,Confirmed Release,RP-Lead,1993-11-22,NOTED DURING TANK REMOVAL,
1771,605,Site Cleanup Completed (NFA),RP-Lead,1995-10-17,,
1772,606,Confirmed Release,RP-Lead,1995-04-25,VIA CRN,
1773,606,LUST Cleanup Initiated,RP-Lead,1996-01-09,1/5/96-MFA report,
1774,606,Site Cleanup Completed (NFA),RP-Lead,2000-07-07,"4/27/00-BES QUARTERLY RRR. NFA ISSUED, U07003RSM.",
1775,607,LUST Cleanup Initiated,RP-Lead,1995-04-20,6/1/95 Walker Consultants Report - ,
1776,607,Confirmed Release,RP-Lead,1995-04-20,TO ROXANNE,
1777,607,Site Cleanup Completed (NFA),RP-Lead,1998-01-21,1/21/98 U0126SO letter,
1778,608,LUST Cleanup Initiated,RP-Lead,1992-11-09,SOIL STOCKPILED DURING REMOVAL,
1779,608,Confirmed Release,RP-Lead,1992-11-09,RELEASE DETECTED DURING REMOVAL,
1780,608,Site Cleanup Completed (NFA),RP-Lead,1993-10-11,B,
1781,609,Confirmed Release,RP-Lead,1990-12-31,ACTUAL RELEASE DATE UNKNOWN,
1782,609,LUST Cleanup Initiated,RP-Lead,1996-06-06,"Per meeting w/consultant Mr. Stuart Cotton, closure report cannot be found, will try to get any available information.",
1783,610,Confirmed Release,RP-Lead,1993-07-23,,
1784,610,LUST Cleanup Initiated,RP-Lead,1994-02-10,SOIL MGMT BEGAN DURING REMOVAL,
1785,610,Site Cleanup Completed (NFA),RP-Lead,1995-08-31,,
1786,611,Confirmed Release,RP-Lead,1992-01-03,REC'D CRN 12/5/91,
1787,611,LUST Cleanup Initiated,RP-Lead,1998-01-26,1/1/94 Edward K. Noda & Associates Report,
1788,611,Site Cleanup Completed (NFA),RP-Lead,1998-02-05,2/5/98 U0215SO letter,
1789,612,Confirmed Release,RP-Lead,1991-12-17,FOPCO RELEASE REPT 12/20/91,
1790,612,LUST Cleanup Initiated,RP-Lead,1992-02-12,,
1791,612,Site Cleanup Completed (NFA),RP-Lead,2002-02-15,,
1792,613,LUST Cleanup Initiated,RP-Lead,1992-04-01,4/19/92 Air Force Letter - ,
1793,613,Confirmed Release,RP-Lead,1992-04-08,,
1794,613,Exposure Prevention Management Plan,RP-Lead,2006-09-15,,
1795,614,Monitored Natural Attenuation,RP-Lead,1990-03-05,,
1796,614,Confirmed Release,RP-Lead,1988-12-01,,
1797,614,LUST Cleanup Initiated,RP-Lead,1989-09-01,,
1798,615,Confirmed Release,RP-Lead,1992-04-27,,
1799,615,Disconfirmed Release,RP-Lead,1993-04-13,,
1800,616,Confirmed Release,RP-Lead,1994-03-02,,
1801,616,LUST Cleanup Initiated,RP-Lead,1994-06-09,,
1802,616,Site Cleanup Completed (NFA),RP-Lead,1994-06-09,,
1803,617,LUST Cleanup Initiated,RP-Lead,1990-11-11,,
1804,617,Confirmed Release,RP-Lead,1990-11-11,DURING REMOVAL,
1805,617,Site Cleanup Completed (NFA),RP-Lead,1993-07-28,,
1806,618,Confirmed Release,RP-Lead,1992-10-01,,
1807,618,Site Cleanup Completed (NFA),RP-Lead,1999-08-11,"NFA'd, UO8009JAR, 8/5/99",
1808,618,LUST Cleanup Initiated,RP-Lead,1999-08-11,,
1809,619,LUST Cleanup Initiated,RP-Lead,1994-07-12,,
1810,619,Confirmed Release,RP-Lead,1994-07-12,,
1811,619,Site Cleanup Completed (NFA),RP-Lead,1996-02-13,,
1812,620,Confirmed Release,RP-Lead,1990-01-30,LAB TESTS AFTER REMOVAL INDICATE,
1813,620,Site Cleanup Completed (NFA),RP-Lead,1997-09-26,9/26/97 U0962LKI,
1814,620,LUST Cleanup Initiated,RP-Lead,1997-09-26,,
1815,621,LUST Cleanup Initiated,RP-Lead,1994-04-07,11/21/94 Morrison Knudsen Corporation Report,
1816,621,Confirmed Release,RP-Lead,1994-04-07,,
1817,621,Site Cleanup Completed (NFA),RP-Lead,1999-08-26,U08126JU,
1818,622,Confirmed Release,RP-Lead,1989-09-15,TELEPHONE TO ERIC SADOYAMA,
1819,622,LUST Cleanup Initiated,RP-Lead,1998-12-10,5/8/98 Dawson Environmental Services report/ 10/8/99 Quarterly monitoring report,
1822,623,Confirmed Release,RP-Lead,1990-07-30,AS OF REMOVAL DATE-FROM 6/12/92,
1823,623,LUST Cleanup Initiated,RP-Lead,1990-10-12,"BES closure report, NFA REQUESTED",
1824,623,Site Cleanup Completed (NFA),RP-Lead,2000-06-13,"NFA ISSUED, U06019RSM",
1825,624,Confirmed Release,RP-Lead,1990-04-11,,
1826,624,LUST Cleanup Initiated,RP-Lead,1991-08-26,SOIL EXCAVATED/TRANSPORTED OFF S,
1827,624,Site Cleanup Completed (NFA),RP-Lead,1999-11-12,NFA's 10/15/99  U10053JAR,
1828,625,LUST Cleanup Initiated,RP-Lead,1990-03-13,LTR 03/27/90 HECO PG. 2,
1829,625,Confirmed Release,RP-Lead,1990-03-13,,
1830,625,Site Cleanup Completed (NFA),RP-Lead,2000-08-14,"NFA ISSUED, U08031RSM",
1831,626,Confirmed Release,RP-Lead,1992-07-30,,
1832,626,LUST Cleanup Initiated,RP-Lead,1996-02-14,2/7/96 PHNSY report,
1833,626,Site Cleanup Completed (NFA),RP-Lead,1999-05-28,"10/1/98 ATG closure report. NFA issued, UO5098RSM",
1835,627,Confirmed Release,RP-Lead,1994-02-07,,
1837,628,Confirmed Release,RP-Lead,1993-12-02,SITE INSPECTION,
1838,628,LUST Cleanup Initiated,RP-Lead,1995-11-27,,
1839,628,Site Cleanup Completed (NFA),RP-Lead,2001-10-25,,
1840,629,LUST Cleanup Initiated,RP-Lead,1991-12-27,,
1841,629,Confirmed Release,RP-Lead,1991-12-27,,
1842,629,Site Cleanup Completed (NFA),RP-Lead,1997-07-02,U0716DH,
1843,630,LUST Cleanup Initiated,RP-Lead,1993-10-19,PER E. K. NODA CLOSURE REPT PG 5,
1844,630,Confirmed Release,RP-Lead,1993-10-19,PER E. K. NODA CLOSURE REPORT PG,
1845,630,Site Cleanup Completed (NFA),RP-Lead,1994-03-14,,
1847,631,Confirmed Release,RP-Lead,1992-01-01,REPT 11/25/91,
1849,632,Confirmed Release,RP-Lead,1995-10-03,CALL TO ROGER,
1850,632,LUST Cleanup Initiated,RP-Lead,1996-01-01,Closure Report  -- SF,
1851,633,LUST Cleanup Initiated,RP-Lead,1990-12-08,SOIL MGMT BEGAN DURING REMOVAL,
1852,633,Confirmed Release,RP-Lead,1990-12-08,DETECTED DURING REMOVAL,
1853,633,Site Cleanup Completed (NFA),RP-Lead,1994-08-08,,
1854,634,LUST Cleanup Initiated,RP-Lead,1994-02-01,SOIL MGMT BEGAN DURING REMOVAL,
1855,634,Confirmed Release,RP-Lead,1994-02-01,Date of UST Pull,
1856,634,Site Cleanup Completed (NFA),RP-Lead,1999-06-08,U06007RT,
1857,635,Confirmed Release,RP-Lead,1992-03-12,,
1858,635,LUST Cleanup Initiated,RP-Lead,1993-09-23,4-29-92,
1859,636,Confirmed Release,RP-Lead,1991-02-26,,
1860,636,LUST Cleanup Initiated,RP-Lead,1991-04-15,,
1861,636,Site Cleanup Completed (NFA),RP-Lead,2002-04-10,"Site Assessment rpt ,dtd 2/02, NFA issued 3/18/02, U03038JAR",
1862,637,Confirmed Release,RP-Lead,1993-03-24,VIA CRN,
1863,637,LUST Cleanup Initiated,RP-Lead,1998-04-24,Removal of USTs,
1864,637,Site Cleanup Completed (NFA),RP-Lead,2000-09-05,U08067RT NFA,
1866,638,Confirmed Release,RP-Lead,1992-04-14,,
1868,639,Confirmed Release,RP-Lead,1992-05-11,,
1869,639,LUST Cleanup Initiated,RP-Lead,1992-08-10,,
1870,639,Site Cleanup Completed (NFA),RP-Lead,1993-01-27,,
1871,640,Confirmed Release,RP-Lead,1993-10-28,,
1872,640,LUST Cleanup Initiated,RP-Lead,1996-04-24,,
1873,640,Site Cleanup Completed (NFA),RP-Lead,1996-04-24,,
1874,641,LUST Cleanup Initiated,RP-Lead,1989-10-23,FREE PRODUCT REMOVAL/SOIL MGMT D,
1875,641,Confirmed Release,RP-Lead,1989-10-23,UST Closure Report by ESP,
1876,641,Site Cleanup Completed (NFA),State-Lead with State Money,2000-02-09,"NFA ISSUED, U02O15RSM",
1877,642,Confirmed Release,RP-Lead,1993-01-22,,
1878,642,LUST Cleanup Initiated,RP-Lead,1993-01-26,,
1879,642,Site Cleanup Completed (NFA),,2005-05-25,letter U05056CP,
1880,643,Confirmed Release,RP-Lead,1987-05-25,,
1881,643,Disconfirmed Release,RP-Lead,1998-08-27,"8/27/98 memo to file. Tanks were discovered still holding product (possibly stoddard solvent), however there was no indication of a release. Data from 1987 did not include any soil sampling data; however, reports did not mention any stained soil, odors, sheens, or free product. -Eric Sadoyama, 8/27/98",
1882,644,Confirmed Release,RP-Lead,1993-04-16,,
1883,644,LUST Cleanup Initiated,RP-Lead,1993-04-23,5/7/93 Environmental Sciences- Pacific Letter - 4/23/93 is the date the hydrotesting the effluent samples,
1885,645,LUST Cleanup Initiated,RP-Lead,1990-02-01,11/1/90 Environmental Sciences-Pacific Report - ,
1886,645,Confirmed Release,RP-Lead,1990-02-14,,
1887,645,Site Cleanup Completed (NFA),RP-Lead,1997-10-20,10/20/97 U1083LKI Letter - ,
1888,646,Confirmed Release,RP-Lead,1989-02-16,,
1889,646,LUST Cleanup Initiated,RP-Lead,1992-06-24,,
1890,647,Confirmed Release,RP-Lead,1990-10-29,DETECTED NEAR WASTE OIL UST; RES,
1891,647,LUST Cleanup Initiated,RP-Lead,1992-12-02,,
1892,647,Site Cleanup Completed (NFA),RP-Lead,1992-12-02,,
1893,648,Confirmed Release,RP-Lead,1989-03-28,,
1894,648,LUST Cleanup Initiated,RP-Lead,1990-07-09,SOIL MGMT BEGAN DURING REMOVAL P,
1895,648,Site Cleanup Completed (NFA),RP-Lead,2000-06-22,"NFA ISSUED, U06037RSM",
1896,649,Confirmed Release,RP-Lead,1991-10-16,NOTED DURING REMOVAL,
1897,649,LUST Cleanup Initiated,RP-Lead,1991-12-09,SOIL EXCAVATED/STOCKPILED,
1898,649,Site Cleanup Completed (NFA),RP-Lead,1995-10-27,,
1899,650,Confirmed Release,RP-Lead,1994-05-09,,
1900,650,LUST Cleanup Initiated,RP-Lead,1994-06-24,12/15/94 Morrison Knudsen Corporation report - Confirmed Release to NFA,
1901,650,Site Cleanup Completed (NFA),RP-Lead,1998-08-18,8/18/98 U08102LKI letter,
1902,651,LUST Cleanup Initiated,RP-Lead,1991-04-17,EXCAVATED CONT. SOILS,
1903,651,Confirmed Release,RP-Lead,1991-04-17,,
1904,651,Site Cleanup Completed (NFA),RP-Lead,1999-08-24,U08090RT,
1905,652,Confirmed Release,RP-Lead,1995-12-04,CALL TO JOSE R.,
1906,652,LUST Cleanup Initiated,RP-Lead,1995-12-05,,
1907,652,Site Cleanup Completed (NFA),RP-Lead,1996-09-25,Letter U0967JR,
1908,653,LUST Cleanup Initiated,RP-Lead,1994-01-31,SOIL STOCKPILED AT TIME OF REMOV,
1909,653,Confirmed Release,RP-Lead,1994-01-31,PER E.L. PACIFIC LAB REPORT COLL,
1910,653,Site Cleanup Completed (NFA),RP-Lead,1999-01-06,1/6/99 U01031EJS,
1912,654,Confirmed Release,RP-Lead,1992-02-28,tank bp49,
1914,655,Confirmed Release,RP-Lead,1993-11-30,,
1916,656,LUST Cleanup Initiated,RP-Lead,1991-10-28,,
1917,656,Confirmed Release,RP-Lead,1991-10-28,,
1918,656,Site Cleanup Completed (NFA),RP-Lead,1994-12-27,,
1919,657,LUST Cleanup Initiated,RP-Lead,1989-07-22,REMOVAL OF FREE PRODUCT & CONTAM,
1920,657,Confirmed Release,RP-Lead,1989-07-22,,
1921,657,Site Cleanup Completed (NFA),RP-Lead,1999-07-20,U07044JU,
1922,658,Confirmed Release,RP-Lead,1991-11-26,,
1923,658,LUST Cleanup Initiated,RP-Lead,1992-05-29,,
1924,658,Site Cleanup Completed (NFA),RP-Lead,2002-06-04,,
1925,659,Confirmed Release,RP-Lead,1993-11-01,,
1926,659,Disconfirmed Release,RP-Lead,1998-08-03,6/1/97 Ogden EESCI Closure report-RSM,
1927,660,Confirmed Release,RP-Lead,1993-12-21,PER SHORT-TERM RELEASE RESPONSE,
1928,660,LUST Cleanup Initiated,RP-Lead,1994-01-14,FREE PRODUCT RECOVERY SYSTEM INS,
1929,660,Site Cleanup Completed (NFA),RP-Lead,2000-06-19,"Clayton Environmental, 5/15/2000, Groundwater Sampling report",
1930,661,Confirmed Release,RP-Lead,1990-11-05,,
1931,661,LUST Cleanup Initiated,RP-Lead,1990-12-05,,
1932,661,Site Cleanup Completed (NFA),RP-Lead,1999-08-24,8/24/99 U08099EJS letter,
1933,662,Confirmed Release,RP-Lead,1989-12-13,,
1934,662,Disconfirmed Release,RP-Lead,1994-01-14,1/14/94 U0135CL,
1935,663,LUST Cleanup Initiated,RP-Lead,1990-11-27,PER SITE ASSMT/UST CLOSURE REPT,
1936,663,Confirmed Release,RP-Lead,1990-11-27,PER SITE ASSMT/CLOSURE REPT PG 3,
1937,664,Confirmed Release,RP-Lead,1990-01-16,,
1938,664,LUST Cleanup Initiated,RP-Lead,1990-06-01,,
1939,664,Site Cleanup Completed (NFA),RP-Lead,1998-02-01,10/21/98 U10066JAR letter,
1940,665,Confirmed Release,RP-Lead,1994-08-02,,
1941,665,LUST Cleanup Initiated,RP-Lead,1996-02-01,2/1/96 Walker Consultants Report - ,
1942,665,Site Cleanup Completed (NFA),RP-Lead,1997-09-05,9/5/97 U0871SO Letter,
1943,666,Confirmed Release,RP-Lead,1988-11-01,CALL TO ROX ON 2/23/88,
1944,666,LUST Cleanup Initiated,RP-Lead,1989-08-14,SOIL MGMT DURING REMOVAL FROM SI,
1945,666,Site Cleanup Completed (NFA),RP-Lead,1995-10-27,DOH NFA LTR,
1946,667,Confirmed Release,RP-Lead,1989-12-04,SEE USPS HON. DIVISION PROJECT P,
1947,667,LUST Cleanup Initiated,RP-Lead,1991-06-24,PER COMMUNICATIONS LOG SHEET DAT,
1948,667,Site Cleanup Completed (NFA),RP-Lead,1991-07-01,1/14/99 NFA letter U01073DH letter,
1949,668,Confirmed Release,RP-Lead,1994-01-21,,
1950,668,LUST Cleanup Initiated,RP-Lead,1994-01-21,,
1951,668,Site Cleanup Completed (NFA),RP-Lead,1995-02-07,,
1952,669,Monitored Natural Attenuation,RP-Lead,1993-05-20,,
1953,669,LUST Cleanup Initiated,RP-Lead,1993-05-19,CONTAMINATED SOIL MGMT BEGAN,
1954,669,Confirmed Release,RP-Lead,1993-05-19,DURING EXCAVATION FOR TIGHTNESS,
1955,669,Site Cleanup Completed (NFA),RP-Lead,2005-09-21,,
1956,670,Confirmed Release,RP-Lead,1992-07-29,,
1957,670,LUST Cleanup Initiated,RP-Lead,1992-12-08,,
1958,671,Confirmed Release,RP-Lead,1987-06-26,,
1959,671,LUST Cleanup Initiated,RP-Lead,1988-10-13,We received a letter the tank was removed  and they suspect leakage of theft.  A DOH official on site did not notice any signs of leakage so it was probably theft.,
1960,671,Disconfirmed Release,RP-Lead,2001-07-13,Release disconfirmed based on information in the file that showed gas was stolen MS,
1961,672,Confirmed Release,RP-Lead,1990-03-27,,
1962,672,Disconfirmed Release,RP-Lead,1993-06-30,6/29/93 memo to file,
1965,673,Confirmed Release,RP-Lead,1996-06-06,,
1966,674,Confirmed Release,RP-Lead,1992-01-01,RELEASE REPT 12/18/91,
1967,674,Site Cleanup Completed (NFA),RP-Lead,1997-08-27,8/27/97 U0856JAR,
1968,674,LUST Cleanup Initiated,RP-Lead,1997-08-27,,
1969,675,Case Transferred to HEER (regulated),RP-Lead,1993-04-13,,
1970,675,LUST Cleanup Initiated,RP-Lead,1993-04-01,,
1971,675,Confirmed Release,RP-Lead,1993-04-01,,
1972,675,Site Cleanup Completed (NFA),RP-Lead,1994-11-23,,
1973,676,Confirmed Release,RP-Lead,1995-03-30,TO ROGER BREWER,
1974,676,Site Cleanup Completed (NFA),RP-Lead,1997-07-02,U0712JS,
1975,676,LUST Cleanup Initiated,RP-Lead,1997-07-02,,
1976,677,Site Cleanup Completed (NFA),RP-Lead,1993-07-15,7/15/93 UO748RS letter,
1977,677,LUST Cleanup Initiated,RP-Lead,1993-07-15,,
1978,677,Confirmed Release,RP-Lead,1993-07-15,VIA CLOSURE REPT DATED 03/17/93,
1979,678,Confirmed Release,RP-Lead,1994-03-21,VIA CRN,
1980,678,Disconfirmed Release,RP-Lead,1996-05-20,5/20/96 U0518JAR letter,
1981,679,Confirmed Release,RP-Lead,1991-03-26,,
1982,679,LUST Cleanup Initiated,RP-Lead,1994-02-10,CLEAN UP BEGAN/REMOVAL REPORT,
1983,679,Site Cleanup Completed (NFA),RP-Lead,1997-01-29,"NFA LTR ISSUED, U0130JAR
Corrected status on 4/24/00 - GKO",
1984,680,Confirmed Release,RP-Lead,1992-10-20,,
1985,680,LUST Cleanup Initiated,RP-Lead,1998-10-14,Cls Rpt by FOPCO 10/21/92.,
1986,680,Site Cleanup Completed (NFA),RP-Lead,2002-10-18,NFA U10027RT,
1987,681,Monitored Natural Attenuation,RP-Lead,1996-06-06,,
1988,681,Confirmed Release,RP-Lead,1988-01-15,PHONE CALL TO ROX APPROX. 1/15/88,
1989,681,LUST Cleanup Initiated,RP-Lead,1993-07-12,FREE PRODUCT BAILING BEGAN PER:1/ 9/30/99 Quarterly Monitoring report,
1990,682,Confirmed Release,RP-Lead,1995-01-30,VIA CRN. 6/5/97 U0592JS requested an update.,
1991,682,LUST Cleanup Initiated,RP-Lead,1995-07-11,8/25/95 Ogden Environmental and Energy Services Report - ,
1992,682,Site Cleanup Completed (NFA),RP-Lead,1997-10-20,"10/20/97 U1092SO letter - ""Site Cleanup Complete"" date should be 10/20/97.  Sorry for the confusion.",
1993,683,Confirmed Release,RP-Lead,1990-05-04,,
1994,683,LUST Cleanup Initiated,RP-Lead,1993-09-01,"8/28/97 U0861JAR Letter - Submitted letter requesting for additional information, site need monitoring wells.",
1995,683,Site Cleanup Completed (NFA),RP-Lead,2000-06-27,"Qrtly Rls Rpt rcvd 5/00, NFA'd 6/26/00  UO6051JAR",
1996,684,Confirmed Release,RP-Lead,1989-05-04,DATE OF PRE-DRILL THAT FOUND CON,
1997,684,LUST Cleanup Initiated,RP-Lead,1992-08-31,SOIL MGMT BEGAN DURING REMOVAL-P,
1998,684,Site Cleanup Completed (NFA),RP-Lead,1997-06-12,U0585JR 6/12/97,
1999,685,Confirmed Release,RP-Lead,1993-03-01,APPROX DATE PER CRN RELEASE DETE,
2000,685,Site Cleanup Completed (NFA),RP-Lead,1996-09-16,Letter U0930RB,
2001,685,LUST Cleanup Initiated,RP-Lead,1996-09-16,,
2002,686,LUST Cleanup Initiated,RP-Lead,1994-08-08,SOIL STOCKPILED DURING REMOVAL PERIOD.,
2003,686,Confirmed Release,RP-Lead,1994-08-16,LAB RESULTS DATE-CONFIRMED CONTA,
2004,686,Site Cleanup Completed (NFA),RP-Lead,2000-07-19,"5/1/00-WCL RRR. NFA ISSUED, U07030RSM",
2005,687,LUST Cleanup Initiated,RP-Lead,1989-08-10,,
2006,687,Confirmed Release,RP-Lead,1989-08-10,,
2007,687,Site Cleanup Completed (NFA),RP-Lead,1995-02-28,,
2008,688,Confirmed Release,RP-Lead,1995-07-14,"CALL TO ERIC, DURING REMOVAL",
2009,688,LUST Cleanup Initiated,RP-Lead,1998-02-27,9/25/95 HLA closure report (rcvd 2/27/98),
2010,688,Site Cleanup Completed (NFA),RP-Lead,2000-06-07,"NFA ISSUED, U06004RSM",
2011,2536,Confirmed Release,RP-Lead,1990-03-20,Phone call - reported inventory loss,
2012,690,Confirmed Release,RP-Lead,1994-04-12,VIA CRN,
2013,690,Site Cleanup Completed (NFA),RP-Lead,1997-09-02,U0862ES,
2014,690,LUST Cleanup Initiated,RP-Lead,1997-09-02,NFA issued - no cleanup needed,
2015,691,Confirmed Release,RP-Lead,1993-07-29,,
2016,691,LUST Cleanup Initiated,RP-Lead,1994-08-08,,
2017,691,Site Cleanup Completed (NFA),RP-Lead,1994-08-08,,
2018,692,LUST Cleanup Initiated,RP-Lead,1994-05-21,,
2019,692,Confirmed Release,RP-Lead,1994-05-21,S.T. REL. RESP. REPT. PG5,
2020,692,Site Cleanup Completed (NFA),RP-Lead,2000-02-04,"NFA ISSUED, U02002RSM",
2021,693,Confirmed Release,RP-Lead,1988-02-11,,
2022,693,Site Cleanup Completed (NFA),RP-Lead,1997-08-27,8/27/97 U0852SO,
2023,693,LUST Cleanup Initiated,RP-Lead,1997-08-27,,
2024,694,Confirmed Release,RP-Lead,1995-01-19,VIA CALL TO ROGER BREWER,
2025,694,LUST Cleanup Initiated,RP-Lead,1995-03-14,SOIL MGMT/FREE PRODUCT RECOVERY,
2026,694,Site Cleanup Completed (NFA),RP-Lead,2002-03-22,NFA U03065RT,
2027,695,LUST Cleanup Initiated,RP-Lead,1994-05-20,,
2028,695,Confirmed Release,RP-Lead,1994-05-20,,
2029,695,Site Cleanup Completed (NFA),RP-Lead,1999-08-17,,
2031,696,Confirmed Release,RP-Lead,1989-07-13,,
2033,697,Confirmed Release,RP-Lead,1994-06-30,VIA CRN,
2034,697,LUST Cleanup Initiated,RP-Lead,1999-05-13,underground storage tank,
2035,697,Site Cleanup Completed (NFA),RP-Lead,2001-10-05,,
2036,698,LUST Cleanup Initiated,RP-Lead,1994-09-02,SEE CLOSURE REPT DATED 12/30/94,
2037,698,Confirmed Release,RP-Lead,1994-09-02,SEE CLOSURE REPT DATED 12/30/94,
2038,698,Site Cleanup Completed (NFA),RP-Lead,1999-10-20,DOH letter U10071JU,
2039,699,Confirmed Release,RP-Lead,1993-04-05,VIA LETTER,
2040,699,LUST Cleanup Initiated,RP-Lead,1997-03-21,3/21/97 Morrison Knudsen Corporation Report - ,
2041,699,Site Cleanup Completed (NFA),RP-Lead,1997-10-20,10/20/97 U1096LKI Letter - ,
2042,700,LUST Cleanup Initiated,RP-Lead,1991-10-21,CLOSURE REPT,
2043,700,Confirmed Release,RP-Lead,1991-10-21,VIA CLOSURE REPT,
2044,700,Site Cleanup Completed (NFA),RP-Lead,1994-08-18,,
2045,701,LUST Cleanup Initiated,RP-Lead,1995-07-31,,
2046,701,Confirmed Release,RP-Lead,1995-08-07,CALL TO CHRIS/RESULTS OF LAB ANA,
2047,701,Site Cleanup Completed (NFA),RP-Lead,1998-04-17,4/17/98 DOH letter - U0459LKI,
2048,702,Confirmed Release,RP-Lead,1992-04-01,,
2049,702,LUST Cleanup Initiated,RP-Lead,1992-05-29,,
2050,702,Site Cleanup Completed (NFA),RP-Lead,1993-11-29,,
2051,703,Confirmed Release,RP-Lead,1987-07-10,,
2052,703,Site Cleanup Completed (NFA),RP-Lead,1993-11-01,,
2053,703,LUST Cleanup Initiated,RP-Lead,1993-11-01,,
2054,704,Confirmed Release,RP-Lead,1992-02-07,,
2055,704,LUST Cleanup Initiated,RP-Lead,2000-04-12,3/10/92-BESD closure report,
2056,704,Site Cleanup Completed (NFA),RP-Lead,2000-04-20,"NFA ISSUED, U04026RSM",
2057,705,Confirmed Release,RP-Lead,1995-09-01,CALL TO ROXANNE KWAN,
2058,705,LUST Cleanup Initiated,RP-Lead,1995-09-15,EXCAVATION AND REMOVAL OF CONTAM,
2059,705,Site Cleanup Completed (NFA),RP-Lead,1998-09-08,"9/8/98 U09031JU letter - NFA for the 150 and 2,000 gallon USTs",
2060,706,Confirmed Release,RP-Lead,1992-08-13,,
2061,706,LUST Cleanup Initiated,RP-Lead,1994-06-09,,
2062,706,Site Cleanup Completed (NFA),RP-Lead,1994-06-09,,
2063,707,Confirmed Release,RP-Lead,1991-04-01,VIA PHONE,
2064,707,Disconfirmed Release,RP-Lead,1996-03-22,3/22/96 U0318RB. 1st report based on tracer test but soil sampling showed no contaminants.,
2065,708,Confirmed Release,RP-Lead,1990-07-23,,
2066,708,LUST Cleanup Initiated,RP-Lead,1995-08-01,,
2067,708,Site Cleanup Completed (NFA),RP-Lead,1999-05-04,"NFA issued, UO5004RSM",
2068,709,Confirmed Release,RP-Lead,1995-01-18,VIA CALL TO ERIC SADOYAMA AND RE,
2069,709,LUST Cleanup Initiated,RP-Lead,1995-03-10,3/8/95 ICEI closure report. NFA requested-RSM,
2070,709,Site Cleanup Completed (NFA),RP-Lead,1999-08-26,"NFA issued, UO7080RSM",
2071,710,Disconfirmed Release,RP-Lead,1992-01-03,ABOVEGROUND STORAGE TANK,
2072,710,Confirmed Release,RP-Lead,1993-09-21,10/09/89,
2073,711,Confirmed Release,RP-Lead,1994-03-28,TTT FAILURE/UST CONTENTS REMOVE,
2074,711,LUST Cleanup Initiated,RP-Lead,1999-08-23,"Closure Report, Underground Storage Tanks FS-535-1, FS-535-2, FS-535-3, FS-535-4, and FS-535-5, Fort Shafter Military Reservation,  Hawaii dated August 23, 1999, prepared by Morrison Knudsen Corporation Environmental Group",
2075,711,Site Cleanup Completed (NFA),RP-Lead,1999-12-21,,
2076,712,Confirmed Release,RP-Lead,1989-03-22,PER 2/6/91 FILE NOTES,
2077,712,LUST Cleanup Initiated,RP-Lead,1993-04-29,"6/94 S.T.REL.REPT.,APPENDIX C, P",
2078,713,LUST Cleanup Initiated,RP-Lead,1994-04-08,overexcavated & removed contaminated soil,
2079,713,Confirmed Release,RP-Lead,1994-04-08,,
2080,713,Site Cleanup Completed (NFA),RP-Lead,2000-03-17,"NFA ISSUED, UO3023RSM",
2081,714,Confirmed Release,RP-Lead,1992-09-14,,
2082,714,LUST Cleanup Initiated,RP-Lead,1998-08-30,"Engineering Evaluation of Contamination Report For Schofield Barracks Car Care Center, Building 80, ( fiberglass plastic, 10,000 gallon UST), dated February 3,1995, and prepared by Muranaka Environmental Consultants, Inc.",
2083,715,Monitored Natural Attenuation,RP-Lead,1992-09-30,,
2084,715,Confirmed Release,RP-Lead,1992-09-30,,
2085,715,LUST Cleanup Initiated,RP-Lead,1992-11-06,,
2086,715,Site Cleanup Completed (NFA),,2005-06-30,,
2087,716,Confirmed Release,RP-Lead,1992-10-01,SYMPHONY PARK PROJECT - SEE LEAK,
2088,716,LUST Cleanup Initiated,RP-Lead,1994-08-08,Dames & Moore reports bulk file,
2089,716,Site Cleanup Completed (NFA),RP-Lead,2003-10-06,NFA letter U10006RT,
2090,717,Confirmed Release,RP-Lead,1991-03-20,CALL ON 3/20/91,
2091,717,LUST Cleanup Initiated,RP-Lead,1993-01-27,,
2092,717,Site Cleanup Completed (NFA),RP-Lead,1999-01-14,1/14/99 UO1069JAR letter - NFA issued,
2093,718,Confirmed Release,RP-Lead,1992-04-03,,
2094,718,Disconfirmed Release,RP-Lead,1993-04-12,,
2097,719,Confirmed Release,RP-Lead,1991-11-25,REPT 11/25/91,
2098,720,LUST Cleanup Initiated,RP-Lead,1994-10-13,,
2099,720,Confirmed Release,RP-Lead,1994-10-13,VIA CALL,
2100,720,Site Cleanup Completed (NFA),RP-Lead,1995-10-25,,
2101,721,Confirmed Release,RP-Lead,1987-05-06,,
2102,721,LUST Cleanup Initiated,RP-Lead,1987-05-13,CONTAMINATED SOIL REMOVAL,
2103,721,Site Cleanup Completed (NFA),RP-Lead,1994-12-07,,
2104,722,Confirmed Release,RP-Lead,1992-02-19,,
2105,722,Site Cleanup Completed (NFA),State-Lead with State Money,1999-09-23,"NFA Issued, UO8133RSM",
2106,722,LUST Cleanup Initiated,RP-Lead,1999-09-23,12/1/92 HLA Closure Report,
2107,723,Confirmed Release,RP-Lead,1992-10-01,VIA CRN,
2108,723,LUST Cleanup Initiated,RP-Lead,1993-03-19,,
2109,723,Site Cleanup Completed (NFA),RP-Lead,1995-10-02,,
2110,724,Confirmed Release,RP-Lead,1992-04-24,2ND TTT DONE-CONFIRMED LEAK (1/2,
2111,724,LUST Cleanup Initiated,RP-Lead,1993-05-19,PER:REMOVAL REPORT SOIL MGMT BEG,
2112,724,Site Cleanup Completed (NFA),RP-Lead,2002-03-05,,
2113,725,Confirmed Release,RP-Lead,1992-02-03,for release from 1000 gallon diesel,
2114,725,LUST Cleanup Initiated,RP-Lead,1992-02-19," groundwater monitoring letter report prepared by Clayton Environmental Consultants 7/15/99; groundwater monitoring letter report prepared by Clayton Environmental, 1/26/2000, NFA recommended.",
2117,726,LUST Cleanup Initiated,RP-Lead,1991-11-25,7/25/2001 THIS CLEANUP INITIATED DATE IS USED AS A MARKER BECAUSE DERA FUNDED SITES WERE NOT ASSIGNED A CLEANUP INITATED DATE BY THE HEER OFFICE.  - RK,
2119,726,Confirmed Release,RP-Lead,1991-11-25,REPT 11/25/91,
2121,727,Confirmed Release,RP-Lead,1988-01-12,,
2122,727,Site Cleanup Completed (NFA),RP-Lead,1997-11-03, Randy Orlowski Report - Randy Orlowski sent in logs and written records of incident.,
2123,727,LUST Cleanup Initiated,RP-Lead,1997-11-03, Randy Orlowski Report - Randy Orlowski sent in logs and written records of incident.,
2124,728,LUST Cleanup Initiated,RP-Lead,1993-10-27,UST REMOVAL DATE,
2125,728,Confirmed Release,RP-Lead,1993-11-01,LAB ANALYSIS DATE (TPH),
2126,728,Site Cleanup Completed (NFA),RP-Lead,1996-02-26,,
2127,729,Confirmed Release,RP-Lead,1990-09-19,,
2128,729,Site Cleanup Completed (NFA),RP-Lead,1993-11-23,,
2129,729,LUST Cleanup Initiated,RP-Lead,1993-11-23,,
2130,730,Confirmed Release,RP-Lead,1990-06-07,,
2131,730,LUST Cleanup Initiated,RP-Lead,1990-08-15,,
2132,730,Site Cleanup Completed (NFA),RP-Lead,1994-09-26,,
2133,731,Confirmed Release,RP-Lead,1991-07-27,,
2134,731,LUST Cleanup Initiated,RP-Lead,1992-04-03,,
2135,731,Site Cleanup Completed (NFA),RP-Lead,1994-11-10,,
2136,732,Confirmed Release,RP-Lead,1991-01-23,,
2137,732,LUST Cleanup Initiated,RP-Lead,1992-01-03,,
2138,732,Site Cleanup Completed (NFA),RP-Lead,1992-01-03,CLEANUP DATE IS 11/15/91,
2139,733,Confirmed Release,RP-Lead,1992-08-24,,
2140,733,LUST Cleanup Initiated,RP-Lead,1994-09-01,Closure Report,
2141,733,Site Cleanup Completed (NFA),RP-Lead,1996-08-14,U0813JAR,
2142,734,LUST Cleanup Initiated,RP-Lead,1994-10-06,,
2143,734,Confirmed Release,RP-Lead,1994-10-07,,
2144,734,Site Cleanup Completed (NFA),RP-Lead,1996-05-14,,
2145,735,Disconfirmed Release,RP-Lead,1990-07-27,NO ACTUAL RELEASE/3/94 SUMMARY &,
2146,735,Confirmed Release,RP-Lead,1990-07-27,TTT FAILURE,
2147,736,Confirmed Release,RP-Lead,1993-06-14,NOTED DURING REMOVAL OPERATIONS,
2148,736,LUST Cleanup Initiated,RP-Lead,1993-06-17,PER EXPOSURE PATHWAY ASSMT. REPO,
2149,736,Site Cleanup Completed (NFA),RP-Lead,1995-10-11,DOH NFA LETTER,
2150,737,LUST Cleanup Initiated,RP-Lead,1990-07-10,9/5/97 U0867JAR Letter - Submitted letter requesting additional work to be done at site.  Facility still need to delineate vertical and horizontal extent of soil contamination.,
2151,737,Confirmed Release,RP-Lead,1990-07-10,CONTAMINATION FOUND DURING REMOV,
2152,737,Site Cleanup Completed (NFA),RP-Lead,1999-08-11,"NFA'd UO8003JAR, 8/3/99",
2153,738,Confirmed Release,RP-Lead,1993-05-26,,
2154,738,Site Cleanup Completed (NFA),RP-Lead,1994-02-25,"NFA, UO233CL, ltr dated 2/25/94",
2155,738,LUST Cleanup Initiated,RP-Lead,1994-02-25,,
2156,739,LUST Cleanup Initiated,RP-Lead,1993-11-20,VIA REPT 12/22/93,
2157,739,Confirmed Release,RP-Lead,1993-11-20,VIA REPORT 12/22/93,
2158,739,Site Cleanup Completed (NFA),RP-Lead,1999-12-13,NFA U12036RT,
2159,740,LUST Cleanup Initiated,RP-Lead,1994-05-24,,
2160,740,Confirmed Release,RP-Lead,1994-05-24,,
2162,741,LUST Cleanup Initiated,RP-Lead,1994-09-06,,
2163,741,Confirmed Release,RP-Lead,1994-09-06,,
2164,741,Site Cleanup Completed (NFA),RP-Lead,1994-12-05,,
2165,742,LUST Cleanup Initiated,RP-Lead,1994-01-22,,
2166,742,Confirmed Release,RP-Lead,1994-01-22,,
2167,742,Site Cleanup Completed (NFA),RP-Lead,1995-11-08,,
2168,743,Confirmed Release,RP-Lead,1994-03-01,VIA CLOSURE REPORT,
2169,743,Disconfirmed Release,RP-Lead,1997-11-18,9/26/97 U0970JAR Letter - The release was disconfirmed based on closure report.  Wrote to facility requesting on disposal documents for sludge and rinseate during tank closure.,
2170,744,Confirmed Release,RP-Lead,1993-04-05,VIA LETTER,
2171,744,LUST Cleanup Initiated,RP-Lead,1997-07-13,7/13/97 Morrison Knudsen Corporation Report - ,
2173,745,Confirmed Release,RP-Lead,1992-08-13,,
2174,745,LUST Cleanup Initiated,RP-Lead,1994-02-01,,
2175,745,Site Cleanup Completed (NFA),RP-Lead,1996-04-16,,
2176,746,LUST Cleanup Initiated,RP-Lead,1994-05-25,PER 7/19/94 REVISED ENV. ASSMT.,
2177,746,Confirmed Release,RP-Lead,1994-05-25,CONTAMINATION NOTED DURING REMOV,
2178,746,Site Cleanup Completed (NFA),RP-Lead,1996-07-05,,
2179,747,LUST Cleanup Initiated,RP-Lead,1991-05-31,FREE PRODUCT PUMPED OUT DURING R,
2180,747,Confirmed Release,RP-Lead,1991-05-31,NOTED DURING REMOVAL ON 5/31/91,
2181,747,Site Cleanup Completed (NFA),RP-Lead,1997-11-19,11/19/97 U11103SO Letter,
2182,748,Confirmed Release,RP-Lead,1989-02-07,,
2183,748,LUST Cleanup Initiated,RP-Lead,1994-09-28,,
2184,748,Site Cleanup Completed (NFA),RP-Lead,1996-10-30,Letter U1068JS,
2185,749,LUST Cleanup Initiated,RP-Lead,1994-11-07,"1/12/94 Unitek Environmental Consultants, Inc. Report",
2186,749,Confirmed Release,RP-Lead,1994-11-07,VIA REPT DATED 12/01/94,
2187,749,Site Cleanup Completed (NFA),RP-Lead,1996-07-05,,
2188,750,LUST Cleanup Initiated,RP-Lead,1991-04-22,SOIL MANAGMENT BEGAN AT TIME OF,
2189,750,Confirmed Release,RP-Lead,1991-04-22,DETECTED DURING REMOVAL PROJECT,
2190,750,Site Cleanup Completed (NFA),RP-Lead,1998-07-22,7/22/98 U07062LKI letter,
2191,751,Confirmed Release,RP-Lead,1989-05-10,,
2192,751,LUST Cleanup Initiated,RP-Lead,1989-06-28,,
2193,751,Site Cleanup Completed (NFA),RP-Lead,1994-08-09,,
2197,753,Confirmed Release,RP-Lead,1990-01-09,,
2198,753,Site Cleanup Completed (NFA),RP-Lead,1997-07-31,7/31/97 U0784DH,
2199,753,LUST Cleanup Initiated,RP-Lead,1997-07-31,,
2201,754,Confirmed Release,RP-Lead,1992-01-01,REPT 11/25/91,
2203,755,LUST Cleanup Initiated,RP-Lead,1992-03-11,FREE PROD REMVL/SOIL MGMT DURING,
2204,755,Confirmed Release,RP-Lead,1992-03-11,,
2205,755,Site Cleanup Completed (NFA),RP-Lead,1996-01-29,8/13/96 U0815JAR Letter - NFA issued,
2206,756,Confirmed Release,RP-Lead,1988-08-05,,
2207,756,LUST Cleanup Initiated,RP-Lead,1990-08-20,REMOVAL W/EXCAVATION,
2208,756,Site Cleanup Completed (NFA),RP-Lead,1997-07-31,7/31/97 U07134SO,
2209,757,LUST Cleanup Initiated,RP-Lead,1991-11-01,10/15/93 Brewer Environmental Services Report,
2210,757,Confirmed Release,RP-Lead,1992-01-31,VIA CRN FORM,
2211,757,Site Cleanup Completed (NFA),RP-Lead,1998-09-24,9/24/98 U09117LKI letter,
2212,758,Confirmed Release,RP-Lead,1995-08-02,"CALL TO ROGER, REMOVAL",
2213,758,LUST Cleanup Initiated,State-Lead with Trust Fund Money,2001-03-11,Closure report and removal of USTs,
2214,758,Site Cleanup Completed (NFA),State-Lead with Trust Fund Money,2002-01-14,All soil and groundwater samples below Tier 1 Action levels NFA U01015MS,
2216,759,Confirmed Release,RP-Lead,1994-03-30,VIA NOTIFICATION FORM,
2217,759,Case Transferred to HEER (unregulated),RP-Lead,1994-08-12,HEATING OIL,
2218,760,LUST Cleanup Initiated,RP-Lead,1994-08-31,SOIL MGMT DURING REMOVAL,
2219,760,Confirmed Release,RP-Lead,1994-08-31,,
2220,760,Site Cleanup Completed (NFA),RP-Lead,1995-05-10,DOH NFA LETTER,
2222,761,Confirmed Release,RP-Lead,1990-12-21,,
2224,762,Confirmed Release,RP-Lead,1994-09-27,,
2225,762,LUST Cleanup Initiated,RP-Lead,1999-02-03,10/2/98 HIES report,
2226,762,Site Cleanup Completed (NFA),RP-Lead,1999-02-03,2/3/99 U02028JU letter,
2227,763,Confirmed Release,RP-Lead,1991-02-04,,
2228,763,LUST Cleanup Initiated,RP-Lead,1991-02-12,3/28/91 Transvac report Report,
2229,763,Site Cleanup Completed (NFA),RP-Lead,1998-02-05,2/5/98 UO212JAR Letter,
2232,764,LUST Cleanup Initiated,RP-Lead,1992-05-13,,
2233,764,Confirmed Release,RP-Lead,1992-05-13,07/12/89,
2235,765,Confirmed Release,RP-Lead,1989-01-12,,
2236,766,Confirmed Release,RP-Lead,1991-10-05,,
2237,766,LUST Cleanup Initiated,RP-Lead,1991-10-21,,
2238,766,Site Cleanup Completed (NFA),RP-Lead,1993-11-23,,
2239,767,Confirmed Release,RP-Lead,1994-08-29,LAB RESULTS AFTER REMOVAL,
2240,767,LUST Cleanup Initiated,RP-Lead,1994-12-05,11/1/94-WCL Closure Report,
2241,767,Site Cleanup Completed (NFA),RP-Lead,2000-07-07,"4/27/00-BES Quarterly RR Report. NFA ISSUED, U06064RSM",
2242,768,LUST Cleanup Initiated,RP-Lead,1993-07-29,"PHONE REPORT, JAN 94 REPORT PGS",
2243,768,Confirmed Release,RP-Lead,1993-07-29,"PHONE REPORT 8/25/93, JAN 94 REP",
2244,768,Site Cleanup Completed (NFA),RP-Lead,2000-06-09,NFA U06013RT,
2245,769,Confirmed Release,RP-Lead,1990-12-14,PER:INA LAB LETTER OF 2/19/91,
2246,769,LUST Cleanup Initiated,RP-Lead,1991-03-25,REL RESPONSE INVSTGTN. BEGAN-NOT,
2247,769,Site Cleanup Completed (NFA),RP-Lead,1993-01-08,,
2248,770,Confirmed Release,RP-Lead,1995-02-10,TO JACK RICHARDSON,
2249,770,LUST Cleanup Initiated,RP-Lead,1995-03-06,2/26/97 Environmental Sciences-Pacific Report - ,
2250,771,Confirmed Release,RP-Lead,1993-11-29,,
2251,771,LUST Cleanup Initiated,RP-Lead,1994-01-14,"closure report, submitted 5/18/1998",
2252,771,Site Cleanup Completed (NFA),RP-Lead,2001-04-23,,
2253,772,Confirmed Release,RP-Lead,1993-11-01,,
2254,772,LUST Cleanup Initiated,RP-Lead,1998-08-03,6/1/97 Ogden EECI Closure Report-RSM,
2256,773,LUST Cleanup Initiated,RP-Lead,1994-01-12,,
2257,773,Confirmed Release,RP-Lead,1994-01-12,VIA CRN AND REPT,
2258,773,Site Cleanup Completed (NFA),RP-Lead,1995-08-31,,
2259,774,LUST Cleanup Initiated,RP-Lead,1991-05-22,SOIL MGMT BEGAN DURING REMOVAL,
2260,774,Confirmed Release,RP-Lead,1991-06-05,DATE OF LAB RESULTS FROM REMOVAL,
2261,774,Site Cleanup Completed (NFA),RP-Lead,1996-05-13,Letter U0504ES,
2262,775,Confirmed Release,RP-Lead,1990-06-19,,
2263,775,LUST Cleanup Initiated,RP-Lead,1993-04-05,,
2264,775,Site Cleanup Completed (NFA),RP-Lead,1999-08-11,NFA's  UO7028JAR  7/19/99,
2265,776,LUST Cleanup Initiated,RP-Lead,1995-08-08,DATE OF UST REMOVAL,
2266,776,Confirmed Release,RP-Lead,1995-10-10,DATE OF LAB SAMPLES,
2267,777,LUST Cleanup Initiated,RP-Lead,1993-02-16,,
2268,777,Confirmed Release,RP-Lead,1993-02-16,,
2269,777,Site Cleanup Completed (NFA),RP-Lead,1994-10-07,,
2270,778,LUST Cleanup Initiated,RP-Lead,1990-04-19,SOIL MGMT BEGAN DURING REMOVAL P,
2271,778,Confirmed Release,RP-Lead,1990-04-19,NOTED DURING REMOVAL,
2272,778,Site Cleanup Completed (NFA),RP-Lead,1993-09-08,,
2273,779,LUST Cleanup Initiated,RP-Lead,1991-02-25,SOIL STOCKPILED AT SITE,
2274,779,Confirmed Release,RP-Lead,1991-02-25,"CALL, CONTAMINATION FOUND DURING",
2275,779,Site Cleanup Completed (NFA),RP-Lead,1995-10-06,,
2276,780,Confirmed Release,RP-Lead,1990-06-10,None of the samples were above Tier1 Additional soil samples requested MS,
2277,780,LUST Cleanup Initiated,RP-Lead,1997-10-27,Receipt of additional soil sample analysis All ND  Samples were actually taken 5/14/91MS,
2278,780,Site Cleanup Completed (NFA),RP-Lead,2001-08-02,Additional soil samples all below Tier 1 NFA issued MS,
2279,781,LUST Cleanup Initiated,RP-Lead,1989-07-12,,
2280,781,Confirmed Release,RP-Lead,1989-07-12,,
2281,781,Site Cleanup Completed (NFA),RP-Lead,1993-04-12,,
2282,782,Confirmed Release,RP-Lead,1989-11-14,,
2283,782,LUST Cleanup Initiated,RP-Lead,1990-03-20,"3/20/90 Inalab, Inc. report",
2284,782,Site Cleanup Completed (NFA),RP-Lead,1997-12-22,12/22/97 U1270JAR letter,
2285,783,Confirmed Release,RP-Lead,1995-07-20,"CALL TO JACK, NOTED DURING REMOV",
2286,783,LUST Cleanup Initiated,RP-Lead,1995-07-28,EXCAVATED SOILS PER CRN,
2287,783,Site Cleanup Completed (NFA),RP-Lead,2002-09-25,,
2288,784,Monitored Natural Attenuation,RP-Lead,1995-12-05,,
2289,784,Confirmed Release,RP-Lead,1991-01-22,BEGINNING DATE OF SOIL INVESTIGA,
2290,784,LUST Cleanup Initiated,RP-Lead,1995-07-20,SOIL MGMT BEGAN DURING REMOVAL,
2292,785,Confirmed Release,RP-Lead,1991-10-23,ASSESSMENT PLAN FOR UST CLOSURE,
2293,785,LUST Cleanup Initiated,RP-Lead,1993-07-22,,
2294,785,Site Cleanup Completed (NFA),RP-Lead,1994-05-26,,
2295,786,Confirmed Release,RP-Lead,1992-05-19,,
2296,786,LUST Cleanup Initiated,RP-Lead,1997-10-18,"10/18/97 Hawaii International Environmental Services, Inc. Report",
2297,786,Site Cleanup Completed (NFA),RP-Lead,1997-11-10,11/10/97 U1128SO Letter,
2298,787,Confirmed Release,RP-Lead,1995-07-22,,
2299,787,LUST Cleanup Initiated,RP-Lead,1995-07-26,PER INSPECTOR'S NOTES,
2300,788,Confirmed Release,RP-Lead,1992-03-04,,
2301,788,LUST Cleanup Initiated,RP-Lead,1992-03-05,,
2302,788,Site Cleanup Completed (NFA),RP-Lead,1995-10-02,,
2303,789,Confirmed Release,RP-Lead,1994-02-15,,
2304,789,LUST Cleanup Initiated,RP-Lead,1994-12-10,4/1/96 Dames & Moore report,
2305,789,Site Cleanup Completed (NFA),RP-Lead,1998-11-25,11/25/98 U11097JAR letter - NFA issued,
2306,790,Confirmed Release,RP-Lead,1992-10-01,SYMPHONY PARK PROJECT - SEE LEAK,
2307,790,LUST Cleanup Initiated,RP-Lead,1994-08-08,Dames & Moore reports see bulk file,
2308,790,Site Cleanup Completed (NFA),RP-Lead,2003-10-06,NFA letter U10005RT,
2309,791,LUST Cleanup Initiated,RP-Lead,1994-07-14,7/14/94 Edward K. Noda & Associates Report - ,
2310,791,Confirmed Release,RP-Lead,1994-07-14,,
2311,791,Site Cleanup Completed (NFA),RP-Lead,2006-03-08,NFA letter U03005RT,
2312,792,Confirmed Release,RP-Lead,1992-11-10,REMOVAL,
2313,792,Site Cleanup Completed (NFA),RP-Lead,1997-09-03,9/3/97 U0863LKI,
2314,792,LUST Cleanup Initiated,RP-Lead,1997-09-03,9/3/97 U0863LKI,
2315,793,Confirmed Release,RP-Lead,1991-10-24,,
2316,793,LUST Cleanup Initiated,RP-Lead,1991-10-28,FREE PRODUCT REMOVAL-PG. 4 REMED,
2317,793,Site Cleanup Completed (NFA),RP-Lead,1999-03-10,3/10/99 U03050EJS letter,
2321,795,Confirmed Release,RP-Lead,1993-10-19,,
2322,795,Disconfirmed Release,RP-Lead,1999-04-22,,
2323,796,LUST Cleanup Initiated,RP-Lead,1988-12-05,FREE PRODUCT REMOVED DURING REMO,
2324,796,Confirmed Release,RP-Lead,1988-12-05,PHONE CALL,
2325,797,Confirmed Release,RP-Lead,1993-03-17,,
2326,797,LUST Cleanup Initiated,RP-Lead,1993-05-05,,
2327,797,Site Cleanup Completed (NFA),RP-Lead,1997-09-26,9/29/97 U09109DH - based on 10/31/94 Brown and Caldwell letter,
2328,798,Confirmed Release,RP-Lead,1993-03-02,VIA CRN,
2329,798,LUST Cleanup Initiated,RP-Lead,1993-09-23,4-1-93,
2330,798,Site Cleanup Completed (NFA),RP-Lead,1998-10-06,10/6/98 U10025EJS,
2331,799,Confirmed Release,RP-Lead,1989-12-06,CONTAMINATION NOTED DURING FOPCO,
2332,799,LUST Cleanup Initiated,RP-Lead,1990-06-13,"FOPCO STARTED RECOVERY OF FREE P
6/5/97 U0586JAR requested response to earlier 9/26/91 DOH letter.",
2334,800,Monitored Natural Attenuation,RP-Lead,1990-12-14,,
2335,800,LUST Cleanup Initiated,RP-Lead,1990-09-06,DAMES&MOORE 12/6/90 INITIAL ABAT/ 10/7/98 Delineation Assessment report,
2336,800,Confirmed Release,RP-Lead,1990-09-06,,
2337,801,LUST Cleanup Initiated,RP-Lead,1995-07-28,,
2338,801,Confirmed Release,RP-Lead,1995-08-08,CALL TO CHRIS/LAB ANALYSIS FROM,
2339,801,Site Cleanup Completed (NFA),RP-Lead,1998-07-22,7/22/98 U07063LKI letter,
2340,802,Confirmed Release,RP-Lead,1995-09-15,,
2341,802,LUST Cleanup Initiated,RP-Lead,1999-12-14,"Further Investigation at Former Underground Storage Tank Site, 85-010 Farrington Hwy, Makaha, Hawaii, DOH Facility I.D. 9-201209, dated November 18, 1999, prepared by Masa Fujioka & Associates.  December 1999 Groundwater Monitoring and Sampling,      7-Eleven/Aloha Petroleum Makaha, 85-010 Farrington Hwy, Makaha, Hawaii, DOH Facility I.D. 9-201209, dated January 19, 2000,  and prepared by Masa Fujioka & Associates.",
2343,803,Confirmed Release,RP-Lead,1994-08-17,VIA CRN,
2345,804,Confirmed Release,RP-Lead,1994-12-29,VIA CALL DUDLEY WILLIAMS,
2346,804,LUST Cleanup Initiated,RP-Lead,1996-09-20,9/20/96 JR Herold & Associates Report - ,
2347,804,Site Cleanup Completed (NFA),RP-Lead,1997-07-31,7/31/97 U07123JAR,
2348,805,LUST Cleanup Initiated,RP-Lead,1994-11-23,SOIL MGMT DURING REMOVAL-CLOSURE,
2349,805,Confirmed Release,RP-Lead,1994-11-23,VIA CALL TO DUDLEY WILLIAMS,
2350,805,Site Cleanup Completed (NFA),RP-Lead,1995-03-31,NFA LTR,
2352,806,LUST Cleanup Initiated,RP-Lead,1994-12-09,,
2353,806,Confirmed Release,RP-Lead,1994-12-09,PER HIES CLOSURE REPT DATE 1/17/,
2355,806,Case Transferred to HEER (unregulated),RP-Lead,2003-09-10,case was transfered to HEER again,
2356,807,Confirmed Release,RP-Lead,1992-12-09,,
2357,807,LUST Cleanup Initiated,RP-Lead,1992-12-10,"12/10/92 Nexus Environmental Group, Inc. report",
2358,807,Site Cleanup Completed (NFA),RP-Lead,1997-09-17,9/17/97 U1073JU letter,
2359,808,Confirmed Release,RP-Lead,1991-06-18,,
2360,808,Disconfirmed Release,RP-Lead,1996-04-15,"4/15/96 U0432RB letter - reported release based on failed tank tightness test.  site check indicated no visual or olfactory evidence, contaminants not detected, UST intact.  Release ID associated with Tank 1104-1.",
2361,809,Confirmed Release,RP-Lead,1994-04-04,,
2362,809,LUST Cleanup Initiated,RP-Lead,1998-11-23,12/15/94 Morrison Knudsen report,
2363,809,Site Cleanup Completed (NFA),RP-Lead,1998-11-23,11/23/98 U11104JU letter,
2364,810,Confirmed Release,RP-Lead,1992-04-01,,
2365,810,LUST Cleanup Initiated,RP-Lead,1992-05-29,,
2366,810,Site Cleanup Completed (NFA),RP-Lead,1993-12-20,,
2367,811,Confirmed Release,RP-Lead,1993-12-09,,
2368,811,LUST Cleanup Initiated,RP-Lead,1993-12-09,,
2369,811,Site Cleanup Completed (NFA),RP-Lead,2001-08-29,NFA letter UO8045MS,
2370,812,LUST Cleanup Initiated,RP-Lead,1994-05-24,,
2371,812,Confirmed Release,RP-Lead,1994-05-24,,
2372,812,Site Cleanup Completed (NFA),RP-Lead,1999-10-08,U08029SL NFA letter 8/10/99,
2373,813,Confirmed Release,RP-Lead,1991-07-02,CALL FROM LEROY MOORE,
2374,813,LUST Cleanup Initiated,RP-Lead,1992-11-25,,
2375,813,Site Cleanup Completed (NFA),RP-Lead,1993-10-25,,
2376,814,LUST Cleanup Initiated,RP-Lead,1994-12-22,,
2377,814,Confirmed Release,RP-Lead,1994-12-22,VIA CALL,
2378,814,Site Cleanup Completed (NFA),RP-Lead,1997-10-17,10/17/97 U1064SO letter,
2379,815,Confirmed Release,RP-Lead,1992-01-21,,
2380,815,LUST Cleanup Initiated,RP-Lead,1994-04-01,Closure Report,
2381,815,Site Cleanup Completed (NFA),RP-Lead,1996-09-20,Letter U0958JAR,
2382,816,LUST Cleanup Initiated,RP-Lead,1994-08-16,,
2383,816,Confirmed Release,RP-Lead,1994-08-24,VIA CRN,
2384,816,Site Cleanup Completed (NFA),RP-Lead,1994-12-30,,
2385,817,Confirmed Release,RP-Lead,1991-09-13,,
2386,817,LUST Cleanup Initiated,RP-Lead,1994-07-18,,
2387,817,Site Cleanup Completed (NFA),RP-Lead,1994-07-18,,
2389,818,Confirmed Release,RP-Lead,1992-12-10,,
2391,819,Confirmed Release,RP-Lead,1992-03-03,RELEASE REPT 11/91,
2392,819,LUST Cleanup Initiated,RP-Lead,1997-10-20,10/20/97 U1082SO letter - site NFA'd,
2393,819,Site Cleanup Completed (NFA),RP-Lead,1997-10-20,10/20/97 U1082SO Letter,
2394,820,LUST Cleanup Initiated,RP-Lead,1994-02-08,REMVL REPT PG 8,
2395,820,Confirmed Release,RP-Lead,1994-02-08,REMVL REPT PG 4,
2396,820,Site Cleanup Completed (NFA),RP-Lead,1997-02-14,U0228JS,
2397,821,LUST Cleanup Initiated,RP-Lead,1994-05-21,6/1/94 WCL report. NFA requested,
2398,821,Confirmed Release,RP-Lead,1994-06-24,VIA CLOSURE REPT,
2399,821,Site Cleanup Completed (NFA),RP-Lead,1999-06-08,"NFA issued, UO6009RSM",
2400,822,Confirmed Release,RP-Lead,1991-04-01,,
2401,822,LUST Cleanup Initiated,RP-Lead,1991-07-02,,
2402,822,Site Cleanup Completed (NFA),RP-Lead,1996-01-12,,
2403,823,Confirmed Release,RP-Lead,1993-09-23,CRN form received 9/23/1993,
2404,823,LUST Cleanup Initiated,RP-Lead,1996-01-23,closure report received 1/23/1996,
2405,824,Confirmed Release,RP-Lead,1990-05-30,,
2406,824,Disconfirmed Release,RP-Lead,2002-07-10,suspected release and not enough information to determine a release (based on vapors enocuntered by HECO).,
2407,825,Confirmed Release,RP-Lead,1992-11-24,,
2409,826,Confirmed Release,RP-Lead,1992-04-01,,
2410,826,LUST Cleanup Initiated,RP-Lead,1992-05-29,,
2411,826,Site Cleanup Completed (NFA),RP-Lead,1993-12-06,,
2412,827,Confirmed Release,RP-Lead,1994-02-08,,
2413,827,LUST Cleanup Initiated,RP-Lead,1999-08-29,"Closure Report Addendum, Underground Storage Tank
TAMC-145-3, Tripler Army Medical Center, Oahu, Hawaii, dated August 29, 1999, prepared by Morrison Knudsen Corporation Environmental Group (MKC).",
2414,827,Site Cleanup Completed (NFA),RP-Lead,1999-11-29,NFA letter U11061SL,
2416,828,Confirmed Release,RP-Lead,1994-03-31,VIA NOTIFICATION FORM,
2418,829,Confirmed Release,RP-Lead,1986-11-18,PER CALL 3/18/87 NOTES-LEAK NOTE,
2419,829,LUST Cleanup Initiated,RP-Lead,1987-09-14,PER PROJECT OFFICER FILE NOTES,
2420,829,Site Cleanup Completed (NFA),RP-Lead,1996-08-05,8/5/96 U0739RB letter,
2421,830,Confirmed Release,RP-Lead,1990-01-29,,
2422,830,LUST Cleanup Initiated,RP-Lead,1990-01-29,SOIL OVER-EXCAVATED DURING REMVL,
2423,831,Confirmed Release,RP-Lead,1993-10-07,PER PHONE CALL (SAMPLING RESULTS,
2424,831,LUST Cleanup Initiated,RP-Lead,1996-02-13,,
2425,831,Site Cleanup Completed (NFA),RP-Lead,1996-02-13,,
2426,832,LUST Cleanup Initiated,RP-Lead,1994-08-09,,
2427,832,Confirmed Release,RP-Lead,1994-08-09,,
2428,832,Site Cleanup Completed (NFA),RP-Lead,1998-04-01,9/4/98 UO9026 letter,
2429,833,LUST Cleanup Initiated,RP-Lead,1987-09-21,,
2430,833,Confirmed Release,RP-Lead,1987-09-21,,
2431,833,Site Cleanup Completed (NFA),RP-Lead,1994-12-27,,
2433,834,Confirmed Release,RP-Lead,1994-11-21,CALL,
2435,835,LUST Cleanup Initiated,RP-Lead,1995-08-02,,
2436,835,Confirmed Release,RP-Lead,1995-08-02,CALL TO CHRIS,
2437,835,Site Cleanup Completed (NFA),RP-Lead,2002-05-10,,
2438,836,LUST Cleanup Initiated,RP-Lead,1991-01-28,FREE PRODUCT REMOVED DURING REMO,
2439,836,Confirmed Release,RP-Lead,1991-01-28,NOTED DURING REMOVAL,
2440,836,Site Cleanup Completed (NFA),RP-Lead,1996-02-13,USTS NFA-BECAUSE OF CADMIUM/LEAD,
2441,837,LUST Cleanup Initiated,RP-Lead,1994-07-25,,
2442,837,Confirmed Release,RP-Lead,1994-07-25,,
2443,837,Site Cleanup Completed (NFA),RP-Lead,2005-08-30,NFA issued U08076RT,
2444,838,LUST Cleanup Initiated,RP-Lead,1994-07-05,,
2445,838,Confirmed Release,RP-Lead,1994-07-05,,
2446,838,Site Cleanup Completed (NFA),RP-Lead,1994-11-21,,
2447,839,LUST Cleanup Initiated,RP-Lead,1994-04-25,,
2448,839,Confirmed Release,RP-Lead,1994-04-25,VIA CLOSURE REPT,
2449,839,Site Cleanup Completed (NFA),RP-Lead,1994-08-18,,
2451,840,Confirmed Release,RP-Lead,1992-01-01,REPT 11/25/91,
2453,841,LUST Cleanup Initiated,RP-Lead,1989-12-18,,
2454,841,Confirmed Release,RP-Lead,1989-12-18,,
2455,841,Site Cleanup Completed (NFA),RP-Lead,1993-12-14,,
2456,842,LUST Cleanup Initiated,RP-Lead,1993-09-15,"7/15/94 BHP, Environmental Technologies International Report",
2457,842,Confirmed Release,RP-Lead,1993-10-04,,
2458,842,Site Cleanup Completed (NFA),RP-Lead,1998-01-23,1/23/98 DOH Letter - U0138LKI,
2459,843,LUST Cleanup Initiated,RP-Lead,1991-02-05,PER FILE NOTES OF SAME DATE,
2460,843,Confirmed Release,RP-Lead,1991-02-05,CALL,
2461,843,Site Cleanup Completed (NFA),RP-Lead,2003-02-10,"NFA'd based on groundwater sampling (2 years of monitoring) analyses.  UO20007JAR, 2/5/03",
2463,844,Confirmed Release,RP-Lead,1993-03-16,VIA CRN,
2465,845,Confirmed Release,RP-Lead,1988-05-18,,
2466,845,LUST Cleanup Initiated,RP-Lead,1996-04-22,,
2467,845,Site Cleanup Completed (NFA),RP-Lead,1999-05-13,,
2468,846,LUST Cleanup Initiated,RP-Lead,1995-01-16,SOIL MGMT DURING REMOVAL,
2469,846,Confirmed Release,RP-Lead,1995-01-16,CLOSURE REPT PG 1 - CALLED ROXAN,
2470,847,Confirmed Release,RP-Lead,1990-01-24,,
2471,847,LUST Cleanup Initiated,RP-Lead,1990-06-01,,
2472,847,Site Cleanup Completed (NFA),RP-Lead,1997-06-20,U0693ES,
2473,848,LUST Cleanup Initiated,RP-Lead,1992-01-28,REMOVAL REPORT PG 4 EXCAVATED SO,
2474,848,Confirmed Release,RP-Lead,1992-01-28,REMOVAL REPORT PG 4,
2475,848,Site Cleanup Completed (NFA),RP-Lead,2000-02-11,U02026JU,
2476,849,Confirmed Release,RP-Lead,1993-07-27,VIA NOT. FORM 04/26/93,
2477,849,LUST Cleanup Initiated,RP-Lead,2001-12-21,rpt rcvd 12/99,
2478,849,Site Cleanup Completed (NFA),RP-Lead,2002-06-19,"NFA'd 10 June 02, UO6028JAR",
2479,850,Confirmed Release,RP-Lead,1992-03-30,,
2480,850,LUST Cleanup Initiated,RP-Lead,1997-12-01,,
2481,850,Site Cleanup Completed (NFA),,2006-10-16,,
2483,851,Confirmed Release,RP-Lead,1992-01-01,BY CRN ON 11-25-91,
2485,852,Confirmed Release,RP-Lead,1989-11-14,,
2486,852,LUST Cleanup Initiated,RP-Lead,1990-02-01,1/31/90-Unitek Environmental closure report-RSM,
2487,852,Site Cleanup Completed (NFA),State-Lead with State Money,1999-08-26,"NFA issued, UO8121RSM",
2488,853,Monitored Natural Attenuation,RP-Lead,1991-11-01,,
2489,853,LUST Cleanup Initiated,RP-Lead,1991-10-29,,
2490,853,Confirmed Release,RP-Lead,1991-11-01,,
2491,854,LUST Cleanup Initiated,RP-Lead,1992-05-13,BEGAN SOIL STOCKPILING DURING RE,
2492,854,Confirmed Release,RP-Lead,1992-05-13,CONTAMINATED SOIL FOUND DURING T,
2493,854,Site Cleanup Completed (NFA),RP-Lead,2001-10-09,,
2495,855,Confirmed Release,RP-Lead,1992-01-01,BY CRN ON 11-25-91,
2497,856,LUST Cleanup Initiated,RP-Lead,1993-07-16,Cls Rpt by FOPCO 7/9/93.,
2498,856,Confirmed Release,RP-Lead,1993-07-16,,
2499,856,Site Cleanup Completed (NFA),RP-Lead,2000-06-24,NFA U06045RT,
2500,857,Confirmed Release,RP-Lead,1991-04-22,TTT & EXCAVATION OF TOP OF TANK,Roger Brewer
2501,857,LUST Cleanup Initiated,RP-Lead,1993-06-08,HLA CLOSURE REPT PG 4,Roger Brewer
2502,857,Site Cleanup Completed (NFA),RP-Lead,1994-03-03,,Roger Brewer
2503,858,Confirmed Release,RP-Lead,1990-01-24,,
2504,858,LUST Cleanup Initiated,RP-Lead,1990-06-01,,
2505,858,Site Cleanup Completed (NFA),RP-Lead,1997-06-20,U0693ES,
2506,859,Confirmed Release,RP-Lead,1994-02-08,,
2507,859,Site Cleanup Completed (NFA),RP-Lead,1998-11-23,11/23/98 U11103JU letter,
2589,887,Confirmed Release,RP-Lead,1993-11-29,,
2508,859,LUST Cleanup Initiated,RP-Lead,1998-11-23,12/31/94 Morrison Knudsen report,
2509,860,LUST Cleanup Initiated,RP-Lead,1994-08-01,PER CRN,
2510,860,Confirmed Release,RP-Lead,1994-08-01,VIA CALL TO ERIC S.,
2511,860,Site Cleanup Completed (NFA),RP-Lead,1996-07-01,8/14/96 UO811JAR letter,
2512,861,LUST Cleanup Initiated,RP-Lead,1992-04-23,SOIL STOCKPILED DURING REMOVAL P,
2513,861,Confirmed Release,RP-Lead,1992-04-23,VIA CLOSURE REPT,
2514,861,Site Cleanup Completed (NFA),RP-Lead,1995-03-14,,
2515,862,Confirmed Release,RP-Lead,1993-02-22,VIA CRN,
2516,862,LUST Cleanup Initiated,RP-Lead,1993-10-15,,
2517,862,Site Cleanup Completed (NFA),RP-Lead,1998-09-29,9/29/98 U09154LKI letter,
2518,863,Confirmed Release,RP-Lead,1993-03-04,VIA CLOSURE REPT,
2519,863,Site Cleanup Completed (NFA),RP-Lead,1993-03-15,,
2520,863,LUST Cleanup Initiated,RP-Lead,1993-03-05,3-5-93,
2521,864,LUST Cleanup Initiated,RP-Lead,1993-04-29,SOIL STOCKPILED DURING REMOVAL,
2522,864,Confirmed Release,RP-Lead,1993-04-29,"PER REMVL REPT FOR ONE 6,380 GAL     2/15/2015 upon review of file - release is from fiberglass piping connected to the 6380 gallon Ust.  The piping rupture during closure activities and about 2-3 gallons diesel fuel was released. - rk",
2524,865,Confirmed Release,RP-Lead,1993-07-26,REMOVAL,
2525,865,LUST Cleanup Initiated,RP-Lead,1993-07-26,MGMT OF CONTAMINATED SOIL BEGAN,
2526,865,Site Cleanup Completed (NFA),RP-Lead,1993-11-15,F,
2527,866,LUST Cleanup Initiated,RP-Lead,1994-06-22,VIA CLOSURE REPT,
2528,866,Confirmed Release,RP-Lead,1994-06-22,VIA CLOUSRE REPT,
2529,866,Site Cleanup Completed (NFA),RP-Lead,1995-01-11,,
2530,867,Confirmed Release,RP-Lead,1990-04-11,,
2531,867,LUST Cleanup Initiated,RP-Lead,1996-04-25,,
2532,867,Site Cleanup Completed (NFA),RP-Lead,2003-04-02,"Issued NFA'd 3/4/03, U03001JAR",
2533,868,Confirmed Release,RP-Lead,1990-04-12,,
2534,868,LUST Cleanup Initiated,RP-Lead,1994-05-14,,
2535,868,Site Cleanup Completed (NFA),RP-Lead,1995-12-15,,
2536,869,Confirmed Release,RP-Lead,1992-11-13,,
2537,869,LUST Cleanup Initiated,RP-Lead,1993-03-30,,
2538,869,Site Cleanup Completed (NFA),RP-Lead,1993-07-30,,
2539,870,Confirmed Release,RP-Lead,1986-08-19,,
2540,870,LUST Cleanup Initiated,RP-Lead,1997-06-27,,
2541,870,Site Cleanup Completed (NFA),RP-Lead,1997-06-27,6/27/97 memo Letter - Memo to file- not enough info about release- low TPH- 15 ppm,
2542,871,LUST Cleanup Initiated,RP-Lead,1991-01-07,,
2543,871,Confirmed Release,RP-Lead,1991-01-07,,
2544,871,Site Cleanup Completed (NFA),RP-Lead,1995-01-25,,
2546,872,Confirmed Release,RP-Lead,1990-01-11,,
2549,873,Confirmed Release,RP-Lead,1991-09-13,,
2551,874,Confirmed Release,RP-Lead,1993-01-22,,
2552,874,LUST Cleanup Initiated,RP-Lead,1993-02-18,,
2553,874,Site Cleanup Completed (NFA),RP-Lead,2000-11-13,"NFA'd Nov 2, 2000, U10018JAR",
2555,875,Confirmed Release,RP-Lead,1991-10-19,,
2556,875,Case Transferred to HEER (regulated),RP-Lead,1992-05-08,,
2557,876,Confirmed Release,RP-Lead,1989-11-01,"CLOSURE REPT-1ST TTT FAILURE,INV",
2558,876,LUST Cleanup Initiated,RP-Lead,1992-01-22,CLOSURE REPT PGS. 4 & 5,
2559,876,Site Cleanup Completed (NFA),RP-Lead,1996-04-03,Letter U0404ES,
2560,877,Confirmed Release,RP-Lead,1992-01-01,RELEASE REPT 11/18/91,
2561,877,LUST Cleanup Initiated,RP-Lead,1993-09-23,11-29-91,
2562,877,Site Cleanup Completed (NFA),RP-Lead,1997-10-20,10/20/97 U1082SO letter,
2565,879,Confirmed Release,RP-Lead,1992-04-20,PER:NOTIF FORM PG. 4,
2566,879,LUST Cleanup Initiated,RP-Lead,1992-05-15,5/15/92 FOPCO Report Report - Site has very high BTEX contamination at a depth of 12 ft.  He claims that he can't afford the cleanup.  I'll be writing him a letter with what need to be done at the site.,
2567,879,Site Cleanup Completed (NFA),RP-Lead,2002-10-21,"NFA'd site based on Final Release response report rcvd in July 2002.  U10033JAR, dtd 10/15/02",
2568,880,Confirmed Release,RP-Lead,1990-01-19,,
2569,880,LUST Cleanup Initiated,RP-Lead,1990-01-24,,
2570,881,Confirmed Release,RP-Lead,1995-02-06,VIA NOTIFICATION FORM,
2571,881,LUST Cleanup Initiated,RP-Lead,1995-03-08,,
2572,881,Site Cleanup Completed (NFA),RP-Lead,2002-03-11,,
2574,882,LUST Cleanup Initiated,RP-Lead,1989-11-30,,
2575,882,Confirmed Release,RP-Lead,1989-11-30,,
2576,882,Case Transferred to HEER (unregulated),RP-Lead,1998-03-11,3/11/98 memorandum in file letter - exempt tank - heating oil,
2577,883,LUST Cleanup Initiated,RP-Lead,1992-08-10,SEE 11/13/92 REPT,
2578,883,Confirmed Release,RP-Lead,1992-08-10,,
2579,883,Site Cleanup Completed (NFA),RP-Lead,1995-03-01,,
2580,884,LUST Cleanup Initiated,RP-Lead,1994-11-03,,
2581,884,Confirmed Release,RP-Lead,1994-11-03,,
2582,884,Site Cleanup Completed (NFA),RP-Lead,1999-06-10,"NFA, UO5051, dtd 5/13/99",
2583,885,Confirmed Release,RP-Lead,1991-10-16,,
2584,885,LUST Cleanup Initiated,RP-Lead,1991-12-17,1/29/92 UST Closure Report report,
2585,885,Site Cleanup Completed (NFA),RP-Lead,1999-01-20,1/20/99 NFA letter U01074DH letter,
2586,886,LUST Cleanup Initiated,RP-Lead,1990-03-30,"Groundwater Monitoring Report, Kapaa Super Service Station, 1125 Kuhio Highway, Kapaa, Kauai, Hawaii, dated January 13, 1997, and July 9, 1997, prepared by KB Environmental, Inc.(KBEI)",
2587,886,Confirmed Release,RP-Lead,1990-03-30,"Groundwater Monitoring Report, Kapaa Super Service Station, 1125 Kuhio Highway, Kapaa, Kauai, Hawaii, dated January 13, 1997, and July 9, 1997, prepared by KB Environmental, Inc.(KBEI)",
2588,886,Site Cleanup Completed (NFA),RP-Lead,2000-05-25,"U05036SL, 5/22/2000",
2590,887,LUST Cleanup Initiated,RP-Lead,1994-06-14,"closure report, submitted 5/18/1998",
2591,887,Site Cleanup Completed (NFA),RP-Lead,2001-04-23,,
2592,888,Confirmed Release,RP-Lead,1989-07-10,,
2593,888,LUST Cleanup Initiated,RP-Lead,1989-07-18,SOIL EXCAVATION/FREE PRODUCT REM,
2594,888,Site Cleanup Completed (NFA),RP-Lead,1997-02-20,U0247JR,
2595,889,Confirmed Release,RP-Lead,1990-02-01,,
2596,889,LUST Cleanup Initiated,RP-Lead,1990-05-04,5/4/90 Brewer Chemical report,
2597,889,Site Cleanup Completed (NFA),RP-Lead,2001-11-08,"NFA'd issued 11/5/01, U110011JAR",
2598,890,LUST Cleanup Initiated,RP-Lead,1992-04-29,,
2599,890,Confirmed Release,RP-Lead,1992-04-29,VIA CONSTRUCTION OBSERVATION UST,
2600,890,Site Cleanup Completed (NFA),RP-Lead,1997-09-18,9/18/97 U0925LKI,
2601,891,Confirmed Release,RP-Lead,1992-03-03,,
2602,891,Site Cleanup Completed (NFA),RP-Lead,1999-08-11,"NFA'd  UO6055JAR,  6/24/99",
2603,891,LUST Cleanup Initiated,RP-Lead,1999-08-11,"Closure & release response Rpt, 10/98",
2604,892,LUST Cleanup Initiated,RP-Lead,1993-01-11,,
2605,892,Confirmed Release,RP-Lead,1993-01-11,,
2606,892,Site Cleanup Completed (NFA),RP-Lead,2001-12-03,Ground water below Tier 1 since November 2001 NFA U12003MS,
2607,893,Confirmed Release,RP-Lead,1991-12-05,,
2608,893,LUST Cleanup Initiated,RP-Lead,1992-02-19,,
2609,893,Site Cleanup Completed (NFA),RP-Lead,1994-11-21,,
2610,894,Confirmed Release,RP-Lead,1991-11-25,,
2611,894,LUST Cleanup Initiated,RP-Lead,1992-11-02,,
2612,894,Site Cleanup Completed (NFA),RP-Lead,1994-03-28,,
2613,895,Confirmed Release,RP-Lead,1994-05-27,,
2614,895,Site Cleanup Completed (NFA),RP-Lead,1999-01-14,1/14/99 U01071JU letter,
2615,895,LUST Cleanup Initiated,RP-Lead,1999-01-14,12/4/94 Morrison Knudsen Corp. report,
2616,896,Confirmed Release,RP-Lead,1990-12-12,CLOSURE LAB REPORT,
2617,896,LUST Cleanup Initiated,RP-Lead,1993-12-08,11/24/93-FOPCO Closure Report,
2618,896,Site Cleanup Completed (NFA),RP-Lead,2000-09-06,"NFA ISSUED, U09002RSM",
2619,897,LUST Cleanup Initiated,RP-Lead,1995-02-02,SOIL MGMT BEGAN DURING REMOVAL,
2620,897,Confirmed Release,RP-Lead,1995-02-02,VIA CALL TO JACK RICHARDSON (CON,
2621,897,Site Cleanup Completed (NFA),RP-Lead,2001-07-12,Issue NFA MS,
2623,898,Confirmed Release,RP-Lead,1991-10-28,,
2625,899,Confirmed Release,RP-Lead,1994-09-02,,
2626,899,LUST Cleanup Initiated,RP-Lead,1995-08-10,4/7/97 Nexus Environmental Fax - Excavated soil remediation oversight by OSWM,
2627,899,Site Cleanup Completed (NFA),,2006-12-21,"DOH NFA letter dated December 21, 2006	(U1240SL)",
2628,900,Confirmed Release,RP-Lead,1991-09-16,,
2629,900,Site Cleanup Completed (NFA),RP-Lead,1997-01-02,10/21/97 U1078JAR Letter - NFA issued.,
2630,900,LUST Cleanup Initiated,RP-Lead,1997-01-02,1/2/97 Walker Consultants Report,
2631,901,Confirmed Release,RP-Lead,1992-04-01,PER QRTLY REPORT 1ST QRTR,
2632,901,LUST Cleanup Initiated,RP-Lead,1992-06-03,SOIL STOCKPILED DURING REMOVAL (,
2633,901,Site Cleanup Completed (NFA),RP-Lead,1995-01-06,,
2634,902,LUST Cleanup Initiated,RP-Lead,1994-08-11,PER CLOSURE REPORT,
2635,902,Confirmed Release,RP-Lead,1994-08-11,,
2636,902,Site Cleanup Completed (NFA),RP-Lead,1995-04-28,NFA ISSUED,
2637,903,Confirmed Release,RP-Lead,1993-04-08,,
2638,903,LUST Cleanup Initiated,RP-Lead,1993-09-23,5-24-93,
2639,903,Site Cleanup Completed (NFA),RP-Lead,1993-11-30,,
2640,904,LUST Cleanup Initiated,RP-Lead,1989-12-27,EXCAVATION BEGUN,
2641,904,Confirmed Release,RP-Lead,1989-12-27,RELEASE FOUND DURING TANK REMOVA,
2642,904,Site Cleanup Completed (NFA),RP-Lead,1993-10-18,,
2643,905,Confirmed Release,RP-Lead,1995-01-15,CALL TO C. PROKOP-LAB ANALYSIS-D,
2644,905,LUST Cleanup Initiated,RP-Lead,1995-11-15,SOIL STOCKPILED,
2645,905,Site Cleanup Completed (NFA),RP-Lead,1997-06-01,5/6/98 U0566JU letter,
2646,906,Confirmed Release,RP-Lead,1992-01-01,REPT 09-27-91,
2647,906,LUST Cleanup Initiated,RP-Lead,1993-06-21,"Underground Storage Tank Closure, Holiday Action Gas Diaei (USA) Inc. - Pearl City, dated June 15, 1999, and prepared by WMF Hawaii.",
2648,907,Confirmed Release,RP-Lead,1994-08-23,VIA LETTER,
2649,907,LUST Cleanup Initiated,RP-Lead,1995-05-12,,
2650,907,Site Cleanup Completed (NFA),RP-Lead,2001-12-12,,
2651,908,Confirmed Release,RP-Lead,1992-07-09,,
2652,908,LUST Cleanup Initiated,RP-Lead,1992-09-01,"11/14/97 GRAPAC Properties Letter - 
Results of the Limited Subsurface Investigation at  261 Lalo Place, Kahului, Maui, prepared by INALAB, Inc. dated  April 15, 1998",
2653,908,Site Cleanup Completed (NFA),RP-Lead,1999-10-13,NFA letter U09015SL dated 10/11/99,
2654,909,LUST Cleanup Initiated,RP-Lead,1991-11-07,CONTAMINATED SOIL MGMT BEGAN W/T,
2655,909,Confirmed Release,RP-Lead,1991-11-07,,
2656,909,Site Cleanup Completed (NFA),RP-Lead,2001-01-04,,
2657,910,LUST Cleanup Initiated,RP-Lead,1995-10-23,CONTAMINATED SOIL MANAGEMENT BEG,
2658,910,Confirmed Release,RP-Lead,1995-10-23,CALL TO ROXANNE - REMOVAL,
2659,910,Site Cleanup Completed (NFA),RP-Lead,1996-09-19,Letter U0954RB,
2660,911,LUST Cleanup Initiated,RP-Lead,1987-12-22,,
2661,911,Confirmed Release,RP-Lead,1987-12-22,,
2662,911,Site Cleanup Completed (NFA),RP-Lead,1994-12-27,,
2663,912,Confirmed Release,RP-Lead,1993-06-04,CONFIRMED PER:CLOSURE RPT. PGS.3,
2664,912,LUST Cleanup Initiated,RP-Lead,1993-09-07,,
2665,912,Site Cleanup Completed (NFA),RP-Lead,1995-04-20,,
2667,913,Confirmed Release,RP-Lead,1994-04-04,,
2669,914,Confirmed Release,RP-Lead,1991-11-27,,
2670,914,LUST Cleanup Initiated,RP-Lead,1992-06-01,,
2671,914,Site Cleanup Completed (NFA),RP-Lead,2000-02-29,"NFA'd 2/15/00,   U02006JAR",
2673,915,Confirmed Release,RP-Lead,1992-10-15,,
2676,916,Confirmed Release,RP-Lead,1991-10-28,,
2678,917,LUST Cleanup Initiated,RP-Lead,1992-11-18,VIA 12/31/92 UST CLOSURE RPT,
2679,917,Site Cleanup Completed (NFA),RP-Lead,1996-11-14,VIA 12/31/92 UST CLOSURE RPT,
2680,917,Confirmed Release,RP-Lead,1993-01-08,VIA NOTIF. FORM,
2681,918,Confirmed Release,RP-Lead,1993-04-14,,
2682,918,Disconfirmed Release,RP-Lead,1993-04-26,,
2683,919,Confirmed Release,RP-Lead,1990-08-16,,
2684,919,LUST Cleanup Initiated,RP-Lead,1993-06-08,,
2685,919,Site Cleanup Completed (NFA),RP-Lead,1993-08-23,,
2686,920,LUST Cleanup Initiated,RP-Lead,1991-11-18,SOIL EXCAVATION & STOCKPILED DUR,
2687,920,Confirmed Release,RP-Lead,1991-11-18,LETTER,
2688,920,Site Cleanup Completed (NFA),RP-Lead,2000-05-05,"NFA ISSUED, U04039RSM",
2689,921,Confirmed Release,RP-Lead,1994-03-04,,
2690,921,LUST Cleanup Initiated,RP-Lead,1994-08-08,SOIL STOCKPILED DURING REMOVAL,
2691,921,Site Cleanup Completed (NFA),RP-Lead,1994-11-10,,
2693,922,LUST Cleanup Initiated,RP-Lead,1992-02-26,CONTAMINATED SOIL MGMT BEGAN DUR,
2694,922,Confirmed Release,RP-Lead,1992-02-26,PER HARDING LAWSON DRAFT REMOVAL,
2698,923,LUST Cleanup Initiated,RP-Lead,1990-03-29,,
2699,923,Confirmed Release,RP-Lead,1990-03-29,,
2700,924,Confirmed Release,RP-Lead,1993-07-16,CONFIRMED DURING TTT,
2701,924,LUST Cleanup Initiated,RP-Lead,1993-07-24,SOIL MGMT BEGAN DURING REMOVAL,
2702,924,Site Cleanup Completed (NFA),RP-Lead,1999-06-01,U05082RT,
2704,925,LUST Cleanup Initiated,RP-Lead,1993-09-30,,
2705,925,Confirmed Release,RP-Lead,1993-09-30,,
2707,926,LUST Cleanup Initiated,RP-Lead,1990-01-31,"SOIL/FREE PRODUCT MGMT BEGAN DUR

 Short Term Release Response Report ,Closure of Two 10,000-Gallon Gasoline, One 8,000-Gallon Diesel USTs  Aloha Petroleum ,Ltd./Island Mini-Mart, Kahala 4339  Waialae  Avenue, Honolulu, Oahu, Hawaii, dated December 29,1998, and prepared by Masa Fujioka & Associates.

U02050SL 2/28/2000",
2708,926,Confirmed Release,RP-Lead,1990-01-31,,
2709,926,Site Cleanup Completed (NFA),RP-Lead,2001-07-13,,
2710,927,Monitored Natural Attenuation,RP-Lead,1992-06-19,,
2711,927,Confirmed Release,RP-Lead,1991-09-17,,
2712,927,LUST Cleanup Initiated,RP-Lead,1991-09-17,,
2713,928,Confirmed Release,RP-Lead,1992-04-21,,
2714,928,LUST Cleanup Initiated,RP-Lead,1992-05-22,SEE 06/29/92 REPT,
2715,928,Site Cleanup Completed (NFA),RP-Lead,1995-03-01,,
2716,929,LUST Cleanup Initiated,RP-Lead,1992-03-17,SOIL MGMT BEGAN DURING REMVL,
2717,929,Confirmed Release,RP-Lead,1992-03-17,REMOVAL,
2718,929,Site Cleanup Completed (NFA),RP-Lead,1998-09-22,9/22/98 U09106LKI letter,
2720,930,LUST Cleanup Initiated,RP-Lead,1994-01-26,FREE PRODUCT REMOVED,
2721,930,Confirmed Release,RP-Lead,1994-01-26,DURING REMOVAL,
2722,930,Site Cleanup Completed (NFA),RP-Lead,1996-11-07,11/7/96 96-366-bh (HEER letter),
2723,931,Confirmed Release,RP-Lead,1993-10-21,,
2724,931,LUST Cleanup Initiated,RP-Lead,1993-11-16,,
2725,931,Site Cleanup Completed (NFA),RP-Lead,2001-11-05,Release ID was for 2 locations on the golf course.  Location A was cleaned up to DOH satisfaction 11/01/99 U1104JU.  Location B was a hydraulic fluid release so it was transferred to the HEER Office.  The site therfore was NFA U11006MS,
2726,932,LUST Cleanup Initiated,RP-Lead,1993-01-19,CONTAMINATED SOIL STOCKPILED DUR,
2727,932,Confirmed Release,RP-Lead,1993-01-19,NOTED DURING REMOVAL,
2728,932,Site Cleanup Completed (NFA),,2005-07-14,,
2729,933,Confirmed Release,RP-Lead,1992-01-01,RELEASE REPT 12/13/91,
2730,933,LUST Cleanup Initiated,RP-Lead,1994-06-08,,
2731,933,Site Cleanup Completed (NFA),RP-Lead,1997-11-03,,
2733,934,Confirmed Release,RP-Lead,1994-03-30,,
2735,935,LUST Cleanup Initiated,RP-Lead,1992-07-06,,
2736,935,Confirmed Release,RP-Lead,1992-08-08,,
2737,935,Site Cleanup Completed (NFA),RP-Lead,1994-09-15,,
2738,936,Disconfirmed Release,RP-Lead,1995-06-07,"TANKS PASSED NDE TTT, AUTO TANK",
2739,936,Confirmed Release,RP-Lead,1995-06-07,"CALL TO ERIC, AUTO TANK GAUGE SY",
2740,937,Confirmed Release,RP-Lead,1990-05-01,,
2741,937,LUST Cleanup Initiated,RP-Lead,2001-12-21,rpt dtd 5/90,
2742,937,Site Cleanup Completed (NFA),RP-Lead,2002-04-10,"Addtl info rcvd from consultant, dtd 8/18/92, rcvd 2/02.  NFA'd 3/12/02, U03031JAR",
2743,938,LUST Cleanup Initiated,RP-Lead,1992-08-12,8/12/92 CF Consultants report,
2744,938,Confirmed Release,RP-Lead,1992-10-02,,
2745,938,Site Cleanup Completed (NFA),RP-Lead,1992-12-08,4/14/98 UO3108JAR letter,
2746,939,Confirmed Release,RP-Lead,1988-05-18,,
2747,939,LUST Cleanup Initiated,RP-Lead,1988-08-23,PHONE CONVERSATION,
2748,939,Site Cleanup Completed (NFA),RP-Lead,1994-12-27,,
2749,940,LUST Cleanup Initiated,RP-Lead,1988-05-18,,
2750,940,Confirmed Release,RP-Lead,1988-05-18,,
2751,940,Site Cleanup Completed (NFA),RP-Lead,1994-12-27,,
2752,941,Confirmed Release,RP-Lead,1993-04-22,,
2753,941,Site Cleanup Completed (NFA),RP-Lead,1993-10-29,10-18-93,
2754,941,LUST Cleanup Initiated,RP-Lead,1993-10-29,10-18-93,
2756,942,Confirmed Release,RP-Lead,1990-04-15,,
2757,942,LUST Cleanup Initiated,RP-Lead,1995-07-25,"Final Closure Report, Closure and Site Remediation of Underground Storage Tanks, Naval Shipyard Pearl Harbor, UST No. 10, Oahu, Hawaii, dated July, 1997 and prepared by OHM Remediation Service Corp.",
2758,943,LUST Cleanup Initiated,RP-Lead,1991-05-28,,
2759,943,Confirmed Release,RP-Lead,1991-05-28,,
2760,943,Site Cleanup Completed (NFA),RP-Lead,1995-08-31,,
2761,944,Confirmed Release,RP-Lead,1987-03-06,,
2762,944,LUST Cleanup Initiated,RP-Lead,1996-06-06,,
2763,944,Site Cleanup Completed (NFA),RP-Lead,2001-07-12,NFA letter Issued.U01017MS,
2764,945,Confirmed Release,RP-Lead,1990-05-03,,
2765,945,LUST Cleanup Initiated,RP-Lead,1992-06-29,,
2766,945,Site Cleanup Completed (NFA),RP-Lead,1999-03-30,3/30/99 U03097JU letter,
2767,946,Confirmed Release,RP-Lead,1992-02-14,12/1/92 REPORT PG 2,
2768,946,LUST Cleanup Initiated,RP-Lead,1992-02-26,SOIL MGMT BEGAN DURING REMOVAL-1,
2769,946,Site Cleanup Completed (NFA),RP-Lead,1995-05-10,DOH NFA LETTER,
2770,947,LUST Cleanup Initiated,RP-Lead,1990-12-26,SOIL STOCKPILED AT TIME OF REMOV,
2771,947,Confirmed Release,RP-Lead,1990-12-26,DETECTED DURING REMOVAL,
2772,947,Site Cleanup Completed (NFA),RP-Lead,1998-09-24,9/24/98 U09125SO letter,
2773,948,LUST Cleanup Initiated,RP-Lead,1990-01-12,,
2774,948,Confirmed Release,RP-Lead,1990-01-12,,
2775,948,Site Cleanup Completed (NFA),RP-Lead,1995-03-15,,
2776,949,Site Cleanup Completed (NFA),RP-Lead,1993-08-31,,
2777,949,LUST Cleanup Initiated,RP-Lead,1993-08-31,,
2778,949,Confirmed Release,RP-Lead,1993-08-03,,
2779,950,LUST Cleanup Initiated,RP-Lead,1994-07-25,"FREE PRODUCT REMOVAL & SOIL MGMT, Release Response Report, 2/22/95, Cotton and Frazier",
2780,950,Confirmed Release,RP-Lead,1994-07-25,CONTAMINATION NOTED DURING REMOVAL,
2781,950,Site Cleanup Completed (NFA),RP-Lead,2005-08-30,NFA issued U08077RT,
2782,951,Confirmed Release,RP-Lead,1994-01-01,,
2783,951,Disconfirmed Release,RP-Lead,1998-02-05,"2/5/98 UO214JAR Letter - no release,  vent riser had a small leak and was repaired,  disconfirmed release.",
2785,952,Confirmed Release,RP-Lead,1990-01-25,,
2786,952,Site Cleanup Completed (NFA),RP-Lead,1995-10-28,,
2788,952,LUST Cleanup Initiated,RP-Lead,1995-10-28,,
2789,953,Confirmed Release,RP-Lead,1991-08-26,,
2790,953,LUST Cleanup Initiated,RP-Lead,2001-06-13,"UST Closure rpt, 6/29/93",
2791,953,Site Cleanup Completed (NFA),RP-Lead,2005-08-23,NFA letter U08047RT,
2792,954,Case Transferred to HEER (DERA),RP-Lead,1991-11-25,,
2793,954,Confirmed Release,RP-Lead,1992-01-01,REPT 11/25/91,
2794,954,LUST Cleanup Initiated,RP-Lead,1998-10-01,,
2795,954,Site Cleanup Completed (NFA),RP-Lead,1998-11-23,,
2796,955,Confirmed Release,RP-Lead,1991-08-02,REMOVAL,
2797,955,LUST Cleanup Initiated,RP-Lead,1991-12-31,,
2798,955,Site Cleanup Completed (NFA),RP-Lead,1995-03-01,,
2799,956,LUST Cleanup Initiated,RP-Lead,1995-05-05,,
2800,956,Confirmed Release,RP-Lead,1995-05-05,SITE VISIT BY ROGER,
2801,956,Site Cleanup Completed (NFA),RP-Lead,1996-04-26,,
2802,957,LUST Cleanup Initiated,RP-Lead,1993-08-17,,
2803,957,Confirmed Release,RP-Lead,1993-08-17,,
2804,957,Site Cleanup Completed (NFA),RP-Lead,2004-12-22,,
2805,958,Confirmed Release,RP-Lead,1993-07-28,,
2806,958,LUST Cleanup Initiated,RP-Lead,1993-09-07,9/7/93 Brewer Environmental Services Letter - Letter requesting soil disposition approval,
2807,958,Site Cleanup Completed (NFA),RP-Lead,1997-10-20,"10/20/97 U1091SO letter - ""Site Cleanup Completed"" date should be 10/20/97.",
2808,959,Confirmed Release,RP-Lead,1996-05-30,ERIC RECEIVED CALL,
2809,959,LUST Cleanup Initiated,RP-Lead,1996-07-17,10/13/96 Walker Consultants Report - ,
2810,959,Site Cleanup Completed (NFA),RP-Lead,1999-06-28,U06073RT,
2811,960,Confirmed Release,RP-Lead,1996-07-12,,
2812,960,LUST Cleanup Initiated,RP-Lead,1996-07-15,6/11/96-BES closure report,
2813,960,Site Cleanup Completed (NFA),RP-Lead,2000-05-09,"NFA ISSUED, U05010RSM",
2814,961,LUST Cleanup Initiated,RP-Lead,1996-05-01,7/1/96 Walker Consultants Report - ,
2815,961,Confirmed Release,RP-Lead,1996-05-13,"VIA 05/13/96 PHONE CALL, J. RUIZ",
2816,961,Site Cleanup Completed (NFA),RP-Lead,1997-12-22,12/22/97 U1277SO letter,
2817,962,LUST Cleanup Initiated,RP-Lead,1996-06-01,6/96 Closure Report,
2818,962,Confirmed Release,RP-Lead,1996-06-01,6/96 Closure Report,
2819,962,Site Cleanup Completed (NFA),RP-Lead,1996-09-25,Letter U0968RB,
2820,963,Confirmed Release,RP-Lead,1996-05-14,TO JACK,
2821,963,LUST Cleanup Initiated,RP-Lead,1998-03-05,Cls Rpt by Morrison Knudsen 10/3/97.,
2822,963,Site Cleanup Completed (NFA),RP-Lead,2000-09-28,U08053RT NFA,
2823,964,Confirmed Release,RP-Lead,1996-05-01,Date of lab report (from 5/10/96 Letter),
2824,964,LUST Cleanup Initiated,RP-Lead,1996-12-19,12/19/96 CRN form dated 12/19/97 Letter - ,
2825,964,Site Cleanup Completed (NFA),RP-Lead,1998-07-28,7/28/98 U07081JU letter,
2826,965,LUST Cleanup Initiated,RP-Lead,1992-10-08,,
2827,965,Confirmed Release,RP-Lead,1992-10-08,,
2828,965,Site Cleanup Completed (NFA),RP-Lead,1996-05-21,,
2830,966,Confirmed Release,,1995-05-09,,
2831,967,LUST Cleanup Initiated,RP-Lead,1996-05-30,4/26/96 Enviroservice & Training Report - ,
2832,967,Confirmed Release,RP-Lead,1996-05-30,VIA CLOSURE REPT,
2833,967,Site Cleanup Completed (NFA),RP-Lead,1997-06-12,U0584JAR 6/12/97,
2834,968,Confirmed Release,RP-Lead,1996-05-22,,
2835,968,LUST Cleanup Initiated,RP-Lead,1996-07-01,7/96 Walker report,
2836,968,Site Cleanup Completed (NFA),RP-Lead,1998-12-30,12/30/98 U12122EJS letter,
2837,969,LUST Cleanup Initiated,RP-Lead,1996-07-11,SEE INTERVIEW FORM,
2838,969,Confirmed Release,RP-Lead,1996-07-11,Per INTERVIEW FORM,
2839,969,Site Cleanup Completed (NFA),RP-Lead,1998-03-19,3/19/98 U03138SO letter,
2840,970,Confirmed Release,RP-Lead,1996-07-31,NOTIFY VIA CRN,
2841,970,LUST Cleanup Initiated,RP-Lead,2000-03-13,,
2842,970,Site Cleanup Completed (NFA),RP-Lead,2000-03-17,"NFA ISSUED, UO3024RSM",
2843,971,Confirmed Release,RP-Lead,1996-03-18,REPORTED VIA CLOSURE REPT,
2844,971,LUST Cleanup Initiated,RP-Lead,1996-07-26,7/26/96 Clayton Env Consultants report,
2845,971,Site Cleanup Completed (NFA),RP-Lead,1998-09-09,11/25/98 U11096JAR letter,
2846,972,Confirmed Release,RP-Lead,1996-07-09,MADE CALL TO ROGER,
2847,972,LUST Cleanup Initiated,RP-Lead,1998-07-06,GW monitoring by HIES,
2848,972,Site Cleanup Completed (NFA),RP-Lead,1999-04-20,"NFA issued, UO4043RSM",
2849,973,LUST Cleanup Initiated,RP-Lead,1995-08-01,,
2850,973,Confirmed Release,RP-Lead,1995-08-01,DATE OF UST PULL,
2851,973,Site Cleanup Completed (NFA),RP-Lead,1996-04-04,,
2852,974,Confirmed Release,RP-Lead,1996-07-29,CALL TO ERIC,
2853,974,Site Cleanup Completed (NFA),RP-Lead,1997-10-29,10/29/97 U10154EJS Letter,
2854,974,LUST Cleanup Initiated,RP-Lead,1997-10-29,8/30/96 Cotton & Frazier Report,
2855,975,Confirmed Release,RP-Lead,1996-03-28,"DATE OF UST PULL, 3/28/96",
2856,975,LUST Cleanup Initiated,RP-Lead,1996-04-23,"CLEAN-UP INTITIATED, 03/28/96",
2858,976,LUST Cleanup Initiated,RP-Lead,1996-04-24,,
2859,976,Confirmed Release,RP-Lead,1996-04-24,Date of release notification via phone call,
2860,976,Site Cleanup Completed (NFA),RP-Lead,1998-02-05,2/5/98 UO208JAR Letter,
2861,977,Confirmed Release,RP-Lead,1996-07-17,,
2862,977,LUST Cleanup Initiated,RP-Lead,1996-09-01,Closure Report,
2863,977,Site Cleanup Completed (NFA),RP-Lead,1996-11-14,Letter U1129JAR,
2864,978,LUST Cleanup Initiated,RP-Lead,1996-07-09,,
2865,978,Confirmed Release,RP-Lead,1996-07-10,CALL TO ERIC S.,
2866,978,Site Cleanup Completed (NFA),RP-Lead,1998-12-09,12/9/98 U12017JU letter,
2867,979,Confirmed Release,RP-Lead,1994-09-21,,
2868,979,LUST Cleanup Initiated,RP-Lead,1994-10-14,,
2869,979,Site Cleanup Completed (NFA),RP-Lead,1997-09-11,9/11/97 U0912JU letter,
2870,980,LUST Cleanup Initiated,RP-Lead,1996-04-03,,
2871,980,Confirmed Release,RP-Lead,1996-04-03,,
2872,980,Site Cleanup Completed (NFA),RP-Lead,1996-08-02,8/12/96 U0812JAR Letter - NFA issued,
2873,981,LUST Cleanup Initiated,RP-Lead,1996-05-15,,
2874,981,Confirmed Release,RP-Lead,1996-05-15,"VIA 05/14/96 PHONE CALL, R. BREWER",
2875,981,Site Cleanup Completed (NFA),RP-Lead,1997-02-20,U0243JAR,
2876,982,Confirmed Release,RP-Lead,1996-05-26,,
2877,982,LUST Cleanup Initiated,RP-Lead,1996-10-18,10/18/96 HIES report,
2878,982,Site Cleanup Completed (NFA),RP-Lead,1998-09-25,9/25/98 U09131SO letter,
2879,983,LUST Cleanup Initiated,RP-Lead,1996-08-12,FP removal (emergency action),
2880,983,Confirmed Release,RP-Lead,1996-08-12,CALL TO ROXANNE,
2881,983,Site Cleanup Completed (NFA),RP-Lead,2000-06-23,"U06038SL, NFA letter , 6-23-00",
2882,984,Confirmed Release,RP-Lead,1996-02-27,,
2883,984,LUST Cleanup Initiated,RP-Lead,1996-03-11,,
2884,984,Site Cleanup Completed (NFA),RP-Lead,1997-05-07,6/5/97 U0587JAR Letter - Issued NFA,
2885,985,LUST Cleanup Initiated,RP-Lead,1996-02-26,,
2886,985,Confirmed Release,RP-Lead,1996-04-22,Via CRN,
2887,985,Site Cleanup Completed (NFA),RP-Lead,1997-01-30,,
2888,986,Confirmed Release,RP-Lead,1996-04-18,,
2890,987,Confirmed Release,RP-Lead,1996-02-20,,
2891,987,LUST Cleanup Initiated,RP-Lead,1996-10-25,,
2892,987,Site Cleanup Completed (NFA),RP-Lead,1996-10-25,2/20/97 U0249JAR Letter,
2893,988,Confirmed Release,RP-Lead,1996-09-04,"VIA 8/30/96 PHONE CALL, R. BREWER
9/5/96 CRN",
2894,988,LUST Cleanup Initiated,RP-Lead,1996-09-05,Closure Report received on 7/27/01,
2895,988,Site Cleanup Completed (NFA),RP-Lead,2001-10-16,,
2896,989,Confirmed Release,RP-Lead,1994-12-16,,
2897,989,Site Cleanup Completed (NFA),RP-Lead,1996-07-15,Letter U0725RB,
2898,989,LUST Cleanup Initiated,RP-Lead,1996-07-15,,
2899,990,Confirmed Release,RP-Lead,1996-04-13,,
2900,990,LUST Cleanup Initiated,RP-Lead,1996-07-01,Closure Report,
2901,990,Site Cleanup Completed (NFA),RP-Lead,1996-09-19,Letter U0953JAR,
2902,991,Confirmed Release,RP-Lead,1996-08-21,CALL TO ERIC,
2903,991,LUST Cleanup Initiated,RP-Lead,1996-12-01,12/96 Closure Report,
2904,991,Site Cleanup Completed (NFA),RP-Lead,1997-02-19,U0233JAR,
2905,992,LUST Cleanup Initiated,RP-Lead,1996-09-10,,
2906,992,Confirmed Release,RP-Lead,1996-09-10,CALL TO ROXANNE ON 9/19/96,
2907,992,Case Transferred to HEER (unregulated),RP-Lead,1997-06-01,TANK FOR BOILER - RK,
2908,993,Confirmed Release,RP-Lead,1996-09-05,"VIA 09/05/96 PHONE CALL, R. BREWER",
2909,993,LUST Cleanup Initiated,RP-Lead,1996-09-20,9/20/96 JR Herold & Associate Report - ,
2910,993,Site Cleanup Completed (NFA),RP-Lead,1997-07-31,7/31/97 U07123JAR,
2911,994,Confirmed Release,RP-Lead,1996-08-21,CALL TO RICHARD,
2912,994,LUST Cleanup Initiated,RP-Lead,1997-02-27,2/27/97 closure report - comments provided in 6/5/97 U0595DH,
2913,994,Site Cleanup Completed (NFA),RP-Lead,1998-10-01,10/1/98 NFA letter U10003DH letter,
2914,995,LUST Cleanup Initiated,RP-Lead,1996-09-03,,
2915,995,Confirmed Release,RP-Lead,1996-09-03,TO RICK TAKABA,
2916,995,Site Cleanup Completed (NFA),RP-Lead,2000-06-16,"Environmental Science and Engineering , Inc. report and Record of Closure report 8/98",
2917,996,Monitored Natural Attenuation,RP-Lead,1996-10-07,,
2918,996,Confirmed Release,RP-Lead,1996-09-17,"VIA 9/18 PHONE CALL, R. KWAN",
2919,996,Site Cleanup Completed (NFA),RP-Lead,1996-10-23,12/30/96 U1238JAR Letter - ,
2920,996,LUST Cleanup Initiated,RP-Lead,1996-10-23,10/23/96 JR Herold & Associates Report - ,
2921,997,LUST Cleanup Initiated,RP-Lead,1996-09-16,"12/1/96 Walker Consultants, Ltd. report - Confirmed Release to NFA",
2922,997,Confirmed Release,RP-Lead,1996-09-25,TO JACK RICHARDSON,
2923,997,Site Cleanup Completed (NFA),RP-Lead,1998-08-18,8/18/98 U08103LKI letter,
2924,998,LUST Cleanup Initiated,RP-Lead,1996-07-26,,
2925,998,Confirmed Release,RP-Lead,1996-07-26,TO ERIC,
2926,998,Site Cleanup Completed (NFA),RP-Lead,2001-02-12,U02008JU,
2927,999,LUST Cleanup Initiated,RP-Lead,1996-06-04,,
2928,999,Confirmed Release,RP-Lead,1996-06-07,TO JACK RICHARDSON,
2929,999,Site Cleanup Completed (NFA),RP-Lead,2001-03-09,U03015JU,
2930,1000,Confirmed Release,RP-Lead,1996-09-20,VIA CRN DATED 09/27/96,
2931,1000,Site Cleanup Completed (NFA),RP-Lead,1998-05-14,5/14/98 U0570JU letter,
2932,1000,LUST Cleanup Initiated,RP-Lead,1998-02-23,9/18/96 Dep. of Navy (ltr. SEROOL-L12.334/2338) Letter - Letter state's remediation in progress,
2933,1001,Confirmed Release,RP-Lead,1996-09-20,VIA CRN DATED 09/17/96,
2934,1001,Site Cleanup Completed (NFA),RP-Lead,1997-03-01,5/14/98 U0569JU letter,
2935,1001,LUST Cleanup Initiated,RP-Lead,1997-03-01,3/1/97 OHM Remediation Service Corp. report,
2936,1002,Confirmed Release,RP-Lead,1996-09-20,VIA CRN,
2937,1002,LUST Cleanup Initiated,RP-Lead,1996-09-26,"3/2/98 Dept. of Navy, Naval Air Station, Barbers Point report - Over-Excavation of soils",
2938,1002,Site Cleanup Completed (NFA),RP-Lead,1998-05-14,5/14/98 U0568JU letter,
2939,1003,Confirmed Release,RP-Lead,1996-09-20,VIA CRN DATED 09/09/96,
2941,1004,Confirmed Release,RP-Lead,1996-09-26,VIA 09/26/96 PHONE CALL,
2942,1004,LUST Cleanup Initiated,RP-Lead,1999-03-30,Cls Rpt. by CH2M Hill Honolulu 3/22/99.,
2943,1004,Site Cleanup Completed (NFA),RP-Lead,1999-11-04,,
2944,1005,Confirmed Release,RP-Lead,1996-10-17,TO ROXANNE KWAN,
2945,1005,LUST Cleanup Initiated,RP-Lead,1996-10-18,"Final Closure Report Removal and Replacement of Underground Store Tanks UST Nos. PMRF-286A, B, and C Pacific Missile Range Facility, Barking Sands dated October 1997 and prepared by OHN Remediation; Closure Report Addendum-Monitoring Well Installation, Removal and Replacement of Underground Store Tanks UST Nos. PMRF-286A, B, and C Pacific Missile Range Facility, Barking Sands dated November 1998 and prepared by OHN Remediation.",
2946,1006,Confirmed Release,RP-Lead,1996-03-07,,
2947,1006,LUST Cleanup Initiated,RP-Lead,1996-06-26,6/14/96 Dawson report,
2948,1006,Site Cleanup Completed (NFA),RP-Lead,2001-08-13,,
2949,1007,LUST Cleanup Initiated,RP-Lead,1996-10-02,,
2950,1007,Confirmed Release,RP-Lead,1996-10-08,CALL TO ROXANNE KWAN,
2951,1007,Site Cleanup Completed (NFA),RP-Lead,1997-02-10,"NFA LTR SENT 02/10/97, U0212ES",
2952,1008,Case Transferred to HEER (DERA),RP-Lead,1996-10-22,,
2953,1008,LUST Cleanup Initiated,RP-Lead,1996-10-02,,
2954,1008,Confirmed Release,RP-Lead,1996-10-02,CALL TO ROGER BREWER,
2955,1008,Site Cleanup Completed (NFA),RP-Lead,2003-01-16,"NFA'd based on closure rpt rcv'd 1/98, U12016JAR, ltr dtd 12/11/02",
2956,1009,Monitored Natural Attenuation,RP-Lead,2004-03-18,,
2957,1009,Confirmed Release,RP-Lead,1996-10-03,"PER 10/3/96 PHONE CALL, R. TAKABA",
2958,1009,LUST Cleanup Initiated,RP-Lead,1996-10-22,5/16/97 DOH Inspection Report - Observe set-up of Vapor Extraction System.,
2959,1010,LUST Cleanup Initiated,RP-Lead,1996-10-08,2/19/98 Brewer Environmental Services Report,
2960,1010,Confirmed Release,RP-Lead,1996-10-11,"VIA 10/11/96 PHONE CALL, J. RUIZ",
2961,1010,Site Cleanup Completed (NFA),RP-Lead,1999-08-17,U08061RT,
2962,1011,Confirmed Release,RP-Lead,1996-09-30,TO JOSE RUIZ,
2963,1011,LUST Cleanup Initiated,RP-Lead,1996-10-10,,
2964,1011,Exposure Prevention Management Plan,,2004-06-10,,
2965,1012,Case Transferred to HEER (DERA),RP-Lead,1996-11-01,,
2966,1012,Confirmed Release,RP-Lead,1996-11-01,CALL TO ROXANNE,
2967,1013,Confirmed Release,RP-Lead,1996-10-17,TO ERIC S.,
2968,1013,LUST Cleanup Initiated,RP-Lead,1996-12-05,,
2969,1013,Site Cleanup Completed (NFA),RP-Lead,1999-05-07,,
2970,1014,LUST Cleanup Initiated,RP-Lead,1996-11-03,SEE CALL,
2971,1014,Confirmed Release,RP-Lead,1996-11-03,CALL TO RICHARD T.,
2972,1014,Site Cleanup Completed (NFA),RP-Lead,2000-07-07,"2/1/97-WCL  Closure Report. NFA ISSUED, U07004RSM",
2973,1015,LUST Cleanup Initiated,RP-Lead,1996-02-01,2/1/96 Walker Consultants Report - ,
2974,1015,Confirmed Release,RP-Lead,1996-11-01,CALL TO RICHARD T.,
2975,1015,Site Cleanup Completed (NFA),,2004-06-29,Given based on review of closure report and DOH Checklist for final release response.,
2976,1016,LUST Cleanup Initiated,RP-Lead,1996-06-17,12/4/96 Dames & Moore Report,
2977,1016,Confirmed Release,RP-Lead,1996-11-22,VIA CRN,
2978,1016,Site Cleanup Completed (NFA),RP-Lead,1997-06-02,12/4/96 U0554JS Letter,
2979,1017,LUST Cleanup Initiated,RP-Lead,1996-11-08,12/13/96 Cotton & Frazier Consultants Report - ,
2980,1017,Confirmed Release,RP-Lead,1996-12-03,VIA CRN,
2981,1017,Site Cleanup Completed (NFA),RP-Lead,1998-09-24,9/24/98 U09126SO letter,
2982,1018,Confirmed Release,RP-Lead,1996-08-23,CALL TO JAN SHERRER,
2983,1018,LUST Cleanup Initiated,RP-Lead,1996-10-01,11/21/96 Masa Fujioka & Associates Report,
2984,1018,Site Cleanup Completed (NFA),RP-Lead,1997-03-17,11/21/96 U0346JS Letter,
2985,1019,Confirmed Release,RP-Lead,1996-03-17,,
3125,1067,Confirmed Release,RP-Lead,1997-03-27,U0404JS,
2986,1019,LUST Cleanup Initiated,RP-Lead,1996-03-17,6/1/96 Walker Consultants Report - Confirmed release 3/12/96,
2987,1019,Site Cleanup Completed (NFA),RP-Lead,1996-08-19,,
2988,1020,Confirmed Release,RP-Lead,1996-12-11,12/11/96 MFA workplan for soil vapor survey,
2989,1020,Site Cleanup Completed (NFA),RP-Lead,1998-11-27,11/27/98 U11136EJS,
2990,1020,LUST Cleanup Initiated,RP-Lead,1998-11-27,11/27/98 U11136EJS,
2994,1022,Confirmed Release,RP-Lead,1996-11-07,TO ROXANNE KWAN,
2995,1022,LUST Cleanup Initiated,RP-Lead,1996-11-27,11/27/96  CRN - ,
2996,1022,Site Cleanup Completed (NFA),RP-Lead,1999-07-20,,
2997,1023,Confirmed Release,RP-Lead,1996-11-15,,
2998,1023,LUST Cleanup Initiated,RP-Lead,1996-11-15,3/5/97 Edward K. Noda and Associates Report,
2999,1023,Site Cleanup Completed (NFA),RP-Lead,1997-07-02,7/2/97 U10711JS Letter,
3000,1024,Confirmed Release,RP-Lead,1996-03-19,VIA CRN,
3001,1024,LUST Cleanup Initiated,RP-Lead,1997-09-26,9/26/97 Morrison Knudsen Corp. report,
3002,1024,Site Cleanup Completed (NFA),RP-Lead,1998-09-24,9/24/98 U09127SO letter,
3003,1025,Confirmed Release,RP-Lead,1996-03-26,VIA CRN,
3004,1025,LUST Cleanup Initiated,RP-Lead,1996-12-17,"12/17/96  CRN - 
Closure Report received on 3/5/98",
3005,1025,Site Cleanup Completed (NFA),RP-Lead,2002-10-21,"NFA'd site based on additional soil samples collected in Sept 1998.  U10030JAR, dtd 10/11/02",
3006,1026,Confirmed Release,RP-Lead,1996-04-05,VIA CRN,
3007,1026,LUST Cleanup Initiated,RP-Lead,1997-10-31,"Closure Report, Underground Storage Tanks,SB-1607-1and SB-1608-1 at Schofield Barracks, Oahu, dated October 31, 1997, and prepared by MKC",
3008,1026,Site Cleanup Completed (NFA),RP-Lead,2002-04-04,,
3009,1027,Confirmed Release,RP-Lead,1996-04-29,VIA CRN,
3010,1027,LUST Cleanup Initiated,RP-Lead,1997-12-17,12/17/97 Army CRN - ,
3011,1027,Site Cleanup Completed (NFA),RP-Lead,2002-03-19,,
3012,1028,Confirmed Release,RP-Lead,1996-04-30,VIA CRN,
3013,1028,LUST Cleanup Initiated,RP-Lead,1996-12-17,"12/17/96 Army CRN - 
Closure Report received on 3/5/98",
3014,1028,Site Cleanup Completed (NFA),RP-Lead,1998-11-18,NFA'd 11/18/98 by SO,
3015,1029,Confirmed Release,RP-Lead,1996-04-29,VIA CRN,
3016,1029,LUST Cleanup Initiated,RP-Lead,1997-10-03,10/3/97 Morrison Knudsen report,
3017,1029,Site Cleanup Completed (NFA),RP-Lead,1998-07-28,7/28/98 U07082JU letter,
3018,1030,Confirmed Release,RP-Lead,1996-12-26,CALL TO ROXANNE ON 01/06/97,
3019,1030,LUST Cleanup Initiated,RP-Lead,1997-06-01,6/1/97 Naval Station Pearl Harbor Status Summary Report Report - ,
3020,1030,Site Cleanup Completed (NFA),RP-Lead,2000-05-03,U05009JU,
3021,1031,Confirmed Release,RP-Lead,1997-01-14,VIA CRN,
3022,1031,LUST Cleanup Initiated,RP-Lead,1997-06-01,6/1/97 Naval Station Pearl Harbor Status Summary Report Report - ,
3023,1031,Site Cleanup Completed (NFA),RP-Lead,1999-06-17,11/98 OHM Remediation Services Corp. Report/ U06026JU DOH ltr,
3024,1032,Confirmed Release,RP-Lead,1996-12-04,J. RUIZ TOOK CALL ON 12/13/96 -- REC'D CRN 01/09/97,
3025,1032,Site Cleanup Completed (NFA),RP-Lead,1997-07-31,7/31/97 U0798JAR,
3026,1032,LUST Cleanup Initiated,RP-Lead,1997-07-31,,
3027,1033,Confirmed Release,RP-Lead,1996-12-23,JOSE REC'D CALL 12/23/96,
3028,1033,Site Cleanup Completed (NFA),RP-Lead,1997-05-28,U0548LI,
3029,1033,LUST Cleanup Initiated,RP-Lead,1997-05-28,5/23/97 documentation,
3030,1034,Confirmed Release,RP-Lead,1997-01-09,,
3031,1034,Site Cleanup Completed (NFA),State-Lead with State Money,1999-08-27,"NFA issued, UO8098RSM",
3032,1034,LUST Cleanup Initiated,RP-Lead,1999-08-27,,
3033,1035,Confirmed Release,RP-Lead,1997-01-28,RLS ON RECEIPT OF CRN - 1/13/97,
3034,1035,LUST Cleanup Initiated,RP-Lead,1998-09-30,9/8/98 MK report,
3035,1035,Site Cleanup Completed (NFA),RP-Lead,2002-03-08,,
3036,1036,Confirmed Release,RP-Lead,1997-01-22,"VIA 01/22/97 PHONE CALL, J. RUIZ",
3037,1036,LUST Cleanup Initiated,RP-Lead,1997-07-11,7/11/97 HIES report - GW monitoring results,
3038,1037,Confirmed Release,RP-Lead,1997-02-05,"VIA 1/10/97 PHONE CALL, R. TAKABA",
3039,1037,Site Cleanup Completed (NFA),RP-Lead,1997-07-31,7/31/97 U0783JAR,
3040,1037,LUST Cleanup Initiated,RP-Lead,1997-07-31,,
3041,1038,LUST Cleanup Initiated,RP-Lead,1997-01-27,SEE REPORT DATED 5/1997,
3042,1038,Confirmed Release,RP-Lead,1997-01-27,SEE CRN,
3043,1038,Site Cleanup Completed (NFA),RP-Lead,1997-07-31,U07127 JAR,
3044,1039,Confirmed Release,RP-Lead,1996-12-18,LEAK RPT VIA 12/18/96 CLS NOTICE,
3045,1039,LUST Cleanup Initiated,RP-Lead,2000-10-19,"Limited Site Investigation, H. Hamada Store Inc., 885 Queen
Street, BES Job # 6105, report dated November 30, 2000, and prepared by Brewer
Environmental Services.",
3046,1039,Site Cleanup Completed (NFA),RP-Lead,2001-01-04,,
3047,1040,Confirmed Release,RP-Lead,1997-01-13,CALL TO ERIC,
3048,1040,Site Cleanup Completed (NFA),RP-Lead,1997-07-31,7/31/97 U0782SO,
3049,1040,LUST Cleanup Initiated,RP-Lead,1997-07-31,,
3050,2528,Confirmed Release,RP-Lead,1997-02-18,CALL TO JACK RICHARDSON,
3051,2528,LUST Cleanup Initiated,RP-Lead,1997-05-16,5/21/97  Inspection - Jose Ruiz did LUST field inspection to site on 5/16/97 and prepared inspection report on 5/21/97.,
3052,1042,Confirmed Release,RP-Lead,1997-03-12,VIA PHONE: 01/16/97,
3053,1042,LUST Cleanup Initiated,RP-Lead,1997-06-01,6/1/97 Naval Station Pearl Harbor Status Summary Report Report - ,
3054,1042,Site Cleanup Completed (NFA),RP-Lead,2000-06-15,U06020JU,
3055,1043,Confirmed Release,RP-Lead,1996-10-09,"PER 11/04/96 PHONE CALL, R. KWAN",
3056,1043,Site Cleanup Completed (NFA),RP-Lead,1997-01-02,10/21/97 U1078JAR Letter - NFA issued.  note release #970017 was in error.,
3195,1091,Confirmed Release,RP-Lead,1997-04-17,RT,
3057,1043,LUST Cleanup Initiated,RP-Lead,1997-01-02,1/2/97 Walker Consultants Report,
3058,1044,LUST Cleanup Initiated,RP-Lead,1997-03-18,PCS excavated (telephone report),
3059,1044,Confirmed Release,RP-Lead,1997-03-18,"U0362JAR: 3/18/97 PHONE CALL, J. RUIZ",
3060,1044,Site Cleanup Completed (NFA),RP-Lead,1997-09-26,9/26/97 U0971JAR,
3061,1045,Confirmed Release,RP-Lead,1996-12-10,,
3062,1045,LUST Cleanup Initiated,RP-Lead,1996-12-21,"UST Closure Report dated 9/27/1995, by ES-P",
3063,1045,Site Cleanup Completed (NFA),RP-Lead,2002-09-11,,
3064,1046,LUST Cleanup Initiated,RP-Lead,1997-03-04,PCS excavated (telephone report),
3065,1046,Confirmed Release,RP-Lead,1997-03-04,U0308RT,
3066,1046,Site Cleanup Completed (NFA),RP-Lead,1997-05-06,Letter U0510JAR,
3067,1047,LUST Cleanup Initiated,RP-Lead,1995-10-27,6/1/96 Walker Consultants Report,
3068,1047,Confirmed Release,RP-Lead,1996-03-29,CONF RLS REC'D: 04/02/96,
3069,1047,Site Cleanup Completed (NFA),RP-Lead,1996-06-01,8/12/96 U0812JAR Letter - NFA issued,
3070,1048,LUST Cleanup Initiated,RP-Lead,1997-03-03,PCS excavated and aerated (telephone report),
3071,1048,Confirmed Release,RP-Lead,1997-03-03,CRN received 3/20/97,
3072,1048,Site Cleanup Completed (NFA),RP-Lead,1998-02-23,11/10/97 U1133JU Letter - NFA granted,
3073,1049,LUST Cleanup Initiated,RP-Lead,1997-04-24,PCS excavated (telephone report),
3074,1049,Confirmed Release,RP-Lead,1997-04-24,U0428JAR,
3075,1049,Site Cleanup Completed (NFA),RP-Lead,1997-05-12,4/7/98 UO418JAR letter,
3076,1050,Confirmed Release,RP-Lead,1996-10-08,,
3077,1050,Site Cleanup Completed (NFA),RP-Lead,1997-03-14,U0335JS,
3078,1050,LUST Cleanup Initiated,RP-Lead,1997-03-14,,
3079,1051,Confirmed Release,RP-Lead,1997-05-08,U0514JAR,
3080,1051,LUST Cleanup Initiated,RP-Lead,1997-06-01,6/97 Closure Report,
3081,1051,Site Cleanup Completed (NFA),RP-Lead,1997-07-02,U0704ES,
3082,1052,LUST Cleanup Initiated,RP-Lead,1997-03-03,PCS excavated (telephone report),
3083,1052,Confirmed Release,RP-Lead,1997-03-03,U0302JS,
3084,1052,Site Cleanup Completed (NFA),RP-Lead,2002-02-15,NFA  U02046MS,
3085,1053,LUST Cleanup Initiated,RP-Lead,1997-02-06,2/21/97 EnviroServices & Training Center Report - ,
3086,1053,Confirmed Release,RP-Lead,1997-02-10,U0215RK,
3087,1053,Site Cleanup Completed (NFA),RP-Lead,1997-10-20,10/20/97 U1080SO Letter - ,
3088,1054,Confirmed Release,RP-Lead,1997-02-14,U0236JS,
3089,1054,Disconfirmed Release,RP-Lead,1998-09-24,9/14/98 U09118LKI letter,
3090,1055,LUST Cleanup Initiated,RP-Lead,1996-12-05,PCS removal (telephone report),
3091,1055,Confirmed Release,RP-Lead,1996-12-05,U0251JS,
3092,1055,Site Cleanup Completed (NFA),RP-Lead,2000-11-08,,
3093,1056,LUST Cleanup Initiated,RP-Lead,1997-02-21,PCS excavated (telephone report),
3094,1056,Confirmed Release,RP-Lead,1997-02-21,U0252JR,
3095,1056,Site Cleanup Completed (NFA),RP-Lead,1997-09-17,4/4/97 Inalab Report - 9/4/97 letter,
3096,1057,Confirmed Release,RP-Lead,1997-03-10,U0343AEJ,
3097,1057,Site Cleanup Completed (NFA),RP-Lead,1997-03-20,3/11/98 UO370JAR letter,
3098,1057,LUST Cleanup Initiated,RP-Lead,1997-03-20,"1/4/97 Walker  Consultants, Ltd. report",
3099,1058,LUST Cleanup Initiated,RP-Lead,1997-03-03,"PCS excavated, FP removal (telephone report)",
3100,1058,Confirmed Release,RP-Lead,1997-03-03,U0306JAR,
3101,1058,Site Cleanup Completed (NFA),RP-Lead,1998-08-01,11/25/98 U11098JAR letter,
3102,1059,LUST Cleanup Initiated,RP-Lead,1997-03-11,PCS excavated (telephone report),
3103,1059,Confirmed Release,RP-Lead,1997-03-11,U0342RT,
3104,1060,LUST Cleanup Initiated,RP-Lead,1997-03-13,FP removed (telephone report),
3105,1060,Confirmed Release,RP-Lead,1997-03-13,U0341RT,
3106,1060,Site Cleanup Completed (NFA),RP-Lead,1999-02-08,2/8/99 U02047JU letter,
3107,1061,LUST Cleanup Initiated,RP-Lead,1997-03-07,,
3108,1061,Confirmed Release,RP-Lead,1997-03-07,U0344RT,
3109,1061,Site Cleanup Completed (NFA),,2004-05-28,NFA Issued,
3110,1062,LUST Cleanup Initiated,RP-Lead,1997-05-14,PCS excavated (telephone report),
3111,1062,Confirmed Release,RP-Lead,1997-05-14,U0515JAR; suspected release letter 7/10/97 U0731JR was also sent,
3112,1062,Site Cleanup Completed (NFA),RP-Lead,1998-11-25,11/25/98 U11099JAR letter - NFA issued,
3113,1063,Confirmed Release,RP-Lead,1997-05-01,U0503JS,
3114,1063,LUST Cleanup Initiated,RP-Lead,1999-05-12,,
3115,1063,Site Cleanup Completed (NFA),RP-Lead,1999-10-08,U08023SL NFA letter 8/11/99,
3116,1064,Confirmed Release,RP-Lead,1997-05-01,U0502JES,
3117,1064,LUST Cleanup Initiated,RP-Lead,1999-04-13,,
3118,1064,Site Cleanup Completed (NFA),RP-Lead,1999-10-08,U08048SL NFA 8/13/99,
3119,1065,Confirmed Release,RP-Lead,1997-05-01,U0501JES,
3120,1065,LUST Cleanup Initiated,RP-Lead,1999-08-11,Environmental Chemical Corp. reported the closure or UST992-1,
3121,1065,Site Cleanup Completed (NFA),RP-Lead,1999-08-26,U08132JU also mentioned in the letter that they need to address USTs 990-1 and 991-1,
3122,1066,Confirmed Release,RP-Lead,1997-04-02,U0406RT,
3123,1066,LUST Cleanup Initiated,RP-Lead,1999-12-14,"Further Investigation at Former Underground Storage Tank Site, 85-010 Farrington Hwy, Makaha, Hawaii, DOH Facility I.D. 9-201209, dated November 18, 1999, prepared by Masa Fujioka & Associates.                                                                                                                December 1999 Groundwater Monitoring and Sampling,      7-Eleven/Aloha Petroleum Makaha, 85-010 Farrington Hwy, Makaha, Hawaii, DOH Facility I.D. 9-201209, dated January 19, 2000,  and prepared by Masa Fujioka & Associates.",
3124,1067,LUST Cleanup Initiated,RP-Lead,1997-03-27,"5/7/97 Frazier Environmental Solutions, Inc. Report",
3126,1067,Site Cleanup Completed (NFA),RP-Lead,1998-09-25,DOH ltr U09152JU,
3127,1068,Confirmed Release,RP-Lead,1997-03-27,U0403JS,
3128,1068,LUST Cleanup Initiated,RP-Lead,1997-04-14,4/14/97 CRN (received 4/18/97),
3129,1068,Site Cleanup Completed (NFA),RP-Lead,1999-10-05,U08019SL NFA dated 8/10/99,
3130,1069,Confirmed Release,RP-Lead,1997-03-27,U0402JS,
3131,1069,LUST Cleanup Initiated,RP-Lead,1997-04-14,4/14/97 CRN (received 4/18/97),
3132,1069,Site Cleanup Completed (NFA),RP-Lead,2001-11-05,Soil under tank and piping was over excavated to below Tier1 NFA U11001MS,
3133,1070,Confirmed Release,RP-Lead,1997-03-31,U0401JS,
3134,1070,LUST Cleanup Initiated,RP-Lead,1999-05-25,Environmental Chemical Corp. report,
3135,1070,Site Cleanup Completed (NFA),RP-Lead,2000-01-10,U01011JU report,
3136,1071,LUST Cleanup Initiated,RP-Lead,1997-03-19,PCS excavated (telephone report),
3137,1071,Confirmed Release,RP-Lead,1997-03-19,U0367JAR,
3138,1071,Site Cleanup Completed (NFA),RP-Lead,1997-06-06,11/3/97 U1105JAR Letter - ,
3139,1072,LUST Cleanup Initiated,RP-Lead,1997-03-19,"PCS excavated, FP removal (telephone report)",
3140,1072,Confirmed Release,RP-Lead,1997-03-19,U0361JAR,
3141,1072,Site Cleanup Completed (NFA),RP-Lead,2001-10-01,NFA'd 9/20/01 U09026JAR,
3142,1073,Confirmed Release,RP-Lead,1997-03-19,U0365JAR,
3143,1073,Site Cleanup Completed (NFA),RP-Lead,1997-09-26,9/26/97 U0967AR,
3144,1073,LUST Cleanup Initiated,RP-Lead,1997-09-26,,
3145,1074,Confirmed Release,RP-Lead,1997-04-07,U0407RT,
3146,1074,LUST Cleanup Initiated,RP-Lead,1999-11-29,"Closure Report, Underground Storage Tanks FS-535-1, FS-535-2, FS-535-3, FS-535-4, and FS-535-5, Fort Shafter Military Reservation,  Hawaii dated August 23, 1999, prepared by Morrison Knudsen Corporation Environmental Group",
3147,1074,Site Cleanup Completed (NFA),RP-Lead,1999-12-21,U12002SL,
3148,1075,Confirmed Release,RP-Lead,1997-04-11,U0411JES,
3149,1076,Confirmed Release,RP-Lead,1997-04-11,U0410JES,
3150,1076,LUST Cleanup Initiated,RP-Lead,1998-08-11,Environmental Chemical Corp. report,
3151,1076,Site Cleanup Completed (NFA),RP-Lead,2000-07-19,U07020JU,
3152,1077,Confirmed Release,RP-Lead,1998-10-26,,
3153,1077,LUST Cleanup Initiated,RP-Lead,1999-08-29,"Closure And Site Assessment Report, Underground Storage Tanks TAMC-145-1 and TAMC-145-2, Tripler Army Medical Center, Oahu, Hawaii dated August 29,1999, prepared by Morrison Knudsen Corporation Environmental Group                                               Further investigation and remediation are required. Letter U11065SL 11/24/99",
3154,1078,LUST Cleanup Initiated,RP-Lead,1997-04-03,9/24/97 HIES Report,
3155,1078,Confirmed Release,RP-Lead,1997-04-11,,
3156,1078,Site Cleanup Completed (NFA),RP-Lead,1999-02-01,11/11/98 levine fricke report - NFA U02004RT,
3157,1079,LUST Cleanup Initiated,RP-Lead,1997-04-22,4/14/97 UST closure report,
3158,1079,Confirmed Release,RP-Lead,1997-04-22,4/14/97 UST closure report,
3159,1079,Site Cleanup Completed (NFA),RP-Lead,1997-09-25,"9/25/97 U9100SO letter - date ""Site Cleanup Completed"" should be 9/25/97.  Sorry for the confusion.",
3160,1080,Confirmed Release,RP-Lead,1997-07-01,U0717JAR - 7/3/97,
3161,1080,Site Cleanup Completed (NFA),RP-Lead,1997-07-18,4/14/98 uo3107jar letter,
3162,1080,LUST Cleanup Initiated,RP-Lead,1997-07-18,8/7/97 E.K. Noda & Assoc. report,
3163,1081,Confirmed Release,RP-Lead,1997-06-24,U0697JAR - 6/27/97,
3164,1081,LUST Cleanup Initiated,RP-Lead,1998-06-01,6/1/98 Clayton Environmental report,
3165,1081,Site Cleanup Completed (NFA),RP-Lead,1998-10-20,10/20/98 U10064JAR letter,
3166,1082,Confirmed Release,RP-Lead,1996-04-04,Logged by Roger Brewer - no written confirmation available.,
3167,1082,LUST Cleanup Initiated,RP-Lead,1999-04-09,,
3168,1082,Site Cleanup Completed (NFA),RP-Lead,2000-06-24,NFA U06043RT,
3169,1083,Confirmed Release,RP-Lead,1996-04-16,,
3170,1083,LUST Cleanup Initiated,RP-Lead,1996-04-26,4/24/96 HIES report,
3171,1083,Site Cleanup Completed (NFA),RP-Lead,1996-08-12,8/12/96 U0814JAR,
3172,1084,Monitored Natural Attenuation,RP-Lead,1997-07-28,,
3173,1084,Confirmed Release,RP-Lead,1997-07-28,U07110ES (7/29/97),
3174,1084,LUST Cleanup Initiated,RP-Lead,1998-07-10,cls rpt by Clayton Env. June 10 98,
3175,1084,Site Cleanup Completed (NFA),RP-Lead,2005-10-20,NFA issued U10036RT,
3176,1085,Confirmed Release,RP-Lead,1996-07-11,Telephone report - RT,
3177,1085,Site Cleanup Completed (NFA),RP-Lead,1997-09-25,9/25/97 U0994SO,
3178,1085,LUST Cleanup Initiated,RP-Lead,1997-09-25,,
3179,1086,LUST Cleanup Initiated,RP-Lead,1995-10-25,6/24/-DM report-RSM,
3180,1086,Confirmed Release,RP-Lead,1995-10-25,Based on 6/14/94 report (logged by JES),
3181,1086,Site Cleanup Completed (NFA),RP-Lead,2003-08-04,,
3182,1087,Confirmed Release,RP-Lead,1995-04-20,Based on 4/20/97 report (logged by JES),
3183,1087,LUST Cleanup Initiated,RP-Lead,2002-09-03,GW sampling Report  -- SF,
3184,1087,Site Cleanup Completed (NFA),RP-Lead,2003-04-30,,
3185,1088,LUST Cleanup Initiated,RP-Lead,1997-08-05,8/5/97 CRN Form,
3186,1088,Confirmed Release,RP-Lead,1997-08-05,"8/5/97 phone call, 8/5/97 CRN Form, 8/11/97 U0891ES",
3187,1088,Site Cleanup Completed (NFA),RP-Lead,1997-09-30,9/30/97 U09134JS,
3189,1089,Confirmed Release,RP-Lead,1993-03-05,,
3190,1089,LUST Cleanup Initiated,,1999-07-29,,
3191,1089,Site Cleanup Completed (NFA),RP-Lead,2006-04-21,,
3192,1090,LUST Cleanup Initiated,RP-Lead,1997-05-27,7/2/97 JR Herold report,
3193,1090,Site Cleanup Completed (NFA),RP-Lead,1997-05-27,10/13/98 U10037JAR letter,
3194,1090,Confirmed Release,RP-Lead,1997-05-27,5/27/97 phone call - 6/2/97 letter U0596JAR,
3196,1091,Site Cleanup Completed (NFA),RP-Lead,1997-09-03,9/3/97 U0864SO,
3197,1091,LUST Cleanup Initiated,RP-Lead,1997-09-03,9/3/97 U0864SO,
3198,1092,Confirmed Release,RP-Lead,1997-05-22,U0527JR,
3199,1092,LUST Cleanup Initiated,RP-Lead,1998-06-01,"Holiday Action Gas Station,  801 Kaheka Street, Honolulu, Hawaii 96814, Release Response Report, dated June 1, 1998,  prepared by Dawson Environmental Services, Inc.",
3202,1094,Confirmed Release,RP-Lead,1997-03-07,Telephone report (ES). Letter 8/27/97 U0907ES was a bit late!,
3203,1094,LUST Cleanup Initiated,RP-Lead,1998-02-12,8/27/97 report by HIES,
3204,1094,Site Cleanup Completed (NFA),RP-Lead,1999-04-12,"NFA issued, UO4019RSM",
3205,1095,LUST Cleanup Initiated,RP-Lead,1997-08-26,8/15/97 closure report (received 8/26/97),
3206,1095,Confirmed Release,RP-Lead,1997-08-26,8/15/97 closure report (received 8/26/97),
3207,1095,Site Cleanup Completed (NFA),RP-Lead,1997-09-17,9/17/97 U0918ES,
3208,1096,Confirmed Release,RP-Lead,1997-08-28,8/28/97 U0904ES. Discovered during installation of monitoring wells at the facility. CRN faxed to DOH 9/8/97.,
3209,1096,LUST Cleanup Initiated,RP-Lead,1998-04-30,3/12/98 HIES UST closure assessment report,
3210,1096,Site Cleanup Completed (NFA),,2004-06-10,,
3211,1097,LUST Cleanup Initiated,RP-Lead,1997-08-26,7/22/97 closure report,
3212,1097,Confirmed Release,RP-Lead,1997-08-26,7/22/97 closure report,
3213,1097,Site Cleanup Completed (NFA),RP-Lead,1997-09-11,"9/11/97 U0911ES, 10/29/97 U10160ES",
3214,1098,LUST Cleanup Initiated,RP-Lead,1997-02-21,4/28/97 Nexus closure report,
3215,1098,Confirmed Release,RP-Lead,1997-02-21,4/28/97 Nexus closure report,
3216,1098,Site Cleanup Completed (NFA),RP-Lead,2002-11-14,Received confirmation that stockpiled soil had been properly disposed. JP,
3217,1099,LUST Cleanup Initiated,RP-Lead,1997-02-21,4/28/97 Nexus closure report,
3218,1099,Confirmed Release,RP-Lead,1997-02-21,4/28/97 Nexus closure report,
3219,1099,Site Cleanup Completed (NFA),RP-Lead,2002-05-13,"NFA'd 4 May 2002, UO4044JAR",
3220,1100,Confirmed Release,RP-Lead,1997-09-04,Telephone report from O/O (Pitts). 9/5/97 U0944ES letter.,
3221,1100,LUST Cleanup Initiated,RP-Lead,1997-10-20,"10/18/97 CO, USCG letter",
3222,1100,Site Cleanup Completed (NFA),RP-Lead,2000-01-28,"NFA ISSUED, U01065RSM",
3223,1101,Confirmed Release,RP-Lead,1997-08-07,9/10/97 U0855GKO letter,
3224,1101,LUST Cleanup Initiated,RP-Lead,1997-09-07,J. R. Herold & Associates' report,
3225,1101,Site Cleanup Completed (NFA),RP-Lead,2005-06-22,"U06024HW NFA Letter dated June 22, 2005",
3226,1102,Confirmed Release,RP-Lead,1997-09-09,Telephone report; 9/9/97 U0945ES.,
3227,1102,LUST Cleanup Initiated,RP-Lead,1997-09-11,10/24/97 Navy Public Works Center report,
3228,1102,Site Cleanup Completed (NFA),RP-Lead,1998-04-23,4/23/98 U0470SO letter,
3229,1103,Confirmed Release,RP-Lead,1997-04-21,4/17/97 CRN received 4/21/97,
3230,1103,LUST Cleanup Initiated,RP-Lead,1997-04-22,,
3231,1103,Site Cleanup Completed (NFA),RP-Lead,1999-12-27,NFA letter U12066DH issued 12/27/99,
3232,1104,LUST Cleanup Initiated,RP-Lead,1996-10-15,"10/25/96 Cotton Consulting, Inc. report",
3233,1104,Confirmed Release,RP-Lead,1996-10-25,10/25/96 closure report,
3234,1104,Site Cleanup Completed (NFA),RP-Lead,1998-09-29,9/29/98 U09153LKI letter,
3235,1105,Confirmed Release,RP-Lead,1997-07-25,U07109JR 7/31/97,
3236,1105,LUST Cleanup Initiated,RP-Lead,1999-01-14,10/14/98 Masa Fujioka & Assoc. report,
3237,1105,Site Cleanup Completed (NFA),RP-Lead,2001-02-13,U02017JU,
3238,1106,Confirmed Release,RP-Lead,1997-07-16,U0763JAR 7/22/97,
3239,1106,LUST Cleanup Initiated,RP-Lead,1997-07-27,8/1/97 JR Herold & Asssoc. report Report,
3240,1106,Site Cleanup Completed (NFA),RP-Lead,2003-11-24,"NFA's 11/10/03, U11003JAR  Plz note that HEER is handling the stoddard plume contamination as of 10/02.",
3241,1107,Confirmed Release,RP-Lead,1997-07-15,7/16/97 U0739AEJ,
3242,1107,LUST Cleanup Initiated,RP-Lead,1997-09-26,Closure Report,
3243,1107,Site Cleanup Completed (NFA),RP-Lead,2001-12-27,All soil samples below the tank and piping below Tier 1.  NFA U12045MS,
3244,1108,Confirmed Release,RP-Lead,1997-07-15,7/16/97 U0738AEJ,
3245,1108,Site Cleanup Completed (NFA),RP-Lead,1997-10-31,5/14/98 UO555JAR letter,
3246,1108,LUST Cleanup Initiated,RP-Lead,1997-10-31,10/31/97 Morrison Knudsen report,
3247,1109,Confirmed Release,RP-Lead,1997-07-15,7/16/97 U0740AEJ,
3248,1109,LUST Cleanup Initiated,RP-Lead,1998-02-11,11/28/97 HIES Report,
3249,1109,Site Cleanup Completed (NFA),RP-Lead,1999-01-21,8/13/98 levine fricke report - NFA U01093RT,
3250,1110,Confirmed Release,RP-Lead,1997-08-29,8/29/97 phone call; 9/3/97 faxed CRN,
3251,1110,LUST Cleanup Initiated,RP-Lead,1998-03-16,"being reviewed. 08/22/02 letter sent requesting clarification of contradictions, update on remediation.",
3252,1110,Site Cleanup Completed (NFA),RP-Lead,2005-06-22,"U06022HW NFA Letter dated June 22, 2005",
3253,1111,Confirmed Release,RP-Lead,1997-08-27,8/27/97 phone call; 9/3/97 faxed CRN,
3254,1111,LUST Cleanup Initiated,RP-Lead,1998-01-01,Closure Report  -- SF,
3255,1112,LUST Cleanup Initiated,RP-Lead,1997-09-05,,
3256,1112,Confirmed Release,RP-Lead,1997-09-05,Telephone report; 9/11/97 U0946ES,
3257,1112,Site Cleanup Completed (NFA),RP-Lead,1998-11-23,,
3258,1113,Confirmed Release,RP-Lead,1997-04-16,6/2/97 U0582JS reviewed 3/94 IIES closure report,
3259,1113,LUST Cleanup Initiated,RP-Lead,1997-04-28,6/2/97 U0582JS reviewed 3/94 IIES closure report,
3260,1113,Site Cleanup Completed (NFA),RP-Lead,2005-01-13,"DoH NFA letter dated January 13, 2005 (U00120SL):",
3261,1114,Confirmed Release,RP-Lead,1997-06-11,6/13/97 U0663ES,
3262,1114,LUST Cleanup Initiated,RP-Lead,1998-10-30,,
3328,1137,Site Cleanup Completed (NFA),RP-Lead,2001-12-05,,
3263,1115,Confirmed Release,RP-Lead,1997-08-19,Phone report. 8/27/97 U0853JS.,
3264,1115,LUST Cleanup Initiated,RP-Lead,1998-06-09,6/9/98 Clayton Environmental report,
3265,1115,Site Cleanup Completed (NFA),RP-Lead,1998-06-09,10/1/98 U10043JU letter,
3268,1116,Confirmed Release,RP-Lead,1997-08-13,8/13/97 phone call. 8/18/97 U0846JAR.,
3269,1117,Confirmed Release,RP-Lead,1997-05-22,"5/22/97 phone call, 8/8/97 U0817SO",
3270,1117,LUST Cleanup Initiated,RP-Lead,1997-05-25,8/8/97 HIES Report,
3271,1117,Site Cleanup Completed (NFA),RP-Lead,1998-01-26,1/26/98 U0143SO letter,
3272,1118,LUST Cleanup Initiated,RP-Lead,1997-03-13,11/25/98 Closure and Release Response Report report,
3273,1118,Confirmed Release,RP-Lead,1997-03-13,Masa Fujioka & Associates report,
3274,1118,Site Cleanup Completed (NFA),RP-Lead,1999-02-09,2/9/99 NFA letter U02054DH letter,
3275,1119,LUST Cleanup Initiated,RP-Lead,1992-11-01,11/1/92 M&E Pacific Report - ,
3276,1119,Confirmed Release,RP-Lead,1992-11-01,11/1/92 M&E Pacific Report -,
3277,1119,Site Cleanup Completed (NFA),RP-Lead,1998-09-24,9/24/98 U09124RT letter,
3278,1120,LUST Cleanup Initiated,RP-Lead,1997-07-23,8/13/97 Masa Fujioka & Associates Report,
3279,1120,Confirmed Release,RP-Lead,1997-07-31,"7/31/97 phone call, 8/5/97 U0801SO",
3280,1120,Site Cleanup Completed (NFA),RP-Lead,2001-11-26,Groundwater below Tier 1 on 3 separate sampling events and below action levels  U11041MS,
3281,1121,Confirmed Release,RP-Lead,1997-09-19,9/19/97 phone call received by Janet Sherrer; 10/10/97 CRN submitted by Tosco,
3282,1121,LUST Cleanup Initiated,RP-Lead,1997-10-10,10/10/97 CRN,
3283,1121,Site Cleanup Completed (NFA),RP-Lead,2002-01-14,Additional work showed that ethylbenzene remediated naturally over time.  NFA U01016MS,
3284,1122,LUST Cleanup Initiated,RP-Lead,1997-10-17,,
3285,1122,Confirmed Release,RP-Lead,1997-10-17,Phone call. 10/20/97 U1075DH letter. CRN received 10/27/97.,
3286,1122,Site Cleanup Completed (NFA),RP-Lead,1998-11-23,,
3287,1123,LUST Cleanup Initiated,RP-Lead,1997-11-19,"11/19/97 telephone report - PCS excavated. 
FOPCO Report, dated 12/24/97.",
3288,1123,Confirmed Release,RP-Lead,1997-11-19,11/19/97 telephone report; 11/19/97 U11107EJS letter,
3289,1123,Site Cleanup Completed (NFA),RP-Lead,2000-01-20,U01016SL nfa letter issued.1/20/00,
3290,1124,LUST Cleanup Initiated,RP-Lead,1997-11-19,"11/19/97 telephone report - PCS excavated
Undergroung Storage Tank Removal Report UST-A and UST-B, State of Hawaii Department of Transportion, Airports Division, dated January 19,1998, prepared by Environmental Contracting Pacific, Inc. ( ECP)  (rcvd 6/23/99)",
3291,1124,Confirmed Release,RP-Lead,1997-11-19,11/19/97 telephone report; 11/24/97 U11116EJS letter,
3292,1124,Site Cleanup Completed (NFA),RP-Lead,2002-06-13,DOH NFA letter dated 6/13/2002 (U06019SL),
3293,1125,Confirmed Release,RP-Lead,1997-08-07,9/10/97 U0854GKO letter,
3294,1125,LUST Cleanup Initiated,RP-Lead,1997-09-09,Cls Rpt by JR Herold 9/3/97.,
3295,1125,Site Cleanup Completed (NFA),RP-Lead,2000-11-20,U11042RT NFA,
3296,1126,LUST Cleanup Initiated,RP-Lead,1997-03-20,12/97 Walker Consultants report,
3297,1126,Confirmed Release,RP-Lead,1997-03-20,3/20/97 phone call,
3298,1126,Site Cleanup Completed (NFA),RP-Lead,1998-01-21,1/21/98 U0131SO letter,
3299,1127,Confirmed Release,RP-Lead,1997-12-09,"12/9/97 phone call, 12/16/97 CRN received 12/23/97",
3300,1127,LUST Cleanup Initiated,RP-Lead,1997-12-23,12/16/97 CRN received 12/23/97,
3301,1128,Confirmed Release,RP-Lead,1997-12-30,12/30/97 phone call - 1/9/97 CRN,
3302,1128,LUST Cleanup Initiated,RP-Lead,1998-01-26,1/15/98 HIES CRN,
3303,1128,Site Cleanup Completed (NFA),RP-Lead,2001-12-27,all groundwater below Tier 1 and all soil below Tier 1 or 2 NFA U12041MS,
3304,1129,LUST Cleanup Initiated,RP-Lead,1998-01-14,CRN indicated PCS excavated.,
3305,1129,Confirmed Release,RP-Lead,1998-01-14,"1/6/98 letter with 1/12/98 CRN, received 1/14/98",
3306,1129,Site Cleanup Completed (NFA),RP-Lead,2006-08-22,NFA - U08015DP,
3307,1130,LUST Cleanup Initiated,RP-Lead,1997-12-15,1/23/98 FOPCO Report,
3308,1130,Confirmed Release,RP-Lead,1998-01-21,1/21/98 phone call,
3309,1130,Site Cleanup Completed (NFA),RP-Lead,1998-01-29,1/23/98 FOPCO Report,
3310,1131,LUST Cleanup Initiated,RP-Lead,1988-03-01,,
3311,1131,Confirmed Release,RP-Lead,1988-03-01,,
3312,1131,Site Cleanup Completed (NFA),RP-Lead,1997-09-09,,
3313,1132,Confirmed Release,RP-Lead,1998-01-15,telephone report,
3314,1132,LUST Cleanup Initiated,RP-Lead,1998-01-16,free product recovery,
3315,1133,LUST Cleanup Initiated,RP-Lead,1998-01-07,"fp removal, pcs excavation.",
3316,1133,Confirmed Release,RP-Lead,1998-01-07,Inspection (Okoji),
3317,1133,Site Cleanup Completed (NFA),RP-Lead,1999-04-01,NFA letter UO4001RT,
3318,1134,Confirmed Release,RP-Lead,1997-11-06,,
3319,1134,LUST Cleanup Initiated,RP-Lead,2000-05-08,"Short Term Rls response rpt recvd 11/20/97, RFI letter  5/5/00.",
3320,1134,Site Cleanup Completed (NFA),RP-Lead,2001-12-27,"NFA'd 12/27/01, U12037JAR",
3321,1135,Confirmed Release,RP-Lead,1998-01-29,,
3322,1135,LUST Cleanup Initiated,RP-Lead,1999-02-23,1/15/98 Closure report by H.G. Enterprises-RSM,
3323,1136,Confirmed Release,RP-Lead,1998-01-21,"1/21/98 phone call, 1/30/98 CRN",
3324,1136,LUST Cleanup Initiated,RP-Lead,2001-07-25,"7/30/98, USTClosure report",
3325,1136,Site Cleanup Completed (NFA),RP-Lead,2002-09-18,"NFA'd July 23, 2002, UO7050JAR",
3326,1137,Confirmed Release,RP-Lead,1997-05-22,5/22/97 phone report,
3327,1137,LUST Cleanup Initiated,RP-Lead,1997-11-18,"Underground Storage Tank Closure Report, dated 11/1997, and prepared by Walker onsultants, Ltd.
Quarterly Release Response Report,  Barbers Point Bulk Sales Terminal, 91-119 Hanua Street, Kapolei, Hawaii, dated May 8, 2000, and prepared by Walker onsultants, Ltd.",
3329,1138,Confirmed Release,RP-Lead,1998-02-20,"2/20/98 phone call, 2/20/98 letter U0256EJS",
3330,1139,Confirmed Release,RP-Lead,1997-11-07,11/7/97 phone report,
3331,1139,LUST Cleanup Initiated,RP-Lead,1998-07-16,7/16/98 Brewer Environmental report - Floating product was removed from the groundwater in the excavation pit,
3332,1139,Site Cleanup Completed (NFA),RP-Lead,2003-04-24,NFA letter U04017RT,
3333,1140,Confirmed Release,RP-Lead,1998-01-06,1/6/98 phone call - J Ruiz,
3334,1140,Site Cleanup Completed (NFA),RP-Lead,1998-01-29,4/22/98 uo464JAR letter,
3335,1140,LUST Cleanup Initiated,RP-Lead,1998-01-29,3/9/98 JR Herold report,
3336,1141,LUST Cleanup Initiated,RP-Lead,1997-09-16,"12/9/97 Environmental Contracting Pacific, Inc. Report",
3337,1141,Confirmed Release,RP-Lead,1997-09-23,,
3338,1141,Site Cleanup Completed (NFA),RP-Lead,1998-12-22,ltr issued by Rich takaba - rk,
3339,1142,Confirmed Release,RP-Lead,1998-01-14,1/14/98 phone call - J Richardson,
3340,1142,LUST Cleanup Initiated,RP-Lead,1998-06-02,6/2/98 EnviroService report report,
3341,1142,Site Cleanup Completed (NFA),RP-Lead,1998-09-04,9/4/98 UO9028JAR letter,
3342,1143,Confirmed Release,RP-Lead,1998-01-08,"1/8/98 phone call (Ruiz), CRN received 1/21/98",
3343,1143,LUST Cleanup Initiated,RP-Lead,1998-02-09,5/15/98 Clayton Env  closure report report,
3344,1143,Site Cleanup Completed (NFA),RP-Lead,1998-09-08,9/8/98 UO9027JAR letter,
3345,1144,Confirmed Release,RP-Lead,1998-01-05,1/5/98 phone call - R Takaba,
3346,1144,LUST Cleanup Initiated,RP-Lead,1998-01-23,PCS excavated - 1/23/98 CRN,
3347,1144,Site Cleanup Completed (NFA),RP-Lead,2000-04-20,"NFA'd 4/19/00, UO4020JAR",
3348,1145,LUST Cleanup Initiated,RP-Lead,1997-04-03,PCS excavated - 2/24/98 telephone report from Steve Ozoa to Jose Ruiz. Additional documentation in 9/26/97 Morrison Knudesen closure report (rcvd 3/5/98).,
3349,1145,Confirmed Release,RP-Lead,1997-04-03,Release confirmed by US Army 4/3/97 but not reported to DOH until 2/24/98. Letter U0261EJS sent 2/24/98.,
3350,1145,Site Cleanup Completed (NFA),RP-Lead,2000-07-18,"NFA ISSUED, U07022RSM-RSM",
3351,1146,Confirmed Release,RP-Lead,1998-01-21,Call received by D. Hodges,
3352,1146,LUST Cleanup Initiated,RP-Lead,1998-01-22,2/1/98 Enviro Services & Training Center report,
3353,1146,Site Cleanup Completed (NFA),RP-Lead,1998-02-01,3/9/98 UO356JAR letter,
3354,1147,Confirmed Release,RP-Lead,1998-02-21,"2/21/98 phone call received by R. Kwan, U0312EJS 3/3/98",
3355,1147,LUST Cleanup Initiated,RP-Lead,2000-06-05,"5/31/00-Rest, Inc. Phase II Envi. Site Assessment.-rsm",
3356,1147,Site Cleanup Completed (NFA),RP-Lead,2002-01-14,,
3357,1148,LUST Cleanup Initiated,RP-Lead,1998-03-04,Contaminated soils excavated,
3358,1148,Confirmed Release,RP-Lead,1998-03-04,"CRN rcvd 3/5/98, phone call rcvd by S. Okoji 3/4/98, U0372EJS 3/11/98",
3359,1149,LUST Cleanup Initiated,RP-Lead,1997-04-11,2/1/98 DW closure report report,
3360,1149,Confirmed Release,RP-Lead,1997-11-03,,
3361,1149,Site Cleanup Completed (NFA),RP-Lead,1998-07-24,7/28/98 UO7067 JAR letter,
3362,1150,Confirmed Release,RP-Lead,1998-02-11,,
3363,1150,LUST Cleanup Initiated,RP-Lead,2002-02-21,UST closure & assessment rpt rcvd 4/98,
3364,1151,Confirmed Release,RP-Lead,1998-02-17,2/17/98 U0241JAR,
3365,1151,LUST Cleanup Initiated,RP-Lead,1999-11-17,"Closure rpt rcv'd 8/30/99, potential NFA, waiting on addtional info, then issue NFA.",
3366,1151,Site Cleanup Completed (NFA),RP-Lead,2000-01-24,"NFA'd 12/22/99, U12062JAR",
3367,1152,Confirmed Release,RP-Lead,1998-02-17,2/17/98 U0241JAR,
3368,1152,LUST Cleanup Initiated,RP-Lead,1999-11-17,"UST closure rpt rcv'd 8/30/99, potential for NFA, waiting on additional document; then issue NFA.",
3369,1152,Site Cleanup Completed (NFA),RP-Lead,2000-01-24,"NFA'd 12/22/99, U12062JAR",
3370,1153,LUST Cleanup Initiated,RP-Lead,1997-01-10,"Closure Report dated December 15, 1994",
3371,1153,Confirmed Release,RP-Lead,1997-01-10,,
3372,1153,Site Cleanup Completed (NFA),RP-Lead,2002-05-07,,
3373,1154,LUST Cleanup Initiated,RP-Lead,1997-01-10,Cls Rpt by MKC 12/31/94.,
3374,1154,Confirmed Release,RP-Lead,1997-01-10,,
3375,1154,Site Cleanup Completed (NFA),RP-Lead,2000-01-25,NFA U01053RT,
3376,1155,LUST Cleanup Initiated,RP-Lead,1997-01-10,Cls Rpt by Morrison knudsen 12/15/94,
3377,1155,Confirmed Release,RP-Lead,1997-01-10,,
3378,1155,Site Cleanup Completed (NFA),RP-Lead,2000-01-31,NFA U01068RT,
3379,1156,Confirmed Release,RP-Lead,1997-01-10,,
3380,1156,Site Cleanup Completed (NFA),RP-Lead,1998-03-18,3/18/98 U03123SO letter,
3381,1156,LUST Cleanup Initiated,RP-Lead,1998-03-18,3/18/98 U03123SO letter,
3382,1157,Confirmed Release,RP-Lead,1997-01-10,,
3383,1157,Site Cleanup Completed (NFA),RP-Lead,1998-03-18,3/18/98 U03125SO letter,
3384,1157,LUST Cleanup Initiated,RP-Lead,1998-03-18,3/18/98 U03125SO letter,
3385,1158,Confirmed Release,RP-Lead,1997-01-10,,
3386,1158,Site Cleanup Completed (NFA),RP-Lead,1998-03-18,3/18/98 U03126SO letter,
3387,1158,LUST Cleanup Initiated,RP-Lead,1998-03-18,3/18/98 U03126SO letter,
3388,1159,Confirmed Release,RP-Lead,1997-01-10,,
3389,1159,LUST Cleanup Initiated,RP-Lead,2000-03-15,Cls Rpt 3/15/00 by Ed Noda.,
3390,1159,Site Cleanup Completed (NFA),RP-Lead,2000-07-26,NFA U07044RT,
3391,1160,LUST Cleanup Initiated,RP-Lead,1997-03-18,3/18/97 U03127SO letter,
3392,1160,Confirmed Release,RP-Lead,1998-02-02,,
3393,1160,Site Cleanup Completed (NFA),RP-Lead,1998-03-18,3/18/98 U03127SO letter,
3394,1161,Confirmed Release,RP-Lead,1998-02-02,,
3395,1161,LUST Cleanup Initiated,RP-Lead,1999-12-10,Cls Rpt 12/10/99 by Ed Noda.,
3396,1161,Site Cleanup Completed (NFA),RP-Lead,2000-07-26,NFA U07045RT,
3666,1255,Confirmed Release,RP-Lead,1998-06-15,,
3397,1162,Confirmed Release,RP-Lead,1997-12-24,12/24/97 phone report rcvd by J. Sherrer. 1/2/98 CRN rcvd 1/6/98.,
3398,1162,LUST Cleanup Initiated,RP-Lead,1997-12-26,2/1/98 DWalker report,
3399,1162,Site Cleanup Completed (NFA),RP-Lead,1998-01-02,6/1/98 UO5281JAR letter,
3400,1163,LUST Cleanup Initiated,RP-Lead,1997-12-12,4/1/98 DW closure report report,
3401,1163,Confirmed Release,RP-Lead,1997-12-17,J. Richardson,
3402,1163,Site Cleanup Completed (NFA),RP-Lead,1998-04-01,9/4/98 UO9025JAR letter,
3403,1164,Confirmed Release,RP-Lead,1996-11-04,,
3404,1164,Site Cleanup Completed (NFA),RP-Lead,1999-08-27,"NFA issued, UO8084",
3405,1164,LUST Cleanup Initiated,RP-Lead,1999-08-27,,
3406,1165,Monitored Natural Attenuation,RP-Lead,1998-03-25,,
3407,1165,LUST Cleanup Initiated,RP-Lead,1997-11-06,"UST Closure rpt rcvd, 1/20/98, soil & gw cont.",
3408,1165,Confirmed Release,RP-Lead,1997-11-06,,
3409,1166,LUST Cleanup Initiated,RP-Lead,1998-01-26,8/21/97 HIES report,
3410,1166,Confirmed Release,RP-Lead,1998-01-26,8/21/97 Closure Report rcvd 1/26/98,
3411,1166,Site Cleanup Completed (NFA),,2005-08-10,conditional NFA letter U08018CP,
3412,1167,Confirmed Release,RP-Lead,1998-03-30,Phone call to S. Okoji. 3/31/98 U03182EJS letter.,
3413,1167,LUST Cleanup Initiated,RP-Lead,1999-02-11,2/1/99-WCL free product recovery report.,
3414,1168,Confirmed Release,RP-Lead,1998-03-18,3/18/98 phone call. 3/19/98 letter U03140SO.,
3415,1168,LUST Cleanup Initiated,RP-Lead,1998-08-11,closure report received 8/11/98,
3416,1168,Site Cleanup Completed (NFA),RP-Lead,2005-07-26,,
3417,1169,Confirmed Release,RP-Lead,1997-12-16,,
3418,1169,LUST Cleanup Initiated,RP-Lead,1998-02-19,3/24/98 Dawson Environmental  Svs. report,
3419,1169,Exposure Prevention Management Plan,,2004-09-30, 9/30/04 DOH letter U09033SL,
3420,1169,Site Cleanup Completed (NFA),,2005-05-12,NFA - letter U05034CP,
3421,1170,LUST Cleanup Initiated,RP-Lead,1998-04-01,4/1/98 phone call.,
3422,1170,Confirmed Release,RP-Lead,1998-04-01,4/1/98 phone call.,
3423,1171,LUST Cleanup Initiated,RP-Lead,1998-03-27,PCS excavated - 2/5/98 IIES Closure Report,
3424,1171,Confirmed Release,RP-Lead,1998-03-27,Release noted in 2/5/98 IIES Closure Report (rcvd 3/27/98).,
3425,1171,Site Cleanup Completed (NFA),RP-Lead,1998-04-07,"4/7/98 letter U0420EJS - however, tank closure report was missing sludge disposal documentation.",
3426,1172,Confirmed Release,RP-Lead,1998-03-12,Phone call to S. Okoji,
3427,1172,LUST Cleanup Initiated,RP-Lead,1998-03-31,"3/27/98 CRN indicated PCS excavated, closure rpt rcvd 5/27/99.  need further delineation - soil contamination.",
3428,1172,Site Cleanup Completed (NFA),RP-Lead,2000-07-10,"Amended Closure rpt, 12/1/99.  Issued NFA 7/6/00, UO7008JAR",
3429,1173,Confirmed Release,RP-Lead,1998-01-20,3/21/94 MFA report (rcvd 1/20/98),
3430,1173,LUST Cleanup Initiated,RP-Lead,2001-12-21,rpt submitted 3/95,
3431,1174,LUST Cleanup Initiated,RP-Lead,1998-03-05,10/31/97 Morrison Knudsen closure report,
3432,1174,Confirmed Release,RP-Lead,1998-03-05,10/31/97 Morrison Knudsen closure report,
3433,1174,Site Cleanup Completed (NFA),RP-Lead,1998-09-25,9/25/98 U09129SO NFA letter,
3434,1175,Confirmed Release,RP-Lead,1998-02-10,3/13/98 letter U0387JAR,
3435,1175,LUST Cleanup Initiated,RP-Lead,2000-05-08,"Further Investigation rpt rcv'd 12/24/98, Reviewed 2/3/00, RFI to facility 3/6/00",
3436,1175,Site Cleanup Completed (NFA),RP-Lead,2001-03-05,NFA'd 2/12/01 U02013JAR,
3437,1176,Confirmed Release,RP-Lead,1997-12-18,12/18/97 UST Notification Form indicated release,
3438,1176,LUST Cleanup Initiated,RP-Lead,1997-12-20,,
3439,1176,Site Cleanup Completed (NFA),RP-Lead,2000-11-11,,
3440,1177,LUST Cleanup Initiated,RP-Lead,1997-12-18,,
3441,1177,Confirmed Release,RP-Lead,1997-12-18,12/18/97 UST Notification Form indicated release,
3442,1178,LUST Cleanup Initiated,RP-Lead,1997-11-25,12/31/97 JR Herold report,
3443,1178,Confirmed Release,RP-Lead,1997-11-25,,
3444,1178,Site Cleanup Completed (NFA),RP-Lead,1999-02-26,2/26/99 U02106RT letter,
3445,1179,Confirmed Release,RP-Lead,1998-04-15,3/93 Ogden report (submitted 4/15/98 during meeting with Bruce Anderson),
3446,1179,LUST Cleanup Initiated,RP-Lead,1998-09-01,9/1/98 KBEI report,
3447,1179,Site Cleanup Completed (NFA),RP-Lead,1998-12-28,12/29/98 U12107EJS letter,
3448,1180,Confirmed Release,RP-Lead,1998-04-14,4/10/98 CRN rcvd 4/14/98,
3449,1180,LUST Cleanup Initiated,RP-Lead,1998-04-21,Cleanup report,
3450,1180,Site Cleanup Completed (NFA),RP-Lead,2003-04-02,"Issued NFA's 3/21/03, U03029JAR",
3451,1181,LUST Cleanup Initiated,RP-Lead,1997-11-07,11/5/97 CRN rcvd 11/7/97 - PCS excavated,
3452,1181,Confirmed Release,RP-Lead,1997-11-07,11/5/97 CRN rcvd 11/7/97,
3453,1181,Site Cleanup Completed (NFA),RP-Lead,1998-04-08,4/8/98 DOH letter - U0422JS,
3454,1182,Confirmed Release,RP-Lead,1998-04-24,Phone call d daugherty,
3455,1182,LUST Cleanup Initiated,RP-Lead,1999-08-03,Cls Rpt Masa Fuj 7/17/98.,
3456,1182,Site Cleanup Completed (NFA),RP-Lead,2003-09-15,NFA U09020RT,
3457,1183,Confirmed Release,RP-Lead,1998-04-28,4/28/98 phone report,
3458,1183,LUST Cleanup Initiated,RP-Lead,2000-01-31,Cls Rpt. by ECC 1/22/99.,
3459,1183,Site Cleanup Completed (NFA),RP-Lead,2000-07-26,NFA U07047RT,
3460,1184,Confirmed Release,RP-Lead,1996-10-23,,
3461,1184,Site Cleanup Completed (NFA),RP-Lead,1998-08-05,8/5/98 U0802EJS,
3462,1184,LUST Cleanup Initiated,RP-Lead,1998-08-05,11/14/96 C&F report,
3463,1185,Confirmed Release,RP-Lead,1996-02-12,2/27/96 letter U0253JAR reviewed 10/21/94 Morrison Knudsen report,
3464,1185,Site Cleanup Completed (NFA),RP-Lead,2001-11-08,"NFA'd issued 11/5/01, U11013JAR",
3465,1185,LUST Cleanup Initiated,RP-Lead,2001-11-08,"Closure rpt, dtd 10/94 and addt'  documents 10/23/01",
3466,1186,Confirmed Release,RP-Lead,1995-06-16,6/16/95 phone call from George Lingle to Roxanne Kwan,
3468,1187,Confirmed Release,RP-Lead,1998-04-27,4/28/98 U0493JAR,
3469,1187,LUST Cleanup Initiated,RP-Lead,1998-05-01,5/1/98 Kimura International report,
3470,1187,Site Cleanup Completed (NFA),RP-Lead,1999-02-04,2/4/99 UO2026JAR letter - NFA issued,
3471,1188,Confirmed Release,RP-Lead,1998-04-22,,
3472,1188,LUST Cleanup Initiated,RP-Lead,1998-05-15,"5/15/98, Short Term Response Report",
3473,1188,Site Cleanup Completed (NFA),RP-Lead,2002-04-29,,
3474,1189,Confirmed Release,RP-Lead,1998-04-17,,
3475,1189,LUST Cleanup Initiated,RP-Lead,1998-12-30,,
3476,1189,Site Cleanup Completed (NFA),RP-Lead,2002-02-06,,
3477,1190,Monitored Natural Attenuation,RP-Lead,1998-04-29,,
3478,1190,Confirmed Release,RP-Lead,1998-04-21,,
3479,1190,LUST Cleanup Initiated,RP-Lead,1998-06-26,6/12/98 MFA closure report,
3480,1191,Confirmed Release,RP-Lead,1998-04-21,Tel. report from Mr. Stephens of ECC-RSM,
3481,1191,Site Cleanup Completed (NFA),RP-Lead,1999-08-26,"NFA issued, UO8081RSM",
3482,1191,LUST Cleanup Initiated,RP-Lead,1999-08-26,,
3483,1192,LUST Cleanup Initiated,RP-Lead,1998-04-15,"7/21/98 Dawson Environmental Services, Inc. report",
3484,1192,Confirmed Release,RP-Lead,1998-04-17,4/17/98 letter U0457LKI,
3485,1192,Site Cleanup Completed (NFA),RP-Lead,1998-09-22,9/22/98 U09107LKI letter,
3486,1193,Confirmed Release,RP-Lead,1998-04-09,,
3487,1193,Site Cleanup Completed (NFA),RP-Lead,1998-07-22,7/22/98 U07060LKI letter,
3488,1193,LUST Cleanup Initiated,RP-Lead,1998-07-22,7/22/98 U07060LKI letter,
3489,1194,Confirmed Release,RP-Lead,1998-04-13,4/13/98 letter U0431JAR,
3490,1194,Site Cleanup Completed (NFA),RP-Lead,2001-03-20,"NFA'd March 16, 2001, U03020JAR",
3491,1194,LUST Cleanup Initiated,RP-Lead,2001-03-20,"Final Relase response rpt, dtd June 98 and addendum letter, dtd Feb 2001.",
3492,1195,Confirmed Release,RP-Lead,1998-03-05,,
3493,1195,LUST Cleanup Initiated,RP-Lead,1999-05-17,,
3494,1195,Site Cleanup Completed (NFA),RP-Lead,1999-08-26,U08129RT,
3495,1196,Confirmed Release,RP-Lead,1997-12-03,4/8/98 DOH letter U0430DH,
3496,1196,LUST Cleanup Initiated,RP-Lead,1997-12-04,,
3497,1196,Site Cleanup Completed (NFA),RP-Lead,1999-11-26,,
3498,1197,Confirmed Release,RP-Lead,1998-04-06,,
3499,1197,LUST Cleanup Initiated,RP-Lead,1998-11-01,11/1/98 Levine Fricke report,
3500,1197,Site Cleanup Completed (NFA),RP-Lead,1998-12-15,12/15/98 U12059JAR letter - NFA issued,
3501,1198,Confirmed Release,RP-Lead,1998-04-06,,
3502,1198,LUST Cleanup Initiated,RP-Lead,1998-04-08,,
3503,1198,Site Cleanup Completed (NFA),RP-Lead,2002-02-20,NFA  U02045MS,
3504,1199,Confirmed Release,RP-Lead,1998-03-31,,
3505,1199,LUST Cleanup Initiated,RP-Lead,2001-05-25,,
3506,1199,Site Cleanup Completed (NFA),RP-Lead,2002-03-21,,
3507,1200,LUST Cleanup Initiated,RP-Lead,1991-03-19,3/19/91 Brewer report,
3508,1200,Confirmed Release,RP-Lead,1997-09-29,,
3509,1200,Site Cleanup Completed (NFA),RP-Lead,1998-04-13,4/13/98 U0434JS letter,
3510,1201,LUST Cleanup Initiated,RP-Lead,1991-03-19,3/19/91 Brewer Environmental report,
3511,1201,Confirmed Release,RP-Lead,1997-09-29,,
3512,1201,Site Cleanup Completed (NFA),RP-Lead,1998-04-13,4/13/98 U0434JS letter,
3513,1202,Confirmed Release,RP-Lead,1998-03-27,3/30/98 DOH letter U03154LKI,
3514,1202,LUST Cleanup Initiated,RP-Lead,1998-06-16,6/4/98 HIES report rcvd 6/16/98,
3515,1202,Site Cleanup Completed (NFA),RP-Lead,1998-09-24,9/24/98 U09123LKI letter,
3516,1203,Confirmed Release,RP-Lead,1998-03-23,,
3517,1203,LUST Cleanup Initiated,RP-Lead,1999-10-08,"Revised Letter Report, Soil Sampling at UST Site HMR 222-2, Building 222, Helemano Military Reservation, Hawaii,  prepared by
Environmental Chemical Corporation",
3518,1203,Site Cleanup Completed (NFA),RP-Lead,1999-10-13,NFA letter U09028SL dated 10/6/99,
3519,1204,LUST Cleanup Initiated,RP-Lead,1995-10-11,10/11/95 Brewer report,
3520,1204,Confirmed Release,RP-Lead,1996-07-22,,
3521,1204,Site Cleanup Completed (NFA),RP-Lead,1998-09-25,9/25/98 U09134SO NFA letter,
3522,1205,Confirmed Release,RP-Lead,1998-03-17,3/17/98 DOH letter U03117SO,
3523,1205,LUST Cleanup Initiated,RP-Lead,1998-03-20,Clean up was initiated at the time of closure  MS,
3524,1205,Site Cleanup Completed (NFA),RP-Lead,2001-10-09,Contaminated soil overexcavated.  NFA issued.  U10015 MS,
3525,1206,LUST Cleanup Initiated,RP-Lead,1996-02-13,"7/10/96 Brewer Env report - release assigned during report review, ust removed 2/13/96",
3526,1206,Site Cleanup Completed (NFA),RP-Lead,1998-05-14,5/14/98 UO553JAR letter,
3527,1206,Confirmed Release,RP-Lead,1997-09-03,,
3528,1207,LUST Cleanup Initiated,RP-Lead,1990-11-13,11/13/90 FOPCO report,
3529,1207,Confirmed Release,RP-Lead,1994-11-25,3/11/98 DOH letter U0369JS,
3530,1207,Site Cleanup Completed (NFA),RP-Lead,1998-03-13,3/13/98 U03101JS letter,
3531,1208,Confirmed Release,RP-Lead,1998-03-10,3/11/98 DOH letter U0367JS,
3532,1208,LUST Cleanup Initiated,RP-Lead,1998-03-13,11/13/96 FOPCO report,
3533,1208,Site Cleanup Completed (NFA),RP-Lead,1998-03-13,3/13/98 U03100JS report,
3534,1209,Confirmed Release,RP-Lead,1998-03-09,3/9/98 DOH letter U0359JAR,
3535,1209,LUST Cleanup Initiated,RP-Lead,1998-05-01,5/1/98 Walker Consultant report,
3536,1209,Site Cleanup Completed (NFA),RP-Lead,1998-12-07,12/7/98 U12013JAR letter - NFA issued,
3537,1210,LUST Cleanup Initiated,RP-Lead,1993-01-01,1/1/93 Unitek report,
3743,1281,Confirmed Release,RP-Lead,1997-10-10,,
3538,1210,Confirmed Release,RP-Lead,1998-02-13,3/6/98 DOH letter U0351JS,
3539,1210,Site Cleanup Completed (NFA),RP-Lead,1998-04-06,4/6/98 U0351JS letter,
3540,1211,Confirmed Release,RP-Lead,1998-02-17,,
3541,1211,LUST Cleanup Initiated,RP-Lead,1998-02-18,,
3542,1212,Confirmed Release,RP-Lead,1998-02-10,,
3543,1212,LUST Cleanup Initiated,RP-Lead,1999-03-04,"Underground Storage Tank (UST) Closure Report,  Daiei (USA)
Inc., 801 Kaheka Street, Honolulu, Hawaii, dated March 5, 1999,  prepared by WMF, Hawaii.",
3544,1213,Confirmed Release,RP-Lead,1998-05-01,,
3545,1214,LUST Cleanup Initiated,RP-Lead,1997-01-10,"Removal of Underground Fuel Storage Tanks, Various U.S. Army Facilities, Hawaii, dated December 15, 1994, and prepared by Morrison Knudsen Corproation.",
3546,1214,Confirmed Release,RP-Lead,1997-01-10,Morrison Knudsen 12/15/94 Closure Report rcvd 1/10/97,
3547,1214,Site Cleanup Completed (NFA),RP-Lead,2000-09-12,"NFA letter, U09014SL, 9/12/00.",
3548,1215,Confirmed Release,RP-Lead,1998-05-15,,
3549,1215,LUST Cleanup Initiated,RP-Lead,1999-05-11,"Further Subsurface Investigation, Texaco Service Station
No  61-100-0110, 66-632 Kamehameha Highway Haleiwa, Oahu, Hawaii, dated  May 7, 1999, and prepared by Masa Fujioka & Associates (MFA).                                                                                         Quarterly Release Response Report, Former Texaco Service Station, 66-632 Kamehameha Highway Haleiwa, Oahu, Hawaii, dated  April 28, 2000, and prepared by KB Environmental, Inc.",
3550,1215,Site Cleanup Completed (NFA),RP-Lead,2004-05-27,,
3551,1216,LUST Cleanup Initiated,RP-Lead,1998-05-15,"Environmental Site Assessment Phase II Report, Texaco Service Station No. 61-100-0150, 45-467 Kaneohe Bay Drive,  Kaneohe, Oahu, Hawaii, dated April 27,1998, prepared by SECOR International Incorporated.
Further Subsurface Investigation, Former Used Oil Underground Storage Tank, Texaco Service Station No. 61-100-0150, 45-467 Kaneohe Bay Drive,  Kaneohe, Oahu, Hawaii, dated January 18, 1999, and prepared by Masa Fujioka & Associates (MFA)",
3552,1216,Confirmed Release,RP-Lead,1998-05-15,,
3553,1216,Site Cleanup Completed (NFA),RP-Lead,2000-04-03,"U03041SL, NFA Letter, 3/30/2000, 

Quarterly Release Response Report, Former Kaneohe Bay 
Texaco, 45-467 Kaneohe Bay Drive, Kaneohe, Hawaii, Facility UST I.D. No. 9-200333,
DOH Release I.D. No. 980137, dated April 27, 2000, and prepared by Brewer
Environmental Industries, LLC.",
3554,1217,LUST Cleanup Initiated,RP-Lead,1998-04-02,4/27/98 SECOR International report - Confirmed release to NFA,
3555,1217,Confirmed Release,RP-Lead,1998-05-15,,
3556,1217,Site Cleanup Completed (NFA),RP-Lead,1998-08-10,8/10/98 U08064LKI letter,
3557,1218,LUST Cleanup Initiated,RP-Lead,1998-05-15,"Environmental Site Assessment Phase II Report, 4/27/98, Walker consultants                                                                                                       Further Subsurface Investigation, Former Used Oil Underground Storage Tank, Texaco Service Station No. 61-100-0093, 87-1492 Farrington Highway, Nanakuli, Oahu, Hawaii, dated January 27,1999 and prepared by Masa Fujioca & Associates.                       Quarterly Release Response Report at ARCO 82115 ( Former Texaco)  87-1492 Farrington Highway, Nanakuli, Hawaii, TMK No.8-7-31:64, dated May 2000 and prepared by Walker Consultants, Ltd.",
3558,1218,Confirmed Release,RP-Lead,1998-05-15,,
3559,1218,Site Cleanup Completed (NFA),RP-Lead,2000-08-16,"NFA letter, U080--SL",
3560,1219,Confirmed Release,RP-Lead,1998-05-15,,
3561,1219,LUST Cleanup Initiated,RP-Lead,2000-04-25,"Environmental site Assessment Phase II Report, dated  4/26/98,  prepared by  Walker Consultants Ltd.                                                Supplemental Site Assessment Report, dated February, 1999, prepared by  Walker Consultants    Ltd.",
3562,1220,Confirmed Release,RP-Lead,1998-05-15,,
3563,1220,LUST Cleanup Initiated,RP-Lead,1998-05-16,,
3564,1220,Site Cleanup Completed (NFA),RP-Lead,1999-03-23,,
3565,1221,Confirmed Release,RP-Lead,1998-05-15,,
3566,1221,LUST Cleanup Initiated,RP-Lead,1998-05-16,,
3567,1221,Site Cleanup Completed (NFA),RP-Lead,1999-03-16,,
3568,1222,Confirmed Release,RP-Lead,1998-05-15,,
3569,1222,LUST Cleanup Initiated,RP-Lead,1998-06-01,4/26/98-WCL Report. NFA Requested,
3570,1222,Site Cleanup Completed (NFA),RP-Lead,2000-07-19,"NFA ISSUED, U07030RSM",
3571,1223,Confirmed Release,RP-Lead,1998-05-15,,
3572,1223,LUST Cleanup Initiated,RP-Lead,1998-06-01,4/26/98-WCL Site Assessment Report,
3573,1223,Site Cleanup Completed (NFA),RP-Lead,2000-07-07,"4/27/00-BES RR Report. NFA issued, U06064RSM",
3574,1224,Confirmed Release,RP-Lead,1998-05-15,,
3575,1224,LUST Cleanup Initiated,RP-Lead,1998-05-16,,
3576,1224,Site Cleanup Completed (NFA),RP-Lead,1999-03-30,,
3577,1225,Confirmed Release,RP-Lead,1998-05-15,,
3578,1225,LUST Cleanup Initiated,RP-Lead,1998-05-16,,
3579,1225,Site Cleanup Completed (NFA),RP-Lead,1999-12-09,NFA letter U12025DH issued 12/9/99,
3580,2535,LUST Cleanup Initiated,RP-Lead,1998-05-15,"Environmental Site Assessment Phase II Report, Texaco Station No. 61-100-0151, 46-004 Kamehameha Highway, Kaneohe, Oahu, Hawaii, dated April 27, 1998, prepared by Walker  Consultants, Ltd.

Quarterly Release Response Report, Former Texaco Station , 46-004 Kamehameha Highway, Kaneohe, Oahu, Hawaii, Facility UST I.D. No. 9-200330, DOH Release I.D. No. 980147, dated April 27, 2000, prepared by Brewer Environmental Industries, LLC.               DOH letter U05021SL, 5/18/00",
3581,2535,Confirmed Release,RP-Lead,1998-05-15,,
3582,1227,Confirmed Release,RP-Lead,1998-05-15,,
3583,1227,LUST Cleanup Initiated,RP-Lead,2000-06-08,"Rcv'd Rls resp. Rpt, Site characterization, dtd 5/10/00, requesting NFA???",
3584,1227,Site Cleanup Completed (NFA),RP-Lead,2005-03-08,,
3585,1228,Confirmed Release,RP-Lead,1998-04-23,,
3586,1228,LUST Cleanup Initiated,RP-Lead,1998-04-28,"report dated April 28, 1998, Env. Site Assessment Phase II",
3587,1228,Site Cleanup Completed (NFA),RP-Lead,2003-05-13,"NFA issued May 5, 2003, U05010JAR",
3588,1229,Confirmed Release,RP-Lead,1998-05-15,,
3589,1229,Site Cleanup Completed (NFA),RP-Lead,2000-05-08,NFA'd 5/8/00,
3665,1254,Site Cleanup Completed (NFA),RP-Lead,1999-12-29,NFA U12077RT,
3590,1229,LUST Cleanup Initiated,RP-Lead,2000-05-08,"Phase II site investigation rpt, dtd 3/29/00, no problems noted.",
3591,1230,Confirmed Release,RP-Lead,1998-05-15,,
3592,1230,Site Cleanup Completed (NFA),RP-Lead,2000-06-30,"NFA'd 6/28/00, UO6060JAR",
3593,1230,LUST Cleanup Initiated,RP-Lead,2000-06-30,"Final Rls resp Rpt, dtd 10/99",
3594,1231,LUST Cleanup Initiated,RP-Lead,1998-04-01,4/1/98 D Walker report,
3595,1231,Confirmed Release,RP-Lead,1998-05-15,,
3596,1231,Site Cleanup Completed (NFA),RP-Lead,1998-10-20,10/20/98 U10065JAR letter,
3597,1232,Confirmed Release,RP-Lead,1998-06-03,,
3598,1232,LUST Cleanup Initiated,RP-Lead,2002-07-10," UST removed 8/25/98, waiting on report.  Will call John Muraoka and find out the status for report.",
3600,1233,LUST Cleanup Initiated,RP-Lead,1996-04-30,7/12/96 Navy PWC report - Confirmed Release to NFA,
3601,1233,Confirmed Release,RP-Lead,1996-08-21,8/21/96 Navy closure report - Facility ID number was entered incorrectly in the Release Notification Log. (Should be 9-203239),
3602,1233,Site Cleanup Completed (NFA),RP-Lead,1998-09-04,9/4/98 U09020LKI letter,
3603,1234,Confirmed Release,RP-Lead,1998-05-22,5/26/98 U05273JU,
3604,1234,LUST Cleanup Initiated,RP-Lead,1998-11-23,9/1/98 Walker Consultants report,
3605,1234,Site Cleanup Completed (NFA),RP-Lead,1998-11-23,11/23/98 U11102JU letter,
3606,1235,Confirmed Release,RP-Lead,1998-05-23,not sure of this date - check original release notice,
3607,1235,LUST Cleanup Initiated,RP-Lead,1998-05-30,"Investigation Summary Report, Vuich Environmental",
3608,1235,Site Cleanup Completed (NFA),RP-Lead,2005-06-22,"U06020HW NFA Letter dated June 22, 2005",
3609,1236,Confirmed Release,RP-Lead,1998-05-15,5/18/98 U0578JAR,
3610,1236,LUST Cleanup Initiated,RP-Lead,1998-07-01,"7/1/98 Marcor Remediation, Inc. report",
3611,1236,Site Cleanup Completed (NFA),RP-Lead,1999-03-01,3/1/99 UO3001JAR letter - NFA issued!,
3612,1237,LUST Cleanup Initiated,RP-Lead,1998-04-27,7/1/98  report,
3613,1237,Confirmed Release,RP-Lead,1998-05-21,,
3614,1237,Site Cleanup Completed (NFA),RP-Lead,1998-11-30,11/5/98 NFA letter U11110DH report,
3615,1238,Confirmed Release,RP-Lead,1998-05-26,,
3616,1238,LUST Cleanup Initiated,RP-Lead,1998-06-30,6/12/98 closure report Navy PWC. NFA requested-RSM,
3617,1238,Site Cleanup Completed (NFA),RP-Lead,1999-05-06,"NFA issued, UO4067RSM",
3618,1239,Confirmed Release,RP-Lead,1998-06-22,,
3619,1239,LUST Cleanup Initiated,RP-Lead,1998-08-17,8/17/98 CCI report,
3620,1239,Site Cleanup Completed (NFA),RP-Lead,1998-12-30,12/30/98 U12119EJS letter,
3621,1240,Confirmed Release,RP-Lead,1998-06-09,,
3622,1240,LUST Cleanup Initiated,RP-Lead,1999-07-12,"6/9/99 ECC closure report, NFA requested",
3623,1240,Site Cleanup Completed (NFA),State-Lead with State Money,1999-08-26,"NFA issued, UO8116RSM",
3624,1241,Confirmed Release,RP-Lead,1998-06-29,,
3625,1241,Site Cleanup Completed (NFA),RP-Lead,2000-05-08,"NFA'd  U05014, May 9, 00",
3626,1241,LUST Cleanup Initiated,RP-Lead,2000-05-08,"UST Closure rpt , dtd 9/98, reviewed 4/27/00,",
3627,1242,LUST Cleanup Initiated,RP-Lead,1998-06-01,8/11/98 WMF phase II report report,
3628,1242,Confirmed Release,RP-Lead,1998-06-01,6/8/98 letter U0641JAR,
3629,1242,Site Cleanup Completed (NFA),RP-Lead,1998-08-11,10/13/98 U10039JAR letter,
3630,1243,Confirmed Release,RP-Lead,1997-04-16,logged by R. Takaba,
3631,1243,LUST Cleanup Initiated,RP-Lead,1997-04-23,Closure report by J.R. Harold. NFA requested-RSM,
3632,1243,Site Cleanup Completed (NFA),RP-Lead,1999-06-23,"6/23/99 NFA issued, UO6031RSM",
3633,1244,Confirmed Release,RP-Lead,1997-04-21,,
3634,1244,LUST Cleanup Initiated,RP-Lead,1997-07-15,7/15/97 Closure report report,
3635,1244,Site Cleanup Completed (NFA),RP-Lead,1997-10-22,10/22/97 U01095JAR letter,
3636,1245,Confirmed Release,RP-Lead,1997-01-10,,
3637,1245,LUST Cleanup Initiated,RP-Lead,2000-07-03,"Final Amended Closure Rpt, dtd 5/10/00, potential for NFA!",
3638,1245,Site Cleanup Completed (NFA),RP-Lead,2000-07-17,NFA'd issued 7/12/00  UO7018JAR,
3639,1246,Confirmed Release,RP-Lead,1997-01-10,,
3640,1246,LUST Cleanup Initiated,RP-Lead,2001-12-21,rpt rcvd 11/01,
3641,1246,Site Cleanup Completed (NFA),RP-Lead,2001-12-31,"NFA'd 12/31/01, U12054JAR",
3642,1247,Confirmed Release,RP-Lead,1997-01-10,,
3643,1247,Site Cleanup Completed (NFA),RP-Lead,2002-05-13,"NFA'd, 7 May 2002, UO5004JAR",
3644,1247,LUST Cleanup Initiated,RP-Lead,2002-05-13,,
3645,1248,Confirmed Release,RP-Lead,1997-09-08,,
3646,1248,Site Cleanup Completed (NFA),RP-Lead,1999-01-19,Site was NFA'd by R. Takaba on 1/19/99,
3647,1248,LUST Cleanup Initiated,RP-Lead,1999-01-19,Site was NFA'd by R Takaba on 1/19/99,
3648,1249,LUST Cleanup Initiated,RP-Lead,1997-09-09,,
3649,1249,Confirmed Release,RP-Lead,1997-09-09,,
3650,1249,Site Cleanup Completed (NFA),RP-Lead,2001-08-03,,
3651,1250,Confirmed Release,RP-Lead,1997-09-09,,
3652,1250,LUST Cleanup Initiated,RP-Lead,1997-10-01,,
3653,1250,Site Cleanup Completed (NFA),RP-Lead,2001-08-03,,
3654,1251,Confirmed Release,RP-Lead,1997-09-09,,
3655,1251,LUST Cleanup Initiated,RP-Lead,1997-09-11,,
3656,1251,Site Cleanup Completed (NFA),RP-Lead,2001-08-03,,
3657,1252,LUST Cleanup Initiated,RP-Lead,1997-09-22,,
3658,1252,Confirmed Release,RP-Lead,1997-09-22,,
3659,1252,Site Cleanup Completed (NFA),RP-Lead,2001-08-03,,
3660,1253,LUST Cleanup Initiated,RP-Lead,1997-09-22,,
3661,1253,Confirmed Release,RP-Lead,1997-09-22,,
3662,1253,Site Cleanup Completed (NFA),RP-Lead,2001-08-03,,
3663,1254,Confirmed Release,RP-Lead,1997-09-30,,
3664,1254,LUST Cleanup Initiated,RP-Lead,1997-10-01,,
3667,1255,LUST Cleanup Initiated,RP-Lead,1998-08-03,6/1/97 Ogden Closure report-RSM,
3668,1255,Site Cleanup Completed (NFA),State-Lead with State Money,1999-09-27,"NFA Issued, UO9029RSM",
3669,1256,Confirmed Release,RP-Lead,1998-06-15,,
3670,1256,LUST Cleanup Initiated,RP-Lead,1998-08-03,6/1/97 Ogden EECI Closure Report-RSM,
3671,1256,Site Cleanup Completed (NFA),State-Lead with State Money,1999-09-27,"NFA Issued, UO9060RSM",
3672,1257,Confirmed Release,RP-Lead,1998-06-15,,
3673,1257,LUST Cleanup Initiated,RP-Lead,1998-08-03,6/1/97 Ogden EESI Closure Report-RSM,
3674,1257,Site Cleanup Completed (NFA),State-Lead with State Money,1999-09-27,"NFA ISSUED, UO9061RSM",
3675,1258,Confirmed Release,RP-Lead,1998-06-15,,
3676,1258,LUST Cleanup Initiated,RP-Lead,1998-08-03,6/1/97 Ogden EECI Closure Report-RSM,
3678,1259,Confirmed Release,RP-Lead,1998-07-06,7/6/98 telephone rpt by Chris Jones - he will send report,
3679,1259,LUST Cleanup Initiated,RP-Lead,1998-07-07,Phase II 4/28/98 by Walker.,
3680,1259,Site Cleanup Completed (NFA),RP-Lead,2002-01-11,All water samples below Tier 1 NFA U01013MS,
3681,1260,LUST Cleanup Initiated,RP-Lead,1998-04-22,10/10/98 Walker Consult. report,
3682,1260,Confirmed Release,RP-Lead,1998-04-22,4/22/98 telephone rpt Chris Jones - site assessment report rcvd 6/1/98. 7/6/98 followup telephone rpt by Chris Jones.,
3683,1260,Site Cleanup Completed (NFA),RP-Lead,1999-03-08,U03037RT,
3684,1261,Confirmed Release,RP-Lead,1998-06-15,,
3685,1261,LUST Cleanup Initiated,RP-Lead,1998-08-03,,
3686,1261,Site Cleanup Completed (NFA),RP-Lead,1999-11-16,NFA'd 11/12/99 U11037JAR,
3687,1262,Confirmed Release,RP-Lead,1998-06-15,,
3688,1262,LUST Cleanup Initiated,RP-Lead,1999-08-03,,
3689,1262,Site Cleanup Completed (NFA),RP-Lead,1999-11-16,NFA'd  11/12/99  U11037JAR,
3690,1263,Confirmed Release,RP-Lead,1998-06-15,,
3691,1263,LUST Cleanup Initiated,RP-Lead,1998-08-03,,
3692,1263,Site Cleanup Completed (NFA),RP-Lead,1999-11-16,NFA'd  11/12/99  U11037JAR,
3693,1264,Confirmed Release,RP-Lead,1998-06-15,,
3694,1264,LUST Cleanup Initiated,RP-Lead,1998-08-03,,
3695,1264,Site Cleanup Completed (NFA),RP-Lead,1999-11-16,NFA'd  11/12/99  U11037JAR,
3696,1265,Confirmed Release,RP-Lead,1998-06-15,,
3697,1265,LUST Cleanup Initiated,RP-Lead,1998-08-03,,
3698,1265,Site Cleanup Completed (NFA),RP-Lead,1999-11-16,"NFA'd 11/12/99

U11037JAR",
3699,1266,Confirmed Release,RP-Lead,1998-06-15,,
3700,1266,LUST Cleanup Initiated,RP-Lead,1998-08-03,,
3701,1266,Site Cleanup Completed (NFA),RP-Lead,1999-11-16,NFA'd 11/12/99  U11037JAR,
3702,1267,Confirmed Release,RP-Lead,1998-06-15,,
3703,1267,LUST Cleanup Initiated,RP-Lead,1998-08-03,,
3704,1267,Site Cleanup Completed (NFA),RP-Lead,1999-11-16,NFA'd  11/12/99  U11037JAR,
3705,1268,Confirmed Release,RP-Lead,1998-06-15,,
3706,1268,LUST Cleanup Initiated,RP-Lead,1998-08-03,,
3707,1268,Site Cleanup Completed (NFA),RP-Lead,1999-11-16,"NFA'd 11/12/99
 U11037JAR",
3708,1269,Confirmed Release,RP-Lead,1998-06-15,,
3709,1269,LUST Cleanup Initiated,RP-Lead,1998-08-03,,
3710,1269,Site Cleanup Completed (NFA),RP-Lead,1999-11-16,NFA'd  11/12/99 U11037JAR,
3711,1270,Confirmed Release,RP-Lead,1998-06-15,,
3712,1270,LUST Cleanup Initiated,RP-Lead,1998-08-03,,
3713,1270,Site Cleanup Completed (NFA),RP-Lead,1999-11-16,NFA'd 11/12/99  U11037JAR,
3714,1271,Confirmed Release,RP-Lead,1998-06-25,,
3715,1271,LUST Cleanup Initiated,RP-Lead,1999-06-26,,
3716,1271,Site Cleanup Completed (NFA),RP-Lead,1999-08-11,,
3717,1272,Confirmed Release,RP-Lead,1997-11-12,,
3718,1272,LUST Cleanup Initiated,RP-Lead,1998-06-18,,
3719,1272,Site Cleanup Completed (NFA),RP-Lead,2002-04-29,,
3720,1273,LUST Cleanup Initiated,RP-Lead,1998-07-07,cls rpt by Frazier Env dated 5/1/97,
3721,1273,Confirmed Release,RP-Lead,1998-07-07,"7/2/98 GTE Hawaiian Tel letter, rcvd 7/7/98",
3722,1273,Site Cleanup Completed (NFA),,2004-01-27,NFA U01037RT,
3723,1274,Confirmed Release,RP-Lead,1998-05-15,,
3724,1274,LUST Cleanup Initiated,RP-Lead,2002-07-10,"closure report prepared by PWC, 
rtp dtd 26 June 1998, need to review and comment.",
3725,1275,Confirmed Release,RP-Lead,1998-06-19,phone call to Raich Takaba,
3726,1275,LUST Cleanup Initiated,RP-Lead,1998-09-10,8/20/98-FOPCO Closure Report,
3727,1275,Site Cleanup Completed (NFA),RP-Lead,2000-08-29,"NFA ISSUED, U08061RSM",
3728,1276,Confirmed Release,RP-Lead,1998-06-18,,
3729,1276,Site Cleanup Completed (NFA),RP-Lead,1999-12-14,DOH letter U12039JU,
3730,1276,LUST Cleanup Initiated,RP-Lead,1999-12-14,Morrison Knudsen report dated 10/15/94,
3731,1277,Confirmed Release,RP-Lead,1997-02-04,,
3732,1277,LUST Cleanup Initiated,RP-Lead,1997-04-14,"UST Closure and Closure Assessment - Allied Machinery Corporation, 94-168 Leoole Street, Waipahu, Hawaii, dated April 14, 1997, and prepared by Hawaii International Environmental Services, Inc.",
3733,1277,Site Cleanup Completed (NFA),RP-Lead,2001-09-18,,
3734,1278,Confirmed Release,RP-Lead,1997-10-08,,
3735,1278,Site Cleanup Completed (NFA),State-Lead with State Money,1999-08-27,"NFA issued, UO8113RSM",
3736,1278,LUST Cleanup Initiated,RP-Lead,1999-08-27,,
3737,1279,LUST Cleanup Initiated,RP-Lead,1997-09-17,10/12/94 Unitek report,
3738,1279,Confirmed Release,RP-Lead,1997-09-17,,
3739,1279,Site Cleanup Completed (NFA),RP-Lead,1998-02-04,2/4/98 U0206JS,
3740,1280,LUST Cleanup Initiated,RP-Lead,1997-10-09,"9/30/96 CFCI Closure report, NFA requested",
3741,1280,Confirmed Release,RP-Lead,1997-10-09,,
3742,1280,Site Cleanup Completed (NFA),RP-Lead,1997-10-17,"NFA issued, U1030JS-RSM",
3745,1282,LUST Cleanup Initiated,RP-Lead,1997-09-09,10/11/95 Brewer report,
3746,1282,Confirmed Release,RP-Lead,1997-09-09,,
3747,1282,Site Cleanup Completed (NFA),RP-Lead,1997-10-20,10/20/97 U1090JS,
3748,1283,Confirmed Release,RP-Lead,1997-10-15,"DOH NFA letter dated April 14, 2010",
3749,1283,LUST Cleanup Initiated,RP-Lead,1997-11-01,2/9/98 Oceanit Laboratories report,
3750,1284,Confirmed Release,RP-Lead,1997-11-12,,
3751,1284,LUST Cleanup Initiated,RP-Lead,1997-11-30,Site cleanup was initiated during the tank closure operation MS,
3752,1284,Site Cleanup Completed (NFA),RP-Lead,2001-10-15,All soiol samples below DOH tier 1.  NFA  U10025MS,
3753,1285,LUST Cleanup Initiated,RP-Lead,1997-11-20,11/20/97 Contractor phone call,
3754,1285,Confirmed Release,RP-Lead,1997-11-20,,
3755,1285,Site Cleanup Completed (NFA),RP-Lead,1998-01-27,1/27/98 U0152DH letter,
3756,1286,Confirmed Release,RP-Lead,1997-12-02,,
3757,1286,LUST Cleanup Initiated,RP-Lead,2000-10-22,,
3758,1286,Site Cleanup Completed (NFA),RP-Lead,2001-10-26,Leaking dispenser fiiter.  27 soil samples all below Tier 1 NFA U10071MS,
3759,1287,Confirmed Release,RP-Lead,1998-01-07,,
3760,1287,LUST Cleanup Initiated,RP-Lead,1998-01-08,,
3761,1287,Site Cleanup Completed (NFA),RP-Lead,1999-12-29,NFA U12077RT,
3762,1288,Confirmed Release,RP-Lead,1997-04-18,,
3763,1288,LUST Cleanup Initiated,RP-Lead,1997-11-25,11/25/97 Closure Report report,
3764,1288,Site Cleanup Completed (NFA),RP-Lead,1998-01-30,1/30/98 U0153DH letter,
3765,1289,Confirmed Release,RP-Lead,1998-01-12,,
3766,1289,LUST Cleanup Initiated,RP-Lead,2000-01-12,"Undergroung Storage Tank Removal Report UST-A and UST-B ( two 625-gallon tanks), State of Hawaii Department of Transportion, Airports Division, dated January 19,1998, prepared by Environmental Contracting Pacific, Inc. ( ECP)  (rcvd 6/23/99)",
3767,1289,Site Cleanup Completed (NFA),RP-Lead,2002-06-13,DOH NFA letter dated 6/13/2002 (U06019SL),
3768,1290,Confirmed Release,RP-Lead,1998-01-27,,
3769,1290,LUST Cleanup Initiated,RP-Lead,1998-11-06,Cls Rpt 2 of 2 dated June 1998,
3770,1290,Site Cleanup Completed (NFA),RP-Lead,2004-09-07,NFA letter U09002RT,
3771,1291,Confirmed Release,RP-Lead,1998-02-04,,
3772,1291,LUST Cleanup Initiated,RP-Lead,1998-11-06,Cls Rpt 2 of 2 dated June 1998,
3773,1291,Site Cleanup Completed (NFA),RP-Lead,2004-09-07,NFA letter U09002RT,
3774,1292,Confirmed Release,RP-Lead,1997-12-19,,
3775,1292,LUST Cleanup Initiated,RP-Lead,2000-10-04,"Underground Storage Tank System Closure Report,  HIANG , 292ND CBCS,  Kahului Airport , Hawaii,  dated September 19, 1996 (Rev 2), and prepared by NEXUS Environmental Group, Inc.",
3776,1292,Site Cleanup Completed (NFA),RP-Lead,2000-10-16,,
3777,1293,Confirmed Release,RP-Lead,1997-12-19,,
3778,1293,LUST Cleanup Initiated,RP-Lead,1997-12-25,"Underground Storage Tank System Closure Report,  HIANG Barbers Point, Bldg 1923, dated April 9, 1997(Rev 6), and prepared by NEXUS Environmental Group, Inc.",
3779,1293,Site Cleanup Completed (NFA),RP-Lead,2000-10-04,,
3780,1294,Confirmed Release,RP-Lead,1997-12-19,,
3781,1294,LUST Cleanup Initiated,RP-Lead,2000-10-04,"Underground Storage Tank System Closure Report,  HIANG Barbers Point, Bldg 1923, dated April 9, 1997(Rev 6), and prepared by NEXUS Environmental Group, Inc.",
3782,1294,Site Cleanup Completed (NFA),RP-Lead,2000-10-09,,
3783,1295,Confirmed Release,RP-Lead,1997-12-19,,
3784,1295,LUST Cleanup Initiated,RP-Lead,2000-10-04,"Underground Storage Tank System Closure Report,  HIANG , 292ND CBCS,  Kahului Airport , Hawaii,  dated September 19, 1996 (Rev 2), and prepared by NEXUS Environmental Group, Inc.",
3785,1295,Site Cleanup Completed (NFA),RP-Lead,2000-11-01,,
3786,1296,Confirmed Release,RP-Lead,1997-12-19,,
3787,1296,LUST Cleanup Initiated,RP-Lead,2000-10-04,"Underground Storage Tank System Closure Report,  HIANG , 292ND CBCS,  Kahului Airport , Hawaii,  dated September 19, 1996 (Rev 2), and prepared by NEXUS Environmental Group, Inc.",
3788,1296,Site Cleanup Completed (NFA),RP-Lead,2000-11-14,,
3789,1297,Confirmed Release,RP-Lead,1997-12-19,,
3790,1297,LUST Cleanup Initiated,RP-Lead,2000-10-04,"Underground Storage Tank System Closure Report,  HIANG Barbers Point, Bldg 1923, dated April 9, 1997(Rev 6), and prepared by NEXUS Environmental Group, Inc.",
3791,1297,Site Cleanup Completed (NFA),RP-Lead,2000-11-14,,
3792,1298,Confirmed Release,RP-Lead,1997-03-17,,
3793,1298,Site Cleanup Completed (NFA),RP-Lead,1997-04-01,4/8/98 UO0425JAR letter,
3794,1298,LUST Cleanup Initiated,RP-Lead,1997-04-01,4/1/97 E.K. Noda report report,
3796,1299,Confirmed Release,RP-Lead,1998-04-29,4/29/98 U04104JAR,
3797,1299,LUST Cleanup Initiated,RP-Lead,1999-08-03,Closure rpt rcv'd 5/27/99,
3799,1300,LUST Cleanup Initiated,RP-Lead,1998-04-30,,
3800,1300,Confirmed Release,RP-Lead,1998-04-30,,
3801,1300,Site Cleanup Completed (NFA),RP-Lead,1998-08-03,NFA letter U07084DH issued 08/03/98,
3802,1301,Confirmed Release,RP-Lead,1998-05-01,5/1/98 U0502LKI,
3803,1301,LUST Cleanup Initiated,RP-Lead,1998-09-24,,
3804,1301,Site Cleanup Completed (NFA),RP-Lead,1999-10-08,U09013SL NFA 9/3/99,
3805,1302,Confirmed Release,RP-Lead,1998-05-01,,
3806,1302,LUST Cleanup Initiated,RP-Lead,2000-07-25,7/25/2000 Environmental Chemical Corporation,
3807,1302,Site Cleanup Completed (NFA),RP-Lead,2000-09-06,U09008JU,
3808,1303,Confirmed Release,RP-Lead,1998-05-01,,
3809,1303,LUST Cleanup Initiated,RP-Lead,1998-10-16," Final Underground Storage Tank (UST) Closure Report , Removal of Underground Storage Tank 2422-4, Building 2422, Schofield Barracks, dated October 12, 1998, and prepared by Environmental Chemical Corporation.",
3810,1303,Site Cleanup Completed (NFA),RP-Lead,2002-05-20,,
3811,1304,Confirmed Release,RP-Lead,1998-05-01,,
3880,1327,LUST Cleanup Initiated,RP-Lead,1999-09-27,1/6/99 KBEI Closure Report-RSM,
3812,1304,LUST Cleanup Initiated,RP-Lead,2001-01-08,"FINAL Remediation Of Petroleum Contaminated Soil Site Assessment Report, dated January 8, 2001 and Prepared by ECC",
3813,1304,Site Cleanup Completed (NFA),RP-Lead,2002-02-15,,
3814,1305,Confirmed Release,RP-Lead,1998-03-05,9/19/97 MK report,
3815,1305,LUST Cleanup Initiated,RP-Lead,1999-05-27,"3/29/99 ECC closure report, NFA requested-RSM",
3816,1305,Site Cleanup Completed (NFA),State-Lead with State Money,1999-08-26,"NFA issued, UO8117RSM",
3817,1306,Confirmed Release,RP-Lead,1998-05-01,5/4/98 U0507JAR,
3818,1306,LUST Cleanup Initiated,RP-Lead,1999-08-03,Closure report rcv'd 5/27/99,
3819,1306,Site Cleanup Completed (NFA),RP-Lead,1999-08-21,NFA'd 8/19/99 U08069JAR,
3820,1307,Confirmed Release,RP-Lead,1998-05-04,5/4/98 U0504JAR,
3821,1307,LUST Cleanup Initiated,RP-Lead,1998-05-05,7/30/98 Nexus Environmental report,
3822,1307,Site Cleanup Completed (NFA),RP-Lead,1998-09-01,10/13/98 U10038 JAR letter,
3823,1308,Confirmed Release,RP-Lead,1998-05-06,,
3824,1308,LUST Cleanup Initiated,RP-Lead,1998-05-18,7/1/98 UST Closure Report report,
3826,1309,LUST Cleanup Initiated,RP-Lead,1998-04-01,"11/1/98 Walker Consultants, Ltd. report",
3827,1309,Confirmed Release,RP-Lead,1998-05-08,5/8/98 U0515LKI,
3828,1309,Site Cleanup Completed (NFA),RP-Lead,1998-12-29,12/29/98 U12110LKI letter,
3829,1310,Confirmed Release,RP-Lead,1998-05-11,5/18/98 U0577JU,
3830,1310,LUST Cleanup Initiated,RP-Lead,1999-02-10,Environmental Chemical Corp.,
3831,1310,Site Cleanup Completed (NFA),RP-Lead,1999-08-02,U08007JU,
3832,1311,Confirmed Release,RP-Lead,1998-05-13,5/18/98 U0577JU,
3833,1311,LUST Cleanup Initiated,RP-Lead,1999-02-10,Environmental Chemical Corp.,
3834,1311,Site Cleanup Completed (NFA),RP-Lead,1999-08-02,U08007JU,
3835,1312,Confirmed Release,RP-Lead,1998-05-05,,
3836,1312,LUST Cleanup Initiated,RP-Lead,1999-05-27,3/8/99 ECC report - rcvd 5/27/99,
3837,1312,Site Cleanup Completed (NFA),RP-Lead,1999-08-25,8/25/99 U08111EJS letter,
3838,1313,Confirmed Release,RP-Lead,1998-05-14,5/18/98 U0577JU,
3839,1313,LUST Cleanup Initiated,RP-Lead,1999-02-10,Environmental Chemical Corp.,
3840,1313,Site Cleanup Completed (NFA),RP-Lead,1999-08-02,U08007JU,
3841,1314,Confirmed Release,RP-Lead,1998-05-13,5/18/98 U0577JU,
3842,1314,LUST Cleanup Initiated,RP-Lead,1999-02-10,Environmental Chemical Corp.,
3843,1314,Site Cleanup Completed (NFA),RP-Lead,1999-08-02,U08007JU,
3844,1315,LUST Cleanup Initiated,RP-Lead,1998-05-22,5/22/98 contractor phone call,
3845,1315,Confirmed Release,RP-Lead,1998-05-22,,
3846,1315,Site Cleanup Completed (NFA),RP-Lead,1998-09-01,9/1/98 U09001DH letter,
3847,1316,Confirmed Release,RP-Lead,1998-05-27,,
3848,1316,LUST Cleanup Initiated,RP-Lead,1999-05-27,3/5/99 ECC report - rcvd 5/27/99,
3849,1316,Site Cleanup Completed (NFA),RP-Lead,1999-08-25,8/25/99 U08108EJS letter,
3850,1317,Confirmed Release,RP-Lead,1998-05-27,,
3851,1317,LUST Cleanup Initiated,RP-Lead,1998-07-13,7/13/98 Fopco report report,
3852,1317,Site Cleanup Completed (NFA),RP-Lead,1999-01-04,1/4/99 UO112JAR letter - NFA issued!,
3853,1318,Confirmed Release,RP-Lead,1998-06-08,,
3854,1318,Case Transferred to HEER (DERA),RP-Lead,1998-07-10,"DERA funded, NFA given by HEER 8/10/98",
3855,1319,LUST Cleanup Initiated,RP-Lead,1998-06-09,6/9/98 Mark Frazier phone call,
3856,1319,Confirmed Release,RP-Lead,1998-06-09,,
3857,1319,Site Cleanup Completed (NFA),RP-Lead,1998-08-18,8/18/98 U08107DH letter,
3858,1320,LUST Cleanup Initiated,RP-Lead,1998-06-09,"7/1/98 U.S. Dept. of Transportation report - Confirmed Release to NFA, remediation not required.  Date is date of closure


Federal Aviation Administration, Western Pacific Region, Closure Report, Underground Storage Tank Removal, Kahului ASR,  dated July 1998, and prepared by John A. Volpe National Transportation Systems Center.",
3859,1320,Confirmed Release,RP-Lead,1998-06-15,6/15/98 U0660LKI,
3860,1320,Site Cleanup Completed (NFA),RP-Lead,2000-09-22,,
3861,1321,Confirmed Release,RP-Lead,1998-06-17,6/17/98 U06067LKI,
3862,1321,LUST Cleanup Initiated,RP-Lead,1998-07-16,"Short Term Release Response Report, Closure of Three 10,000-Gallon Underground Storage Tanks (USTs),  Aloha  Petroleum, Ltd. / Island MiniI-Mart  Waipahu, July 16,1998, prepared by MFA",
3863,1321,Site Cleanup Completed (NFA),RP-Lead,2000-06-20,NFA letter U06027SL,
3864,1322,Confirmed Release,RP-Lead,1998-06-22,CRN,
3865,1322,LUST Cleanup Initiated,RP-Lead,1999-03-19,8/26/98 Handex report requesting NFA,
3866,1322,Site Cleanup Completed (NFA),RP-Lead,1999-05-11,"NFA issued, UO5041RSM",
3867,1323,Confirmed Release,RP-Lead,1998-06-23,,
3868,1323,LUST Cleanup Initiated,RP-Lead,1998-08-03,6/1/97 Ogden EECI Closure Report-RSM,
3869,1323,Site Cleanup Completed (NFA),State-Lead with State Money,1999-09-27,"NFA ISSUED, UO9062RSM",
3870,1324,Confirmed Release,RP-Lead,1997-07-06,,
3871,1324,LUST Cleanup Initiated,RP-Lead,1999-05-01,,
3872,1324,Site Cleanup Completed (NFA),RP-Lead,1999-11-16,NFA'd 6/3/99  U07027JAR,
3873,1325,LUST Cleanup Initiated,RP-Lead,1997-06-11,6/11/97 HIES report,
3874,1325,Confirmed Release,RP-Lead,1998-04-23,,
3875,1325,Site Cleanup Completed (NFA),RP-Lead,1998-07-22,7/22/98 U07058LKI letter,
3876,1326,Confirmed Release,RP-Lead,1998-07-07,7/8/98 U07035JU,
3877,1326,LUST Cleanup Initiated,RP-Lead,1998-11-04,9/9/98 JRHA report - Remediated groundwater in the open pit.  We recommended that they monitor the GW from MWs around the pit on a quarterly basis for at least two years,
3878,1326,Site Cleanup Completed (NFA),RP-Lead,2001-11-08,Sampling since 1998.  All water samples below Tier 1.  NFA U11032MS,
3879,1327,Confirmed Release,RP-Lead,1998-07-07,,
3881,1328,Confirmed Release,,1997-03-05,,
3882,1328,LUST Cleanup Initiated,RP-Lead,2000-01-18,"Underground Storage Tank Closure Report, Six (6) Underground Storage Tank Locations At Fleet And Industrial Supply Center, Pearl Harbor, Hawaii, dated February 21, 1997,  prepared by Navy Public Works Center, Environmental Compliance Office.",
3883,1328,Site Cleanup Completed (NFA),RP-Lead,2000-02-03,NFA Letter U01035SL,
3884,1329,Confirmed Release,RP-Lead,1997-03-05,,
3885,1329,LUST Cleanup Initiated,RP-Lead,2000-01-18,"Underground Storage Tank Closure Report, Six (6) Underground Storage Tank Locations At Fleet And Industrial Supply Center, Pearl Harbor, Hawaii, dated February 21, 1997,  prepared by Navy Public Works Center, Environmental Compliance Office.",
3886,1329,Site Cleanup Completed (NFA),RP-Lead,2000-02-03,NFA Letter U01038SL,
3887,1330,Confirmed Release,RP-Lead,1997-03-05,,
3888,1330,LUST Cleanup Initiated,RP-Lead,2000-01-18,"Underground Storage Tank Closure Report, Six (6) Underground Storage Tank Locations At Fleet And Industrial Supply Center, Pearl Harbor, Hawaii, dated February 21, 1997,  prepared by Navy Public Works Center, Environmental Compliance Office.",
3889,1330,Site Cleanup Completed (NFA),RP-Lead,2000-02-03,NFA Letter U01043SL,
3890,1331,Confirmed Release,RP-Lead,1997-03-05,,
3891,1331,LUST Cleanup Initiated,RP-Lead,2000-01-18,"Underground Storage Tank Closure Report, Six (6) Underground Storage Tank Locations At Fleet And Industrial Supply Center, Pearl Harbor, Hawaii, dated February 21, 1997,  prepared by Navy Public Works Center, Environmental Compliance Office.",
3892,1331,Site Cleanup Completed (NFA),RP-Lead,2000-02-03,NFA Letter U01045SL,
3893,1332,Confirmed Release,RP-Lead,1998-07-09,,
3894,1332,LUST Cleanup Initiated,RP-Lead,1998-07-22,Closure report.  All soil below Tier 1,
3895,1332,Site Cleanup Completed (NFA),RP-Lead,2002-02-08,NFA U02005MS,
3896,1333,Confirmed Release,RP-Lead,1998-07-10,,
3897,1333,LUST Cleanup Initiated,RP-Lead,2000-04-25,Cls Rpt HIES 3/5/99.,
3898,1333,Site Cleanup Completed (NFA),RP-Lead,2000-07-14,NFA U07025RT,
3899,1334,Confirmed Release,RP-Lead,1998-05-01,5/4/98 U0586JAR,
3900,1334,LUST Cleanup Initiated,RP-Lead,1999-11-17,"Closure rpt rcv'd 11/2/99, need additional work, write ltr.",
3901,1334,Site Cleanup Completed (NFA),RP-Lead,2001-11-08,"NFA'd issued 11/7/01, U11012JAR",
3902,1335,Confirmed Release,RP-Lead,1998-05-01,,
3903,1335,LUST Cleanup Initiated,RP-Lead,1998-06-07,6/7/98 WMF Hawaii report,
3904,1335,Site Cleanup Completed (NFA),RP-Lead,1999-10-26,NFA U10080RT,
3905,1336,Confirmed Release,RP-Lead,1997-03-17,,
3906,1336,Site Cleanup Completed (NFA),RP-Lead,1997-04-01,4/8/98 UO0425JAR letter,
3907,1336,LUST Cleanup Initiated,RP-Lead,1997-04-01,4/1/97 E.K. Noda report report,
3908,1337,LUST Cleanup Initiated,RP-Lead,1998-05-29,6/6/98 Clayton report,
3909,1337,Confirmed Release,RP-Lead,1998-07-10,6/9/98 Clayton report rcvd 7/10/98,
3910,1337,Site Cleanup Completed (NFA),RP-Lead,1998-08-11,8/11/98 U07086DH letter,
3911,1338,Confirmed Release,RP-Lead,1998-07-10,6/8/98 Clayton report rcvd 7/10/98,
3912,1338,Site Cleanup Completed (NFA),RP-Lead,1999-08-27,"NFA issued, UO8097RSM",
3913,1338,LUST Cleanup Initiated,RP-Lead,1999-08-27,,
3914,1339,Confirmed Release,RP-Lead,1998-07-13,7/13/98 Notification Form,
3915,1339,LUST Cleanup Initiated,RP-Lead,1999-10-01,Cls. Rpt. by Mid-Pac 9/99.,
3916,1339,Site Cleanup Completed (NFA),RP-Lead,1999-12-29,NFA U12078RT,
3917,1340,Confirmed Release,RP-Lead,1998-07-27,,
3918,1340,LUST Cleanup Initiated,RP-Lead,1999-08-23,"Closure Report, Underground Storage Tanks FS-535-1, FS-535-2, FS-535-3, FS-535-4, and FS-535-5, Fort Shafter Military Reservation,  Hawaii dated August 23, 1999, prepared by Morrison Knudsen Corporation Environmental Group",
3919,1340,Site Cleanup Completed (NFA),RP-Lead,1999-12-21,"U12047SL, NFA Letter",
3920,1341,Confirmed Release,RP-Lead,1998-07-17,,
3921,1341,LUST Cleanup Initiated,RP-Lead,1999-08-03,12/31/98 KII closure report & NFA requested-RSM,
3922,1341,Site Cleanup Completed (NFA),State-Lead with State Money,1999-08-27,"NFA issued, UO8083RSM",
3923,1342,Confirmed Release,RP-Lead,1998-08-11,,
3924,1342,LUST Cleanup Initiated,RP-Lead,1999-07-30,"9/3/98 WMF Closure Report, NFA requested-RSM",
3925,1342,Site Cleanup Completed (NFA),RP-Lead,1999-10-05,"NFA ISSUED, UO9053RSM",
3926,1343,LUST Cleanup Initiated,RP-Lead,1998-07-22,"Closure report dated April 30, 1998",
3927,1343,Confirmed Release,RP-Lead,1998-07-22,,
3928,1343,Site Cleanup Completed (NFA),RP-Lead,2001-01-02,,
3929,1344,LUST Cleanup Initiated,RP-Lead,1998-01-22,"2/18/98 H.G. Enterprises report
09/12/02 J.R. Herold & Assoc. report",
3930,1344,Confirmed Release,RP-Lead,1998-07-29,,
3931,1344,Site Cleanup Completed (NFA),RP-Lead,2003-02-28,"NFA letter sent 02/28/03, U02038JP,
based on 02/03/03 J.R. Herold & Assoc. report",
3932,1345,LUST Cleanup Initiated,RP-Lead,1998-05-19,8/1/98 REST INC. Consultat report report,
3933,1345,Confirmed Release,RP-Lead,1998-05-26,,
3934,1345,Site Cleanup Completed (NFA),RP-Lead,2000-02-29,NFA'd 2/15/00  U02006JAR,
3935,1346,LUST Cleanup Initiated,RP-Lead,1998-06-29,7/31/98 Clayton Environmental Consultants report,
3936,1346,Confirmed Release,RP-Lead,1998-08-12,based on 7/31/98 Clayton closure report,
3937,1346,Site Cleanup Completed (NFA),RP-Lead,1998-09-04,9/4/98 U09022LKI letter,
3938,1347,Confirmed Release,RP-Lead,1998-04-21,,
3939,1347,LUST Cleanup Initiated,RP-Lead,1998-04-22,,
3940,1347,Site Cleanup Completed (NFA),RP-Lead,1999-08-26,U08130RT,
3941,1348,LUST Cleanup Initiated,RP-Lead,1993-11-19,6/27/94 Unitek Environmental Consultants report - Confirmed Release to NFA,
3942,1348,Confirmed Release,RP-Lead,1998-02-11,,
3943,1348,Site Cleanup Completed (NFA),RP-Lead,1998-08-18,8/18/98 U08099LKI letter,
3944,1349,LUST Cleanup Initiated,RP-Lead,1993-11-18,6/27/94 Unitek Environmental Consultants report - Confirmed Release to NFA,
3945,1349,Confirmed Release,RP-Lead,1997-02-11,,
3946,1349,Site Cleanup Completed (NFA),RP-Lead,1998-08-18,8/18/98 U08099LKI letter,
3947,1350,Confirmed Release,RP-Lead,1998-05-01,,
3948,1350,LUST Cleanup Initiated,RP-Lead,1999-03-30,Environmental Chemical Corp. report,
3949,1350,Site Cleanup Completed (NFA),RP-Lead,1999-10-11,DOH ltr. U10031JU,
3950,1351,Confirmed Release,RP-Lead,1998-07-14,U07054JU,
3951,1351,LUST Cleanup Initiated,RP-Lead,1999-05-17,,
3952,1351,Site Cleanup Completed (NFA),RP-Lead,1999-08-26,U08129RT,
3953,1352,LUST Cleanup Initiated,RP-Lead,1998-03-11,5/4/98 HIES letter,
3954,1352,Confirmed Release,RP-Lead,1998-03-12,,
3955,1352,Site Cleanup Completed (NFA),RP-Lead,1999-01-06,1/6/99 U01030LKI letter,
3956,1353,Confirmed Release,RP-Lead,1998-08-07,,
3957,1353,Site Cleanup Completed (NFA),State-Lead with State Money,1999-08-27,"NFA issued, UO8082RSM",
3958,1353,LUST Cleanup Initiated,RP-Lead,1999-08-27,,
3959,1354,Confirmed Release,RP-Lead,1998-08-07,,
3960,1354,LUST Cleanup Initiated,RP-Lead,1999-03-08,3/4/99 WCL report. NFA requested,
3961,1354,Site Cleanup Completed (NFA),RP-Lead,1999-06-09,"NFA issued, UO6013RSM",
3962,1355,Confirmed Release,RP-Lead,1998-07-23,,
3963,1355,LUST Cleanup Initiated,RP-Lead,1998-10-01,"request for info submitted 9/15/99, replied rcv'd 10/11/99",
3964,1355,Site Cleanup Completed (NFA),RP-Lead,2000-02-29,NFA'd 2/15/00  U02021JAR,
3965,1356,LUST Cleanup Initiated,RP-Lead,1998-04-01,4/1/98 J.A. Volpe NTSC report,
3966,1356,Confirmed Release,RP-Lead,1998-07-30,,
3967,1356,Site Cleanup Completed (NFA),RP-Lead,1999-01-04,1/4/99 UO0111JAR letter - NFA issued,
3968,1357,LUST Cleanup Initiated,RP-Lead,1998-07-02,7/2/98 HIES report,
3969,1357,Confirmed Release,RP-Lead,1998-07-30,,
3970,1357,Site Cleanup Completed (NFA),RP-Lead,1998-12-09,12/9/98 U11006JAR letter - NFA issued,
3971,1358,LUST Cleanup Initiated,RP-Lead,1998-04-01,4/1/98 J.A. Volpe report,
3972,1358,Confirmed Release,RP-Lead,1998-07-30,,
3973,1358,Site Cleanup Completed (NFA),RP-Lead,1999-04-05,4/5/99 UO4002JAR letter - NFA issued,
3974,1359,LUST Cleanup Initiated,,1998-07-30,,
3975,1359,Confirmed Release,RP-Lead,1998-07-30,,
3976,1359,Site Cleanup Completed (NFA),RP-Lead,2004-04-01,U4009RH  NFA,
3977,1360,Confirmed Release,RP-Lead,1998-07-30,,
3978,1360,LUST Cleanup Initiated,,2005-05-18,,
3979,1360,Site Cleanup Completed (NFA),,2005-07-11,U07009RT  NFA,
3980,1361,Confirmed Release,RP-Lead,1998-08-11,,
3981,1361,LUST Cleanup Initiated,RP-Lead,1998-08-12,,
3982,1361,Site Cleanup Completed (NFA),RP-Lead,2002-05-13,"NFA'd 2/7/2002,  UO2007MS",
3983,1362,LUST Cleanup Initiated,RP-Lead,1998-08-13,Clean up initiated during tank pull,
3984,1362,Confirmed Release,RP-Lead,1998-08-13,,
3985,1362,Site Cleanup Completed (NFA),RP-Lead,2002-03-19,,
3986,1363,LUST Cleanup Initiated,RP-Lead,1998-07-01,10/1/98 UST Closure Report report,
3987,1363,Confirmed Release,RP-Lead,1998-08-17,,
3988,1363,Site Cleanup Completed (NFA),RP-Lead,1998-11-17,11/17/98 NFA Letter U11076DH letter,
3989,1364,Confirmed Release,RP-Lead,1998-05-01,,
3990,1364,LUST Cleanup Initiated,RP-Lead,1998-10-26,,
3991,1364,Site Cleanup Completed (NFA),RP-Lead,1999-11-04,,
3992,1365,Confirmed Release,RP-Lead,1998-03-20,,
3993,1365,Site Cleanup Completed (NFA),RP-Lead,1999-08-25,"NFA'd, Aug 18, 1999 UO8074JAR",
3994,1365,LUST Cleanup Initiated,RP-Lead,1999-08-25,,
3996,1366,LUST Cleanup Initiated,RP-Lead,1998-08-20,,
3997,1366,Confirmed Release,RP-Lead,1998-08-20,,
3999,1367,Confirmed Release,RP-Lead,1998-05-13,,
4000,1367,LUST Cleanup Initiated,RP-Lead,1998-08-25,Cls Rpt by OHM dated July 1998,
4001,1368,Confirmed Release,RP-Lead,1998-08-20,8/14/98 HIES closure report,
4002,1368,Site Cleanup Completed (NFA),RP-Lead,1999-04-29,"NFA , UO4056",
4003,1368,LUST Cleanup Initiated,RP-Lead,1999-04-29,8/14/98 HIES Closure report,
4004,1369,Confirmed Release,RP-Lead,1998-09-01,,
4005,1369,LUST Cleanup Initiated,RP-Lead,2002-07-10,"UST removed 8/98, closure rpt dtd 10/21/98",
4006,1369,Site Cleanup Completed (NFA),RP-Lead,2003-04-04,NFA U04002RT,
4007,1370,Confirmed Release,RP-Lead,1998-08-17,,
4008,1370,LUST Cleanup Initiated,RP-Lead,2000-11-22,"Site Assessment Report For Underground Storage Tank Closure,
Lihue Airport Maintenance Baseyard, Lihue Airport, Lihue, Kauai, Hawaii, dated
November 5, 1998, and prepared by The Fuel Oil Polishing Company of Hawaii.",
4009,1370,Site Cleanup Completed (NFA),RP-Lead,2001-01-12,U12035SL,
4010,1371,Confirmed Release,RP-Lead,1998-08-26,,
4011,1371,LUST Cleanup Initiated,RP-Lead,1998-10-01,"Closure report,",
4012,1371,Site Cleanup Completed (NFA),RP-Lead,1999-06-10,additional info rcvd. issued NFA,
4013,1372,Confirmed Release,RP-Lead,1998-07-29,"7/39/98 phone call from Linda Koyanagi, C&C Bldg Dept",
4014,1372,LUST Cleanup Initiated,RP-Lead,1999-12-21,"UST Short Term Release Response Report, 8/7/98, Kimura International",
4015,1373,LUST Cleanup Initiated,RP-Lead,1998-05-20,,
4016,1373,Confirmed Release,RP-Lead,1998-05-20,,
4017,1373,Site Cleanup Completed (NFA),RP-Lead,1999-08-03,,
4018,1374,Confirmed Release,RP-Lead,1998-08-27,,
4019,1374,LUST Cleanup Initiated,RP-Lead,2000-03-07,Cls Rpt by Chevron 3/2/2000.,
4020,1374,Site Cleanup Completed (NFA),RP-Lead,2002-08-09,NFA letter U08017RT,
4021,1375,Confirmed Release,RP-Lead,1998-08-17,,
4022,1375,LUST Cleanup Initiated,RP-Lead,1999-07-19,Morrison Knudsen Corporatation report,
4023,1375,Site Cleanup Completed (NFA),RP-Lead,1999-11-19,DOH letter U11048JU,
4025,1376,Confirmed Release,RP-Lead,1998-08-18,,
4027,1377,Confirmed Release,RP-Lead,1998-08-18,,
4028,1377,LUST Cleanup Initiated,RP-Lead,1999-01-19,12/98 WCL report. NFA requested,
4029,1377,Site Cleanup Completed (NFA),RP-Lead,1999-05-11,"NFA issued, UO5039RSM",
4030,1378,Confirmed Release,RP-Lead,1998-08-18,Date uncertain - sometime in Aug 1998 - double-check against documentation!,
4031,1378,LUST Cleanup Initiated,RP-Lead,1998-11-24,"10/1/98 WCL closure report. NFA requested
Report confirmed release on 8/3/98-RSM",
4032,1378,Site Cleanup Completed (NFA),RP-Lead,1999-06-23,"6/23/99 NFA issued, UO6030RSM",
4033,1379,Confirmed Release,RP-Lead,1998-08-26,,
4034,1379,Site Cleanup Completed (NFA),RP-Lead,1999-08-17,"NFA issued, 4/23/99, UO4047JAR",
4035,1379,LUST Cleanup Initiated,RP-Lead,1999-08-17,"UST Clsoure rpt, dtd 11/98",
4036,1380,Confirmed Release,RP-Lead,1998-08-27,,
4037,1380,LUST Cleanup Initiated,RP-Lead,1998-10-03,,
4038,1380,Site Cleanup Completed (NFA),RP-Lead,2001-10-19,Soil sampling in 1989 and 1991 showed nothing was above Doh Tier 1  U10051MS,
4039,1381,Confirmed Release,RP-Lead,1998-08-27,,
4040,1381,Site Cleanup Completed (NFA),RP-Lead,2002-02-15,"NFA'd 2/7/02, U02037JAR",
4041,1381,LUST Cleanup Initiated,RP-Lead,2002-02-15,GW monitoring rpt dtd 4/98 & 10/98,
4042,1382,Confirmed Release,RP-Lead,1998-08-28,,
4043,1382,LUST Cleanup Initiated,RP-Lead,1998-08-29,Cls Rpt by MFA dated 6/4/98,
4044,1382,Site Cleanup Completed (NFA),RP-Lead,2003-10-23,NFA U10036RT,
4045,1383,Confirmed Release,RP-Lead,1998-08-31,,
4046,1383,LUST Cleanup Initiated,RP-Lead,1998-10-22,cls rpt,
4047,1383,Site Cleanup Completed (NFA),RP-Lead,1999-04-22,NFA letter U0412RT,
4048,1384,LUST Cleanup Initiated,RP-Lead,1998-07-16,7/16/98 HIES report,
4049,1384,Confirmed Release,RP-Lead,1998-08-28,,
4050,1384,Site Cleanup Completed (NFA),RP-Lead,1998-10-01,10/1/98 U10013JU letter,
4051,1385,Site Cleanup Completed (NFA),RP-Lead,1998-10-01,10/1/98 U10012JU letter,
4052,1385,LUST Cleanup Initiated,RP-Lead,1998-07-16,7/16/98 HIES report,
4053,1385,Confirmed Release,RP-Lead,1998-08-28,,
4054,1386,LUST Cleanup Initiated,RP-Lead,1998-09-03,,
4055,1386,Confirmed Release,RP-Lead,1998-09-03,,
4056,1386,Site Cleanup Completed (NFA),RP-Lead,1999-06-16,NFA letter U06023 issued.,
4057,1387,Confirmed Release,RP-Lead,1998-09-11,9/11/98 CRN,
4058,1387,LUST Cleanup Initiated,RP-Lead,1999-06-17,"UST Closure and Closure Assessment - A & B
     Sewer Pump Station, Wastewater Reclamation Division, Department of Public  
     Works and Waste Management, County of Maui, Hana Highway, Kahului,    
     dated June 17, 1999.",
4059,1387,Site Cleanup Completed (NFA),RP-Lead,2001-04-20,,
4060,1388,Confirmed Release,RP-Lead,1998-05-18,5/18/98 U0580JAR,
4061,1388,LUST Cleanup Initiated,RP-Lead,1999-07-12,"6/9/99 ECC closure report, NFA requested-RSM",
4062,1388,Site Cleanup Completed (NFA),State-Lead with State Money,1999-08-26,"NFA issued, UO8116RSM",
4063,1389,LUST Cleanup Initiated,RP-Lead,1998-09-11,10/10/98 Walker Consult. report,
4064,1389,Confirmed Release,RP-Lead,1998-09-11,9/14/98 phone call,
4065,1389,Site Cleanup Completed (NFA),RP-Lead,1999-03-08,U03037RT,
4066,1390,Confirmed Release,RP-Lead,1998-09-16,,
4067,1390,LUST Cleanup Initiated,RP-Lead,1999-03-01,3/99 Walker report,
4068,1390,Site Cleanup Completed (NFA),RP-Lead,1999-05-19,5/19/99 U05083EJS,
4069,2529,LUST Cleanup Initiated,RP-Lead,1998-09-11,CRN - PCS excavated,
4070,2529,Confirmed Release,RP-Lead,1998-09-11,,
4071,1392,Confirmed Release,RP-Lead,1998-09-16,,
4072,1392,LUST Cleanup Initiated,RP-Lead,2001-12-21,rpt rcvd 5/99,
4073,1393,LUST Cleanup Initiated,,1998-09-23,,
4074,1393,Confirmed Release,RP-Lead,1998-09-23,FOPCo phone notification,
4075,1393,Site Cleanup Completed (NFA),,2004-04-05,U04001RH,
4076,1394,Confirmed Release,RP-Lead,1998-09-30,CRN faxed 9/30/98 by Mid Pacific Environmental (signed by Army 9/14/98),
4077,1394,LUST Cleanup Initiated,RP-Lead,1998-10-01,UST Cls Rpt by InterIsland Env. 3/12/99.,
4078,1394,Site Cleanup Completed (NFA),RP-Lead,1999-07-20,,
4079,1395,Confirmed Release,RP-Lead,1998-09-21,,
4080,1395,LUST Cleanup Initiated,RP-Lead,1999-05-24,10/12/98 WMF report,
4081,1395,Site Cleanup Completed (NFA),RP-Lead,1999-11-12,NFA given on 10/11/99 U10027JAR,
4082,1396,Confirmed Release,RP-Lead,1998-09-30,,
4083,1396,Site Cleanup Completed (NFA),RP-Lead,1999-06-10,"NFA, 6/9/99, UO6011JAR",
4084,1396,LUST Cleanup Initiated,RP-Lead,1999-06-10,,
4085,1397,Confirmed Release,RP-Lead,1998-10-02,,
4086,1397,LUST Cleanup Initiated,RP-Lead,1999-11-17,"UST closure rpt rec'v 8/2/99, potential NFA!",
4087,1397,Site Cleanup Completed (NFA),RP-Lead,2000-01-24,"NFA'd , 1/18/00, U01025JAR",
4088,1398,Confirmed Release,RP-Lead,1998-10-06,,
4089,1398,LUST Cleanup Initiated,RP-Lead,1998-10-07,,
4090,1398,Site Cleanup Completed (NFA),RP-Lead,1999-05-18,,
4091,1399,Confirmed Release,RP-Lead,1998-10-06,,
4092,1399,LUST Cleanup Initiated,RP-Lead,1999-01-01,,
4093,1399,Site Cleanup Completed (NFA),RP-Lead,1999-01-19,NFA U001083RT,
4094,1400,LUST Cleanup Initiated,RP-Lead,1998-10-07,,
4095,1400,Confirmed Release,RP-Lead,1998-10-07,,
4096,1400,Site Cleanup Completed (NFA),RP-Lead,2006-10-02,"U05080RK NFA Letter dated June 3, 2005",
4097,1401,Confirmed Release,RP-Lead,1998-10-07,,
4098,1401,LUST Cleanup Initiated,RP-Lead,1999-01-05,"10/1/98 Walker Consultants, Ltd report",
4099,1401,Site Cleanup Completed (NFA),RP-Lead,1999-02-12,2/12/99 U02086JU letter,
4100,1402,Monitored Natural Attenuation,RP-Lead,1998-10-09,,
4101,1402,Confirmed Release,RP-Lead,1998-10-08,,
4102,1402,LUST Cleanup Initiated,RP-Lead,2000-10-24,Masa Fujioka and Assoc. report.  3 MWs installed and weekly removal of free product.  Asked them on 11/2/00 ltr to further delineate contamination and remediate contamination.,
4103,2530,Confirmed Release,RP-Lead,1998-10-09,"Rcvd GW rpt dtd 10/30/02, GW OK'd, site still have 41c.y. of diesel only contamnation@ 11K ppm.  need to sample area 1/yr to determine natural attenuation.",
4104,2530,LUST Cleanup Initiated,RP-Lead,1998-10-10,,
4105,1404,Confirmed Release,RP-Lead,1996-12-13,,
4106,1404,LUST Cleanup Initiated,RP-Lead,1996-12-18,"UST Closure and Final Response Report, UST No. 68, 09/12/97.",
4107,1405,Confirmed Release,RP-Lead,1996-12-13,,
4108,1405,LUST Cleanup Initiated,RP-Lead,1998-09-30,"Record of Closure, OHM Remediation Services Corp., Sept. 1998 and Record of Closure, OHM Remediation Services Corp., September 2000.",
4109,1406,Confirmed Release,RP-Lead,1998-10-15,,
4110,1406,Site Cleanup Completed (NFA),RP-Lead,1999-06-10,"NFA, dtd 6/6/99",
4111,1406,LUST Cleanup Initiated,RP-Lead,1999-06-10,ust removed 9/26/98,
4112,1407,Confirmed Release,RP-Lead,1998-10-15,,
4113,1407,Site Cleanup Completed (NFA),RP-Lead,1999-06-10,"NFA, UO6012, dtd 6/9/99",
4114,1407,LUST Cleanup Initiated,RP-Lead,1999-06-10,,
4115,1408,Confirmed Release,RP-Lead,1998-05-28,10/21/97 Brewer closure report rcvd 5/28/98,
4116,1408,LUST Cleanup Initiated,RP-Lead,1998-05-29,Cls Rpt Brewer 10/21/97,
4117,1408,Site Cleanup Completed (NFA),RP-Lead,2001-05-08,NFA U05011RT,
4118,1409,Confirmed Release,RP-Lead,1998-05-28,2/16/98 HIES closure report rcvd 5/28/98,
4119,1409,Site Cleanup Completed (NFA),RP-Lead,1999-08-11,"NFA'd  UO8010JAR, 8/5/99",
4120,1409,LUST Cleanup Initiated,RP-Lead,1999-08-11,,
4121,1410,Confirmed Release,RP-Lead,1998-05-28,3/15/98 Brewer report rcvd 5/28/98,
4122,1410,LUST Cleanup Initiated,RP-Lead,2001-12-21,Closure rpt rcvd 9/99 and Site Characterization rpt rcvd 3/00,
4123,1410,Site Cleanup Completed (NFA),RP-Lead,2002-03-12,"NFA'd March 7, 2002, U03027JAR",
4124,1411,Confirmed Release,RP-Lead,1997-07-24,6/19/97 MFA report rcvd 7/24/97,
4125,1411,Site Cleanup Completed (NFA),RP-Lead,1999-08-11,"NFA'd  UO6069JAR  , 6/29/99",
4126,1411,LUST Cleanup Initiated,RP-Lead,1999-08-11,"Rls response and clean clusre rpt, dtd 6/97",
4127,1412,Confirmed Release,RP-Lead,1997-10-20,,
4128,1412,LUST Cleanup Initiated,RP-Lead,1997-10-21,"3 tanks pulled, over excavate",
4129,1413,Confirmed Release,RP-Lead,1998-10-08,,
4130,1413,Disconfirmed Release,RP-Lead,1999-08-11,"dsiconfirmed rls ltr, dtd 6/24/99  UO6056JAR",
4131,1414,Confirmed Release,RP-Lead,1998-10-20,,
4132,1414,LUST Cleanup Initiated,RP-Lead,1999-09-20,Cls Rpt. by Brewer 8/30/99.,
4133,1414,Site Cleanup Completed (NFA),RP-Lead,1999-12-13,NFA U12034RT,
4134,1415,Confirmed Release,RP-Lead,1998-10-20,,
4135,1415,LUST Cleanup Initiated,RP-Lead,1999-08-26,,
4136,1415,Site Cleanup Completed (NFA),RP-Lead,1999-09-23,,
4137,1416,LUST Cleanup Initiated,RP-Lead,1998-10-20,,
4138,1416,Confirmed Release,RP-Lead,1998-10-20,,
4139,1416,Site Cleanup Completed (NFA),RP-Lead,1999-08-03,,
4140,1417,LUST Cleanup Initiated,RP-Lead,1998-10-20,,
4141,1417,Confirmed Release,RP-Lead,1998-10-20,,
4142,1417,Site Cleanup Completed (NFA),RP-Lead,1999-08-03,,
4143,1418,Confirmed Release,RP-Lead,1998-10-02,,
4144,1418,LUST Cleanup Initiated,RP-Lead,1999-08-23,Morrison Knudsen Corp. Environmental Group report,
4145,1418,Site Cleanup Completed (NFA),RP-Lead,1999-11-08,DOH letter U11029JU,
4146,1419,Confirmed Release,RP-Lead,1998-10-21,,
4147,1419,LUST Cleanup Initiated,RP-Lead,1999-01-07,1/7/99 Dames & Moore Report,
4148,1419,Site Cleanup Completed (NFA),RP-Lead,1999-06-17,1/7/99 Dames & Moore Report/ U06027JU DOH ltr,
4149,1420,Confirmed Release,RP-Lead,1998-10-21,,
4150,1420,LUST Cleanup Initiated,RP-Lead,1998-10-22,,
4151,1420,Site Cleanup Completed (NFA),RP-Lead,1999-12-02,,
4152,1421,Confirmed Release,RP-Lead,1998-10-21,,
4153,1421,LUST Cleanup Initiated,RP-Lead,1998-11-13,"Underground Storage Tank Closure, Takata Site (former ABC Roofing), 1050 Kikowaena Place, Honolulu, Hawaii, dated November 13, 1998, and prepared by WMF, Hawaii",
4154,1422,Confirmed Release,RP-Lead,1998-10-21,,
4155,1422,LUST Cleanup Initiated,RP-Lead,1999-05-24,"UST Closure and  Closure Assessment - Napili No.3 Pump Station, County of Maui Department of Public Works and Waste Management, Wastewater Reclamation Division, Lower Honoapiilani Highway, Napili, Maui, Hawaii,  dated May 24,1999, prepared for: Mid Pacific Environmental, 99-1255 Waiua Place, Aiea, Hawaii, 96701, and prepared by Hawaii International Environmental Services, Inc.",
4156,1422,Site Cleanup Completed (NFA),RP-Lead,2000-06-30,"NFA letter U06055SL, 6/30/00",
4157,1423,Confirmed Release,RP-Lead,1998-10-22,,
4158,1423,LUST Cleanup Initiated,RP-Lead,1999-02-17,1/1/99 Walker Consultant report. NFA requested,
4159,1423,Site Cleanup Completed (NFA),RP-Lead,1999-05-03,"NFA issued, UO5005RSM",
4160,1424,Confirmed Release,RP-Lead,1998-07-17,,
4161,1424,LUST Cleanup Initiated,RP-Lead,1998-10-19,9/23/98 BES Closure Report-RSM,
4162,1424,Site Cleanup Completed (NFA),State-Lead with State Money,1999-10-12,"NFA ISSUED, UI0035RSM",
4163,1425,Confirmed Release,RP-Lead,1998-10-23,,
4164,1425,LUST Cleanup Initiated,RP-Lead,1998-10-24,,
4165,1425,Site Cleanup Completed (NFA),RP-Lead,2003-08-04,NFA U08006RT,
4166,1426,Confirmed Release,RP-Lead,1998-10-16,,
4167,1426,LUST Cleanup Initiated,RP-Lead,1999-11-17,"UST clsoure rpt rec'd 8/2/99, potential NFA!",
4168,1426,Site Cleanup Completed (NFA),RP-Lead,2000-01-24,"NFA'd  1/18/00, U01025JAR",
4169,1427,Confirmed Release,RP-Lead,1998-10-26,,
4170,1427,LUST Cleanup Initiated,RP-Lead,1998-10-27,,
4171,1427,Site Cleanup Completed (NFA),RP-Lead,2002-02-08,NFA U02008MS,
4172,1428,Confirmed Release,RP-Lead,1998-10-26,,
4173,1428,LUST Cleanup Initiated,RP-Lead,1999-12-29,Brewer Environmental Services 12/29/99 report.  overexcavation but not completed,
4174,1428,Site Cleanup Completed (NFA),RP-Lead,2002-06-26,"NFA'd 6/17/02, UO6026JAR",
4175,1429,Confirmed Release,RP-Lead,1998-10-26,,
4176,1429,LUST Cleanup Initiated,RP-Lead,2000-07-11,"Site Charact. and Closure rpt for USTS's ,dtd 7/00.",
4177,1429,Site Cleanup Completed (NFA),RP-Lead,2000-09-08,"NFA issued30 August 00, UO8071JAR",
4178,1430,Confirmed Release,RP-Lead,1998-10-27,,
4179,1430,LUST Cleanup Initiated,RP-Lead,1999-06-17,"UST Closure and Closure Assessment - Kahului Pump Station, Wastewater Reclamation Division, Department of Public Works and Waste Management, County of Maui, Hana Highway, Kahului, Hawaii, dated June 17, 1999, and prepared by ENDYNE.",
4180,1430,Site Cleanup Completed (NFA),RP-Lead,2001-04-19,,
4181,1431,Confirmed Release,RP-Lead,1998-10-29,,
4182,1431,LUST Cleanup Initiated,RP-Lead,1999-05-01,,
4183,1431,Site Cleanup Completed (NFA),RP-Lead,1999-11-16,NFA'd 6/3/99 U07027JAR,
4184,1432,Confirmed Release,RP-Lead,1998-11-02,,
4185,1432,LUST Cleanup Initiated,RP-Lead,1999-03-08,3/8/99 Navy report,
4186,1432,Site Cleanup Completed (NFA),RP-Lead,1999-03-11,3/11/99 U03057EJS letter,
4187,1433,Confirmed Release,RP-Lead,1998-11-02,,
4188,1433,LUST Cleanup Initiated,RP-Lead,1999-03-05,"UST losure and Closure Assessment-Naval Computer and Telecommunication    and Master Station Pacific, Building 242dated March 5, 1999, and prepared by Hawaii International Environmental Services, Inc.(HIES).
  Appendices D and E (Part One and Part Two), UST Closure and Closure Assessment, dated March 5, 1999, and prepared by HIES.",
4189,1433,Site Cleanup Completed (NFA),RP-Lead,2000-03-24,"U03022SL, 3/16/2000",
4190,1434,Confirmed Release,RP-Lead,1998-11-02,,
4191,1434,LUST Cleanup Initiated,RP-Lead,1999-03-12,"3/1/99 Oceanit Laboratories, Inc. report, NFA requested",
4192,1434,Site Cleanup Completed (NFA),RP-Lead,1999-04-20,"NFA issiued, UO4044RSM",
4193,1435,Confirmed Release,RP-Lead,1998-10-28,CRN rcvd 10/28/98,
4194,1435,LUST Cleanup Initiated,RP-Lead,2001-12-21,rpt dtd 6/99,
4195,1435,Site Cleanup Completed (NFA),RP-Lead,2002-04-10,"Rls Resp Rpt assessment rcvd 6/00, NFA'd 3/13/02, U03037JAR",
4196,1436,Confirmed Release,RP-Lead,1998-11-04,,
4197,1436,LUST Cleanup Initiated,RP-Lead,1999-12-21,"Underground Storage Tank Closure Report For Halawa Bus Depot 99-999 Iwaena Street, Aiea, Oahu, Hawaii, dated February 9, 1999, Prepared By The Fuel Oil Polishing Company Of Hawaii, Inc. ( FOPCO)",
4198,1437,Confirmed Release,RP-Lead,1998-11-05,,
4199,1437,LUST Cleanup Initiated,RP-Lead,2001-12-21,rpt rcvd 11/99,
4201,1438,LUST Cleanup Initiated,RP-Lead,1998-11-09,,
4202,1438,Confirmed Release,RP-Lead,1998-11-09,,
4203,1438,Site Cleanup Completed (NFA),RP-Lead,1999-07-20,,
4204,2531,Monitored Natural Attenuation,RP-Lead,1998-11-10,,
4205,2531,Confirmed Release,RP-Lead,1998-10-28,CRN faxed to Tom Arizumi - from core samples historicala release,
4206,2531,LUST Cleanup Initiated,RP-Lead,2002-08-15,Site Investigation by AMEC dated Aug 2002,
4207,1440,Confirmed Release,RP-Lead,1997-10-15,,
4208,1440,LUST Cleanup Initiated,RP-Lead,1997-10-16,,
4209,1440,Site Cleanup Completed (NFA),RP-Lead,2001-10-26,All soil samples during closure below Tier 1.  NFA U10074MS,
4210,1441,Confirmed Release,RP-Lead,1998-11-10,,
4211,1441,LUST Cleanup Initiated,RP-Lead,1999-11-09,"Quarterly Groundwater Monitoring and Free Product Recovery at ABC Store#47, 3511 Lower Honoapiilani Highway, Honokowai, Maui, Hawaii, dated September 27,1999, prepared by Clayton Environmental Consultants.                                                       Subsurface Investigation at ABC Store#47, 3511 Lower Honoapiilani Highway, Honokowai, Maui, Hawaii, dated October 6,1999, prepared by Clayton Environmental Consultants.",
4212,1442,Confirmed Release,RP-Lead,1998-11-10,,
4213,1442,LUST Cleanup Initiated,RP-Lead,1999-02-17,1/1/99 Walker Consultant report. NFA requested.,
4214,1442,Site Cleanup Completed (NFA),RP-Lead,1999-05-03,"NFA issued, UO5005RSM",
4215,1443,Confirmed Release,RP-Lead,1998-11-10,,
4216,1443,Site Cleanup Completed (NFA),RP-Lead,1999-02-26,2/26/99 U02104JU letter,
4217,1443,LUST Cleanup Initiated,RP-Lead,1999-02-26,"1/1/99 Walker Consultants, Ltd report",
4218,1444,Confirmed Release,RP-Lead,1998-06-05,,
4219,1444,LUST Cleanup Initiated,RP-Lead,1998-11-11,,
4220,1444,Site Cleanup Completed (NFA),RP-Lead,2001-11-05,"Both tanks were pulled.  All soil samples taken below the tank, piping and dispenser below Tier 1.  NFA U11004MS",
4221,1445,Confirmed Release,RP-Lead,1998-11-10,,
4222,1445,LUST Cleanup Initiated,RP-Lead,1999-05-17,"Underground Storage Tank Closure Report, Texaco Foodmart (Location No. 61-093-0198),  744 Kamehameha Avenue,  Hilo, Hawaii Island, dated May 1999,  prepared by Walker Consultants, Ltd.                                                                                                                 Quarterly Release Response Report,  Shell  Foodmart , 744 Kamehameha Avenue, Hilo, Hawaii, dated  May  2000, and prepared by Walker Consultants, Ltd.,    DOH  Letter U05032SL, 5/22/00",
4223,1445,Site Cleanup Completed (NFA),RP-Lead,2005-04-27,"NFA letter dated April 27, 2005 (U04019SL)",
4224,1446,LUST Cleanup Initiated,RP-Lead,1998-08-03,7/24/98 Dawson report,
4225,1446,Confirmed Release,RP-Lead,1998-08-03,,
4226,1446,Site Cleanup Completed (NFA),RP-Lead,1998-12-04,12/4/98 U12007EJS letter,
4227,1447,Confirmed Release,RP-Lead,1998-11-10,,
4299,1471,LUST Cleanup Initiated,RP-Lead,2001-03-16,"Initial Release Response Report received
NFA requested",
4300,1471,Site Cleanup Completed (NFA),RP-Lead,2001-06-19,,
4301,1472,LUST Cleanup Initiated,RP-Lead,1998-12-09,,
4302,1472,Confirmed Release,RP-Lead,1998-12-09,,
4303,1472,Site Cleanup Completed (NFA),RP-Lead,1999-08-26,U08128RT,
4228,1447,LUST Cleanup Initiated,RP-Lead,1999-03-03,"2/26/99 Ogden report : Waimanalo Remote Center Air/Ground Communications Facility (QQI-RCAG) Underground Storage Tank Removal Closure Report, Oahu,Hawaii, dated February 26,1999, prepared by Ogden Environmental and Energy Services                  UST Release Investigation / Interim Remedial Measure at the Waimanalo Remote Center Air- to-Ground Communication Facility (QQI-RCAG) sland of Oahu,Hawaii, Proposed Scope of Work, dated April 25,2000, prepared by Booz-Allen & Hamilton, Inc. 5299 DTC Boulevard, Suite 840, Englewood, Colorado 80111,                     DOH letter, U05023SL, 5/18/00",
4229,1447,Site Cleanup Completed (NFA),RP-Lead,2000-09-22,,
4230,1448,Confirmed Release,RP-Lead,1998-11-12,,
4231,1448,LUST Cleanup Initiated,RP-Lead,1998-12-24,12/14/98 JRHA Closure report,
4232,1448,Site Cleanup Completed (NFA),RP-Lead,1999-06-24,"6/24/99 NFA issued, UO6059RSM",
4233,1449,Confirmed Release,RP-Lead,1998-11-13,,
4234,1449,LUST Cleanup Initiated,RP-Lead,1998-11-14,,
4235,1450,Confirmed Release,RP-Lead,1998-11-13,,
4236,1450,LUST Cleanup Initiated,RP-Lead,1999-04-01,4/99 Walker report,
4237,1450,Site Cleanup Completed (NFA),RP-Lead,1999-05-25,5/25/99 U05092EJS,
4238,1451,Confirmed Release,RP-Lead,1998-11-19,,
4239,1451,LUST Cleanup Initiated,RP-Lead,1999-08-03,"Closure rpt rcv'd 7/2/99, requesting an NFA!",
4240,1451,Site Cleanup Completed (NFA),RP-Lead,1999-08-25,"NFA'd, Aug 18, 1999, UO8072JAR",
4241,1452,Confirmed Release,RP-Lead,1998-11-18,,
4242,1452,Site Cleanup Completed (NFA),RP-Lead,2000-03-09,NFA'd 3/9/00  UO3006JAR,
4243,1452,LUST Cleanup Initiated,RP-Lead,2000-03-09,Long Term rls rpt 2/00,
4244,1453,Confirmed Release,RP-Lead,1998-11-18,,
4245,1453,Site Cleanup Completed (NFA),RP-Lead,2000-03-09,NFA'd  3/9/00  UO3006JAR,
4246,1453,LUST Cleanup Initiated,RP-Lead,2000-03-09,"Long Term Rls, dtd 2/00",
4247,1454,Confirmed Release,RP-Lead,1998-11-18,,
4248,1454,Site Cleanup Completed (NFA),RP-Lead,2000-03-09,NFA'd  3/9/00  U03006JAR,
4249,1454,LUST Cleanup Initiated,RP-Lead,2000-03-09,"Long Term Rls rpt, dtd 2/00",
4250,1455,Confirmed Release,RP-Lead,1998-07-30,,
4251,1455,LUST Cleanup Initiated,RP-Lead,1998-12-29,,
4252,1455,Site Cleanup Completed (NFA),RP-Lead,1998-12-29,"12/29/98 DOH letter - NFA sent, dated 12/29/98",
4253,1456,Confirmed Release,RP-Lead,1998-11-19,,
4254,1456,LUST Cleanup Initiated,RP-Lead,1999-03-03,Cls Rpt by Brewer 2/2/99.,
4255,1456,Site Cleanup Completed (NFA),RP-Lead,2000-11-20,U11040RT NFA,
4256,1457,LUST Cleanup Initiated,RP-Lead,1998-11-20,,
4257,1457,Confirmed Release,RP-Lead,1998-11-20,,
4258,1457,Site Cleanup Completed (NFA),RP-Lead,1999-04-01,"NFA in 1999, did not receive my copy -RT",
4259,1458,LUST Cleanup Initiated,RP-Lead,1998-11-23,,
4260,1458,Confirmed Release,RP-Lead,1998-11-23,,
4261,1458,Site Cleanup Completed (NFA),RP-Lead,1999-08-03,,
4262,1459,Confirmed Release,RP-Lead,1998-11-24,11/25/98 U11124JU,
4263,1459,LUST Cleanup Initiated,RP-Lead,1999-02-03,1/14/99 Environmental Contracting Pacific report,
4264,1459,Site Cleanup Completed (NFA),RP-Lead,1999-02-03,2/3/99 U02027JU letter,
4265,1460,Confirmed Release,RP-Lead,1998-11-24,11/25/98 U11123JU,
4266,1460,LUST Cleanup Initiated,RP-Lead,1999-06-14,Brewer Environmental Service's report,
4267,1460,Site Cleanup Completed (NFA),RP-Lead,1999-09-07,U09024JU,
4268,1461,Confirmed Release,RP-Lead,1998-11-25,,
4269,1461,LUST Cleanup Initiated,RP-Lead,2000-05-08,UST Rls Resp F/U Investigation report submitted 3/20/00.  RFI to fac. 4/19/00,
4270,1461,Site Cleanup Completed (NFA),,2005-05-06,U05018CP,
4271,1462,LUST Cleanup Initiated,,1998-11-25,,
4272,1462,Confirmed Release,RP-Lead,1998-11-25,,
4273,1462,Site Cleanup Completed (NFA),,2004-10-01,,
4274,1463,Confirmed Release,RP-Lead,1998-11-25,,
4275,1463,LUST Cleanup Initiated,RP-Lead,1999-08-01,8/99 Walker report,
4276,1463,Site Cleanup Completed (NFA),RP-Lead,1999-09-07,9/7/99 U09022EJS letter,
4277,1464,Confirmed Release,RP-Lead,1998-12-04,,
4278,1464,LUST Cleanup Initiated,RP-Lead,2000-11-22,Rls Resp rpt dtd 11/00,
4279,1464,Site Cleanup Completed (NFA),RP-Lead,2002-12-10,NFA'd 10/30/02  U10073JAR,
4280,1465,LUST Cleanup Initiated,RP-Lead,1995-03-21,"3/15/96 LF closure report, NFA requested",
4281,1465,Confirmed Release,RP-Lead,1995-03-21,,
4282,1465,Site Cleanup Completed (NFA),RP-Lead,1999-05-11,"NFA issued, UO5040RSM",
4283,1466,Confirmed Release,RP-Lead,1998-12-01,,
4284,1466,LUST Cleanup Initiated,RP-Lead,1999-05-12,5/12/99 ECC report,
4285,1466,Site Cleanup Completed (NFA),RP-Lead,1999-09-08,9/8/99 U09026EJS letter,
4286,1467,Confirmed Release,RP-Lead,1998-12-01,,
4287,1467,Site Cleanup Completed (NFA),RP-Lead,2000-01-24,"NFA'd  1/18/00, U01027JAR",
4288,1467,LUST Cleanup Initiated,RP-Lead,2000-01-24,"Final UST Closure rpt, 6/24/99",
4289,1468,Confirmed Release,RP-Lead,1998-12-02,,
4290,1468,LUST Cleanup Initiated,RP-Lead,1999-11-17,"Final UST Clsoure rpt rcv'd 11/2/99, potentail for NFA, review rpt.",
4291,1468,Site Cleanup Completed (NFA),RP-Lead,2000-11-20,"NFA'd , 11/13/00 (went out 11/20/00) U11024JAR",
4292,1469,Confirmed Release,RP-Lead,1998-12-04,,
4293,1469,LUST Cleanup Initiated,RP-Lead,1999-05-10,Closure rpt rcvd 5/3/99,
4294,1469,Site Cleanup Completed (NFA),RP-Lead,1999-08-11,"NFA's  UO6069JAR,  6/28/99",
4295,1470,Confirmed Release,RP-Lead,1997-04-02,,
4296,1470,LUST Cleanup Initiated,RP-Lead,1997-04-18,PCS excavated and treated (6/20/97 Navy report),
4297,1470,Site Cleanup Completed (NFA),RP-Lead,1999-02-18,2/18/99 U02089EJS,
4298,1471,Confirmed Release,RP-Lead,1998-12-08,,
4304,1473,Confirmed Release,RP-Lead,1998-12-11,,
4305,1473,LUST Cleanup Initiated,RP-Lead,1999-08-11,,
4306,1473,Site Cleanup Completed (NFA),RP-Lead,2001-10-19,Additional soil boring delineated the contamination.  All contamination below DOH Tier 1  NFA  U10050MS,
4307,1474,Confirmed Release,RP-Lead,1998-12-11,,
4308,1474,LUST Cleanup Initiated,RP-Lead,2000-07-13,,
4309,1474,Site Cleanup Completed (NFA),RP-Lead,2001-01-12,,
4310,1475,Confirmed Release,RP-Lead,1998-12-14,,
4311,1475,LUST Cleanup Initiated,RP-Lead,1999-05-01,"Walker Consultants, ltd",
4312,1475,Site Cleanup Completed (NFA),RP-Lead,1999-07-20,U07043JU,
4313,1476,LUST Cleanup Initiated,RP-Lead,1998-12-14,,
4314,1476,Confirmed Release,RP-Lead,1998-12-14,,
4315,1476,Site Cleanup Completed (NFA),RP-Lead,1999-02-09,,
4316,1477,Confirmed Release,RP-Lead,1998-12-16,,
4317,1477,LUST Cleanup Initiated,RP-Lead,1999-07-08,6/9/99 ECC report - rcvd 7/8/99,
4318,1477,Site Cleanup Completed (NFA),RP-Lead,1999-08-25,8/25/99 U08112EJS letter,
4319,1478,Confirmed Release,RP-Lead,1998-12-16,,
4320,1478,LUST Cleanup Initiated,RP-Lead,1999-11-17,"UST closure rpt rcv'd 8/9/99, additional work required, write ltr.",
4321,1478,Site Cleanup Completed (NFA),RP-Lead,2000-04-20,nfa'd 24 Apr 00,
4322,1479,Confirmed Release,RP-Lead,1998-12-16,,
4323,1479,LUST Cleanup Initiated,RP-Lead,1999-11-17,"Closure rpt rvv'd 8/9/99, addtional work required, write letter.",
4324,1479,Site Cleanup Completed (NFA),RP-Lead,2000-04-20,NFA'd 24 Apr 00,
4325,1480,Confirmed Release,RP-Lead,1998-12-17,,
4326,1480,LUST Cleanup Initiated,RP-Lead,2000-08-11,"Additional SIte characterization rcvd, dtd July 2000.  requesting NFA, possible! need to review rpt.",
4327,1480,Site Cleanup Completed (NFA),RP-Lead,2000-09-08,"Additional Site Charact., 7/00
NFA'd Aug 17,2000, UO8040JAR",
4328,1481,Confirmed Release,RP-Lead,1998-12-14,,
4329,1481,LUST Cleanup Initiated,RP-Lead,1999-03-01,Environmental Chemical Corporation report,
4330,1481,Site Cleanup Completed (NFA),RP-Lead,1999-08-02,U08005JU DOH letter,
4331,1482,Confirmed Release,RP-Lead,1998-12-16,,
4332,1482,LUST Cleanup Initiated,RP-Lead,1999-05-14,Environmental Chemical Corporation,
4333,1482,Site Cleanup Completed (NFA),RP-Lead,1999-08-02,U08005JU,
4334,1483,Confirmed Release,RP-Lead,1998-12-16,,
4335,1483,LUST Cleanup Initiated,RP-Lead,1999-05-17,,
4336,1483,Site Cleanup Completed (NFA),RP-Lead,1999-08-26,U08129RT,
4337,1484,Confirmed Release,RP-Lead,1998-12-17,,
4338,1484,Site Cleanup Completed (NFA),RP-Lead,2000-06-07,"NFA'd issued 5/11/00, U05018JAR",
4339,1484,LUST Cleanup Initiated,RP-Lead,2000-06-07,"Closure rpt , dtd 12/7/99",
4340,1485,Confirmed Release,RP-Lead,1998-12-18,"Amended Notification Form, indicating discovery of a release, rcvd 12/18/98.",
4341,1485,Site Cleanup Completed (NFA),RP-Lead,1999-03-30,3/30/99 U03096JU letter,
4342,1485,LUST Cleanup Initiated,RP-Lead,1999-03-30,"3/1/99 Belt Collins Hawaii, Ltd. report",
4343,1486,Confirmed Release,RP-Lead,1998-11-17,HEER Case # 981117-0954,
4344,1486,LUST Cleanup Initiated,RP-Lead,1999-03-19,"3/19/99 Underground Storage Tank Closure Report, Brewer Environmental Services",
4345,1486,Site Cleanup Completed (NFA),RP-Lead,1999-06-17,U06025JU Doh letter,
4346,1487,Confirmed Release,RP-Lead,1998-12-21,,
4347,1487,LUST Cleanup Initiated,RP-Lead,1998-12-30,,
4348,1487,Site Cleanup Completed (NFA),RP-Lead,2004-03-25,NFA U03032RT,
4349,1488,Confirmed Release,RP-Lead,1998-12-21,,
4350,1488,LUST Cleanup Initiated,RP-Lead,1998-12-22,,
4351,1488,Site Cleanup Completed (NFA),RP-Lead,2001-08-30,Overexcavated soil until below Tier 1 NFA U08065MS,
4352,1489,LUST Cleanup Initiated,RP-Lead,1998-12-22,,
4353,1489,Confirmed Release,RP-Lead,1998-12-22,,
4354,1489,Site Cleanup Completed (NFA),RP-Lead,1999-09-24,,
4355,1490,Confirmed Release,RP-Lead,1998-12-23,,
4356,1490,LUST Cleanup Initiated,RP-Lead,1999-08-27,Cls rpt by Endyne 8/5/99.,
4357,1490,Site Cleanup Completed (NFA),RP-Lead,2002-03-19,,
4358,1491,Confirmed Release,RP-Lead,1998-11-24,,
4360,1492,Confirmed Release,RP-Lead,1998-12-24,,
4361,1492,LUST Cleanup Initiated,RP-Lead,1999-04-01,4/99 Walker report,
4362,1492,Site Cleanup Completed (NFA),RP-Lead,1999-05-10,5/10/99 U05027EJS,
4363,1493,Confirmed Release,RP-Lead,1998-12-22,,
4364,1493,LUST Cleanup Initiated,RP-Lead,2001-02-15,"Underground Storage Tank Final Release Response Report, dated February 5, 2001, and prepared by Vuich Environmental Consultants, Inc.",
4365,1493,Site Cleanup Completed (NFA),RP-Lead,2001-04-19,,
4366,1494,Confirmed Release,RP-Lead,1998-12-28,,
4367,1494,LUST Cleanup Initiated,RP-Lead,1999-10-05,,
4368,1494,Site Cleanup Completed (NFA),RP-Lead,1999-10-08,U09014SL NFA letter 9/9/99,
4369,1495,Confirmed Release,RP-Lead,1998-12-28,,
4370,1495,LUST Cleanup Initiated,RP-Lead,2001-12-21,rpt rcvd 11/99,
4371,1495,Site Cleanup Completed (NFA),,2005-04-27,,
4372,1496,Confirmed Release,RP-Lead,1998-12-28,,
4373,1496,Site Cleanup Completed (NFA),RP-Lead,2000-08-11,"NFA'd issued August 8, 2000, UO8026JAR",
4374,1496,LUST Cleanup Initiated,RP-Lead,2000-08-11,UST Closure rpt rcvd 7/00,
4375,1497,Confirmed Release,RP-Lead,1998-12-28,,
4376,1497,LUST Cleanup Initiated,RP-Lead,2000-11-15,"UST Closure rpt rcvd, 2/99",
4377,1497,Site Cleanup Completed (NFA),RP-Lead,2001-06-27,"NFA'd issued 6/26/01, U06041JAR",
4378,1498,Confirmed Release,RP-Lead,1998-12-28,,
4379,1498,LUST Cleanup Initiated,RP-Lead,2000-11-15,"UST Closure rpt rcvd 2/99,  Need additional information.,",
4380,1498,Site Cleanup Completed (NFA),RP-Lead,2001-06-27,"NFA'd issued 6/26/01, U06041JAR",
4381,1499,Confirmed Release,RP-Lead,1998-12-29,,
4382,1499,Site Cleanup Completed (NFA),RP-Lead,1999-09-15,"NFA'd UO8104JAR, 8/25/99",
4383,1499,LUST Cleanup Initiated,RP-Lead,1999-09-15,rpt recv'd 7/23/99,
4384,1500,Confirmed Release,RP-Lead,1998-12-30,,
4385,1500,LUST Cleanup Initiated,RP-Lead,1999-02-01,Cls Rpt by Walker Consult.,
4386,1500,Site Cleanup Completed (NFA),RP-Lead,1999-12-20,NFA U12053RT,
4387,1501,LUST Cleanup Initiated,RP-Lead,1998-12-30,,
4388,1501,Confirmed Release,RP-Lead,1998-12-30,,
4389,1501,Site Cleanup Completed (NFA),RP-Lead,1999-08-09,,
4390,1502,Confirmed Release,RP-Lead,1998-12-30,,
4391,1502,LUST Cleanup Initiated,,2004-06-09,UST closure report 3/22/99,
4392,1502,Site Cleanup Completed (NFA),RP-Lead,2005-12-09,,
4393,1503,Confirmed Release,RP-Lead,1999-01-04,,
4394,1503,LUST Cleanup Initiated,RP-Lead,2001-06-13,"Site Investigation rpt dtd 3/01 and rcvd 5/01, need to review and comment.",
4395,1503,Exposure Prevention Management Plan,RP-Lead,2005-04-21,See Exposure Pathway Assess. Rpt. and Part A and B of Exposure Management Report,
4396,2532,Monitored Natural Attenuation,RP-Lead,1999-01-12,,
4397,2532,Confirmed Release,RP-Lead,1999-01-05,,
4398,2532,LUST Cleanup Initiated,RP-Lead,1999-01-15,Cls Rpt by HG Ent. 1/15/99.,
4399,1505,Confirmed Release,RP-Lead,1999-01-05,,
4400,1505,LUST Cleanup Initiated,RP-Lead,1999-02-02,1/7/99 Edward K Noda & Assoc. report,
4401,1505,Site Cleanup Completed (NFA),RP-Lead,1999-02-02,2/2/99 U02001JU letter,
4402,1506,Confirmed Release,RP-Lead,1999-01-06,,
4403,1506,LUST Cleanup Initiated,RP-Lead,1999-07-26,Morrison Knudsen Corporation report,
4404,1506,Site Cleanup Completed (NFA),RP-Lead,1999-11-19,U11049JU DOH letter,
4405,1507,Confirmed Release,RP-Lead,1999-01-07,,
4406,1507,LUST Cleanup Initiated,RP-Lead,1999-08-16,"Closure Report, Underground Storage Tanks K-27 and K-28, Marine Corps Base Hawaii, Kaneohe, Hawaii, DOH Facility Identification Numbers 9-102109-27 and 9-102109-28, dated August 16, 1999,, and  prepared by Morrison Knudsen Corporation Environmental Group",
4407,1507,Site Cleanup Completed (NFA),RP-Lead,2000-06-20,NFA letter U06031SL,
4408,1508,Confirmed Release,RP-Lead,1998-12-21,,
4409,1508,LUST Cleanup Initiated,RP-Lead,1999-06-17,"UST Closure and Closure Assessment - Wailuku - Kahului, Wastewater Reclamation Facility, Wastewater Reclamation Division, County of Maui, Department of Public Works and Waste Management,  281 Amala  Road, Kahului, Maui, Hawaii, dated June 17, 1999, and prepared by ENDYNE.",
4410,1508,Site Cleanup Completed (NFA),RP-Lead,2000-09-05,"NFA letter, U08063SL",
4411,1509,LUST Cleanup Initiated,RP-Lead,1999-01-08,,
4412,1509,Confirmed Release,RP-Lead,1999-01-08,,
4413,1510,Confirmed Release,RP-Lead,1999-01-08,via Phone call to DOH,
4414,1510,LUST Cleanup Initiated,RP-Lead,1999-07-27,6/16/99 JRHA Closure report and assessment-RSM,
4415,1510,Site Cleanup Completed (NFA),RP-Lead,2002-08-19,,
4416,1511,LUST Cleanup Initiated,RP-Lead,1994-03-31,12/15/94 Morrison Knudsen Corporation report,
4417,1511,Confirmed Release,RP-Lead,1994-04-06,,
4418,1511,Site Cleanup Completed (NFA),RP-Lead,1998-03-19,U03120SO,
4419,1512,Confirmed Release,RP-Lead,1998-12-21,,
4420,1512,LUST Cleanup Initiated,RP-Lead,1999-08-03,"closure rpt rcv'd 7/2/99, requesting NFA!",
4421,1512,Site Cleanup Completed (NFA),RP-Lead,1999-08-25,"NFA's Aug 18, 1999, UO8073JAR",
4422,1513,Confirmed Release,RP-Lead,1998-12-21,,
4423,1513,LUST Cleanup Initiated,RP-Lead,1999-08-03,"Closure rpt recv'd 7/2/99, NFA requested!",
4424,1513,Site Cleanup Completed (NFA),RP-Lead,1999-08-25,"NFA'd Aug 18, 1999, UO8071JAR",
4425,1514,Confirmed Release,RP-Lead,1998-12-21,,
4426,1514,LUST Cleanup Initiated,RP-Lead,1999-08-03,"closure rpt rcv'd 7/2/99, requesting NFA!",
4427,1514,Site Cleanup Completed (NFA),RP-Lead,1999-08-25,"NFA'd Aug 18, 1999, UO8070JAR",
4428,1515,Confirmed Release,RP-Lead,1998-12-21,U08091RT,
4429,1515,LUST Cleanup Initiated,RP-Lead,1999-06-23,,
4430,1515,Site Cleanup Completed (NFA),RP-Lead,1999-08-23,,
4431,1516,LUST Cleanup Initiated,RP-Lead,1999-01-14,Tanks Pulled,
4432,1516,Confirmed Release,RP-Lead,1999-01-14,,
4433,1516,Site Cleanup Completed (NFA),RP-Lead,2001-12-03,All soil samples below dispenser were below Tier 1 NFA U12001MS,
4434,1517,Confirmed Release,RP-Lead,1999-01-13,,
4435,1517,Site Cleanup Completed (NFA),RP-Lead,1999-04-29,"NFA issued April 22, 1999, UO4055",
4436,1517,LUST Cleanup Initiated,RP-Lead,1999-04-29,March 99,
4437,1518,LUST Cleanup Initiated,RP-Lead,1999-01-13,7/97 OHM report (submitted 1/13/99),
4438,1518,Confirmed Release,RP-Lead,1999-01-13,7/97 OHM report (submitted 1/13/99),
4439,1519,Confirmed Release,RP-Lead,1999-01-13,,
4440,1519,Site Cleanup Completed (NFA),RP-Lead,1999-02-02,2/2/99 U02002JU letter,
4441,1519,LUST Cleanup Initiated,RP-Lead,1999-02-02,7/7/97 OHM Remediation Services Corp report,
4442,1520,Confirmed Release,RP-Lead,1999-01-13,,
4443,1520,LUST Cleanup Initiated,RP-Lead,2002-07-10,"UST closed 3/96, closure rpt submitted 7/97",
4444,1520,Site Cleanup Completed (NFA),RP-Lead,2003-01-03,NFA U12015RT,
4445,1521,LUST Cleanup Initiated,RP-Lead,1999-01-13,"7/1/97-OHM Closure Report, 2,500 tons of PCS overexcavated & remediated for UST 479 & 480.-RSM",
4446,1521,Confirmed Release,RP-Lead,1999-01-13,,
4447,1521,Exposure Prevention Management Plan,,2005-10-14,U10020SF,
4448,1522,LUST Cleanup Initiated,RP-Lead,1999-01-22,7/25/2001 THIS CLEANUP INITIATED DATE IS USED AS A MARKER BECAUSE DERA FUNDED SITES WERE NOT ASSIGNED A CLEANUP INITATED DATE BY THE HEER OFFICE.  - RK,
4449,1522,Confirmed Release,RP-Lead,1999-01-22,,
4450,1522,Site Cleanup Completed (NFA),RP-Lead,2001-05-25,,
4451,1523,LUST Cleanup Initiated,RP-Lead,1999-01-22,7/25/2001 THIS CLEANUP INITIATED DATE IS USED AS A MARKER BECAUSE DERA FUNDED SITES WERE NOT ASSIGNED A CLEANUP INITATED DATE BY THE HEER OFFICE.  - RK,
4452,1523,Confirmed Release,RP-Lead,1999-01-22,,
4453,1523,Site Cleanup Completed (NFA),RP-Lead,2001-05-25,,
4454,1524,Confirmed Release,RP-Lead,1999-01-21,tank bp50,
4455,1524,LUST Cleanup Initiated,RP-Lead,1999-01-25,"1/21/99 Ltr, Commander NAS, BP-RSM",
4456,1524,Site Cleanup Completed (NFA),RP-Lead,2000-07-05,"8/1/99-OHM Final Closure Report. NFA ISSUED, UO6067RSM",
4457,1525,Confirmed Release,RP-Lead,1999-01-21,,
4458,1525,LUST Cleanup Initiated,RP-Lead,1999-05-09,"Underground Storage Tank closure  Assessment / Site Remediation Report, Paradise Service Station, 3155 Kuhio Highway, Lihue, Kauai, Hawaii, dated May 27, 1999, and prepared by J.R. Herold & Associates.
    Soil Sampling at Paradise Service Station, Lihue, Kauai, DOH Faciility ID # 9-701643, dated June  14, 1999, and prepared by Inter-Island Environmental Service Inc. (IES)
letter U02040SL",
4459,1526,Confirmed Release,RP-Lead,1999-01-22,,
4460,1526,LUST Cleanup Initiated,RP-Lead,1999-06-25,"UST Closure and Closure Assessment - Lahaina No. 1 Pump
Station, Wastewater Reclamation Division, Department of Public Works and Waste
Management, County of Maui,  Honoapiilani Highway, Lahaina, Maui, Hawaii, dated
June 28, 1999,  and prepared by ENDYNE.",
4461,1526,Site Cleanup Completed (NFA),RP-Lead,2000-09-05,,
4462,1527,Confirmed Release,RP-Lead,1999-01-22,,
4463,1527,LUST Cleanup Initiated,RP-Lead,1999-01-28,"UST Closure and Closure Assessment - Lahaina No. 1 Pump
Station, Wastewater Reclamation Division, Department of Public Works and Waste Management, County of Maui,  Honoapiilani Highway, Lahaina, Maui, Hawaii, dated June 28, 1999,  and prepared by ENDYNE.",
4464,1527,Site Cleanup Completed (NFA),RP-Lead,2000-10-03,,
4465,1528,Confirmed Release,RP-Lead,1999-01-15,,
4466,1528,LUST Cleanup Initiated,RP-Lead,1999-04-12,,
4467,1528,Site Cleanup Completed (NFA),RP-Lead,1999-05-07,,
4468,1529,Confirmed Release,RP-Lead,1999-01-25,,
4469,1529,LUST Cleanup Initiated,RP-Lead,1999-05-24,"Closure rpt rcvd 5/19/99, additional work needed, high levels of contamination in gw.",
4470,1529,Site Cleanup Completed (NFA),RP-Lead,2001-01-08,"Additional rpt submitted indicated no gw contamination, NFA'd issued 1/5/01, U01007JAR",
4471,1530,Confirmed Release,RP-Lead,1999-01-27,,
4472,1530,LUST Cleanup Initiated,RP-Lead,1999-07-06,Inter Island Environmental Services report,
4473,1530,Site Cleanup Completed (NFA),RP-Lead,2001-12-03,Origainally the site was considered by the consultant as being in an area where drinking water was threatened.  As it turned out drinking water is not threatened and therfore DOH tier 1 was not exceeded.  NFA U12004MS,
4474,1531,Monitored Natural Attenuation,RP-Lead,1999-02-01,,
4475,1531,Confirmed Release,RP-Lead,1999-01-27,,
4476,1531,LUST Cleanup Initiated,RP-Lead,2000-03-17,EnviroServices And Training Center report.,
4477,1532,Confirmed Release,RP-Lead,1998-07-23,"release occured march 17, 1995",
4478,1532,LUST Cleanup Initiated,RP-Lead,1998-08-01,"rpt dtd 3/95, rcv'd 7/98.  RFI lrtter submitted 9/15/99, reply rcv'd 10/11/99.",
4479,1532,Site Cleanup Completed (NFA),RP-Lead,2000-02-29,NFA'd  2/15/00  U02021JAR,
4480,1533,Confirmed Release,RP-Lead,1999-01-29,,
4481,1533,Site Cleanup Completed (NFA),RP-Lead,1999-09-15,"NFA'd 8/25/99, UO8103JAR",
4482,1533,LUST Cleanup Initiated,RP-Lead,1999-09-15,report reccv'd 7 /27/99,
4483,1534,Confirmed Release,RP-Lead,1998-12-28,"A release of gasoline from surface piping connected to a 6,000 gallon UST",
4484,1534,LUST Cleanup Initiated,RP-Lead,1999-11-29,Cls Rpt by Dames&Moore 11/29/99.,
4485,1535,Confirmed Release,RP-Lead,1997-11-12,,
4486,1535,LUST Cleanup Initiated,RP-Lead,1997-11-13,,
4487,1535,Site Cleanup Completed (NFA),RP-Lead,1999-08-26,U08130RT,
4488,1536,LUST Cleanup Initiated,,1999-01-19,,
4489,1536,Confirmed Release,RP-Lead,1999-01-19,,
4490,1536,Site Cleanup Completed (NFA),,2004-05-10,,
4491,1537,Confirmed Release,RP-Lead,1999-02-01,Notice received via CRN - no telephone call,
4492,1537,LUST Cleanup Initiated,RP-Lead,1999-06-17,,
4493,1537,Site Cleanup Completed (NFA),RP-Lead,1999-08-23,U08089RT,
4494,1538,Confirmed Release,RP-Lead,1999-02-01,,
4495,1538,LUST Cleanup Initiated,RP-Lead,1999-05-11,"UST's removed Jan 26 - Feb 8, 1999",
4496,1538,Site Cleanup Completed (NFA),RP-Lead,1999-08-11,"NFA's  UO6024JAR,  6/17/99",
4497,1539,Confirmed Release,RP-Lead,1999-02-05,,
4498,1539,LUST Cleanup Initiated,RP-Lead,1999-02-06,,
4499,1539,Site Cleanup Completed (NFA),RP-Lead,1999-06-18,,
4500,1540,Confirmed Release,RP-Lead,1999-01-27,No phone notification - CRN only,
4501,1540,Case Transferred to HEER (unregulated),RP-Lead,1999-07-30,LESS THAN 110 GALLON - RK,
4502,1541,Confirmed Release,RP-Lead,1999-01-27,No phone notification - CRN only,
4503,1541,Case Transferred to HEER (unregulated),RP-Lead,1999-07-30,LESS THAN 110 GALLON - RK,
4504,1542,Confirmed Release,RP-Lead,1999-02-05,,
4505,1542,LUST Cleanup Initiated,RP-Lead,1999-02-06,,
4506,1542,Site Cleanup Completed (NFA),RP-Lead,1999-11-26,NFA letter U11073DH issued 11/26/99.,
4507,1543,Confirmed Release,RP-Lead,1999-02-10,,
4508,1543,LUST Cleanup Initiated,RP-Lead,2000-05-01,MFA REPORT,
4509,1543,Site Cleanup Completed (NFA),RP-Lead,2001-12-11,NFA issued U12020RT,
4510,1544,Confirmed Release,RP-Lead,1999-02-09,,
4511,1544,LUST Cleanup Initiated,RP-Lead,1999-02-20,Walker Consultants. Inc.,
4512,1544,Site Cleanup Completed (NFA),RP-Lead,1999-08-23,U08093JU,
4513,1545,Confirmed Release,RP-Lead,1999-02-09,,
4514,1545,LUST Cleanup Initiated,RP-Lead,1999-06-04,Brewer Environmental Services,
4515,1545,Site Cleanup Completed (NFA),RP-Lead,1999-07-20,U07042JU,
4516,1546,Confirmed Release,RP-Lead,1999-02-12,,
4517,1546,LUST Cleanup Initiated,RP-Lead,1999-02-17,,
4518,1546,Site Cleanup Completed (NFA),State-Lead with State Money,1999-10-26,"NFA ISSUED, UI0076RSM",
4519,1547,Confirmed Release,RP-Lead,1999-02-16,,
4520,1547,LUST Cleanup Initiated,RP-Lead,1999-05-11,5/4/99 BES report. NFA requested,
4521,1547,Site Cleanup Completed (NFA),RP-Lead,1999-05-17,"NFA issued, UO5076RSM",
4522,1548,Confirmed Release,RP-Lead,1999-02-17,,
4523,1548,LUST Cleanup Initiated,RP-Lead,1999-05-17,5/11/99 ETC report,
4524,1548,Site Cleanup Completed (NFA),RP-Lead,2001-10-15,,
4525,1549,Confirmed Release,RP-Lead,2001-01-17,PREVIOUSLY WAS A SUSPECTED RELEASE- RK,
4526,1549,LUST Cleanup Initiated,RP-Lead,2001-03-20,"Closure and Closure Assessment Report received 5/1/01
NFA requested",
4527,1549,Site Cleanup Completed (NFA),RP-Lead,2001-06-19,,
4528,1550,Confirmed Release,RP-Lead,1999-02-22,,
4529,1550,Site Cleanup Completed (NFA),RP-Lead,1999-08-11,"NFA'd  UO7031JAR, 7/19/99",
4530,1550,LUST Cleanup Initiated,RP-Lead,1999-08-11,"Closure rpt, dtd 4/99",
4531,1551,Confirmed Release,RP-Lead,1999-01-27,,
4532,1551,LUST Cleanup Initiated,RP-Lead,1999-02-22,10/1/98 Phase II report by EnviroServices-RSM,
4533,1551,Site Cleanup Completed (NFA),,2006-03-17,Risk Assessment,
4534,1552,Confirmed Release,RP-Lead,1998-05-20,Debbie Bourgault of Unocal submitted the 11/24/92 MFA report and accompanying Notification Form on 5/20/98 during a meeting with her. (Eric 3/3/99),
4535,1552,LUST Cleanup Initiated,RP-Lead,2003-04-24,Work Plan,
4536,1552,Site Cleanup Completed (NFA),,2005-02-07,,
4537,1553,LUST Cleanup Initiated,RP-Lead,1997-07-29,7/17/97 BES report. NFA requested,
4538,1553,Confirmed Release,RP-Lead,1997-07-29,,
4539,1553,Site Cleanup Completed (NFA),RP-Lead,1999-05-24,"NFA issued, UO5089RSM",
4540,1554,Confirmed Release,RP-Lead,1999-03-02,,
4541,1554,LUST Cleanup Initiated,RP-Lead,1999-08-23,"UST Closure rpt and Short Term rls response, dtd 4/19/99",
4542,1554,Site Cleanup Completed (NFA),RP-Lead,1999-09-15,"NFA'd UO8105JAR, dtd 8/25/99",
4543,1555,Confirmed Release,RP-Lead,1998-07-24,,
4544,1555,LUST Cleanup Initiated,RP-Lead,2002-02-21,"Site Assesment rpt, dtd 12/97 and prepared by MKC",
4545,1555,Site Cleanup Completed (NFA),RP-Lead,2003-06-02,"NFA'd site on May 6, 2003, UO5031JAR",
4546,1556,Monitored Natural Attenuation,RP-Lead,1999-03-05,,
4547,1556,Confirmed Release,RP-Lead,1999-03-04,,
4548,1556,LUST Cleanup Initiated,RP-Lead,1999-08-11,"Short Term Rls report, 6/99",
4549,1556,Site Cleanup Completed (NFA),RP-Lead,2005-07-26,,
4550,1557,Confirmed Release,RP-Lead,1999-03-03,,
4551,1557,Case Transferred to HEER (unregulated),RP-Lead,1999-06-01,HEATING OIL,
4552,1558,Confirmed Release,RP-Lead,1999-03-12,,
4553,1558,LUST Cleanup Initiated,RP-Lead,1999-03-13,Closure Report,
4554,1558,Site Cleanup Completed (NFA),,2006-04-21,,
4555,1559,Confirmed Release,RP-Lead,1999-03-12,,
4556,1559,LUST Cleanup Initiated,RP-Lead,1999-03-18,Cls Rpt by Brewer 5/13/99.,
4557,1559,Site Cleanup Completed (NFA),RP-Lead,1999-11-05,,
4558,1560,Confirmed Release,RP-Lead,1998-04-06,,
4559,1560,LUST Cleanup Initiated,RP-Lead,1998-04-08,Cls Rpt by Navy Pub Wrks 1/27/98.,
4560,1561,LUST Cleanup Initiated,RP-Lead,1999-01-19,From 10/98 FOPCO closure report,
4561,1561,Confirmed Release,RP-Lead,1999-01-19,,
4562,1561,Site Cleanup Completed (NFA),RP-Lead,1999-03-30,DOH NFA Letter U03085DH,
4563,1562,Confirmed Release,RP-Lead,1999-03-17,,
4564,1562,LUST Cleanup Initiated,RP-Lead,1999-03-18,,
4565,1562,Site Cleanup Completed (NFA),RP-Lead,1999-08-18,,
4566,1563,Confirmed Release,RP-Lead,1999-03-24,,
4567,1563,LUST Cleanup Initiated,RP-Lead,1999-03-24,,
4568,1563,Site Cleanup Completed (NFA),RP-Lead,1999-03-29,,
4569,1564,Confirmed Release,RP-Lead,1999-03-25,,
4570,1564,LUST Cleanup Initiated,RP-Lead,1999-03-26,,
4571,1564,Site Cleanup Completed (NFA),RP-Lead,1999-11-17,,
4572,1565,Confirmed Release,RP-Lead,1998-03-19,,
4573,1565,LUST Cleanup Initiated,RP-Lead,1998-03-20,Cls Rpt HIES 3.12.98,
4574,1565,Site Cleanup Completed (NFA),RP-Lead,2002-01-04,NFA U01007RT,
4575,1566,Confirmed Release,RP-Lead,1999-03-25,,
4576,1566,LUST Cleanup Initiated,RP-Lead,1999-07-22,,
4577,1566,Site Cleanup Completed (NFA),RP-Lead,2002-06-04,NFA U06005RT,
4578,1567,Confirmed Release,RP-Lead,1999-03-29,,
4579,1567,Site Cleanup Completed (NFA),RP-Lead,1999-05-03,5/3/99 conversation w/ Ken Beal of Herold & Assoc./ U05012JU DOH ltr,
4580,1567,LUST Cleanup Initiated,RP-Lead,1999-05-03,3/25 & 28/99 J.R. Herold & Assoc. report,
4581,1568,LUST Cleanup Initiated,RP-Lead,1997-01-30,1/2/98 Morrison Knudsen Corporation Group report,
4582,1568,Confirmed Release,RP-Lead,1998-07-24,,
4583,1568,Site Cleanup Completed (NFA),RP-Lead,1999-05-11,"NFA issued, UO5038RSM",
4584,1569,LUST Cleanup Initiated,RP-Lead,1999-03-30,7/25/2001 THIS CLEANUP INITIATED DATE IS USED AS A MARKER BECAUSE DERA FUNDED SITES WERE NOT ASSIGNED A CLEANUP INITATED DATE BY THE HEER OFFICE.  - RK,
4585,1569,Confirmed Release,RP-Lead,1999-03-30,,
4586,1569,Site Cleanup Completed (NFA),RP-Lead,2001-05-25,,
4587,1570,LUST Cleanup Initiated,RP-Lead,1999-03-31,,
4588,1570,Confirmed Release,RP-Lead,1999-03-31,,
4589,1570,Site Cleanup Completed (NFA),RP-Lead,2001-05-25,,
4590,1571,LUST Cleanup Initiated,RP-Lead,1999-04-05,7/25/2001 THIS CLEANUP INITIATED DATE IS USED AS A MARKER BECAUSE DERA FUNDED SITES WERE NOT ASSIGNED A CLEANUP INITATED DATE BY THE HEER OFFICE.  - RK,
4591,1571,Confirmed Release,RP-Lead,1999-04-05,,
4592,1571,Site Cleanup Completed (NFA),RP-Lead,2001-05-25,,
4593,1572,Confirmed Release,RP-Lead,1999-04-05,,
4594,1572,LUST Cleanup Initiated,RP-Lead,1999-07-12,6/10/99 ESTC Closure Report-RSM,
4595,1572,Site Cleanup Completed (NFA),State-Lead with State Money,1999-11-08,"NFA ISSUED, U11021RSM",
4596,1573,Confirmed Release,RP-Lead,1999-04-08,,
4597,1573,Disconfirmed Release,RP-Lead,1999-05-27,5/3/99 EK Noda UST Closure report,
4598,1574,Confirmed Release,RP-Lead,1999-04-13,,
4599,1574,LUST Cleanup Initiated,RP-Lead,1999-08-01,Walker Consultants Limited report,
4600,1574,Site Cleanup Completed (NFA),RP-Lead,1999-10-11,DOH ltr. U10032JU,
4601,1575,Confirmed Release,RP-Lead,1999-04-12,,
4602,1575,LUST Cleanup Initiated,RP-Lead,1999-11-17,"Closure rpt rcv'd 10/12/99, requires additional work; review and write letter.",
4603,1576,Confirmed Release,RP-Lead,1999-04-19,,
4604,1576,Site Cleanup Completed (NFA),RP-Lead,1999-08-12,"NFA'd  UO5084JAR,  5/21/99",
4605,1576,LUST Cleanup Initiated,RP-Lead,1999-08-12,"Removal of UST Report, dtd 4/16/99 and Installation and resampling of GW, dtd 5/99",
4606,1577,Confirmed Release,RP-Lead,1999-04-22,,
4608,1578,Confirmed Release,RP-Lead,1999-04-23,,
4609,1578,LUST Cleanup Initiated,RP-Lead,1999-04-24,,
4610,1579,LUST Cleanup Initiated,RP-Lead,1999-03-11,"3/99 report by 'Aina Environmental, NFA requested-RSM",
4611,1579,Confirmed Release,RP-Lead,1999-03-11,3/99 closure report by AE,
4612,1579,Site Cleanup Completed (NFA),RP-Lead,1999-05-03,"NFA issued, UO5003RSM",
4613,1580,Confirmed Release,RP-Lead,1999-04-29,,
4614,1580,LUST Cleanup Initiated,RP-Lead,1999-10-11,KB Environmental Inc. report,
4615,1580,Site Cleanup Completed (NFA),RP-Lead,2000-01-31,U01074JU,
4616,1581,Confirmed Release,RP-Lead,1999-05-04,,
4617,1581,LUST Cleanup Initiated,RP-Lead,2001-12-21,rpt rcvd 6/99,
4618,1581,Site Cleanup Completed (NFA),RP-Lead,2002-04-10,"Rls Resp Rpt rcv'd 6/00, NFA'd 3/13/02, U03037JAR",
4619,1582,Confirmed Release,RP-Lead,1999-05-07,,
4620,1582,LUST Cleanup Initiated,RP-Lead,2001-06-13,"rcvd rpt 5 March 1999, addt work required.",
4621,1582,Site Cleanup Completed (NFA),RP-Lead,2001-07-26,"NFA'd  26 July 2001, UO7050JAR",
4622,1583,Confirmed Release,RP-Lead,1999-05-05,,
4623,1583,LUST Cleanup Initiated,RP-Lead,1999-06-04,,
4624,1583,Site Cleanup Completed (NFA),RP-Lead,1999-08-17,U08060RT,
4625,1584,Confirmed Release,RP-Lead,1999-05-10,,
4626,1584,LUST Cleanup Initiated,RP-Lead,1999-10-25,Cls Rpt by ATG 9/99.,
4627,1584,Site Cleanup Completed (NFA),RP-Lead,2003-01-30,NFA letter U01027RT,
4628,1585,Confirmed Release,RP-Lead,1999-05-11,,
4629,1585,LUST Cleanup Initiated,RP-Lead,1999-10-04,11/4/99 Clayton Environmental Consultants report,
4630,1585,Site Cleanup Completed (NFA),RP-Lead,1999-11-01,DOH letter U11003JU,
4631,1586,Confirmed Release,RP-Lead,1999-05-12,,
4632,1586,LUST Cleanup Initiated,RP-Lead,1999-10-15,Cls Rpt by Walker 9/99.,
4633,1586,Site Cleanup Completed (NFA),RP-Lead,1999-12-20,NFA U12049RT,
4634,1587,LUST Cleanup Initiated,RP-Lead,1998-10-02,9/1/98 BCH closure report. NFA requested,
4635,1587,Confirmed Release,RP-Lead,1998-10-02,9/98 BCH report,
4636,1587,Site Cleanup Completed (NFA),RP-Lead,1999-05-13,"NFA issued, UO5062RSM",
4637,1588,LUST Cleanup Initiated,RP-Lead,1999-03-25,8/7/91 UNITEK closure report. Requested clean closure letter from DOH.,
4638,1588,Confirmed Release,RP-Lead,1999-03-25,,
4639,1588,Site Cleanup Completed (NFA),RP-Lead,1999-05-24,"NFA issued, UO5088RSM",
4640,1589,Confirmed Release,RP-Lead,1999-05-25,,
4641,1589,LUST Cleanup Initiated,RP-Lead,1999-09-27,Cls Rpt. by Stewart 9/24/99.,
4642,1589,Site Cleanup Completed (NFA),RP-Lead,2000-02-25,U02049RT NFA,
4643,1590,Confirmed Release,RP-Lead,1999-05-27,,
4644,1590,Case Transferred to HEER (unregulated),RP-Lead,1999-06-01,HEATING OIL,
4645,1591,Confirmed Release,RP-Lead,1999-05-28,,
4646,1591,LUST Cleanup Initiated,RP-Lead,1999-11-10,Cls Rpt by JR Herold 9/20/99.,
4647,1591,Site Cleanup Completed (NFA),RP-Lead,1999-12-29,NFA U12079RT,
4648,1592,LUST Cleanup Initiated,RP-Lead,1999-06-01,,
4649,1592,Confirmed Release,RP-Lead,1999-06-01,,
4650,1592,Site Cleanup Completed (NFA),RP-Lead,2000-04-04,,
4651,1593,Confirmed Release,RP-Lead,1999-04-07,,
4652,1593,Site Cleanup Completed (NFA),RP-Lead,2000-06-07,"NFA'd issued 5/22/00, U05039JAR",
4653,1593,LUST Cleanup Initiated,RP-Lead,2000-06-07,see entry on 880020 release,
4654,1594,Confirmed Release,RP-Lead,1999-05-21,,
4655,1594,LUST Cleanup Initiated,RP-Lead,1999-05-21,,
4656,1594,Site Cleanup Completed (NFA),RP-Lead,1999-07-07,,
4657,1595,Confirmed Release,RP-Lead,1999-06-01,,
4658,1595,LUST Cleanup Initiated,RP-Lead,1999-08-30,"Final UST Closure Report (1,000 gallon used oil UST) , dated August 3, 1998, and prepared by ECC",
4659,1595,Site Cleanup Completed (NFA),RP-Lead,2001-10-19,DOH NFA letter U10054SL,
4660,1596,LUST Cleanup Initiated,RP-Lead,1999-06-02,8/18/98 CEC report.,
4661,1596,Confirmed Release,RP-Lead,1999-06-02,"8/18/98 CEC closure report, small amount of release to the soil. NFA requested. Non-notifier",
4662,1596,Site Cleanup Completed (NFA),RP-Lead,1999-06-25,"6/25/99 NFA issued, UO6045RSM",
4663,1597,Confirmed Release,RP-Lead,1999-06-21,,
4664,1597,LUST Cleanup Initiated,RP-Lead,1999-08-16,"Short Term Release Reesponse Report, For Hawaiian Isles Enterprises, 2861 Mokumoa Street, Honolulu, Oahu, Hawaii, dated September 3, 1999, and prepared by Kimura International,Inc.

Groundwater Characterization Activities Report for  For Hawaiian Isles Enterprises, 2861 Mokumoa Street, Honolulu, Hawaii,  96819, dated January 14, 2000, and prepared by Kimura International,Inc.",
4665,1597,Site Cleanup Completed (NFA),RP-Lead,2002-10-03,"NFA letter issued. U09024SL, dated 9/25/02",
4666,1598,LUST Cleanup Initiated,RP-Lead,1999-06-02,"5/27/99 CH2MH Closure report--RSM
NFA requested",
4667,1598,Confirmed Release,RP-Lead,1999-06-02,5/27/99 CH2MH Closure report--RSM,
4668,1598,Site Cleanup Completed (NFA),RP-Lead,1999-06-23,"6/23/99 NFA issued, UO6053RSM",
4669,1599,Confirmed Release,RP-Lead,1999-07-09,,
4670,1599,LUST Cleanup Initiated,RP-Lead,1999-08-05,"Underground Storage Tank Closure Report, City And County Of Honolulu, Kakaako Fire Department-Mechanics Shop, 620 South Street, Honolulu, Hawaii 96813, dated August  27, 1999 and prepared by The Fuel Oil Polishing Company Of Hawaii,Inc. (FOPCO)",
4671,1600,Confirmed Release,RP-Lead,1999-07-16,,
4672,1600,LUST Cleanup Initiated,RP-Lead,1999-11-09,Requested for Release Disconfirmation; Memo of Exempt UST to HEER (U11069SL),
4673,1600,Site Cleanup Completed (NFA),,2006-02-23,NFA letter (U02017SL) dated 2/17/06,
4674,1601,LUST Cleanup Initiated,RP-Lead,1999-07-19,7/25/2001 THIS CLEANUP INITIATED DATE IS USED AS A MARKER BECAUSE DERA FUNDED SITES WERE NOT ASSIGNED A CLEANUP INITATED DATE BY THE HEER OFFICE.  - RK,
4675,1601,Confirmed Release,RP-Lead,1999-07-19,,
4676,1601,Site Cleanup Completed (NFA),RP-Lead,2001-05-25,,
4677,1602,LUST Cleanup Initiated,RP-Lead,1999-07-19,7/25/2001 THIS CLEANUP INITIATED DATE IS USED AS A MARKER BECAUSE DERA FUNDED SITES WERE NOT ASSIGNED A CLEANUP INITATED DATE BY THE HEER OFFICE.  - RK,
4678,1602,Confirmed Release,RP-Lead,1999-07-19,,
4679,1602,Site Cleanup Completed (NFA),RP-Lead,2001-05-25,,
4680,1603,Confirmed Release,RP-Lead,1999-05-27,Release notice provided in 10/27/98 ECC closure report - rcvd by DOH 5/27/99.,
4681,1603,LUST Cleanup Initiated,RP-Lead,1999-11-23,Revised Final Remediation of Petroleum Contaminated Soil Site Assessment Report. 06/06/02 by Environ. Chemical Corp.,
4682,1603,Site Cleanup Completed (NFA),RP-Lead,2002-11-04,Revised Final Remediation of Petroleum Contaminated Soil Site Assessment Report. 06/06/02 by Environ. Chemical Corp. Remediation and follow-up sampling documented site remediated to below DOH Tier 1 SALs.,
4683,1604,LUST Cleanup Initiated,RP-Lead,1999-05-19,,
4684,1604,Confirmed Release,RP-Lead,1999-05-19,"5/12/99 IES closure report, NFA requested-RSM",
4685,1604,Site Cleanup Completed (NFA),RP-Lead,1999-08-26,"NFA ISSUED, U08114RSM",
4686,1605,Confirmed Release,RP-Lead,1999-07-28,,
4687,1605,LUST Cleanup Initiated,RP-Lead,2000-08-17,"Soil sampling report - H.G. Enterprises, Inc.",
4688,1606,Confirmed Release,RP-Lead,1999-07-30,,
4689,1606,LUST Cleanup Initiated,RP-Lead,1999-07-31,,
4690,1606,Site Cleanup Completed (NFA),RP-Lead,1999-11-26,,
4691,1607,Confirmed Release,RP-Lead,1999-07-30,,
4693,1608,Monitored Natural Attenuation,RP-Lead,1999-08-05,,
4694,1608,Confirmed Release,RP-Lead,1999-08-04,,
4695,1608,LUST Cleanup Initiated,RP-Lead,2001-12-21,Site assessement rpt dtd 11/01,
4696,1608,Site Cleanup Completed (NFA),RP-Lead,2005-08-26,,
4697,1609,LUST Cleanup Initiated,RP-Lead,1999-08-06,8/3/99 notification summary,
4698,1609,Confirmed Release,RP-Lead,1999-08-06,,
4699,1609,Site Cleanup Completed (NFA),RP-Lead,2001-05-25,,
4700,1610,LUST Cleanup Initiated,RP-Lead,1999-08-06,8/3/99 release notification summary,
4701,1610,Confirmed Release,RP-Lead,1999-08-06,,
4702,1610,Site Cleanup Completed (NFA),RP-Lead,2001-05-25,,
4703,1611,LUST Cleanup Initiated,RP-Lead,1999-08-06,7/25/2001 THIS CLEANUP INITIATED DATE IS USED AS A MARKER BECAUSE DERA FUNDED SITES WERE NOT ASSIGNED A CLEANUP INITATED DATE BY THE HEER OFFICE.  - RK,
4704,1611,Confirmed Release,RP-Lead,1999-08-06,,
4705,1611,Site Cleanup Completed (NFA),RP-Lead,2001-05-25,,
4706,1612,Confirmed Release,RP-Lead,1999-08-12,Phone report by HIES-RSM,
4707,1612,LUST Cleanup Initiated,RP-Lead,2000-03-03,10/25/99-HIES Closure Report,
4708,1612,Site Cleanup Completed (NFA),RP-Lead,2001-05-03,,
4709,1613,LUST Cleanup Initiated,RP-Lead,1999-08-12,7/25/2001 THIS CLEANUP INITIATED DATE IS USED AS A MARKER BECAUSE DERA FUNDED SITES WERE NOT ASSIGNED A CLEANUP INITATED DATE BY THE HEER OFFICE.  - RK,
4710,1613,Confirmed Release,RP-Lead,1999-08-12,,
4712,1614,LUST Cleanup Initiated,RP-Lead,1999-07-28,,
4713,1614,Confirmed Release,RP-Lead,1999-07-28,Notification to HEER (case #199907280950-476),
4714,1615,LUST Cleanup Initiated,RP-Lead,1999-07-28,,
4715,1615,Confirmed Release,RP-Lead,1999-07-28,HEER case #199907280951-477,
4716,1615,Site Cleanup Completed (NFA),RP-Lead,2001-09-18,,
4717,1616,LUST Cleanup Initiated,RP-Lead,1999-08-16,7/25/2001 THIS CLEANUP INITIATED DATE IS USED AS A MARKER BECAUSE DERA FUNDED SITES WERE NOT ASSIGNED A CLEANUP INITATED DATE BY THE HEER OFFICE.  - RK,
4718,1616,Confirmed Release,RP-Lead,1999-08-16,8/24/99 CRN UO8088RSM,
4720,1617,LUST Cleanup Initiated,RP-Lead,1999-07-30,"7/20/99 FOPCO CLOSURE REPORT, NFA REQUESTED-RSM",
4721,1617,Confirmed Release,RP-Lead,1999-07-30,,
4722,1617,Site Cleanup Completed (NFA),State-Lead with State Money,1999-08-26,"NFA ISSUED, UO8124RSM",
4723,1618,Confirmed Release,RP-Lead,1999-08-18,,
4724,1618,LUST Cleanup Initiated,RP-Lead,1999-09-14,UST Closure Assessment Gate 20,
4725,1618,Site Cleanup Completed (NFA),RP-Lead,2001-05-21,,
4726,1619,Confirmed Release,RP-Lead,1999-08-26,8/26/99 LFR letter,
4727,1619,LUST Cleanup Initiated,RP-Lead,2000-10-02,"Report rcvd June 2000, LFR recommended seasonal gw monitoring, concurred.",
4728,1619,Site Cleanup Completed (NFA),RP-Lead,2001-10-23,"NFA'd 10/19/01, U10047JAR, per Aug 2001 GW monitoring and Final RR report.",
4729,1620,Confirmed Release,RP-Lead,1999-08-19,"Via phone call to R. Maniulit, U08086RSM CRN letter sent on 8/23/99",
4730,1620,LUST Cleanup Initiated,RP-Lead,1999-08-25,8/27/99 ESTC letter report-RSM,
4731,1620,Site Cleanup Completed (NFA),State-Lead with State Money,1999-11-04,"NFA ISSUED, U11015RSM",
4732,1621,Confirmed Release,RP-Lead,1999-07-27,,
4733,1621,LUST Cleanup Initiated,RP-Lead,1999-07-27,"7/22/99 JRHA Closure Report, NFA requested-RSM",
4734,1621,Site Cleanup Completed (NFA),State-Lead with State Money,1999-09-23,"NFA Issued, UO9016RSM",
4735,1622,Confirmed Release,RP-Lead,1999-08-17,,
4736,1622,LUST Cleanup Initiated,RP-Lead,1999-08-24,,
4737,1622,Site Cleanup Completed (NFA),RP-Lead,1999-11-16,NFA'd  11/8/99 U11024JAR,
4738,1623,Confirmed Release,RP-Lead,1999-08-30,"7/15/98 Brewer report (transmitted 8/27/99, rcvd 8/30/99)",
4739,1623,LUST Cleanup Initiated,RP-Lead,2001-12-21,rpt rcvd 8/99,
4740,1623,Site Cleanup Completed (NFA),RP-Lead,2002-12-10,NFA'd 10/23/02  U10046JAR,
4741,1624,Confirmed Release,RP-Lead,1998-05-01,,
4742,1624,LUST Cleanup Initiated,RP-Lead,1998-10-20,Environmental Chemical Corporation report,
4743,1624,Site Cleanup Completed (NFA),RP-Lead,1999-10-11,DOH ltr. U10033JU,
4744,1625,LUST Cleanup Initiated,RP-Lead,1999-05-14,"5/7/99 CRN - PCS excavated, FP removal. Site Assessment Report, Underground Storage Tanks KB-49,  KB-54,  KB-55 , At Marine Corps Base Hawaii, Kaneohe, Oahu, State of Hawaii DOH Facility Identification Number 9-102120-49,    9-102123-54,      
9-102123-55 , dated August  2, 1999, and prepared by Morrison Knudsen Corporation Environmental Group. ( Jose has assumed this case. Shaobin, 11/9/99)",
4745,1625,Confirmed Release,RP-Lead,1999-05-14,5/7/99 CRN,
4746,1625,Site Cleanup Completed (NFA),RP-Lead,2004-03-22,,
4747,1626,Confirmed Release,RP-Lead,1999-09-09,,
4748,1626,LUST Cleanup Initiated,RP-Lead,2000-05-08,Closure & Short Term Rls Resp rpt rcvd 3/1/00.  RFI letter submitted 3/15/00,
4749,1626,Site Cleanup Completed (NFA),RP-Lead,2001-03-20,"NFA'd March 19, 2001, UO3023JAR",
4750,1627,Confirmed Release,RP-Lead,1998-05-08,,
4752,1628,Confirmed Release,RP-Lead,1998-04-29,,
4753,1628,LUST Cleanup Initiated,RP-Lead,1999-05-27,10/23/98 ECC Site Assessment Report-RSM,
4754,1628,Site Cleanup Completed (NFA),RP-Lead,2000-07-18,"NFA ISSUED, U07022RSM",
4755,1629,Confirmed Release,RP-Lead,1998-05-29,,
4756,1629,Site Cleanup Completed (NFA),RP-Lead,2000-02-29,NFA'd  2/15/00  U02006JAR,
4757,1629,LUST Cleanup Initiated,RP-Lead,2000-02-29,report submitted 1/7/00,
4758,1630,LUST Cleanup Initiated,RP-Lead,1996-03-28,closure report,
4759,1630,Confirmed Release,RP-Lead,1996-03-28,,
4760,1630,Site Cleanup Completed (NFA),RP-Lead,2000-06-27,ESE Site investigation report,
4761,1631,Confirmed Release,RP-Lead,1999-09-13,,
4762,1631,LUST Cleanup Initiated,,1999-12-16,Rpt by Masa Fuj 12.16.04 -RT,
4763,1631,Site Cleanup Completed (NFA),,2004-12-23,U12032RT,
4764,1632,Confirmed Release,RP-Lead,1999-09-13,,
4765,1632,LUST Cleanup Initiated,RP-Lead,2000-05-10,Cls Rpt by Walker December 1999,
4766,1632,Site Cleanup Completed (NFA),RP-Lead,2000-07-17,NFA U07024RT,
4767,1633,Confirmed Release,RP-Lead,1999-09-14,,
4768,1633,LUST Cleanup Initiated,RP-Lead,2000-06-30,Cls Rpt by Brewer 1/6/2000.,
4769,1633,Site Cleanup Completed (NFA),RP-Lead,2000-11-20,NFA U11041RT,
4770,1634,Confirmed Release,RP-Lead,1998-07-24,12/19/97 Morrison Knudsen report rcvd 7/24/98,
4771,1634,LUST Cleanup Initiated,RP-Lead,1999-02-07,"Site Assessment Report, Underground Storage Tank CS-A-26, at Camp Smith, Oahu, dated December 19, 1997, prepared by Morrison Knudsen Corporation Environmental Group.",
4772,1635,Monitored Natural Attenuation,RP-Lead,1999-09-23,,
4773,1635,Confirmed Release,RP-Lead,1998-07-24,12/19/97 Morrison Knudsen report rcvd 7/24/98,
4774,1635,LUST Cleanup Initiated,RP-Lead,2000-02-10,"Site Assessment Report, Underground Storage Tank CS-A-27,
at Camp Smith, Oahu, dated December 19, 1997, and prepared by Morrison Knudsen Corporation Environmental Group.",
4775,1635,Exposure Prevention Management Plan,,2002-10-01,EPMP sent to DOH.,
4776,1635,Site Cleanup Completed (NFA),,2005-04-04,DOH letter dated 4/4/05,
4777,1636,Confirmed Release,RP-Lead,1998-07-24,12/12/97 Morrison Knudsen report rcvd 7/24/98,
4778,1636,LUST Cleanup Initiated,RP-Lead,1998-12-07,"Site Assessment Report, Underground Storage Tank CS-A-21, at Camp Smith, Oahu, dated December 12, 1997, prepared by Morrison Knudsen Corporation Environmental Group.",
4779,1636,Site Cleanup Completed (NFA),RP-Lead,2005-09-21,,
4780,1637,Confirmed Release,RP-Lead,1999-09-20,,
4781,1637,LUST Cleanup Initiated,RP-Lead,1999-10-01,,
4782,1637,Site Cleanup Completed (NFA),RP-Lead,2000-06-24,NFA U06046RT,
4783,1638,Confirmed Release,RP-Lead,1999-09-23,,
4784,1638,LUST Cleanup Initiated,RP-Lead,1999-10-21,"Underground Storage Tank Closure And Release Response Report, Former Shell Service Station, 10 South Kamehameha Highway, Wahiawa, Hawaii, dated October 21, 1999  and Prepared by Brewer Environmental Services (BES)",
4785,1638,Site Cleanup Completed (NFA),RP-Lead,1999-12-22,"U12064SL, NFA issued.",
4786,1639,Confirmed Release,RP-Lead,1999-09-13,,
4787,1639,LUST Cleanup Initiated,RP-Lead,1999-11-01,"Walker Consultants, Ltd. report",
4788,1639,Site Cleanup Completed (NFA),RP-Lead,1999-12-01,DOH letter U12004JU,
4789,1640,Confirmed Release,RP-Lead,1997-03-19,,
4790,1640,LUST Cleanup Initiated,RP-Lead,1997-12-12,Morrison Knudsen Environmental Group,
4792,1641,Confirmed Release,RP-Lead,1997-04-22,,
4793,1642,LUST Cleanup Initiated,RP-Lead,1997-03-14,2/5/97 CRN report,
4794,1642,Confirmed Release,RP-Lead,1997-03-14,3/13/97 Notification Form rcvd 3/14/97,
4795,1642,Site Cleanup Completed (NFA),RP-Lead,2003-07-24,,
4796,1643,Confirmed Release,RP-Lead,1997-03-14,3/13/97 Notification Form rcvd 3/14/97,
4797,1644,Confirmed Release,RP-Lead,1997-04-22,,
4799,1645,Confirmed Release,RP-Lead,1997-05-15,SUBMITTED CRN - RK,
4800,1645,Disconfirmed Release,RP-Lead,1997-06-01,see ttt results - rk,
5129,1761,Site Cleanup Completed (NFA),RP-Lead,2001-02-27,,
4801,1646,LUST Cleanup Initiated,RP-Lead,1999-10-06,10/19/99 CRN report,
4802,1646,Confirmed Release,,1999-10-06,VIA PHONE BY BOBBY MUSO OF BREWER ENVIRONMENTAL-RSM,
4803,1646,Site Cleanup Completed (NFA),RP-Lead,2003-02-25,,
4804,1647,Confirmed Release,RP-Lead,1997-11-28,SEE THE 11/28/97 NOTIFICATION FORM.  THIS UST IS DERA FUNDED AND EXEMPT - RK,
4805,1648,Confirmed Release,,1995-12-01,SEE CLOSURE REPT DATED 9/19/96 - RK,
4806,1648,LUST Cleanup Initiated,RP-Lead,1996-09-25,,
4807,1648,Site Cleanup Completed (NFA),,2005-05-25,U05057CP,
4808,1649,Confirmed Release,,1992-11-16,SEE 2/10/97 REPORT - RK,
4809,1649,Site Cleanup Completed (NFA),RP-Lead,2000-05-08,"NFA'd 5/1/00, UO5003JAR",
4810,1649,LUST Cleanup Initiated,RP-Lead,2000-05-08,Report submitted 11/28/97,
4811,1650,Confirmed Release,,1997-02-01,SEE REPORTED DATED 10/7/97  -RK,
4812,1650,LUST Cleanup Initiated,RP-Lead,1997-02-21,Colsure report indicates no contamination above Tier 1,
4813,1650,Site Cleanup Completed (NFA),RP-Lead,2002-02-08,NFA U02036MS,
4814,1651,Confirmed Release,RP-Lead,1995-11-21,SEE NOTIFICATION FORM DATED 2/13/98 - RK,
4815,1652,Confirmed Release,RP-Lead,1995-11-14,SEE NOTIFICATION FORM DATED 2/13/98 - RK,
4816,1653,Confirmed Release,,1995-07-27,SEE NOTIFICATION FORM DATED 2/13/98 - RK,
4817,1654,Confirmed Release,RP-Lead,1999-10-20,VIA TELEPHONE CALL FROM MIKE CHOY - RK,
4818,1654,LUST Cleanup Initiated,RP-Lead,2000-01-20,"cls rpt by Rest, Inc.",
4820,1655,Confirmed Release,,1993-03-01,"via notification form dated Feb 12, 1999 - GO",
4821,1655,LUST Cleanup Initiated,RP-Lead,1999-12-14,"UST Closure report dated May 93 and rcvd 12/9/99.  Potential for NFA, need to review.",
4822,1655,Site Cleanup Completed (NFA),RP-Lead,2000-01-24,"NFA'd 1/18/00, U01026JAR",
4823,1656,Confirmed Release,,1999-10-08,,
4824,1656,Site Cleanup Completed (NFA),RP-Lead,2000-06-27,"NFA'd 6/26/00, UO6053JAR",
4825,1656,LUST Cleanup Initiated,RP-Lead,2000-06-27,"UST Closure Assessment, dtd 5/00",
4826,1657,Confirmed Release,,1999-10-06,,
4827,1657,LUST Cleanup Initiated,RP-Lead,2000-05-30,"Edward K. Noda & Assc., Site Characterization and Closure report",
4828,1657,Site Cleanup Completed (NFA),RP-Lead,2000-07-06,U07009JU DOH letter,
4829,1658,Confirmed Release,,1998-11-01,VIA CALL ON 10/27/99 - RK,
4830,1658,LUST Cleanup Initiated,RP-Lead,2000-07-27,"Closure rpt dtd 7 Dec 99, states "" tank not there"" consultant excavated area and detected TPH-d at 2,500 ppm, no BTEX or PAH's.   Based on results decided to close out site.  Plans are to built a Civic Center w/i the area.  If contamination is detected they need to address contamination.",
4831,1658,Site Cleanup Completed (NFA),RP-Lead,2000-09-08,"NFA'd 7/31/00, UO7053JAR",
4832,1659,Confirmed Release,,1997-09-11,SEE CLOSURE REPORT DATED 4/26/99 - RK,
4833,1659,LUST Cleanup Initiated,RP-Lead,1999-10-12,,
4834,1659,Site Cleanup Completed (NFA),RP-Lead,1999-11-29, NFA U11057RT,
4835,1660,Confirmed Release,,1998-01-09,VIA CRN - RK,
4836,1660,LUST Cleanup Initiated,RP-Lead,1999-10-12,Cls Rpt by Morrison Knudsen 4/19/99.,
4837,1660,Site Cleanup Completed (NFA),RP-Lead,1999-12-06,NFA U11084RT,
4838,1661,Confirmed Release,,1996-09-04,SEE REPORT DATED 3/28/97 - RK,
4839,1661,LUST Cleanup Initiated,RP-Lead,1999-09-27,"Closure Report, UST KB-53 at Marine Corps Base Hawaii, Kaneohe, Oahu, dated 3/28/97, prepared  by Morrison Knudsen Corporation Environmental Group",
4840,1661,Site Cleanup Completed (NFA),RP-Lead,2000-01-12,"NFA letter, U11023SL",
4841,1662,Confirmed Release,,1997-05-27,SEE REPORT DATED 10/5/98 - RK,
4842,1662,LUST Cleanup Initiated,RP-Lead,1998-10-05,"Closure Report, Underground Storage Tank KB-21 at Marine Corps Base Hawaii, Kaneohe, Oahu, State of Hawaii DOH Facility Identification Number 9-102105-21, dated October  5, 1998, prepared by Morrison Knudsen Corporation Environmental Group.",
4843,1662,Site Cleanup Completed (NFA),RP-Lead,2000-01-13,NFA letter U11034SL,
4844,1663,Confirmed Release,RP-Lead,1995-05-01,SEE REPORT DATED 2/13/97 - RK,
4845,1663,LUST Cleanup Initiated,RP-Lead,1997-02-13,"Final Underground Storage Tank Closure Report, UST KB-18, Building 207, Marine Corps Base Hawaii, Kaneohe, Oahu, Hawaii (Revised), dated February 13, 1997, prepared by Environmental Sciences Pacific, Inc..",
4846,1664,Confirmed Release,RP-Lead,1996-12-01,SEE REPORT DATED 11/14/97 - RK,
4847,1664,LUST Cleanup Initiated,RP-Lead,1997-11-14,"Closure Report, Underground Storage Tank  KB-45, KB-46, KB-47 at Marine Corps Base Hawaii, Kaneohe, Oahu, State of Hawaii DOH Facility Identification Numbers 9-102119-45, 9-102119-46,      9-102119-47, dated November  14, 1997, prepared  by Morrison Knudsen Corporation Environmental Group (MKCEG)",
4848,1664,Site Cleanup Completed (NFA),RP-Lead,2000-01-13,NFA Letter U11034SL,
4849,1665,Confirmed Release,,1995-01-11,SEE REPORTED DATED 1/29/97 - RK,
4850,1665,LUST Cleanup Initiated,RP-Lead,1997-01-01,"Environmental Sciences-Pacific, Inc. report",
4851,1665,Site Cleanup Completed (NFA),RP-Lead,1999-11-26,DOH letter U11071JU,
4852,1666,Confirmed Release,RP-Lead,1997-12-08,SEE REPORT DATED 8/7/98 - RK,
4853,1666,LUST Cleanup Initiated,RP-Lead,1999-11-24,Morrison Knudsen Corporation report,
4854,1666,Site Cleanup Completed (NFA),RP-Lead,2001-02-12,U02009JU,
4855,1667,Confirmed Release,RP-Lead,1995-05-01,SEE REPORT DATED 2/13/97 - RK,
4856,1667,LUST Cleanup Initiated,RP-Lead,1999-10-12,2/13/97 - ES-P closure report - RSM,
4857,1668,Confirmed Release,RP-Lead,1996-02-01,SEE CLOSURE REPT DATED 5/9/97 -RK,
4858,1668,LUST Cleanup Initiated,RP-Lead,1999-10-12,5/9/97-MKCEG Closure Report,
4859,1668,Site Cleanup Completed (NFA),State-Lead with State Money,1999-11-22,"NFA ISSUED, U11056RSM",
4860,1669,Confirmed Release,RP-Lead,1997-01-01,SEE REPORT DATED 11/14/97 - RK,
4861,1669,LUST Cleanup Initiated,RP-Lead,1999-10-12,11/14/97-MKCEG Closure Report-RSM,
5266,1809,Site Cleanup Completed (NFA),,2004-09-30,U09038SF,
4862,1669,Site Cleanup Completed (NFA),State-Lead with State Money,1999-11-22,"NFA ISSUED, U11042RSM",
4863,1670,LUST Cleanup Initiated,RP-Lead,1997-10-01,7/26/99 MKCEG Closure Report. NFA requested-RSM,
4864,1670,Confirmed Release,RP-Lead,1997-10-01,SEE REPORT DATED 7/26/99 -R K,
4865,1670,Site Cleanup Completed (NFA),State-Lead with State Money,1999-11-22,"NFA ISSUED, U11055RSM",
4866,1671,Confirmed Release,RP-Lead,1995-01-15,SEE REPORT DATED 5/16/95 - RK,
4867,1671,Site Cleanup Completed (NFA),RP-Lead,2000-06-27,"NFA'd 6/26/00, UO6035JAR",
4868,1671,LUST Cleanup Initiated,RP-Lead,2000-06-27,"UST Closure rpt dtd 5/95, rcvd 10/99",
4869,1672,Confirmed Release,RP-Lead,1997-01-01,SEE REPORT DATED 11/14/97 - RK,
4870,1672,LUST Cleanup Initiated,RP-Lead,2002-07-10,"SUT closure rpt in file, work plan for additional work aproved 2/02",
4871,1673,Confirmed Release,RP-Lead,1995-03-07,SEE REPORT DATED 7/18/95 - RK,
4872,1673,LUST Cleanup Initiated,RP-Lead,1999-11-17,"UST closure rpt rcv'd 8/29/97, additional work required at the site; TPH-d above TOAL",
4873,1673,Case Transferred to HEER (unregulated),RP-Lead,2004-01-05,"Case was transfer to HEER 12/31/03, see memo in file.  The release is associated with a former 8"" bunker oil pipe release.",
4874,1673,Site Cleanup Completed (NFA),RP-Lead,2004-01-05,"NFA'd based on findings, release not associated with contamination detected.  12/31/03, U12043JAR",
4875,1674,Confirmed Release,RP-Lead,1993-04-12,,
4876,1674,LUST Cleanup Initiated,RP-Lead,1993-06-25,6/22/93-BES Closure Report,
4877,1674,Site Cleanup Completed (NFA),State-Lead with State Money,1999-11-02,"NFA ISSUED, U11006RSM",
4878,1675,Confirmed Release,RP-Lead,1999-11-09,,
4879,1675,Disconfirmed Release,State-Lead with State Money,1999-12-14,12/13/99-ETC letter,
4882,1676,Confirmed Release,RP-Lead,1999-11-19,RICH TOOK THE CALL - RK,
4883,1676,LUST Cleanup Initiated,RP-Lead,2000-05-01,"UST Investigation rpt done by WMF Hawaii, dtd 11/24/99, report rcvd 4/24/00",
4884,1676,Site Cleanup Completed (NFA),RP-Lead,2000-05-08,"NFA'd 5/8/00, U05015",
4885,1677,LUST Cleanup Initiated,RP-Lead,1999-11-19,11/14/97 MKC Closure Report,
4886,1677,Confirmed Release,RP-Lead,1999-11-19,11/14/97 MKC Closure Report and NFA Requested.,
4887,1677,Site Cleanup Completed (NFA),State-Lead with State Money,1999-11-22,"NFA ISSUED, U11053RSM",
4888,1678,LUST Cleanup Initiated,RP-Lead,1999-11-26,7/25/2001 THIS CLEANUP INITIATED DATE IS USED AS A MARKER BECAUSE DERA FUNDED SITES WERE NOT ASSIGNED A CLEANUP INITATED DATE BY THE HEER OFFICE.  - RK,
4889,1678,Confirmed Release,RP-Lead,1999-11-26,CALL TO DAVE HODGES ON 11/26/99,
4890,1678,Site Cleanup Completed (NFA),RP-Lead,2001-05-25,,
4891,1679,Confirmed Release,RP-Lead,1999-11-26,SEE REPT - RK,
4892,1679,LUST Cleanup Initiated,RP-Lead,1999-11-27,Site Ass by PEMCO 11/24/99.,
4893,1679,Site Cleanup Completed (NFA),RP-Lead,1999-12-13,NFA U12037RT,
4894,1680,Confirmed Release,RP-Lead,1999-12-02,CALL TO DAVE HODGES 12/2/99 - RK,
4895,1680,LUST Cleanup Initiated,RP-Lead,2000-01-12,Cls Rpt by JR Herold 1/10/00.,
4896,1680,Site Cleanup Completed (NFA),RP-Lead,2000-02-10,NFA U02017RT,
4897,1681,Confirmed Release,RP-Lead,1999-12-03,CALL TO RICH TAKABA,
4898,1681,LUST Cleanup Initiated,RP-Lead,2000-03-17,"Underground Storage Tank Closure and short-Term
Release Response Report for Kewalo marine Services 1125C Ala Moana Boulevard, Honolulu, Oahu, Hawaii, dated March 17, 2000, and prepared by EnviroServices & Training Center, LLC.",
4899,1681,Site Cleanup Completed (NFA),RP-Lead,2001-06-20,,
4900,1682,Confirmed Release,RP-Lead,1999-11-24,CALL TO JACK - RK,
4901,1682,LUST Cleanup Initiated,RP-Lead,2000-05-17,Cls Rpt by RM Towill May 2000.,
4902,1682,Site Cleanup Completed (NFA),RP-Lead,2000-06-28,NFA U06059RT,
4903,1683,LUST Cleanup Initiated,RP-Lead,1999-11-24,2/7/96-BES Closure Report. NFA Requested.-RSM,
4904,1683,Confirmed Release,RP-Lead,1999-11-24,FROM CLOSURE REPT - RK,
4905,1683,Site Cleanup Completed (NFA),RP-Lead,1999-11-29,2/7/96-BES Closure Report. NFA Requested.-RSM,
4906,1684,Confirmed Release,RP-Lead,1999-11-29,OLD TANK PULL - RK,
4907,1684,LUST Cleanup Initiated,RP-Lead,1999-11-30,Cls Rpt 10/28/99 by Ed Noda,
4908,1684,Site Cleanup Completed (NFA),RP-Lead,2000-07-26,NFA U07043RT,
4909,1685,LUST Cleanup Initiated,RP-Lead,1999-10-12,10/5/98-MKCEG CLOSURE REPORT,
4910,1685,Confirmed Release,RP-Lead,1999-10-12,FROM CLOSURE REPT - RK,
4911,1685,Site Cleanup Completed (NFA),RP-Lead,1999-12-02,"NFA LETTER ISSUED, U12001RSM",
4912,1686,LUST Cleanup Initiated,RP-Lead,1999-10-12,"11/21/97-MK Closure Report, NFA requested.RSM",
4913,1686,Confirmed Release,RP-Lead,1999-10-12,FROM CLOSURE REPT - RK,
4914,1686,Site Cleanup Completed (NFA),RP-Lead,1999-12-02,"NFA ISSUED, U12003RSM",
4915,1687,LUST Cleanup Initiated,RP-Lead,1999-10-12,"8/7/98-MK Closure Report, NFA Requested.-RSM",
4916,1687,Confirmed Release,RP-Lead,1999-10-12,FROM CLOSURE REPT - RK,
4917,1687,Site Cleanup Completed (NFA),RP-Lead,1999-12-03,"NFA ISSUED, U12008RSM",
4918,1688,Confirmed Release,RP-Lead,1999-11-24,CALL TO RICH T. - RK,
4919,1688,LUST Cleanup Initiated,RP-Lead,2000-02-03,Cls Rpt 2/3/00 by J.R. Herrold,
4920,1688,Site Cleanup Completed (NFA),RP-Lead,2000-03-23,NFA U03025RT,
4921,1689,Confirmed Release,RP-Lead,1999-11-27,CALL TO RICH T. - RK,
4922,1689,LUST Cleanup Initiated,RP-Lead,2000-01-28,"Underground Storage Tank Closure Assessment, 1065 KapioIani  Boulevard and 1058 Waimanu Street, Honolulu, Hawaii, dated January 10, 2000, prepared by J.R. Herold & Assoc.",
4923,1689,Site Cleanup Completed (NFA),RP-Lead,2000-02-10,U01073SL,
4924,1690,Confirmed Release,RP-Lead,1999-12-02,CALLL TO KALAYANI - RK,
4925,1690,LUST Cleanup Initiated,RP-Lead,2000-01-26,"Underground Storage Tank Closure Report, Silva's Nanakuli Shell, 87-1796 Farrington Highway, Nanakuli, Oahu, Hawaii, , dated January, 2000, prepared by Kimura International, Inc..

DOH Letter U01064SL",
4926,1690,Site Cleanup Completed (NFA),RP-Lead,2000-07-11,NFA letter U07017SL,
4927,1691,Confirmed Release,RP-Lead,1999-08-11,RELEASE DISCOVERED DURING KALYANI INSPECTION - RK,
4928,1691,LUST Cleanup Initiated,RP-Lead,2000-02-19,"Short Term Release Response Report  for Kauai Automated Fuels #1, 3011 Aukele Street, Lihue,  Hawai‘i 96766, dated June 30, 2000,and and prepared by Inter Island Environmental Services, Inc.",
4929,1691,Site Cleanup Completed (NFA),RP-Lead,2000-08-08,"NFA letter, U08008SL",
4930,1692,Confirmed Release,RP-Lead,1999-12-14,CALL TO JOSE - RK,
4931,1692,LUST Cleanup Initiated,RP-Lead,2000-02-01,"Walker Consultants, Ltd report 2/2000",
4932,1692,Site Cleanup Completed (NFA),RP-Lead,2000-03-08,DOH ltr U03012JU,
4933,1693,LUST Cleanup Initiated,RP-Lead,1999-12-15,"11/1/99 KII Closure Report, NFA requested -RSM",
4934,1693,Confirmed Release,RP-Lead,1999-12-15,FROM CLOSURE REPT - RK,
4935,1693,Site Cleanup Completed (NFA),RP-Lead,1999-12-28,"NFA Issued, U12072RSM",
4936,1694,Confirmed Release,RP-Lead,1999-12-21,CALL TO RENATO - RK,
4937,1694,LUST Cleanup Initiated,RP-Lead,2001-03-27,Closure report received,
4938,1694,Site Cleanup Completed (NFA),,2004-08-13,NFA issued 8/13/2004,
4939,1695,LUST Cleanup Initiated,RP-Lead,1999-12-23,Contaminated soil excavated -RSM,
4940,1695,Confirmed Release,RP-Lead,1999-12-23,CALL TO SHAOBIN - RK,
4941,1695,Site Cleanup Completed (NFA),RP-Lead,2000-07-18,"NFA ISSUED, U07028RSM",
4942,1696,Confirmed Release,RP-Lead,1999-10-09,VIA CRN - RK,
4943,1696,Site Cleanup Completed (NFA),RP-Lead,2000-02-29,NFA'd 2/15/00  U02024JAR,
4944,1696,LUST Cleanup Initiated,RP-Lead,2000-02-29,"UST removal rpt dtd, 28 Dec 99",
4945,1697,LUST Cleanup Initiated,RP-Lead,1998-02-24,2/18/98-USNPW Closure Report. NFA requested-RSM,
4946,1697,Confirmed Release,RP-Lead,1998-02-24,VIA CLOSURE REPT - RK,
4947,1697,Site Cleanup Completed (NFA),RP-Lead,1999-12-28,"NFA ISSUED, U12076RSM",
4948,1698,LUST Cleanup Initiated,,1999-12-29,,
4949,1698,Confirmed Release,RP-Lead,1999-12-29,JACK RECEIVED CALL - RK,
4950,1698,Site Cleanup Completed (NFA),,2004-05-21,NFA ISSUED RH,
4951,1699,Confirmed Release,RP-Lead,1999-12-29,JACK TOOK CALL - RK,
4952,1699,LUST Cleanup Initiated,RP-Lead,2000-03-20,3/15/00 WCL closure report-RSM,
4953,1699,Site Cleanup Completed (NFA),RP-Lead,2000-04-05,"NFA ISSUED, U03036RSM",
4954,1700,Confirmed Release,RP-Lead,1999-12-29,KALYANI RECEIVED CALL - RK,
4955,1700,Site Cleanup Completed (NFA),RP-Lead,2001-03-12,"NFA'd issued 3/10/01, UO3013JAR",
4956,1700,LUST Cleanup Initiated,RP-Lead,2001-03-12,"UST Closure rpt and Initial asessement rcvd, March 2000.",
4957,1701,Confirmed Release,RP-Lead,2000-01-13,RENE RECEIVED CALL - RK,
4958,1701,LUST Cleanup Initiated,RP-Lead,2001-03-12,Cls Rpt ECC 3/12/01,
4959,1701,Site Cleanup Completed (NFA),RP-Lead,2001-11-09,NFA U11026RT,
4960,1702,Confirmed Release,RP-Lead,2000-01-13,RENE RECEIVED CALL - RK,
4961,1702,Site Cleanup Completed (NFA),RP-Lead,2001-11-08,"NFA's issued Novemebr 8, 2001, U11029JAR",
4962,1702,LUST Cleanup Initiated,RP-Lead,2001-11-08,"UST Closure rpt, dtd 1/2001, rcvd 9/2001",
4963,1703,Confirmed Release,RP-Lead,2000-01-13,RENE RECEIVED CALL - RK,
4964,1703,LUST Cleanup Initiated,RP-Lead,2000-01-14,,
4965,1703,Site Cleanup Completed (NFA),RP-Lead,2001-11-05,"All soil samples below tank, piping and dispenser island below Tier 1 NFA U11002MS",
4966,1704,Confirmed Release,RP-Lead,2000-01-13,,
4967,1704,LUST Cleanup Initiated,RP-Lead,2000-05-17,Cls Rpt by ECC 5/17/2000,
4968,1704,Site Cleanup Completed (NFA),RP-Lead,2000-09-28,U08051RT NFA,
4969,1705,Confirmed Release,RP-Lead,2000-01-13,,
4970,1705,LUST Cleanup Initiated,RP-Lead,2001-01-14,,
4971,1705,Site Cleanup Completed (NFA),RP-Lead,2004-02-20,NFA issued,
4972,1706,Confirmed Release,RP-Lead,2000-01-14,,
4973,1706,LUST Cleanup Initiated,RP-Lead,2000-07-31,Phase II by WMF Hawaii 7/31/00.,
4974,1706,Site Cleanup Completed (NFA),RP-Lead,2003-06-25,NFA U06012RT,
4975,1707,Confirmed Release,RP-Lead,2000-01-18,CALLED TO RICH - RK,
4976,1707,LUST Cleanup Initiated,RP-Lead,2000-02-18,"UST Closure and Closure Assessment - BMW of Honolulu, 1075 South Beretania Street, Honolulu, Hawaii, DOH Facility No. 9-100174, DOH Release No. 000063, dated February 18, 2000, and prepared by Hawaii International Environmental Services, Inc. (HIES)",
4977,1707,Site Cleanup Completed (NFA),RP-Lead,2000-04-26,NFA letter issued. U04016SL,
4978,1708,Confirmed Release,RP-Lead,2000-01-19,KALYANI TOOK THE CALL - RK,
4979,1708,LUST Cleanup Initiated,RP-Lead,2000-03-01,"Former Shell Service Station Waste Oil Underground Storage Tank Closure Report, , 10 South Kamehameha Highway, Wahiawa, Hawaii, dated March 1, 2000,  and Prepared by Brewer Environmental Services (BES)",
4980,1708,Site Cleanup Completed (NFA),RP-Lead,2000-03-15,"NFA letter, U03014SL",
4981,1709,Confirmed Release,RP-Lead,2000-01-21,RICH TOOK THE CALL - RK,
4982,1709,LUST Cleanup Initiated,RP-Lead,2001-02-15,,
4983,1709,Site Cleanup Completed (NFA),RP-Lead,2001-04-02,,
4984,1710,Confirmed Release,RP-Lead,1993-12-01,SEE CLOSURE REPT DATED 2/26/98 - RK,
4985,1710,Site Cleanup Completed (NFA),RP-Lead,2000-04-19,2/16/2000 HEER ISSUED NFA LETTER - RK,
4986,1710,LUST Cleanup Initiated,RP-Lead,2000-04-19,,
4987,1711,Confirmed Release,RP-Lead,1999-12-16,FROM CLOSURE REPT - RK,
4988,1711,Site Cleanup Completed (NFA),RP-Lead,2000-02-07,"NFA ISSUED, U02004RSM",
4989,1711,LUST Cleanup Initiated,RP-Lead,2000-02-07,10/21/99-WMF Hawaii closure report-RSM,
4990,1712,Confirmed Release,RP-Lead,2000-02-10,CALL TO RICH TAKABA - RK,
4991,1712,LUST Cleanup Initiated,RP-Lead,2000-07-21,"UST Closure and Short-Term Release Response Report for Hironaka Service
Station was submitted by Mr.Scott Moncrief of Brewer Environmental Services on
December 29, 2000.",
4992,1712,Site Cleanup Completed (NFA),RP-Lead,2005-05-13,"NFA letter dated Jan. 13, 2005 (U00119SL)",
4993,1713,LUST Cleanup Initiated,RP-Lead,2000-02-28,2/28/00-CRN form. PCS excavated and removed.,
4994,1713,Confirmed Release,RP-Lead,2000-02-28,KALYANI RECEIVED THE CALL - RK,
4995,1713,Site Cleanup Completed (NFA),RP-Lead,2001-06-19,,
4996,1714,Confirmed Release,RP-Lead,2000-02-25,CALL TO RENATO - RK,
4997,1714,LUST Cleanup Initiated,RP-Lead,2000-02-28,Initial soil sampling,
4998,1714,Site Cleanup Completed (NFA),RP-Lead,2001-10-26,Over excavate to below Tier 1.  NFA 10/26/01  U10070MS,
4999,1715,LUST Cleanup Initiated,RP-Lead,2000-03-06,contaminated soil removed and remediated-rsm,
5000,1715,Confirmed Release,RP-Lead,2000-03-06,,
5001,1715,Site Cleanup Completed (NFA),RP-Lead,2000-04-17,"KB Closure Report 3/23/00, NFA ISSUED, U04015RSM",
5002,1716,LUST Cleanup Initiated,RP-Lead,2000-03-14,CONTAMINATED SOIL REMOVED DURING UST CLOSURE-RSM,
5003,1716,Confirmed Release,RP-Lead,2000-03-14,CALL TO SHAOBIN - RK,
5004,1716,Site Cleanup Completed (NFA),RP-Lead,2003-02-11,,
5005,1717,Confirmed Release,RP-Lead,2000-03-24,CALL TO KALYANI - RK,
5006,1717,LUST Cleanup Initiated,RP-Lead,2000-11-15,UST Closure Assessment/Site Characterization done by J.R. Herold.  Need additional work done at the site.,
5007,1717,Site Cleanup Completed (NFA),RP-Lead,2001-06-13,"NFA'd 5/4/01, U5009JAR",
5008,1718,Confirmed Release,RP-Lead,2000-03-24,CALL TO RICH - RK,
5009,1718,Site Cleanup Completed (NFA),RP-Lead,2000-06-27,"NFA'd, 6/26/00, UO6050JAR",
5010,1718,LUST Cleanup Initiated,RP-Lead,2000-06-27,"UST Closure Rpt, 4/00",
5011,1719,Confirmed Release,RP-Lead,2000-03-23,CALL TO RENATO - RK,
5012,1719,LUST Cleanup Initiated,RP-Lead,2000-09-22,,
5013,1719,Site Cleanup Completed (NFA),RP-Lead,2006-10-02,"U06014HW NFA Letter dated June 22, 2005",
5014,1720,Confirmed Release,RP-Lead,1998-03-11,Chevron did not report release until 1/18/2000.,
5015,1720,LUST Cleanup Initiated,RP-Lead,2000-01-18,,
5016,1720,Site Cleanup Completed (NFA),RP-Lead,2000-04-26,NFA U04037RT,
5017,1721,Confirmed Release,RP-Lead,2000-04-17,JOSE RECIEVED CALL - RK,
5018,1721,LUST Cleanup Initiated,RP-Lead,2000-11-15,Closure rpt rcvd 10/00,
5019,1721,Site Cleanup Completed (NFA),RP-Lead,2001-01-30,"Rcvd investigation report done by Ogden Env., dated Dec 2000.  NFA's issued 1/23/01, UO1044JAR",
5020,1722,Confirmed Release,RP-Lead,2000-04-28,VIA CRN - RK,
5021,1722,Site Cleanup Completed (NFA),RP-Lead,2001-06-13,"NFA'd 5/1/01, U05004JAR",
5022,1722,LUST Cleanup Initiated,RP-Lead,2001-06-13,"Removal of UST, former Maui Airport Site Closure rpt, dtd 3/01",
5023,1723,Confirmed Release,RP-Lead,2000-05-30,CALL TO RENATO - RK,
5024,1723,LUST Cleanup Initiated,RP-Lead,2000-08-11,8/1/00-BES CLOSURE REPORT & SITE CLEANUP ACTIVITIES & PHASE II SITE INVESTIGATION REPORT-RSM,
5025,1723,Site Cleanup Completed (NFA),RP-Lead,2000-08-25,"NFA ISSUED, U08039RSM",
5026,1724,Confirmed Release,RP-Lead,2000-05-31,CALL TO RENATO ON 5/31/2000 - RK,
5027,1724,LUST Cleanup Initiated,RP-Lead,2000-09-08,Closure Report received 2/13/01,
5028,1724,Site Cleanup Completed (NFA),RP-Lead,2001-04-30,,
5029,1725,Confirmed Release,RP-Lead,2000-05-31,CALL TO RENATO MANIULIT,
5030,1725,LUST Cleanup Initiated,RP-Lead,2000-06-01,CONTAMINATED SOIL EXCAVATED,
5031,1726,Confirmed Release,RP-Lead,2000-05-31,CALL TO ROXANNE - RK,
5032,1726,LUST Cleanup Initiated,RP-Lead,2000-07-19,Cls Rpt by Levine Fricker 6/26/00.,
5033,1726,Site Cleanup Completed (NFA),RP-Lead,2000-10-17,NFA U10037RT,
5034,1727,Confirmed Release,,1991-01-01,VIA CLOSURE REPT DATED 1991,
5035,1727,LUST Cleanup Initiated,RP-Lead,1992-09-17,9/17/92-UNITEK Environmental assessment. NFA REQUESTED.,
5036,1727,Site Cleanup Completed (NFA),RP-Lead,2000-06-20,9/17/92-UNITEK Environmental assessment.,
5037,1728,Confirmed Release,RP-Lead,2000-06-20,CALL TO ROX - RK,
5038,1728,Disconfirmed Release,RP-Lead,2001-07-09,"Disconfirm release as there were no tanks in the ground at the time, the area was NFA in 1996 and all soil samples were ND  MS",
5039,1729,Confirmed Release,RP-Lead,2000-06-20,VIA INSPECTION KALYANI AND TONY DID - RK,
5041,1730,Confirmed Release,RP-Lead,2000-06-28,"call to rox.  originally was a suspected release - rk, CRN Form received, 7/12/00",
5042,1730,LUST Cleanup Initiated,RP-Lead,2000-09-13,"Release Response Report Activities Closure Report for Underground Storage Tank 881-3, located at Aliamanu Military Reservation ( Facility ID 9-101000, Release ID 000087 ).",
5043,1730,Site Cleanup Completed (NFA),RP-Lead,2000-10-04,"9/26/00, U09047SL",
5044,1731,Confirmed Release,RP-Lead,2000-05-17,VIA CLOSURE REPT - RK,
5045,1731,LUST Cleanup Initiated,RP-Lead,2000-09-29,,
5046,1731,Site Cleanup Completed (NFA),RP-Lead,2003-05-16,,
5047,1732,Confirmed Release,RP-Lead,2000-06-29,CALL TO ROX - RK,
5048,1732,LUST Cleanup Initiated,RP-Lead,2000-07-04," Soil Replacement, Former Tank Site, C & H Sugar Company, dated June 14, 1995, and prepared by Harding Lawson Associates.6/9/00, Claton report",
5049,1732,Site Cleanup Completed (NFA),RP-Lead,2001-06-04,,
5050,1733,Confirmed Release,RP-Lead,1994-02-28,VIA LONG TERM RELEASE REPT - RK,
5051,1733,LUST Cleanup Initiated,RP-Lead,1999-12-08,"Long Term Release Response Report, DOH Facility I.D. 9202399, State of Hawaii, Department of Public Safety, Halawa High Security Correctional Facility, 99-902 Moanalua Road, Aiea, HI 96701, dated December 30, 1999, and  prepared
by Masa Fujioka & Associates.",
5052,1733,Site Cleanup Completed (NFA),RP-Lead,2000-08-11,"NFA letter, U08029SL",
5053,1734,Confirmed Release,RP-Lead,2000-07-21,CALL TO RENATO - RK,
5054,1734,Case Transferred to HEER (unregulated),RP-Lead,2000-08-03,by Shaobin Li - rk,
5055,1735,Confirmed Release,RP-Lead,2000-08-18,CALL TO RENATO -RK,
5056,1735,Site Cleanup Completed (NFA),RP-Lead,2000-08-25,U08066JU,
5057,1735,LUST Cleanup Initiated,RP-Lead,2000-08-25,"August 22, 2000 BES report",
5058,1736,Confirmed Release,RP-Lead,1993-03-06,VIA CLOSURE REPT RECEIVED IN 10/99 - RK,
5059,1736,LUST Cleanup Initiated,RP-Lead,1999-10-29,Cls Rpt by ETI 5/24/93.,
5060,1736,Site Cleanup Completed (NFA),RP-Lead,2000-09-05,U08068RT NFA,
5061,1737,Confirmed Release,RP-Lead,2000-08-23,CALL TO RICH T. - RK,
5062,1737,LUST Cleanup Initiated,RP-Lead,2001-02-14,Closure Report,
5063,1737,Site Cleanup Completed (NFA),RP-Lead,2002-06-04,,
5064,1738,Confirmed Release,RP-Lead,2000-08-24,CALL TO JACK - RK,
5065,1738,LUST Cleanup Initiated,RP-Lead,2001-11-05,,
5066,1738,Site Cleanup Completed (NFA),,2004-02-20,U02038RH  NFA Issued.,
5067,1739,Confirmed Release,RP-Lead,2000-09-14,FROM CLOSURE RETP - RK,
5068,1739,Site Cleanup Completed (NFA),RP-Lead,2000-09-20,9/11/00-ER&CS CLOSURE REPORT. NFA REQUESTED.-RSM,
5069,1739,LUST Cleanup Initiated,RP-Lead,2000-09-20,9/11/00-ER&CS CLOSURE REPORT. NFA REQUESTED.-RSM,
5070,1740,Confirmed Release,RP-Lead,1998-10-13,VIA REPT 1/1/2000 = RK,
5071,1740,LUST Cleanup Initiated,RP-Lead,1999-02-28,"VIA REPT 1/1/2000  BY ATG=RSM
NFA REQUESTED",
5072,1740,Site Cleanup Completed (NFA),RP-Lead,2000-10-03,"NFA ISSUED, U09052RSM",
5073,1741,Confirmed Release,RP-Lead,2000-10-05,VIA CALL TO ROX - RK,
5074,1741,LUST Cleanup Initiated,RP-Lead,2001-11-11,,
5075,1741,Site Cleanup Completed (NFA),RP-Lead,2002-12-03,"Final Report for Excavate, Transport, and Disposal of Diesel Contaminated Soil, Nov. 5, 2001, NEXUS Env. Group",
5076,1742,Confirmed Release,RP-Lead,1997-10-08,VIA CLOSURE REPT - RK,
5077,1742,Site Cleanup Completed (NFA),RP-Lead,2002-07-10,U10011RSM - NFA on 1 Nov 00.,
5078,1742,LUST Cleanup Initiated,RP-Lead,2002-07-10,"Closure rpt dtd 8/11/98, release assiged during rpt review.",
5079,1743,Confirmed Release,RP-Lead,2000-10-02,,
5080,1743,LUST Cleanup Initiated,RP-Lead,2001-04-11,,
5081,1744,Confirmed Release,RP-Lead,1996-08-30,VIA CLOSURE REPT - RK,
5082,1744,LUST Cleanup Initiated,RP-Lead,1997-01-23,,
5083,1744,Site Cleanup Completed (NFA),RP-Lead,2000-11-01,,
5084,1745,Confirmed Release,RP-Lead,1997-06-18,VIA CLOSURE REPT SUBMITTED ON 10/12/1999 - RK,
5085,1745,LUST Cleanup Initiated,RP-Lead,1999-10-12,Cls Rpt by Morrison Knudsen,
5086,1745,Site Cleanup Completed (NFA),RP-Lead,2000-11-01,NFA U10007RSM,
5087,1746,Confirmed Release,RP-Lead,2000-10-26,CALL TO RICH TAKABA - RK,
5088,1746,LUST Cleanup Initiated,RP-Lead,2001-02-02,,
5089,1746,Site Cleanup Completed (NFA),RP-Lead,2003-07-24,,
5090,1747,Confirmed Release,RP-Lead,2000-11-06,CALL TO RICH T. - RK,
5091,1747,LUST Cleanup Initiated,RP-Lead,2001-02-21,"UST Closure rpt rcvd 2/13/01, shows soil contamination.",
5092,1747,Site Cleanup Completed (NFA),RP-Lead,2001-06-13,"NFA'd 6/7 01, U06008JAR",
5093,1748,Confirmed Release,RP-Lead,2000-11-14,CALL TO RICH T. - RK,
5094,1748,LUST Cleanup Initiated,RP-Lead,2001-12-21,rpt rcvd 5/01,
5095,1748,Site Cleanup Completed (NFA),RP-Lead,2002-02-08,NFA U02007MS,
5096,1749,Confirmed Release,RP-Lead,1991-12-10,REPORTED IN 11/17/2000 - RK,
5097,1749,Site Cleanup Completed (NFA),RP-Lead,2000-11-17,U11043RT NFA,
5098,1749,LUST Cleanup Initiated,RP-Lead,2000-11-17,Cls Rpt by Brewer 12/10/91,
5099,1750,Confirmed Release,RP-Lead,2000-12-01,CALL TO GREG - RK,
5100,1750,LUST Cleanup Initiated,RP-Lead,2001-03-29,"UST removal report rec'd 27 March 2001, Terrasano LLC prepared report.",
5101,1750,Site Cleanup Completed (NFA),RP-Lead,2001-06-13,"NFA'd 5/21/01, U05038JAR",
5102,1751,Confirmed Release,RP-Lead,2000-11-03,CALL TO RICH - RK,
5103,1751,LUST Cleanup Initiated,RP-Lead,2001-12-21,rpt rcvd 10/01,
5105,1752,Confirmed Release,RP-Lead,2000-10-25,CALL TO KATHI - RK,
5106,1752,LUST Cleanup Initiated,RP-Lead,2001-07-19,,
5107,1752,Site Cleanup Completed (NFA),RP-Lead,2003-05-15,,
5108,2533,Confirmed Release,RP-Lead,2000-12-01,CALL TO SHUN SHENG FU - RK,Richard Takaba
5110,1754,Confirmed Release,RP-Lead,2000-11-28,DISCOVERED IN WASTE OIL TANK DURING ANTHONY'S INSPECTION - RK,
5111,1754,Disconfirmed Release,,2000-12-26,,
5112,1755,Confirmed Release,RP-Lead,2000-12-13,CALL TO RENATO - RK,
5113,1755,LUST Cleanup Initiated,RP-Lead,2001-07-10,"Release Response Report - Tosco TENN'S ENCHANTED LAKE UNION 76 Service Station, dated April 20, 2001, and prepared by HIES",
5114,1756,Confirmed Release,RP-Lead,2000-12-14,CALL TO RICH - RK,
5115,1756,LUST Cleanup Initiated,RP-Lead,2001-02-28,"Underground Storage Tank Closure Report, Suda Store, 61 South Kihei Road, Kihei, Maui, Hawaii, Facility ID 9-500417/ Release ID 010014, dated February 28, 2001, and prepared by EnviroServices & Training Center, LLC.",
5116,1756,Site Cleanup Completed (NFA),RP-Lead,2003-04-30,NFA Issued. 4/30/03,
5117,1757,Confirmed Release,RP-Lead,2000-06-20,SEE REPT DATED 7/25/2000 FROM ENVIRSERVICES - RK,
5118,1757,Site Cleanup Completed (NFA),RP-Lead,2001-10-23,"No further work letter issued 10/19/01, U10049JAR",
5119,1757,LUST Cleanup Initiated,RP-Lead,2001-10-23,"Release response rpt, dtd 7/25/2001",
5120,1758,Confirmed Release,RP-Lead,2000-12-01,CALL TO SHAOBIN - RK,
5121,1758,LUST Cleanup Initiated,RP-Lead,2001-01-22,,
5122,1759,Confirmed Release,RP-Lead,2001-01-31,VIA CLOSURE REPT DATED 3/31/2000 - RK,
5123,1759,LUST Cleanup Initiated,RP-Lead,2001-05-01,Cls Rpt 3/31/00 by EnviroServices,
5124,1760,Confirmed Release,RP-Lead,2001-01-23,CALL TO SHUNSHENG - RK,
5125,1760,LUST Cleanup Initiated,RP-Lead,2001-06-12,,
5126,1760,Site Cleanup Completed (NFA),RP-Lead,2002-06-18,"June 17, 2002 DOH NFA letter U06018SL",
5127,1761,LUST Cleanup Initiated,RP-Lead,1993-01-13,closure report received 2/14/01,
5128,1761,Confirmed Release,RP-Lead,1993-01-13,,
5130,1762,Confirmed Release,RP-Lead,2001-02-15,CALL TO RICH TAKABA - RK,
5131,1762,LUST Cleanup Initiated,RP-Lead,2001-05-07,cllosure report received on 5/7/2001-sliu,
5132,1762,Site Cleanup Completed (NFA),RP-Lead,2003-09-02,"NFA letter dated October 3, 2003,  U09044SL",
5133,1763,Confirmed Release,RP-Lead,2000-12-22,CALL TO RICH - RK,
5134,1764,Confirmed Release,RP-Lead,2001-01-26,RICH RECEIVED RELEASE - RK,
5135,1764,LUST Cleanup Initiated,RP-Lead,2001-05-17,Cls Rpt by Kennedy/Jenks 5/14/01.,
5136,1764,Site Cleanup Completed (NFA),RP-Lead,2001-06-07,NFA U06007RT,
5137,1765,Confirmed Release,RP-Lead,2001-02-01,CALL TO RENATO - RK,
5138,1765,LUST Cleanup Initiated,RP-Lead,2001-08-20,over excavated tank all contamination removed and remediated,
5139,1765,Site Cleanup Completed (NFA),RP-Lead,2001-12-03,Based on M. Sutterfield NFA letter 12/03/01 and 08/17/01 UST Closure Rept and Initial Release Response Rept. by URS Corp.,
5140,1766,Confirmed Release,RP-Lead,2001-01-11,CALL TO RICH - RK,
5141,1766,LUST Cleanup Initiated,RP-Lead,2001-01-12,,
5142,1766,Site Cleanup Completed (NFA),RP-Lead,2001-03-21, NFA U02036RT,
5143,1767,Confirmed Release,RP-Lead,2000-10-06,,
5144,1767,LUST Cleanup Initiated,RP-Lead,2000-10-07,,
5145,1767,Site Cleanup Completed (NFA),RP-Lead,2001-02-28,NFA U02035RT,
5146,1768,LUST Cleanup Initiated,RP-Lead,2001-03-06,,
5147,1768,Confirmed Release,RP-Lead,2001-03-06,VIA LETTER DATED 3/6/2001 - RK,
5148,1769,LUST Cleanup Initiated,RP-Lead,2001-02-08,received closure report on 2/8/01,
5149,1769,Confirmed Release,RP-Lead,2001-02-08,CIA CLOSURE REPT - RK,
5150,1769,Site Cleanup Completed (NFA),RP-Lead,2001-05-14,,
5151,1770,Confirmed Release,RP-Lead,2001-03-16,CALL TO SHUMIN LIU -RK,
5153,1771,Confirmed Release,RP-Lead,2001-04-10,CALL TO RICH TAKABA - RK,
5154,1771,LUST Cleanup Initiated,RP-Lead,2001-04-24,,
5155,1771,Site Cleanup Completed (NFA),RP-Lead,2001-08-13,,
5156,1772,Confirmed Release,RP-Lead,2001-04-18,CALL TO ROX - RK,
5157,1772,LUST Cleanup Initiated,RP-Lead,2001-04-26,,
5158,1772,Site Cleanup Completed (NFA),RP-Lead,2001-05-25,,
5159,1773,Confirmed Release,RP-Lead,2001-05-08,CALL TO SHAOBIN LI - RK,
5160,1773,Site Cleanup Completed (NFA),RP-Lead,2001-12-03,"NFA'd issue 11/26/2001, U11039JAR",
5161,1773,LUST Cleanup Initiated,RP-Lead,2001-12-03,Release response investigation conducted in September 2001.Rpt recvd October 2001.,
5162,1774,Confirmed Release,RP-Lead,2001-05-11,CALL TO RICH TAKABA - RK,
5163,1774,LUST Cleanup Initiated,RP-Lead,2001-07-05,"UST Closure & Short-Term RR rpt, dtd 7/01",
5164,1774,Site Cleanup Completed (NFA),RP-Lead,2001-09-05,"NFA'd 5 Sept 01, UO8070JAR",
5165,1775,Confirmed Release,RP-Lead,2001-05-25,CALL,
5166,1775,Site Cleanup Completed (NFA),RP-Lead,2001-10-01,"NFA'd 9/21/01, U09022JAR",
5167,1775,LUST Cleanup Initiated,RP-Lead,2001-10-01,Closure rpt dtd 7/01,
5168,1776,Confirmed Release,RP-Lead,2001-03-29,CALL TO SHUMIN LIU - RK,
5169,1776,LUST Cleanup Initiated,RP-Lead,2001-09-25,,
5170,1776,Site Cleanup Completed (NFA),RP-Lead,2001-11-23,,
5171,1777,Confirmed Release,RP-Lead,1995-11-16,6/18/2001  A RELEASE WAS DISCOVERED UPON REVIEWAL OF THE CLOSURE REPT SUBMITTED IN 5/10/2001. - RK,
5172,1777,Site Cleanup Completed (NFA),RP-Lead,2001-06-27,"NFA'd issued 6/26/01, U06036JAR",
5173,1777,LUST Cleanup Initiated,RP-Lead,2001-06-27,"CLosure rpt, dtd 2/96",
5174,1778,Confirmed Release,RP-Lead,1996-02-01,6/18/2001 A RELEASE WAS DISCOVERED UPON REVIEWAL OF THE CLOSURE REPT SUBMITTED IN 5/9/2001- RK,
5175,1778,LUST Cleanup Initiated,RP-Lead,1996-07-01,"Removal of USTs, Various Locations, Camp H.M. Smith - MCBH - Site CS - 10, dated  Jul 1996, and prepared by OHM Remediation Services Corp.",
5176,1778,Site Cleanup Completed (NFA),RP-Lead,2001-09-18,,
5177,1779,Confirmed Release,RP-Lead,1997-01-10,UST Closure Report  12/15/1994,
5178,1779,LUST Cleanup Initiated,RP-Lead,1997-01-11,UST Closure Report 12/15/1994,
5179,1779,Site Cleanup Completed (NFA),RP-Lead,2002-10-21,"NFA'd based on final closure rpt dated 5/00, U10032JAR, dtd 10/11/02",
5180,1780,Confirmed Release,RP-Lead,1995-05-01,SEE CLOSURE REPT DATED 2/26/1997 - RK,
5181,1780,LUST Cleanup Initiated,RP-Lead,2001-07-20,"Final Underground Storage Tank Closure Report
KB-22, KB-65, KB-67,
Marine Corps Base Hawaii
Kaneohe, Oahu, Hawaii, dated February 26,1997, and prepared by environmental Sciences Pacific, Inc.",
5182,1780,Site Cleanup Completed (NFA),RP-Lead,2001-08-15,,
5183,1781,Confirmed Release,RP-Lead,1995-05-01,6/18/2001 SEE RPT DATED 2/26/1997. - RK,
5184,1781,LUST Cleanup Initiated,RP-Lead,2001-07-20,"Final Underground Storage Tank Closure Report
KB-22, KB-65, KB-67,
Marine Corps Base Hawaii
Kaneohe, Oahu, Hawaii, dated February 26,1997, and prepared by environmental Sciences Pacific, Inc.",
5185,1781,Site Cleanup Completed (NFA),,2005-08-12,NFA letter U08030CP,
5186,1782,Confirmed Release,RP-Lead,2001-02-15,5/31/2001 REC LTR OF RELEASE - RK,
5187,1782,LUST Cleanup Initiated,RP-Lead,2001-09-04,"Lihue Plantation Company, Limited UST Closure Report, Lihue Sugar Mill, 2940 Haleko Road,  Lihue, Kauai, Hawaii, dated July 26, 2001, and prepared by BES",
5188,1782,Site Cleanup Completed (NFA),RP-Lead,2001-09-18,,
5189,1783,Confirmed Release,RP-Lead,1998-11-30,7/2/2001 VIA CLOSURE REPT - RK,
5190,1783,LUST Cleanup Initiated,RP-Lead,2001-05-16,,
5191,1783,Site Cleanup Completed (NFA),,2004-02-20,U02037RH,
5192,1784,Confirmed Release,RP-Lead,2001-07-03,CRN form received 7/6/01,
5193,1784,LUST Cleanup Initiated,RP-Lead,2001-08-13,UST Closure and Initial Release Response Report received 8/13/2001,
5194,1784,Site Cleanup Completed (NFA),RP-Lead,2001-09-28,,
5197,1786,LUST Cleanup Initiated,RP-Lead,1994-05-13,Closure Report received on 1/10/97,
5198,1786,Confirmed Release,RP-Lead,1994-05-13,via closure rept dated 12/15/1994 - rk,
5199,1786,Case Transferred to HEER (unregulated),RP-Lead,2001-12-11,"Exempt UST,  Communication log dtd 12/11/01 by MS",
5200,1787,Confirmed Release,RP-Lead,2001-07-23,CALL TO SHAOBIN - RK,
5201,1787,LUST Cleanup Initiated,RP-Lead,2001-08-20,Initial Release Response Report,
5202,1787,Site Cleanup Completed (NFA),RP-Lead,2001-12-11,NFA issued U12019RT,
5203,1788,Confirmed Release,RP-Lead,1988-07-01,VIA CLOSURE REPT RECEIVED IN 6/7/2001 - RK,
5204,1788,LUST Cleanup Initiated,RP-Lead,2001-06-07,Received information on release MS,
5205,1788,Site Cleanup Completed (NFA),RP-Lead,2001-08-28,NFA letter UO8047MS,
5206,1789,Confirmed Release,RP-Lead,2001-08-01,VIA CALL TO RICH T. - RK,
5207,1789,LUST Cleanup Initiated,RP-Lead,2001-08-07,Tanks removed and soil overexcavated.  No groundwater encountered.,
5208,1789,Site Cleanup Completed (NFA),RP-Lead,2005-08-25,NFA issued U08048RT,
5209,1790,LUST Cleanup Initiated,RP-Lead,2001-08-14,VIA CALL ON 8/14/2001 - RK,
5210,1790,Confirmed Release,RP-Lead,2001-08-14,VIA CALL TO ROXANNE - RK,
5211,1791,Confirmed Release,RP-Lead,2001-07-31,CALL TO JOSE - RK,
5212,1791,LUST Cleanup Initiated,RP-Lead,2002-03-12,"UST Closure rpt rcvd 2/15/02, requesting NFA.",
5213,1791,Site Cleanup Completed (NFA),RP-Lead,2002-04-10,"UST Closure rpt, rcvd 2/02.  NFA's issued 3/27/02, U03070JAR",
5214,1792,Confirmed Release,RP-Lead,2000-07-19,RELEASE WAS DISCOVERED UPON REVIEWAL OF CLOSURE REPT RECEIVED ON 7/25/2001 - RK,
5215,1792,LUST Cleanup Initiated,RP-Lead,2000-07-20,,
5216,1792,Site Cleanup Completed (NFA),RP-Lead,2001-12-03,Two 1000 gallon tanks were idscovered during the development of the property.  Tanks were removed and all soil samples below Tier 1 NFA U120002MS,
5217,1793,Confirmed Release,RP-Lead,1997-02-28,RELEASE WAS DISCOVERED UPON REVIEWAL OF CLOSURE REPT RECEIVED ON 7/23/2001 - RK,
5218,1793,LUST Cleanup Initiated,RP-Lead,1997-03-21,,
5219,1793,Site Cleanup Completed (NFA),RP-Lead,2001-10-02,,
5220,1794,Confirmed Release,RP-Lead,1997-02-28,RELEASE WAS DISCOVERED UPON REVIEWAL OF CLOSURE REPT RECEIVED ON 7/25/2001 - RK,
5221,1794,LUST Cleanup Initiated,RP-Lead,2001-07-25,,
5222,1794,Site Cleanup Completed (NFA),RP-Lead,2001-09-18,CONTAMINATION WAS BELOW TIER 1. SF,
5223,1795,Confirmed Release,RP-Lead,2001-08-22,CALL TO RICH T. - RK,
5224,1795,LUST Cleanup Initiated,RP-Lead,2001-09-10,,
5225,1795,Site Cleanup Completed (NFA),RP-Lead,2002-05-07,,
5226,1796,Confirmed Release,RP-Lead,1993-01-20,PER REMOVAL REPORT PG. 1,
5227,1796,LUST Cleanup Initiated,RP-Lead,1993-01-20,SOIL MGMT BEGAN DURING TANK REMO,
5228,1796,Site Cleanup Completed (NFA),RP-Lead,1995-08-31,,
5229,1797,Confirmed Release,RP-Lead,1998-11-18,7/24/2001 VIA CLOSURE REPT RECEIVED IN 7/2001 - RK,
5230,1797,LUST Cleanup Initiated,RP-Lead,1999-04-25,,
5231,1797,Site Cleanup Completed (NFA),RP-Lead,2001-10-15,,
5232,1798,LUST Cleanup Initiated,RP-Lead,2001-09-11,,
5233,1798,Confirmed Release,RP-Lead,2001-09-11,,
5234,1799,Monitored Natural Attenuation,RP-Lead,1999-02-22,,
5235,1799,Confirmed Release,RP-Lead,1999-02-22,CALL TO JAN SHERRER - RK,
5236,1799,LUST Cleanup Initiated,RP-Lead,1999-02-23,Clean up initiated during closure,
5237,1800,Confirmed Release,RP-Lead,2001-09-27,CALL TO RICH T. - RK,
5238,1800,LUST Cleanup Initiated,RP-Lead,2002-03-12,UST and release response rpt rcvd 12/01,
5239,1800,Site Cleanup Completed (NFA),RP-Lead,2002-03-12,"NFA'd February 19, 2002, U02054JAR",
5240,1801,Confirmed Release,RP-Lead,2001-08-24,CALL TO RICH T. - RK,
5241,1801,LUST Cleanup Initiated,RP-Lead,2001-10-01,Cls Rpt 8/9/01 by Masa Fuj,
5242,1801,Site Cleanup Completed (NFA),RP-Lead,2001-10-02,NFA letter U09079RT,
5243,1802,Confirmed Release,RP-Lead,2001-09-17,CALL TO RICH T. - RK,
5244,1802,LUST Cleanup Initiated,RP-Lead,2001-11-20,Cls Rpt Masa Fuj 10/19/01.,
5245,1802,Site Cleanup Completed (NFA),RP-Lead,2002-06-17,NFA U06016RT,
5246,1803,Confirmed Release,RP-Lead,1996-09-12,,
5247,1803,LUST Cleanup Initiated,RP-Lead,2001-08-14,"Closure Report, Removal of UST, UST NABP-93 and NABP-94 dated April 1997, submitted on 8/14/2001",
5248,1803,Site Cleanup Completed (NFA),RP-Lead,2001-10-15,,
5249,1804,Confirmed Release,RP-Lead,2001-10-01,CALL TO RICH T = RK,
5250,1804,Site Cleanup Completed (NFA),RP-Lead,2002-02-15,"NFA'd 2/7/02, U02028JAR",
5251,1804,LUST Cleanup Initiated,RP-Lead,2002-02-15,closure rpt dtd 12/01,
5252,1805,Confirmed Release,RP-Lead,2001-10-08,CALL TO SHAOBIN - RK,
5253,1805,LUST Cleanup Initiated,RP-Lead,2001-12-21,closure rpt dtd 10/01,
5254,1805,Site Cleanup Completed (NFA),RP-Lead,2002-02-15,"NFA'd 12/6/02, U02016JAR",
5255,1806,Confirmed Release,RP-Lead,2001-10-17,CALL TO SHAOBIN LI - RK,
5256,1806,LUST Cleanup Initiated,RP-Lead,2002-04-23,"Underground Storage Tank Closure and Initial Release Response Report, 2112 Kalakaua Avenue, Honolulu,
Facility ID 9-103734 / Release ID 020003, dated April 23, 2002, and prepared by Clayton Group Services",
5257,1806,Site Cleanup Completed (NFA),RP-Lead,2002-06-14,NFA letter U06041SL,
5258,1807,Confirmed Release,RP-Lead,2001-11-07,CALL TO MARK S. - RK,
5259,1807,LUST Cleanup Initiated,RP-Lead,2002-01-24,"Underground Storage Tank Initial Release Response Report, dated January 24, 2002",
5260,1807,Site Cleanup Completed (NFA),RP-Lead,2002-07-15,,
5261,1808,Confirmed Release,RP-Lead,2001-10-23,CALL TO MARK SUTTERFIELD - RK,
5262,1808,LUST Cleanup Initiated,RP-Lead,2001-10-24,,
5263,1808,Site Cleanup Completed (NFA),RP-Lead,2002-02-08,NFA U02009MS,
5264,1809,Confirmed Release,RP-Lead,2001-12-05,CALL TO JACK RICHARDSON - RK,
5265,1809,LUST Cleanup Initiated,RP-Lead,2002-01-01,"Closure Report, dated Jan. 2002 - SF",
5267,1810,Confirmed Release,RP-Lead,1990-05-01,VIA CLOSURE REPT DATED 8/2001-RK,
5268,1810,LUST Cleanup Initiated,RP-Lead,2001-08-01,,
5269,1810,Site Cleanup Completed (NFA),RP-Lead,2002-01-18,,
5270,1811,Confirmed Release,RP-Lead,1997-09-04,"12/28/2001 DURING FILE REVIEW, IT WAS DISCOVERED THAT THIS RELEASE WAS NOT LOGGED IN. - RK",
5271,1811,LUST Cleanup Initiated,RP-Lead,2003-05-19,"Underground Storage Tank Closure Report, CCPI Iwilei Property Lot B, Ala Kawa Street, Honolulu, Hawaii, dated September, 23, 1997, and prepared by Brewer Environmental Services.",
5272,1812,Confirmed Release,RP-Lead,2001-11-19,CALL TO JACK - RK,
5273,1812,LUST Cleanup Initiated,RP-Lead,2002-03-06,Memorandom UST Closure,
5274,1812,Site Cleanup Completed (NFA),RP-Lead,2003-09-08,"DOH NFA letter dated September 8, 2003(U09007SL)",
5275,1813,Confirmed Release,RP-Lead,2002-01-14,CALL TO RICH - RK,
5276,1813,LUST Cleanup Initiated,RP-Lead,2002-03-12,"UST Closure rpt rcvd 2/22/02, requesting NFA.",
5277,1813,Site Cleanup Completed (NFA),RP-Lead,2002-04-10,"NFA'd  3/27/02, U03071JAR",
5278,1814,Confirmed Release,RP-Lead,1994-02-17,VIA CLOSURE REPT SUBMITTED IN 1/30/2002 - RK,
5279,1814,LUST Cleanup Initiated,RP-Lead,2002-02-08,"Re: Environmental Assessment, 1/30/2002",
5280,1815,LUST Cleanup Initiated,RP-Lead,1990-01-01,,
5281,1815,Confirmed Release,RP-Lead,1990-01-01,SEE REPT DATED 4/27/1998 - RK,
5282,1815,Site Cleanup Completed (NFA),RP-Lead,2003-07-03,GREG ISSUED NFA,
5283,1816,Confirmed Release,RP-Lead,2002-02-05,CALL TO JACK RICHARDSON - RK,
5284,1816,LUST Cleanup Initiated,RP-Lead,2002-03-01,Closure Report,
5285,1817,Confirmed Release,RP-Lead,2001-11-20,VIA CLOSURE REPT - RK,
5286,1817,LUST Cleanup Initiated,RP-Lead,2001-12-18,Cls Rpt 12/18/01 PSI Env,
5287,1817,Site Cleanup Completed (NFA),RP-Lead,2002-03-12,NFA  U03001RT,
5288,1818,Confirmed Release,RP-Lead,2001-11-19,VIA CLOSURE REPT DATED 12/7/2001 - RK,
5289,1818,LUST Cleanup Initiated,RP-Lead,2001-12-07,,
5290,1818,Site Cleanup Completed (NFA),RP-Lead,2002-02-08,,
5291,1819,Confirmed Release,RP-Lead,2002-02-14,CALL TO ROX. - RK,
5292,1819,LUST Cleanup Initiated,RP-Lead,2002-10-10,cls rpt by Will Chee Planning April 2002,
5293,1820,Confirmed Release,RP-Lead,2002-02-14,CALL TO ROX - RK,
5294,1820,LUST Cleanup Initiated,RP-Lead,2002-02-15,"Cls Rpt dated June 1, 1993",
5295,1820,Site Cleanup Completed (NFA),RP-Lead,2004-05-26,NFA letter U05032RT,
5296,1821,Confirmed Release,RP-Lead,2001-11-01,CALL TO RICH T. - RK,
5297,1821,LUST Cleanup Initiated,RP-Lead,2002-05-24,,
5298,1821,Site Cleanup Completed (NFA),RP-Lead,2002-09-10,,
5299,1822,Confirmed Release,RP-Lead,2002-02-19,CALL TO RT - RK,
5300,1822,LUST Cleanup Initiated,RP-Lead,2002-02-23,cls rpt by ESI 2/23/02,
5301,1822,Site Cleanup Completed (NFA),RP-Lead,2002-12-04,NFA U12006RT,
5302,1823,Monitored Natural Attenuation,RP-Lead,2002-02-13,,
5303,1823,Confirmed Release,RP-Lead,2002-02-12,CALL TO RICH - RK,
5304,1823,LUST Cleanup Initiated,RP-Lead,2002-05-01,Cls Rpt by EnviroServices 5/1/02,
5305,1823,Site Cleanup Completed (NFA),,2005-06-30,U06051RT  NFA,
5306,1824,Confirmed Release,RP-Lead,2002-01-30,CALL TO SHAOBIN - RK,
5307,1824,LUST Cleanup Initiated,RP-Lead,2002-05-10,UST Closure and Release Response Report (5/10/02) - SFU,
5308,1824,Site Cleanup Completed (NFA),RP-Lead,2002-06-05,,
5309,1825,Monitored Natural Attenuation,RP-Lead,2002-01-28,,
5310,1825,Confirmed Release,RP-Lead,2002-01-28,CALL TO RICH = RK,
5311,1825,LUST Cleanup Initiated,RP-Lead,2002-12-02,Cls Rpt by HIES 05.21.02,
5312,1825,Site Cleanup Completed (NFA),RP-Lead,2005-08-23,NFA letter U08042RT,
5313,1826,Confirmed Release,RP-Lead,2002-03-20,CALL TO RICH - RK,
5314,1826,LUST Cleanup Initiated,RP-Lead,2002-04-15,Cls Rpt by EnviroServices April 2002,
5315,1826,Site Cleanup Completed (NFA),RP-Lead,2002-07-12,NFA U07010RT,
5316,1827,Confirmed Release,RP-Lead,2001-08-05,SEE REPORT DATED 1/5/2001.  THIS RELEASE WAS NOT LOGGED IN UNTIL 3/25/2002 - RK,
5317,1827,LUST Cleanup Initiated,RP-Lead,2002-01-05,Closure report  --SF,
5318,1827,Site Cleanup Completed (NFA),RP-Lead,2002-11-27,,
5319,1828,Confirmed Release,RP-Lead,2000-05-11,RELEASE NOT REPORTED TO DOH.  DISCOVERED DURING THE CLOSURE REPT REV. AND INSPECTION BY JACK AND BLONDELL - RK,
5320,1828,LUST Cleanup Initiated,RP-Lead,2000-08-21,,
5321,1828,Site Cleanup Completed (NFA),RP-Lead,2002-08-12,,
5322,1829,Confirmed Release,RP-Lead,2002-04-10,CALL TO JACK R. - RK,
5323,1829,LUST Cleanup Initiated,RP-Lead,2002-05-05,,
5324,1829,Site Cleanup Completed (NFA),RP-Lead,2002-08-22,,
5325,1830,Confirmed Release,RP-Lead,1996-03-20,,
5326,1830,LUST Cleanup Initiated,RP-Lead,2002-07-10,"closure rpt 7/13/97 by MKC, work plan approved for adt wrok on 3/13/02",
5328,1831,Confirmed Release,RP-Lead,2002-04-18,VIA CRN - RK  release from tank 6 and 16,
5329,1831,LUST Cleanup Initiated,RP-Lead,2002-08-15,Site Investigation by AMEC dated Aug 2002,
5330,1832,Confirmed Release,RP-Lead,2002-05-03,SUSPECTED RELEASE FROM RELEASE DETECTION RECORDS - RK,
5331,1832,LUST Cleanup Initiated,RP-Lead,2002-12-10,"Clayton advanced boreholes on site, provided report 7/8/2002.",
5332,1833,Confirmed Release,RP-Lead,2002-05-23,CALL TO ROX - RK,
5333,1833,LUST Cleanup Initiated,RP-Lead,2002-07-10,"UST pulled in May 2002, waiting on report",
5335,1834,Confirmed Release,RP-Lead,2002-05-08,CALL TO SHUN SHUNG FU - RK,
5336,1834,LUST Cleanup Initiated,RP-Lead,2002-07-10,"UST removed 5/8/02, wating on report from DW.",
5337,1834,Site Cleanup Completed (NFA),RP-Lead,2002-09-18,"NFA'd August 12, 2002, UO8020JAR",
5338,1835,Confirmed Release,RP-Lead,2002-05-28,CALL TO SHAO BIN LI - RK,
5339,1835,LUST Cleanup Initiated,RP-Lead,2002-06-24,"UST Removal Report, May 28, 2002",
5340,1836,Confirmed Release,RP-Lead,2002-05-12,CALL TO SHAOBIN LI - RK,
5341,1836,LUST Cleanup Initiated,RP-Lead,2002-10-11,"Release Response Report , Shell Service Station, North King Shell, 666 North King Street, Honolulu, Oahu, Hawaii, Facility ID 9-101026 / Release ID 020033, dated September 20, 2002, and prepared by BES",
5342,1836,Site Cleanup Completed (NFA),RP-Lead,2002-11-01,"Release Response Report, dated September 20, 2002, and prepared by BES",
5343,1837,Confirmed Release,RP-Lead,2002-06-14,CALL TO JACK R. - RK,
5344,1837,LUST Cleanup Initiated,RP-Lead,2002-09-20,"Underground Storage Tank Removal, 94-245 Farrington Highway, Waipahu, HI 96797, dated July 9, 2002, and prepared by BEI Environmental Services Group",
5345,1838,Confirmed Release,RP-Lead,2002-06-14,CALL TO SHAOBIN LI - RK,
5346,1838,LUST Cleanup Initiated,RP-Lead,2002-07-09,"Underground Storage Tank Removal, 94-245 Farrington Highway, Waipahu, HI 96797, dated July 9, 2002, and prepared by BEI Environmental Services Group",
5347,1839,Confirmed Release,RP-Lead,1994-03-21,SEE REPORT DATED 5/18/1994 - RK,
5348,1839,LUST Cleanup Initiated,RP-Lead,1994-05-17,,
5349,1840,LUST Cleanup Initiated,RP-Lead,2002-07-24,SEE THE CALL ON 7/24/2002 - RK,
5350,1840,Confirmed Release,RP-Lead,2002-07-24,CALL TO JACK - RK,
5351,1841,Monitored Natural Attenuation,RP-Lead,2002-08-13,,
5352,1841,Confirmed Release,RP-Lead,2002-08-13,CALL TO RICH,
5353,1841,LUST Cleanup Initiated,RP-Lead,2002-10-18,site ass by Clayton dated 4/16/02.,
5354,1842,Confirmed Release,RP-Lead,2002-08-29,CALL TO RICH - RK,
5355,1842,LUST Cleanup Initiated,RP-Lead,2002-12-06,cls rpt by LFR 12/6/02,
5356,1842,Site Cleanup Completed (NFA),RP-Lead,2003-07-09,NFA U07011RT,
5357,1843,Confirmed Release,RP-Lead,2002-07-30,CALL TO SHUNGSHENG FU - RK,
5358,1843,LUST Cleanup Initiated,RP-Lead,2002-11-29,,
5359,1844,LUST Cleanup Initiated,RP-Lead,2002-10-04,"UST Closure rpt, dtd 11/02",
5360,1844,Confirmed Release,RP-Lead,2002-10-04,BY WALKER,
5361,1844,Site Cleanup Completed (NFA),RP-Lead,2003-01-31,"Issued NFA 1/30/03, UO1026JAR",
5362,1845,Confirmed Release,RP-Lead,1998-12-10,FROM APPENDIX I - RK,
5363,1845,LUST Cleanup Initiated,RP-Lead,1999-01-01,,
5364,1845,Site Cleanup Completed (NFA),RP-Lead,2002-10-31,NFA U10058RT,
5365,1846,Confirmed Release,RP-Lead,2002-06-06,U09004RT,
5366,1846,LUST Cleanup Initiated,RP-Lead,2002-06-07,,
5367,1846,Site Cleanup Completed (NFA),RP-Lead,2002-09-05,NFA U09004RT,
5368,1847,Confirmed Release,RP-Lead,2002-09-25,,
5369,1847,LUST Cleanup Initiated,RP-Lead,2002-09-26,Cls Rpt by brewer dated 1/25/91,
5370,1847,Site Cleanup Completed (NFA),RP-Lead,2002-10-11,NFA U10024RT,
5371,1848,Confirmed Release,RP-Lead,2002-10-11,CALL TO RICH T.,
5372,1848,LUST Cleanup Initiated,RP-Lead,2002-12-10,UST's removed the first two weeks of October 2002. Waiting on closure .,
5373,1849,Confirmed Release,RP-Lead,1993-05-01, SEE LETTER DATED 10/1996 - RK,
5375,1850,Confirmed Release,RP-Lead,2002-11-21,call to rich takaba,
5376,1850,LUST Cleanup Initiated,RP-Lead,2003-01-02,"UST Closure and final Release Response Report, dated December 18, 2002 and prepared by MFA",
5377,1851,LUST Cleanup Initiated,RP-Lead,2002-11-22,,
5378,1851,Confirmed Release,RP-Lead,2002-11-22,RICH REVIEWED THE REPT AND RELEASE ASSIGNED - RK,
5379,1851,Site Cleanup Completed (NFA),RP-Lead,2002-12-11,"Record of Closure - Removal of UST NSNB-86, May 1997 (received by DOH 10/18/02).",
5380,1852,Confirmed Release,RP-Lead,2002-11-29,VIA CLOSURE REPT - RK,
5381,1852,LUST Cleanup Initiated,RP-Lead,2002-11-30,Cls Rpt by Clayton Env 10/30/02.,
5382,1852,Site Cleanup Completed (NFA),RP-Lead,2002-12-13,NFA U12021RT,
5383,1853,Confirmed Release,RP-Lead,2002-11-29,VIA CLOSURE REPT - RK,
5384,1853,LUST Cleanup Initiated,RP-Lead,2002-11-30,Cls Rpt by OHM dated March 1997,
5385,1853,Site Cleanup Completed (NFA),RP-Lead,2003-11-07,NFA U11005RT,
5386,1854,Confirmed Release,RP-Lead,2002-10-28,CALL TO JOSE - RK,
5387,1854,LUST Cleanup Initiated,RP-Lead,2002-12-10,UST's removed the first two weeks of October 2002,
5388,1855,Confirmed Release,RP-Lead,1999-11-08,,
5389,1855,LUST Cleanup Initiated,RP-Lead,2002-10-28,"Release Response report - final, dated October 23, 2002, and prepared by MFA",
5390,1855,Site Cleanup Completed (NFA),State-Lead with State Money,2004-11-08,NFA letter dated 11/4/04 (U10028SL),
5391,1856,Confirmed Release,RP-Lead,2002-11-15,CALL TO JOSE - RK,
5392,1856,LUST Cleanup Initiated,RP-Lead,2002-12-19,,
5393,1856,Site Cleanup Completed (NFA),RP-Lead,2004-03-16,,
5394,1857,Confirmed Release,RP-Lead,2002-11-15,CALL TO JOSE - RK,
5395,1857,LUST Cleanup Initiated,RP-Lead,2002-12-19,,
5396,1857,Site Cleanup Completed (NFA),RP-Lead,2004-03-16,,
5397,1858,Confirmed Release,RP-Lead,2002-11-15,CALL TO JOSE,
5398,1858,LUST Cleanup Initiated,RP-Lead,2002-12-19,,
5399,1858,Site Cleanup Completed (NFA),RP-Lead,2004-03-16,,
5400,2544,Confirmed Release,RP-Lead,2002-11-22,CALL TO RICH T.,
5402,1860,Confirmed Release,RP-Lead,2002-04-24,,
5403,1860,LUST Cleanup Initiated,,2002-05-08,Phase II Subsurface Investigation dated 4/24/02,
5404,1860,Site Cleanup Completed (NFA),RP-Lead,2005-08-25,NFA letter U08059RT,
5405,1861,Confirmed Release,RP-Lead,2003-01-13,CALL TO JOHN PEARD - RK,
5406,1861,LUST Cleanup Initiated,,2003-04-30,Closure & Release Response Report dated April 2003,
5407,1862,Confirmed Release,RP-Lead,2003-01-24,CALL TO ROXANNE - RK,
5408,1862,LUST Cleanup Initiated,RP-Lead,2003-03-14,,
5409,1862,Site Cleanup Completed (NFA),RP-Lead,2003-05-15,,
5410,1863,Confirmed Release,RP-Lead,2003-01-22,,
5411,1863,LUST Cleanup Initiated,RP-Lead,2003-04-29,Cls Rpt by LFR 04.29.03,
5412,1863,Site Cleanup Completed (NFA),RP-Lead,2003-05-05,NFA U05053RT,
5413,1864,Confirmed Release,RP-Lead,2003-01-22,,
5414,1864,LUST Cleanup Initiated,RP-Lead,2003-04-30,"Underground Storage Tank(UST)Closure and Short-Term Release Response Report, kalua-Kona Chevro Service Station, 75-5644 Palani Road, kalua-Kona, Hawaii, dated April 30, 2003, and prepared by by LFR Levine-Fricke",
5415,1864,Site Cleanup Completed (NFA),RP-Lead,2003-06-25,"U06017SL  DOH NFA letter dated June 25, 2003(U06017SL):",
5416,1865,LUST Cleanup Initiated,,2003-02-12,,
5417,1865,Confirmed Release,RP-Lead,2003-02-12,,
5418,1865,Site Cleanup Completed (NFA),,2004-04-01,"U04003RH  NFA Issued for this release only , part of multi-release site.",
5419,1866,Confirmed Release,RP-Lead,2003-02-12,,
5420,1866,LUST Cleanup Initiated,,2003-07-07,Underground Storage Tank #12 and Oil/Water Separator #16 Closure Report,
5423,1868,Confirmed Release,RP-Lead,2003-04-04,CALL TO JOHN PEARD - RK,
5424,1868,LUST Cleanup Initiated,RP-Lead,2003-05-22,"Limited Environmental Assessment, dated May 22, 2003 and prepared by WALKER CONSULTANTS, LTD.",
5425,1868,Site Cleanup Completed (NFA),RP-Lead,2003-11-07,"NFA letter U11004SL, 11/7/03",
5426,1869,Confirmed Release,RP-Lead,2002-12-03,VIA CLOSURE REPT - RK,
5427,1869,LUST Cleanup Initiated,RP-Lead,2003-02-24,cls rpt Clayton 2/24/03,
5428,1869,Site Cleanup Completed (NFA),RP-Lead,2003-04-23,NFA letter U04019RT,
5429,1870,Confirmed Release,RP-Lead,1998-10-10,"VIA CLOSURE REPT. Dated Sept 98. 
Rcvd in DOH office Nov. 2002",
5430,1871,Confirmed Release,RP-Lead,1991-11-01,VIA CLOSURE REPT - RK,
5431,1871,LUST Cleanup Initiated,RP-Lead,2003-05-01,"cls rpt Clayton May 1, 2003",
5432,1871,Site Cleanup Completed (NFA),RP-Lead,2003-05-07,NFA letter U05016RT,
5433,1872,Confirmed Release,RP-Lead,1993-04-29,VIA CLOSURE REPT REC;D 4/2/2003  - RK,
5434,1872,LUST Cleanup Initiated,RP-Lead,1993-06-18,,
5435,1872,Site Cleanup Completed (NFA),RP-Lead,2003-04-25,,
5436,1873,Confirmed Release,RP-Lead,2003-02-27,,
5437,1873,LUST Cleanup Initiated,,2003-06-02,T-8 and T-9 Underground Storage Tank Closure Report,
5438,1874,Confirmed Release,RP-Lead,2003-04-01,,
5439,1874,LUST Cleanup Initiated,RP-Lead,2003-08-22,Underground Storage Tank Closure Report,
5440,1874,Site Cleanup Completed (NFA),RP-Lead,2003-10-24,,
5441,1875,Confirmed Release,RP-Lead,2003-04-01,,
5442,1875,LUST Cleanup Initiated,RP-Lead,2003-08-22,Underground Storage Tank Closure Report,
5443,1875,Site Cleanup Completed (NFA),RP-Lead,2003-10-24,,
5444,1876,Confirmed Release,RP-Lead,2003-04-02,CALL TO RICH T. - RK,
5445,1876,LUST Cleanup Initiated,RP-Lead,2003-07-01,,
5446,1876,Site Cleanup Completed (NFA),RP-Lead,2003-09-15,,
5447,1877,Confirmed Release,RP-Lead,2003-05-08,CALL TO RICH TAKABA - RK,
5448,1877,LUST Cleanup Initiated,RP-Lead,2003-06-02,crn letter received 5/27/03,
5449,1877,Site Cleanup Completed (NFA),RP-Lead,2004-01-05,"NFA'd 12/26/03, U12032JAR",
5450,1878,Confirmed Release,RP-Lead,2003-05-29,call to shaobin li - rki,
5451,1878,LUST Cleanup Initiated,RP-Lead,2003-06-09,All USTs removed and the area is been graded.,
5452,1878,Site Cleanup Completed (NFA),RP-Lead,2003-11-24,"NFA'd 10/20/03, U10028JAR",
5453,1879,Confirmed Release,RP-Lead,1998-01-01,VIA CLOSURE REPT REVIEWAL - RK,
5454,1879,LUST Cleanup Initiated,RP-Lead,2002-12-09,cls rpt by MasaFuj dated 2/10/98,
5455,1879,Site Cleanup Completed (NFA),RP-Lead,2003-06-25,NFA U06014RT,
5456,1880,Confirmed Release,RP-Lead,2003-06-09,CALL TO JOSE - RK,
5457,1880,LUST Cleanup Initiated,RP-Lead,2003-09-22,,
5458,1880,Site Cleanup Completed (NFA),RP-Lead,2003-11-24,"NFA'd 10/20/03, U10028JAR",
5459,1881,Confirmed Release,RP-Lead,2003-06-10,CALL TO JOSE - RK,
5460,1881,LUST Cleanup Initiated,,2004-02-13,Closure Report dated January 2004,
5461,1881,Site Cleanup Completed (NFA),RP-Lead,2004-08-05,NFA U08002RT,
5462,1882,Confirmed Release,RP-Lead,2003-06-10,,
5463,1882,LUST Cleanup Initiated,RP-Lead,2004-02-13,"Underground Storage Tank Closure Report for UST HMR 223 Helemano Military Reservation, Oahu, Hawaii,  dated January, 2004, and prepared by Environet, Inc.",
5464,1882,Site Cleanup Completed (NFA),RP-Lead,2004-10-20,NFA letter U10016SL,
5465,1883,Confirmed Release,RP-Lead,2002-09-26,via closure rept - tk,
5466,1883,LUST Cleanup Initiated,RP-Lead,2003-02-02,Cls Rpt IT Corp Feb 2003,
5467,1883,Site Cleanup Completed (NFA),RP-Lead,2003-07-21,NFA U07025RT,
5468,1884,Confirmed Release,RP-Lead,1984-01-01,the release was noted in the env. site assessment rept - rk,
5469,1884,LUST Cleanup Initiated,RP-Lead,1984-09-16,the UST removal was noted in the Phase II Site Investigation Rept. by BEI,
5470,1885,LUST Cleanup Initiated,RP-Lead,2003-07-30,,
5471,1885,Confirmed Release,RP-Lead,2003-07-30,,
5472,1885,Site Cleanup Completed (NFA),RP-Lead,2004-01-05,"NFA'd 12/17/03, U12019JAR",
5473,1886,Confirmed Release,RP-Lead,2003-08-21,"CALL TO RICH - RK
9/16/2003 CALLED TO RK - RK",
5474,1886,LUST Cleanup Initiated,,2003-11-18,Baseline,
5475,1886,Site Cleanup Completed (NFA),RP-Lead,2004-09-07,NFA letter U09001RT,
5476,1887,Confirmed Release,RP-Lead,2003-09-12,CALL TO ROX - RK,
5477,1887,LUST Cleanup Initiated,RP-Lead,2003-10-21,"Baseline Site Assessment Report, Kuakini Chevron Food Mart
76-274 Lako Street, Kailua-Kon, (Facility ID No. 9-602710 / Release ID No. 030046), dated September 24, 2003, and prepared by LFR",
5478,1887,Site Cleanup Completed (NFA),RP-Lead,2003-11-26,DOH NFA letter dated 11/26/03.,
5479,1888,Confirmed Release,RP-Lead,2003-09-12,CALL TO ROX- RK,
5480,1888,LUST Cleanup Initiated,,2003-09-24,Baseline Site Assessment,
5481,1888,Site Cleanup Completed (NFA),,2005-07-14,Conditional NFA,
5482,1889,LUST Cleanup Initiated,RP-Lead,2003-09-12,,
5483,1889,Confirmed Release,RP-Lead,2003-09-12,CALL TO ROX - RK,
5484,1889,Site Cleanup Completed (NFA),RP-Lead,2005-08-09,,
5485,1890,LUST Cleanup Initiated,RP-Lead,2003-10-06,,
5486,1890,Confirmed Release,RP-Lead,2003-10-06,CALL TO JOSE,
5487,1890,Site Cleanup Completed (NFA),RP-Lead,2005-03-02,"DOH NFA letter dated March 2, 2005(U03010SL)",
5488,1891,Confirmed Release,RP-Lead,1993-11-18,,
5490,1892,Confirmed Release,RP-Lead,2003-07-22,call to shunsheng - rk,
5491,1893,Monitored Natural Attenuation,RP-Lead,2003-09-12,,
5492,1893,Confirmed Release,RP-Lead,2003-09-12,call to rich t. - rk,
5493,1893,LUST Cleanup Initiated,,2003-09-13,MWs installed,
5494,1893,Site Cleanup Completed (NFA),RP-Lead,2005-09-02,NFA letter U08086RT,
5495,1894,LUST Cleanup Initiated,RP-Lead,2003-10-04,UST Closure Report,
5496,1894,Confirmed Release,RP-Lead,2003-10-04,call to rox - rk,
5497,1895,Confirmed Release,RP-Lead,2003-10-08,call to jack,
5498,1895,LUST Cleanup Initiated,,2004-01-27,Cls Rpt 1/21/04,
5499,1895,Site Cleanup Completed (NFA),RP-Lead,2004-03-31,NFA U03039RT,
5500,1896,Confirmed Release,RP-Lead,2003-10-16,call to rk,
5501,1896,LUST Cleanup Initiated,,2003-10-17,,
5502,1896,Site Cleanup Completed (NFA),,2004-10-01,U09043SF,
5503,1897,LUST Cleanup Initiated,RP-Lead,2003-10-29,,
5504,1897,Confirmed Release,RP-Lead,2003-10-29,CALL TO JACK,
5505,1897,Site Cleanup Completed (NFA),RP-Lead,2004-12-22,,
5506,1898,Confirmed Release,RP-Lead,2003-11-21,CALL TO ROX - RK,
5507,1898,LUST Cleanup Initiated,,2005-06-13,Closure report recieved,
5508,1898,Site Cleanup Completed (NFA),,2005-08-12,NFA letter U08028CP,
5509,1899,Confirmed Release,RP-Lead,2003-12-04,CALL TO SHUNGSHENG FU. - RK,
5510,1899,LUST Cleanup Initiated,,2003-12-08,Baseline Report,
5511,1899,Site Cleanup Completed (NFA),,2005-08-09,NFA - U08014,
5512,1900,Confirmed Release,RP-Lead,2003-12-04,CALL TO SHUNGHSENG - RK,
5513,1900,LUST Cleanup Initiated,,2003-12-08,"Baseline, LFR",
5514,1900,Site Cleanup Completed (NFA),,2005-08-09,NFA U08014CP,
5515,1901,Monitored Natural Attenuation,RP-Lead,2004-01-07,,
5516,1901,Confirmed Release,RP-Lead,2004-01-07,CALL TO ROX - RK,
5517,1901,LUST Cleanup Initiated,,2004-02-12,rpt dated 1/9/04,
5518,1901,Site Cleanup Completed (NFA),RP-Lead,2005-12-07,,
5519,1902,Confirmed Release,RP-Lead,2004-01-13,call to rox - rk,
5520,1902,LUST Cleanup Initiated,RP-Lead,2004-07-29,"UST Removal and Closure Report dated July 28, 2004",
5521,1902,Site Cleanup Completed (NFA),RP-Lead,2004-10-18,NFA letter U10017SL,
5522,1903,Confirmed Release,RP-Lead,2004-01-16,,
5523,1903,LUST Cleanup Initiated,RP-Lead,2004-07-01,CH2M,
5524,1903,Site Cleanup Completed (NFA),RP-Lead,2004-11-04,U10026SF,
5525,1904,Confirmed Release,RP-Lead,2004-01-16,call to jack richardson - rk,
5526,1904,LUST Cleanup Initiated,,2004-01-23,Baseline Site Assessment,
5527,1904,Site Cleanup Completed (NFA),RP-Lead,2005-08-09,,
5528,1905,Confirmed Release,RP-Lead,2004-01-19,CALL TO JACK - RK,
5529,1905,LUST Cleanup Initiated,RP-Lead,2004-09-09,Cls Rpt dated 9/9/04 LFR,
5530,1906,LUST Cleanup Initiated,RP-Lead,1990-03-01,,
5531,1906,Confirmed Release,RP-Lead,1990-03-01,review of closure rept dated 6/8/1990.  tank removed in 3/1990 - rk,
5532,1906,Site Cleanup Completed (NFA),RP-Lead,2004-02-04,NFA U02004RT,
5533,1907,Confirmed Release,RP-Lead,2004-01-06,,
5534,1907,LUST Cleanup Initiated,RP-Lead,2004-01-19,,
5535,1907,Site Cleanup Completed (NFA),RP-Lead,2004-11-15,NFA letter U11021RT,
5536,1908,Confirmed Release,RP-Lead,2004-01-06,,
5537,1908,LUST Cleanup Initiated,,2004-05-07,initial release response report,
5538,1909,Confirmed Release,RP-Lead,2004-01-28,call to rox - rk,
5539,1909,LUST Cleanup Initiated,RP-Lead,2004-01-29,,
5540,1909,Site Cleanup Completed (NFA),RP-Lead,2004-03-09,,
5541,1910,Confirmed Release,RP-Lead,2004-01-28,call to rox,
5542,1910,LUST Cleanup Initiated,RP-Lead,2004-02-03,removed impacted soil.,
5543,1910,Site Cleanup Completed (NFA),RP-Lead,2004-03-09,,
5544,1911,Confirmed Release,RP-Lead,2004-01-26,,
5545,1911,LUST Cleanup Initiated,,2004-03-01,"Final, Underground Storage Tank Closure Report, dated 2/26/04",
5546,1911,Site Cleanup Completed (NFA),RP-Lead,2004-06-26,"Final, Underground Storage Tank Closure Report, dated 2/26/04",
5547,1912,Confirmed Release,RP-Lead,2004-01-22,,
5548,1912,LUST Cleanup Initiated,RP-Lead,2004-02-03,Baseline Site Assessment,
5549,1913,Confirmed Release,RP-Lead,2002-09-01,via closure rept received on 10/6/2003 - rk,
5550,1913,LUST Cleanup Initiated,RP-Lead,2002-09-18,,
5551,1913,Site Cleanup Completed (NFA),RP-Lead,2004-02-13,NFA U02019RT,
5552,1914,Confirmed Release,RP-Lead,2003-11-05,THIS IS APPROXIMATE DATE OF CONFIRMED - RK,
5553,1914,LUST Cleanup Initiated,RP-Lead,2005-02-08,Relase Response Report - Central Planet,
5554,1914,Site Cleanup Completed (NFA),RP-Lead,2005-06-20,NFA letter U06013CP,
5555,1915,Confirmed Release,RP-Lead,2004-02-04,,
5556,1915,LUST Cleanup Initiated,RP-Lead,2004-07-29,"UST Removal and Closure Report dated July 28, 2004",
5557,1915,Site Cleanup Completed (NFA),RP-Lead,2004-10-18,NFA letter U10017SL,
5558,1916,Confirmed Release,RP-Lead,2004-01-27,,
5559,1916,LUST Cleanup Initiated,,2004-12-22,Baseline recieved by DOH,
5560,1916,Site Cleanup Completed (NFA),,2005-08-09,NFA letter U08013CP,
5561,1917,Confirmed Release,RP-Lead,2004-01-29,,
5562,1917,LUST Cleanup Initiated,,2004-03-08,See Baseline Site Assessment dated 3/4/04,
5563,1917,Site Cleanup Completed (NFA),RP-Lead,2005-08-08,u08004rk,
5564,1918,Confirmed Release,RP-Lead,2004-02-05,,
5565,1918,LUST Cleanup Initiated,,2004-03-15,Baseline Site Assessment,
5566,1918,Site Cleanup Completed (NFA),,2005-07-11,Conditional NFA,
5567,1919,Confirmed Release,RP-Lead,2004-02-17,CALL TO SHAOBIN LI - RK,
5568,1919,LUST Cleanup Initiated,,2004-06-02,Baseline Assessment dated 3/30/04,
5569,1919,Site Cleanup Completed (NFA),RP-Lead,2005-12-07,,
5570,1920,LUST Cleanup Initiated,RP-Lead,1992-02-18,,
5571,1920,Confirmed Release,RP-Lead,1992-02-18,via closure rept dated 1992,
5572,1920,Site Cleanup Completed (NFA),RP-Lead,2004-03-31,NFA U03045RT,
5573,1921,Confirmed Release,RP-Lead,2004-02-25,CALL TO SHAOBIN - RK,
5574,1921,LUST Cleanup Initiated,,2004-03-08,UST Closure and Closure Assessment report,
5575,1921,Site Cleanup Completed (NFA),RP-Lead,2004-03-10,UST Closure and Closure Assessment report,
5576,1922,Confirmed Release,RP-Lead,2003-11-06,CALL TO JOSE,
5577,1923,Confirmed Release,RP-Lead,2003-11-05,,
5578,1923,LUST Cleanup Initiated,,2004-08-16,,
5579,1923,Site Cleanup Completed (NFA),,2005-04-01,U03044RT  NFA,
5580,1924,Confirmed Release,RP-Lead,2004-02-06,CALL TO RANDY,
5581,1925,LUST Cleanup Initiated,RP-Lead,2004-02-10,,
5582,1925,Confirmed Release,RP-Lead,2004-02-10,,
5583,1925,Site Cleanup Completed (NFA),RP-Lead,2005-02-09,Contaminants below Teir 1,
5584,1926,Confirmed Release,RP-Lead,2004-03-31,CIA CLOURE REPT,
5585,1927,Confirmed Release,RP-Lead,2004-04-06,CALL TO SHUNGSHUNG,
5586,1927,LUST Cleanup Initiated,,2004-04-07,,
5587,1927,Site Cleanup Completed (NFA),,2004-05-27,NFA issued,
5588,1928,LUST Cleanup Initiated,,2004-04-02,"Approx. time, excavated shortly after UST closure",
5589,1928,Confirmed Release,RP-Lead,2004-04-02,CALL TO SHAOBIN - RK,
5590,1928,Site Cleanup Completed (NFA),,2005-03-08,,
5591,1929,Confirmed Release,RP-Lead,2004-03-31,CALL TO JOSE R. - RK,
5592,1929,LUST Cleanup Initiated,,2004-04-15,Baseline Site Assessment,
5593,1929,Site Cleanup Completed (NFA),,2005-07-14,Conditional NFA,
5594,1930,Confirmed Release,RP-Lead,2004-04-22,CALL TO ROX - RK,
5595,1930,LUST Cleanup Initiated,,2004-07-01,,
5596,1930,Site Cleanup Completed (NFA),,2005-06-22,,
5597,1931,Confirmed Release,RP-Lead,2004-04-12,,
5598,1931,LUST Cleanup Initiated,,2004-05-24,Baseline Site Assessment,
5599,1931,Site Cleanup Completed (NFA),,2005-07-11,,
5600,1932,Confirmed Release,RP-Lead,2004-05-07,via closure rept - rk,
5601,1932,LUST Cleanup Initiated,,2004-11-16,via subsurface investigation report - HW,
5602,1932,Site Cleanup Completed (NFA),,2005-05-03,NFA issued-U05010HW,
5603,1933,Confirmed Release,RP-Lead,2004-05-06,via crn - rk,
5605,1934,Confirmed Release,RP-Lead,2004-05-11,release from the used oil tank.  from the baseline assessment,
5606,1934,LUST Cleanup Initiated,,2005-05-11, baseline assessment,
5607,1934,Site Cleanup Completed (NFA),,2006-05-03,"DOH NFA letter dated May 3, 2006(U04020SL)",
5608,1935,Confirmed Release,RP-Lead,2004-05-12,,
5609,1935,LUST Cleanup Initiated,RP-Lead,2004-07-29,"UST Removal and Closure Report dated July 28, 2004",
5610,1935,Site Cleanup Completed (NFA),,2006-03-23,"DOH lNFA letter dated March 23, 2006(U03029SL)",
5611,1936,Confirmed Release,RP-Lead,2004-06-10,VIA FAX DATED 6/11/2004,
5613,1937,LUST Cleanup Initiated,RP-Lead,2004-06-25,,
5615,1938,LUST Cleanup Initiated,,2004-06-08,Human Health Risk Assessment,
5616,1938,Confirmed Release,RP-Lead,2004-06-08,,
5617,1938,Site Cleanup Completed (NFA),,2005-04-28,U04025HW,
5618,1939,Confirmed Release,RP-Lead,2004-06-25,CALL TO RT,
5619,1940,LUST Cleanup Initiated,RP-Lead,2004-06-29,,
5620,1940,Confirmed Release,RP-Lead,2004-06-29,VIA BASELINE ASSESSMENT,
5621,1940,Site Cleanup Completed (NFA),RP-Lead,2005-07-26,U07027SL,
5622,1941,LUST Cleanup Initiated,RP-Lead,2004-04-12,,
5623,1941,Confirmed Release,RP-Lead,2004-04-12,TANK REMOVED ON 4/12/2004.  RECEIVED REPORT ON 6/28/2004 - RK,
5624,1941,Site Cleanup Completed (NFA),RP-Lead,2005-01-11,"NFA letter dated January 11,2005 (U00105SL)",
5625,1942,Confirmed Release,RP-Lead,2004-07-14,,
5626,1942,LUST Cleanup Initiated,RP-Lead,2004-10-25,,
5627,1943,Confirmed Release,RP-Lead,2004-07-14,,
5628,1943,LUST Cleanup Initiated,,2004-10-25,,
5629,1943,Site Cleanup Completed (NFA),RP-Lead,2006-12-21,NFA letter U1247DP,
5630,1944,Confirmed Release,RP-Lead,2004-07-20,VIA CRN - RK,
5631,1944,LUST Cleanup Initiated,RP-Lead,2004-07-27,,
5632,1944,Site Cleanup Completed (NFA),RP-Lead,2005-10-14,NFA letter U10024RT,
5633,1945,Confirmed Release,RP-Lead,2004-07-20,VIA CRN - RK,
5634,1945,LUST Cleanup Initiated,RP-Lead,2004-10-26,Baseline Site Assessment,
5635,1946,Confirmed Release,RP-Lead,2004-07-20,VIA CRN - RK,
5636,1946,LUST Cleanup Initiated,RP-Lead,2004-10-25,,
5637,1947,Confirmed Release,RP-Lead,2004-07-20,VIA CRN - RK,
5638,1948,Confirmed Release,RP-Lead,2004-07-20,VIA CRN - RK,
5639,1948,LUST Cleanup Initiated,,2004-10-25,,
5640,1948,Site Cleanup Completed (NFA),,2005-03-02,,
5641,1949,Confirmed Release,RP-Lead,2004-07-20,VIA CRN - RK,
5643,1951,Confirmed Release,RP-Lead,2004-08-06,via crn - rk,
5644,1951,LUST Cleanup Initiated,,2004-10-01,Baseline report,
5645,1951,Site Cleanup Completed (NFA),RP-Lead,2006-05-08,NFA letter U05009RT,
5646,1952,Confirmed Release,RP-Lead,2004-08-06,via crn - rk,
5649,1952,LUST Cleanup Initiated,,2006-05-25,"
Regional Environmental Compliance Manager
ConocoPhillips Company
3611 South Harbor Blvd., Suite 200
Santa Ana, California 92704

Dear Mr. Bryan:

SUBJECT:	Dixson Union 76 Service station
		75-5756 Hualalai Road, Kailua-Kona, Hawaii
		Facility ID No. 9-600011 / Release ID No. 040060

The Department of Health (DOH) has reviewed the following documents:

1.	Letter Report Baseline Site Assessment, dated October 25, 2004 and prepared by Environmental Science International (ESI); and

2.	Letter Response to DOH Concerns and Request for No Further Action, and the attached Tanks Testing Report, dated April 11, 2006, and prepared by ESI.

Please note the documents have been placed with the public record.

Based on the information provided, DOH issues a status of no further action in response to this release.  However, because soil samples were not obtained from beneath the operational underground storage tanks (USTs), or beneath every twenty linear feet of piping as required for UST closures and removal, DOH cannot be certain that contamination does not exist beneath the UST system in areas where it is commonly found.  

In issuing this No Further Action letter, DOH makes no comment, finding, or determination as to the presence of petroleum contamination in, under, or around the existing UST pit, piping runs, dispenser islands, or in other areas of the facility that were not sampled during the baseline assessment.  Therefore, if any information reveals the presence of contamination at the subject site, then additional investigation and/or remedial action may be necessary.  

Finally, please note that for current or former UST facilities, state law requires any detectable level of petroleum contamination discovered beneath ground surface to be reported to this office within 24 hours, including de minimis contamination, contamination found at concentrations lower than DOH Tier 1 action levels, and contamination found after receiving a status of no further action from DOH. 

If you have any questions regarding this letter, please contact Mr. Shaobin Li of our Underground Storage Tank Section at (808) 586-4226 or e-mail at: 
shaobin.li@doh.hawaii.gov

Sincerely,



STEVEN Y.K. CHANG, P.E., CHIEF
						Solid and Hazardous Waste Branch",
5650,1953,Confirmed Release,RP-Lead,2004-08-06,VIA CRN - RK,
5651,1953,LUST Cleanup Initiated,,2004-10-25,,
5652,1954,Confirmed Release,RP-Lead,2004-08-06,VIA CRN - RK,
5653,1954,LUST Cleanup Initiated,RP-Lead,2004-11-29,Baseline from ESI,
5656,1956,Confirmed Release,RP-Lead,2004-08-06,VIA CRN - RK,
5657,1956,LUST Cleanup Initiated,,2004-10-25,Baseline Site Assessment,
5658,1957,Confirmed Release,RP-Lead,2004-08-10,call to rox - rk,
5659,1957,LUST Cleanup Initiated,,2004-09-01,Overexcavation done on undocumented UST,
5660,1957,Site Cleanup Completed (NFA),,2004-10-27,NFA issued,
5661,1958,Confirmed Release,RP-Lead,2004-08-27,call to shunsheng - rk,
5662,1959,Confirmed Release,RP-Lead,2004-08-16,,
5663,1959,LUST Cleanup Initiated,,2006-03-02,,
5664,1959,Site Cleanup Completed (NFA),,2006-06-06,,
5665,1960,Confirmed Release,RP-Lead,2004-09-17,call to randy,
5666,1960,LUST Cleanup Initiated,,2005-11-12,,
5667,1960,Site Cleanup Completed (NFA),,2005-12-22,"DOH NFA letter dated December 22, 2005(U12022SL)",
5668,1961,Confirmed Release,RP-Lead,2004-09-14,via crn - rk,
5669,1961,LUST Cleanup Initiated,,2005-01-28,Closure Report by BEI,
5670,1961,Site Cleanup Completed (NFA),,2005-05-27,letter U05069CP,
5671,1962,Confirmed Release,RP-Lead,2004-10-13,VIA EMAIL TO RICH T - RK,
5672,1962,LUST Cleanup Initiated,,2004-10-29,,
5673,1962,Site Cleanup Completed (NFA),,2005-04-26,,
5674,1963,Confirmed Release,RP-Lead,1993-01-01,under the CLEAN Program - rk,
5675,1963,LUST Cleanup Initiated,RP-Lead,2005-03-23,soil sampling,
5676,1964,Confirmed Release,RP-Lead,2004-10-01,CALL TO RANDY,
5677,1964,LUST Cleanup Initiated,RP-Lead,2006-04-20,,
5678,1964,Site Cleanup Completed (NFA),RP-Lead,2006-04-21,NFA letter U04010RT,
5679,1965,Confirmed Release,RP-Lead,2004-11-23,call to rox - rk,
5680,1965,LUST Cleanup Initiated,,2005-03-22,"UST Closure Report dated March 11, 2005",
5681,1966,Confirmed Release,RP-Lead,2004-10-21,call to randy,
5682,1967,Confirmed Release,RP-Lead,2004-11-19,,
5683,1967,Site Cleanup Completed (NFA),,2005-07-26,"NFA letter dated July 26, 2005 (U07025SL)",
5684,1968,Confirmed Release,RP-Lead,2004-12-21,call to sli,
5686,1968,LUST Cleanup Initiated,,2005-12-16,,
5688,1969,Confirmed Release,RP-Lead,2004-11-17,call to rk - rk,
5689,1969,LUST Cleanup Initiated,RP-Lead,2005-07-22,UST Closure short-term release response report,
5690,1970,Confirmed Release,RP-Lead,2005-02-24,,
5691,1970,LUST Cleanup Initiated,,2006-01-20,Underground Storage Tank and Subsurface Feature Closure and Release Response Report,
5692,1970,Site Cleanup Completed (NFA),RP-Lead,2006-11-24,NFA letter U1153DP,
5693,1971,Confirmed Release,RP-Lead,2005-02-28,,
5694,1971,LUST Cleanup Initiated,,2005-04-06,,
5695,1971,Site Cleanup Completed (NFA),,2005-07-14,,
5696,1972,Confirmed Release,RP-Lead,2005-03-04,CALL TO ROX,
5697,1972,LUST Cleanup Initiated,,2005-05-11,Final release Response Report,
5698,1972,Site Cleanup Completed (NFA),,2005-08-12,NFA letter U08029CP,
5699,1973,Confirmed Release,RP-Lead,1995-08-08,VIA CLOSURE RPT DATED 2/1997 BUT RECEIVED ON 3/22/2005 - RK,
5700,1974,Confirmed Release,RP-Lead,2005-03-28,CALL TO SFU - RK,
5701,1975,Confirmed Release,RP-Lead,2005-02-28,,
5702,1975,LUST Cleanup Initiated,,2005-08-04,letter/Initial release report by HPD Major Randal Macadangdang,
5703,1976,Confirmed Release,RP-Lead,2005-02-25,call to rt,
5706,1977,Confirmed Release,RP-Lead,2005-03-03,,
5707,1978,Confirmed Release,RP-Lead,2005-04-20,via crn - rk,
5708,1978,LUST Cleanup Initiated,,2005-07-27,Initial release response report - URS,
5709,1978,Site Cleanup Completed (NFA),RP-Lead,2005-08-26,,
5712,1980,Confirmed Release,RP-Lead,2005-05-04,,
5713,1980,LUST Cleanup Initiated,RP-Lead,2005-09-26,Groundwater monitoring report,
5714,1981,Confirmed Release,RP-Lead,2005-04-29,,
5715,1981,LUST Cleanup Initiated,RP-Lead,2005-07-08,Data Evaluation Summary/Request for NFA Determination,
5716,1981,Site Cleanup Completed (NFA),RP-Lead,2006-12-22,NFA letter U1250DP,
5717,1982,Confirmed Release,RP-Lead,2005-04-20,,
5718,1982,LUST Cleanup Initiated,RP-Lead,2005-07-14,supplemental baseline investigation report,
5719,1983,Confirmed Release,RP-Lead,2005-05-04,,
5720,1984,Confirmed Release,RP-Lead,2005-04-29,,
5721,1984,LUST Cleanup Initiated,,2005-11-04,"BEI Report dated Nov. 04, 2005",
5722,1985,Confirmed Release,RP-Lead,2005-04-29,,
5723,1985,LUST Cleanup Initiated,RP-Lead,2005-05-27,,
5724,1985,Site Cleanup Completed (NFA),RP-Lead,2005-09-27,,
5725,1986,Confirmed Release,RP-Lead,2005-05-06,Confirmed release discovered during a baseline assessment conducted at the subject site.  DOH has assigned the Release ID Number 050028 to the release.,
5726,1986,Site Cleanup Completed (NFA),,2005-09-02,"DOH NFA letter dated September 2, 2005(U08074SL)",
5727,1986,LUST Cleanup Initiated,,2005-09-02,,
5728,1987,Confirmed Release,RP-Lead,2005-05-16,Confirmed Release Notification Form dated 5/19/05,
5729,1988,Confirmed Release,RP-Lead,2005-04-29,,
5730,1988,LUST Cleanup Initiated,,2005-06-16,GW monitoring report,
5731,1989,Confirmed Release,RP-Lead,2005-05-06,,
5732,1989,LUST Cleanup Initiated,RP-Lead,2005-07-27,,
5733,1989,Site Cleanup Completed (NFA),RP-Lead,2006-03-06,NFA letter U03006RT,
5734,1990,Confirmed Release,RP-Lead,2005-05-06,,
5735,1990,LUST Cleanup Initiated,RP-Lead,2005-07-06,,
5736,1990,Site Cleanup Completed (NFA),RP-Lead,2006-11-22,Baseline NFA letter U1147DP,
5737,1991,Confirmed Release,RP-Lead,2005-05-04,,
5738,1991,LUST Cleanup Initiated,RP-Lead,2005-05-31,,
5740,1992,Confirmed Release,RP-Lead,2005-06-08,via crn - rk,
5741,1992,LUST Cleanup Initiated,,2005-06-14,Phase II Site Assessment,
5742,1992,Site Cleanup Completed (NFA),,2006-02-07,Risk Assessment,
5743,1993,Confirmed Release,RP-Lead,2005-05-03,call to haven,
5744,1994,Confirmed Release,RP-Lead,2005-05-15,,
5745,1994,LUST Cleanup Initiated,,2005-05-20,,
5746,1994,Site Cleanup Completed (NFA),,2006-03-08,Baseline Site Assessment,
5747,1995,Confirmed Release,RP-Lead,2005-05-06,call ro rich t.,
5748,1995,LUST Cleanup Initiated,,2005-05-20,Base line,
5749,1995,Site Cleanup Completed (NFA),RP-Lead,2006-11-09,Baseline NFA U1115DP,
5750,1996,Confirmed Release,RP-Lead,2004-12-07,,
5751,1996,LUST Cleanup Initiated,,2005-07-01,,
5752,1996,Site Cleanup Completed (NFA),,2005-08-25,,
5753,1997,Confirmed Release,RP-Lead,2005-04-29,,
5754,1998,Confirmed Release,RP-Lead,2005-07-25,,
5755,1998,LUST Cleanup Initiated,,2005-08-31,,
5756,1998,Site Cleanup Completed (NFA),,2006-02-17,Baseline Assessment,
5757,1999,Confirmed Release,RP-Lead,2005-06-30,,
5758,1999,LUST Cleanup Initiated,,2005-08-25,"Underground Storage Tank
 Closure and Release Response Report,"" dated August 25, 2005 and prepared by
 EnviroServices and Training Center (ETC), LLC",
5759,1999,Site Cleanup Completed (NFA),,2006-08-22,"DOH NFA letter dated August 22, 2006(U08013SL)",
5760,2000,Confirmed Release,RP-Lead,2005-08-08,,
5761,2001,Confirmed Release,RP-Lead,2005-08-08,6/22/05 product pipes failed the tightness test. The release was reported on 08/08/05,
5765,2002,Confirmed Release,RP-Lead,2005-08-15,,
5766,2003,Confirmed Release,RP-Lead,2005-08-26,,
5767,2004,LUST Cleanup Initiated,RP-Lead,2005-07-01,,
5768,2004,Confirmed Release,RP-Lead,2005-07-01,via closure rept - rk,
5769,2004,Site Cleanup Completed (NFA),RP-Lead,2005-11-27,NFA letter U09021RT,
5770,2005,Confirmed Release,RP-Lead,2005-08-07,CALL TO RT,
5771,2006,LUST Cleanup Initiated,RP-Lead,2005-01-26,see the report,
5772,2006,Confirmed Release,RP-Lead,2005-01-26,3/23/2005 releae was discovered from the reviewal of the closure rept,
5773,2006,Site Cleanup Completed (NFA),RP-Lead,2005-11-03,NFA issued U10053RT,
5774,2007,Confirmed Release,RP-Lead,2005-11-04,via crn on waste oil ust - rk,
5775,2007,LUST Cleanup Initiated,,2006-01-12,,
5776,2007,Site Cleanup Completed (NFA),,2006-02-07,Tier 1 Risk Assessment,
5777,2008,LUST Cleanup Initiated,,2005-11-02,,
5778,2008,Confirmed Release,RP-Lead,2005-11-02,,
5779,2008,Site Cleanup Completed (NFA),,2006-04-21,,
5780,2009,Confirmed Release,RP-Lead,1993-11-16,,Shunsheng Fu
5781,2009,LUST Cleanup Initiated,RP-Lead,1997-06-01,,Shunsheng Fu
5783,2010,Confirmed Release,RP-Lead,1993-09-01,,
5784,2011,Confirmed Release,RP-Lead,1993-12-01,,
5785,2011,LUST Cleanup Initiated,,2005-12-11,,
5786,2011,Site Cleanup Completed (NFA),,2006-02-08,"DOH nfa letter dated February 8, 2006(U02004SL)",
5787,2012,Confirmed Release,RP-Lead,1993-11-01,,
5788,2012,LUST Cleanup Initiated,,2005-10-04,"Site Investigation Report, Former PWC USTs PW-21 and PW-23, Pearl Harbor Naval Complex, Oahu, Hawaii, dated September 2005, and prepared by Environet, Incorporated",
5789,2012,Site Cleanup Completed (NFA),,2006-01-20,"DOH NFA letter dated January 20, 2006(U01013SL)",
5791,2014,LUST Cleanup Initiated,RP-Lead,2004-06-21,,
5792,2014,Confirmed Release,RP-Lead,2004-06-21,via closure rept received 9/2005 - rk,
5793,2014,Site Cleanup Completed (NFA),RP-Lead,2006-01-19,NFA issued U01008RT,
5795,2016,Confirmed Release,RP-Lead,2005-05-19,via closure rept - rk,
5796,2016,LUST Cleanup Initiated,RP-Lead,2005-06-15,,
5797,2016,Site Cleanup Completed (NFA),RP-Lead,2006-02-17,NFA letter U02020RT,
5798,2017,Confirmed Release,RP-Lead,2006-02-15,call to sfu - rk,
5799,2018,Confirmed Release,RP-Lead,2006-02-17,,
5800,2019,Monitored Natural Attenuation,RP-Lead,2006-02-21,,
5801,2019,Confirmed Release,RP-Lead,1998-10-01,release was not reported until 5/2005@  thru the Exposure Pathway management plan - rk,
5802,2020,Confirmed Release,RP-Lead,2002-04-01,REPORT WAS SUBMITTED TO DOH ON 11/1/2005 - rK,
5803,2020,LUST Cleanup Initiated,RP-Lead,2005-10-28,,
5804,2020,Site Cleanup Completed (NFA),RP-Lead,2006-03-15,NFA letter U03018RT,
5806,2022,Confirmed Release,RP-Lead,2006-03-29,call to roxanne  -rk,
5809,2022,LUST Cleanup Initiated,RP-Lead,2006-10-16,,
5810,2023,Confirmed Release,RP-Lead,2006-04-18,call to rox,
5811,2024,Confirmed Release,RP-Lead,2005-03-15,via closure rept -rk,
5812,2024,LUST Cleanup Initiated,RP-Lead,2006-04-27,,
5813,2024,Site Cleanup Completed (NFA),RP-Lead,2006-04-28,NFA letter U04025RT,
5814,2025,Confirmed Release,RP-Lead,2005-11-09,,
5815,2025,LUST Cleanup Initiated,RP-Lead,2005-11-11,,
5816,2025,Site Cleanup Completed (NFA),RP-Lead,2006-03-08,NFA letter U03005RT,
5817,2026,Confirmed Release,RP-Lead,2006-04-21,,
5818,2027,Confirmed Release,RP-Lead,2006-05-01,,
5821,2030,Confirmed Release,RP-Lead,2006-06-01,,
5823,2032,Confirmed Release,RP-Lead,2005-11-01,VIA CLOSURE REPT - RK,
5824,2033,Confirmed Release,RP-Lead,2006-03-15,,
5825,2034,Confirmed Release,RP-Lead,2006-06-08,,
5826,2034,LUST Cleanup Initiated,RP-Lead,2006-07-15,soil sampling/tightness test performed,
5827,2035,Confirmed Release,RP-Lead,1991-06-06,,
5828,2035,LUST Cleanup Initiated,RP-Lead,1991-06-06,,
5831,2037,Confirmed Release,RP-Lead,2006-06-14,,
5832,2038,Confirmed Release,RP-Lead,2006-08-16,call to shunsheng,
5833,2039,Confirmed Release,RP-Lead,2006-09-05,UST Closure,
5835,2041,Confirmed Release,RP-Lead,2006-09-11,via letter,
5836,2042,Confirmed Release,RP-Lead,2006-10-12,call to rox,
5837,2043,Confirmed Release,RP-Lead,2006-10-21,call to Terry Corpus of HEER office - rk,
5838,2044,Confirmed Release,RP-Lead,2006-04-04,calll to rich takaba - rk,
5840,2045,Confirmed Release,RP-Lead,1995-09-25,,
5841,2046,Confirmed Release,RP-Lead,2006-12-19,3 gal/hr line leak detector engaged. Leak observed at first union from turbine head. of tank 82,
5844,1969,Site Cleanup Completed (NFA),RP-Lead,2006-12-29,NFA letter U1259DP,
5845,1763,LUST Cleanup Initiated,RP-Lead,2006-12-19,Release Response Report,
5848,2050,Confirmed Release,RP-Lead,2007-01-11,call to Shunsheng Fu - rk,
5849,2051,Confirmed Release,RP-Lead,2007-01-18,,
5852,2023,LUST Cleanup Initiated,,2007-01-30,Release response report (12/6/06),
5863,2037,LUST Cleanup Initiated,RP-Lead,2007-01-15,,
5864,2056,Confirmed Release,RP-Lead,2007-01-26,CALL TO SHUNSHENG FU,
5865,2057,LUST Cleanup Initiated,RP-Lead,1996-11-06,3/14/97 Notification Form Letter - ,
5866,2057,Confirmed Release,RP-Lead,1996-11-18,CALL TO JOSE RUIZ,
5867,2057,Site Cleanup Completed (NFA),RP-Lead,2003-05-16,NFA letter U05013RT,
5870,2540,Confirmed Release,RP-Lead,2006-07-01,Ron Sorrors thought the release was reported - rk,Shaobin Li
5872,2060,Confirmed Release,RP-Lead,2007-01-31,"578 ppm lead, only contaminant above Tier 1 discovered under piping. TPH-d, at a maximum conc. Of 81 ppm under UST and piping.",Darren Park
5873,1861,Site Cleanup Completed (NFA),RP-Lead,2007-02-12,NFA letter U0225DP,Darren Park
5875,1892,LUST Cleanup Initiated,RP-Lead,2006-08-09,,Shunsheng Fu
5876,2063,Confirmed Release,RP-Lead,2006-12-05,release from the diesel piping.,Shunsheng Fu
5878,2065,Confirmed Release,RP-Lead,2007-02-23,,Darren Park
5879,2066,LUST Cleanup Initiated,RP-Lead,2007-02-28,,Shaobin Li
5880,1975,Site Cleanup Completed (NFA),RP-Lead,2007-03-06,U0314DP,Darren Park
5881,880,Site Cleanup Completed (NFA),RP-Lead,2007-03-06,U0253DP,Darren Park
5882,1988,Site Cleanup Completed (NFA),RP-Lead,2007-03-07,U0308DP,Darren Park
5883,2068,Confirmed Release,RP-Lead,2006-06-21,,Richard Takaba
5884,2066,Confirmed Release,RP-Lead,2006-08-15,"DOH letter dated February 9, 2007(U0222SL):

Ms. Geeta Mallick
Beverly Terrace Hotel
469 North Doheny Drive
Beverly Hills, CA  90210

Dear Ms. Mallick:

SUBJECT:  Geeta Mallick
                  95-5572 Mamalahoa Highway, Naalehu
                 Facility ID No. 9-603807 / Release ID No. 060034

The Department of Health (DOH) has reviewed the following documents:

1.An email from Brenda Iokepa-Moses, dated January 15, 2007.

2.The ""Confirmed Release Notification Form"" attached to the aforementioned e-mail, dated August 31, 2006, and signed by yourself.

3.""Underground Storage Tank Closure Report,"" dated August 16, 2006, and prepared by Walker Consultants, Ltd.

Please note the documents have been placed with the public record.

The August 16, 2006, report documents the closure of the four single-walled steel underground storage tanks (UST), consisting of one 550-gallon Kerosene UST and three former gasoline USTs.

According to the report, the subject site is located approximately 2.3 miles inland of the UIC line, within a drinking water portion of the aquifer.  Table 2 (Gasoline UST Soil Sample Analytical Results) shows that two soil samples (D1-1 and D2-1.5) collected at depths of 1 ft and 1.5 ft below ground surface at the former gasoline USTs dispenser location had total lead at concentrations of 4,210 mg/kg and 948 mg/kg, which exceeded DOH Tier 1 action levels, and had not been fully characterized.  

Based on the information provided, in order to certify a clean closure for the subject site, DOH requires further investigation to delineate the total lead contamination to concentrations below DOH Tier 1 action levels, and additional cleanup actions may be necessary.  Please follow the format for a ""Release Response Report"" in the guidance document entitled, Technical Guidance Manual for Underground Storage Tank Closure and Release Response (March 2000), available for download from our website at  http://www.hawaii.gov/health/environmental/waste/ust/index.html.

We appreciate your cooperation and prompt attention to this matter, and look forward to reviewing your release response report as soon as possible.  If you have any questions regarding this letter, please contact Mr. Shaobin Li of our Underground Storage Tank Section at (808) 586-4226, or e-mail at shaobin.li@doh.hawaii.gov.

Sincerely,



STEVEN Y.K. CHANG, P.E., CHIEF
Solid and Hazardous Waste Branch",Shaobin Li
5885,2069,Confirmed Release,RP-Lead,2007-02-01,,Shunsheng Fu
5886,2070,Confirmed Release,RP-Lead,2007-02-05,,Richard Takaba
5887,2071,Confirmed Release,RP-Lead,2007-03-14,by rel resp rept,Shunsheng Fu
5888,2064,Confirmed Release,RP-Lead,2007-02-21,,Darren Park
5889,1950,Confirmed Release,RP-Lead,2004-07-20,via crn,Shaobin Li
5890,2044,LUST Cleanup Initiated,RP-Lead,2006-07-03,07/03/06 Release response Report,Shunsheng Fu
5891,292,Case Transferred to HEER (unregulated),RP-Lead,2002-09-12,Hydraulic fluid release - case transdered to HEER -- SF,To HEER
5893,505,Confirmed Release,RP-Lead,1991-11-13,,To HEER
5895,1644,Case Transferred to HEER (unregulated),RP-Lead,2000-11-24,HEATING OIL UST,To HEER
5896,34,Case Transferred to HEER (unregulated),RP-Lead,1993-03-22,Heating oil tank,To HEER
5897,1641,Case Transferred to HEER (unregulated),RP-Lead,1997-04-22,HEATING OIL,To HEER
5898,744,Case Transferred to HEER (unregulated),RP-Lead,2004-09-09,The report stated that the impacted soil is likely a part of a larger plume associated with a large volume JP-5 release from AGT-1253 located north of the site.,To HEER
5899,1830,Case Transferred to HEER (unregulated),RP-Lead,2004-09-09,9/9/2004 relese from the ast - rk,To HEER
5904,1751,Case Transferred to HEER (unregulated),RP-Lead,2002-03-12,draft memo (3/12/02) to transfer case to HEER.  UST is a 500-gallon UST for boiler.,To HEER
5905,291,Case Transferred to HEER (unregulated),RP-Lead,1998-08-26,BOILER,To HEER
5906,772,Case Transferred to HEER (unregulated),RP-Lead,2003-05-15,,To HEER
5907,168,Case Transferred to HEER (unregulated),RP-Lead,1994-08-12,,To HEER
5908,1003,Case Transferred to HEER (unregulated),RP-Lead,2002-08-15,"This UST supported a boiler for a dining facility. Copies of Reports forwarded to HEER, letter sent to Navy informing them this case transferred to HEER.",To HEER
5909,207,Case Transferred to HEER (unregulated),RP-Lead,2000-05-02,"Heating oil UST. not regulated under UST, transfer to HEER",To HEER
5911,1973,LUST Cleanup Initiated,RP-Lead,2003-08-23,Final Release Response and Closure Report,Shaobin Li
5912,1973,Site Cleanup Completed (NFA),RP-Lead,2006-10-16,"NFA letter dated October 16, 2006(U1014SL)",Shaobin Li
5916,878,Confirmed Release,RP-Lead,1991-01-01,REPT 11/25/91,To DERA
5920,1093,Confirmed Release,RP-Lead,1997-03-21,5/7/97 closure report,Shaobin Li
5921,878,Case Transferred to HEER (unregulated),RP-Lead,1991-11-25,OIL WATER SEPARATOR UST,To HEER
5924,152,Case Transferred to HEER (DERA),RP-Lead,1993-03-12,,To DERA
5925,1933,Case Transferred to HEER (DERA),RP-Lead,2005-05-05,,To DERA
5932,654,Case Transferred to HEER (DERA),RP-Lead,1996-06-29,"9/25/95 Navy report report - Site is part of the IRP and successfully removed, no contamination detected.",To DERA
5933,1258,Case Transferred to HEER (unregulated),RP-Lead,2003-04-23,,To HEER
5934,1577,Case Transferred to HEER (unregulated),RP-Lead,1999-08-17,"Memo date 8/7/99 exempt ust, 1,550 -gallon heating oil UST",To HEER
6003,1891,Case Transferred to HEER (DERA),RP-Lead,2003-08-04,,To DERA
5935,644,Case Transferred to HEER (unregulated),RP-Lead,1999-02-18,1/1/93 Environmental Sciences-Pacific report,To HEER
5936,740,Case Transferred to HEER (unregulated),RP-Lead,2003-07-30,the project officer was john peard. see ltr dated 7/30/2003 - rk,To HEER
5937,83,Case Transferred to HEER (unregulated),RP-Lead,1998-11-04,HEATING OIL UST,To HEER
5939,1647,Case Transferred to HEER (unregulated),RP-Lead,1997-11-28,EXEMPT UST,To HEER
5940,603,Case Transferred to HEER (unregulated),RP-Lead,1997-10-29,"10/29/97 U10158LKI memo, - 4/18/00-Heating oil UST, transferred to HEER on 10/29/97 and transferred to DERA.-RSM",To HEER
5942,1653,Case Transferred to HEER (unregulated),RP-Lead,1998-02-13,heating oil,To HEER
5943,1186,Case Transferred to HEER (unregulated),RP-Lead,2002-07-08,by shaobin li - rk,To HEER
5944,1232,Case Transferred to HEER (unregulated),RP-Lead,2003-02-05,TRANSFERRED TO HEER BY JOSE - RK,To HEER
5945,1616,Case Transferred to HEER (unregulated),RP-Lead,1999-08-19,heating oi,To HEER
5947,1613,Case Transferred to HEER (unregulated),RP-Lead,1999-08-19,HEATING OIL UST,To HEER
5949,1974,Case Transferred to HEER (unregulated),RP-Lead,2006-04-19,TRNSFFER PIPELINE. - RK,To HEER
5950,1177,Case Transferred to HEER (unregulated),RP-Lead,2004-05-14,HYDRAULIC LIFT UST - RK,To HEER
5951,482,Case Transferred to HEER (unregulated),RP-Lead,1997-10-17,10/17/97 U1067SO memo - CRN dated 11/25/91 notes heating oil tank,To HEER
5952,298,Case Transferred to HEER (unregulated),RP-Lead,1996-06-28,Heating oil tank - 6/23/96 USAF letter,To HEER
5953,840,Case Transferred to HEER (unregulated),RP-Lead,1999-10-15,"UST is exempt and part of the IRP Program, P.M. at HEER is Tes Salire.",To HEER
5954,43,Case Transferred to HEER (unregulated),RP-Lead,1994-03-23,,To HEER
5955,409,Case Transferred to HEER (unregulated),RP-Lead,1998-07-16,Per Hickam ltr dated 5/18/98,To HEER
5957,726,Case Transferred to HEER (unregulated),RP-Lead,1991-11-25,HEATING OIL RELEASE,To HEER
5958,405,Case Transferred to HEER (unregulated),RP-Lead,1994-08-12,HEATING OIL,To HEER
5959,784,Case Tansferred to HEER (VRP),RP-Lead,2005-03-02,,To VRP
5961,915,Case Transferred to HEER (unregulated),RP-Lead,1992-10-20,HEATING OIL,To HEER
5963,922,Case Transferred to HEER (unregulated),RP-Lead,1993-01-11,,To HEER
5965,761,Case Transferred to HEER (unregulated),RP-Lead,1995-08-31,"Tank appears to have been a hazardous waste tank, not a 40 CFR 280 UST.",To HEER
5966,627,Case Transferred to HEER (unregulated),RP-Lead,1994-03-28,,To HEER
5967,528,Case Transferred to HEER (unregulated),RP-Lead,1997-09-26,9/26/97  Letter - Tanks are exempt,To HEER
5968,913,Case Transferred to HEER (unregulated),RP-Lead,1994-11-17,heating oil,To HEER
5969,855,Case Transferred to HEER (unregulated),RP-Lead,1997-10-17,10/17/97 U1067SO memo - CRN dated 11/25/91 notes heating oil tank,To HEER
5970,1,Case Transferred to HEER (unregulated),RP-Lead,2005-04-06,heating oil,To HEER
5971,319,Case Transferred to HEER (unregulated),RP-Lead,1991-09-25,,To HEER
5972,696,Case Transferred to HEER (unregulated),RP-Lead,1992-06-01,,To HEER
5973,916,Case Transferred to HEER (unregulated),RP-Lead,1994-08-12,HEATING OIL,To HEER
5974,934,Case Transferred to HEER (unregulated),RP-Lead,1994-08-12,heating oil,To HEER
5975,397,Case Transferred to HEER (unregulated),RP-Lead,1994-08-12,heating oil,To HEER
5976,828,Case Transferred to HEER (unregulated),RP-Lead,1994-08-12,hating oil,To HEER
5977,898,Case Transferred to HEER (unregulated),RP-Lead,1994-08-12,heating oil,To HEER
5978,193,Case Transferred to HEER (unregulated),RP-Lead,1994-08-12,heating oil,To HEER
5979,90,Case Transferred to HEER (unregulated),RP-Lead,1994-08-12,HEATING OIL,To HEER
5980,93,Case Transferred to HEER (unregulated),RP-Lead,1997-10-29,10/29/97 U10158LKI Letter,To HEER
5981,851,Case Transferred to HEER (unregulated),RP-Lead,1997-10-29,10/29/97 U10158LKI memo -,To HEER
5982,307,Case Transferred to HEER (unregulated),RP-Lead,1997-10-29,10/29/97 U10158LKI Report,To HEER
5983,339,Case Transferred to HEER (unregulated),RP-Lead,1997-10-29,10/29/97 U10158LKI Letter,To HEER
5984,754,Case Transferred to HEER (unregulated),RP-Lead,1997-10-17,10/17/97 U1067SO memo - CRN dated 11/25/91 notes heating oil tank,To HEER
5985,232,Case Transferred to HEER (unregulated),RP-Lead,1997-10-17,10/17/97 U1067SO memo - CRN dated 11/25/91 notes heating oil tank,To HEER
5986,631,Case Transferred to HEER (unregulated),RP-Lead,1997-10-17,10/17/97 U1067SO memo - CRN dated 11/25/91 notes heating oil tank,To HEER
5987,113,Case Transferred to HEER (DERA),RP-Lead,1998-01-21,1/21/98 U0128SO letter - DERA funded USTs per telecon w/ Mr. William Grannis of Hickam AFB.,To DERA
5988,512,Case Transferred to HEER (DERA),RP-Lead,1998-07-16,DERA funded per Hickam ltr dated 5/18/98,To DERA
5989,825,Case Transferred to HEER (DERA),RP-Lead,2003-07-17,under the Installation Restoration Program - rk,To DERA
5990,1849,Case Transferred to HEER (regulated),RP-Lead,1996-10-01,,To HEER
5991,305,Confirmed Release,RP-Lead,1991-11-25,REPT 11/25/91,To HEER
5992,719,Case Transferred to HEER (unregulated),RP-Lead,1991-11-25,Heating oil tank release,To HEER
5993,199,Case Transferred to HEER (unregulated),RP-Lead,1991-11-26,Heating oil tank release,To HEER
5994,638,Case Transferred to HEER (unregulated),RP-Lead,1992-07-15,,To HEER
5995,258,Case Transferred to HEER (unregulated),,1996-04-16,heating oil,To HEER
5996,299,Case Transferred to HEER (regulated),RP-Lead,1993-11-01,,To HEER
5997,170,Case Transferred to HEER (unregulated),RP-Lead,1994-03-24,Heating oil tank release,To HEER
5999,297,Case Transferred to HEER (unregulated),RP-Lead,1994-08-12,HEATING OIL UST,To HEER
6000,925,Case Transferred to HEER (unregulated),RP-Lead,1994-11-17,,To HEER
6001,357,Case Transferred to HEER (unregulated),RP-Lead,1994-12-23,HEATING EXCLUSION,To HEER
6002,462,Case Transferred to HEER (unregulated),RP-Lead,1997-07-23,6/1/97 status summary report Report - heating oil tank,To HEER
6004,285,Case Transferred to HEER (unregulated),RP-Lead,1995-04-06,TANKS HELD FUEL FOR BOILER SYSTEm,To HEER
6006,1376,Case Transferred to HEER (unregulated),RP-Lead,1998-09-04,8/31/98 USMC letter - heating oil tank release.,To HEER
6007,1491,Case Tansferred to HEER (VRP),RP-Lead,1999-09-22,,To VRP
6008,818,Case Transferred to HEER (unregulated),RP-Lead,1994-11-17,heating oil,To HEER
6009,149,Case Transferred to HEER (unregulated),RP-Lead,1991-12-26,less than 110 capacity,To HEER
6010,1116,Case Transferred to HEER (unregulated),RP-Lead,1997-08-13,heating oil,To HEER
6011,1770,Case Tansferred to HEER (VRP),RP-Lead,2005-03-03,,To VRP
6012,561,Case Transferred to HEER (unregulated),RP-Lead,1989-12-11,ast,To HEER
6013,872,Case Transferred to HEER (unregulated),RP-Lead,1991-12-26,heating oil,To HEER
6014,844,Case Transferred to HEER (unregulated),RP-Lead,1997-10-29,10/29/97 U10158LKI Letter,To HEER
6015,1299,Case Transferred to HEER (unregulated),RP-Lead,1999-08-12,"case to be transfer to HEER, draft memo",To HEER
6016,1366,Case Transferred to HEER (unregulated),RP-Lead,1998-09-18,8/31/98 USMC letter 5090 Ser LEC/232-98 states that this is a heating oil UST.,To HEER
6017,873,Case Transferred to HEER (regulated),RP-Lead,1993-10-01,,To HEER
6018,952,Case Transferred to HEER (unregulated),RP-Lead,1995-11-28,1 UST EXEMPT - SOLVENT - CASE TR,To HEER
6019,181,Case Transferred to HEER (unregulated),RP-Lead,1997-10-20,11/14/95 Nexus Environmental Report -,To HEER
6023,834,Case Transferred to HEER (unregulated),RP-Lead,1997-08-25,8/25/97 memo to HEER - UST exempt farm tank,To HEER
6024,309,Case Transferred to HEER (unregulated),RP-Lead,1994-06-04,heating oil,To HEER
6025,803,Case Transferred to HEER (unregulated),RP-Lead,1997-10-17,"10/17/97 U1059LKI Memo - 10/9/97 letter from IIES describing where release occurred (vent line from day tank, which is in building)",To HEER
6026,109,Case Transferred to HEER (unregulated),RP-Lead,1994-12-19,RELEASE FROM ABOVEGROUND TANK,To HEER
6027,575,Case Transferred to HEER (unregulated),RP-Lead,1997-10-29,10/29/97 U10158LKI Letter -,To HEER
6028,89,Case Transferred to HEER (unregulated),RP-Lead,1991-09-04,for boilers,To HEER
6029,140,Case Transferred to HEER (unregulated),RP-Lead,1988-09-14,,Shunsheng Fu
6030,1955,Confirmed Release,RP-Lead,2004-08-06,via crn - rk,Shaobin Li
6036,1437,Site Cleanup Completed (NFA),RP-Lead,2006-06-21,NFA issued U0627RT,Richard Takaba
6038,673,Case Transferred to HEER (regulated),RP-Lead,1992-01-03,,To HEER
6039,2045,LUST Cleanup Initiated,RP-Lead,1997-10-01,,Shunsheng Fu
6040,2045,Site Cleanup Completed (NFA),RP-Lead,2007-01-12,,Shunsheng Fu
6041,356,Case Transferred to HEER (DERA),RP-Lead,1997-09-24,,To DERA
6042,1075,Case Transferred to HEER (DERA),RP-Lead,1997-09-24,,To DERA
6043,966,Case Transferred to HEER (DERA),EPA Lead,1997-09-24,,To DERA
6046,1138,Case Tansferred to HEER (VRP),RP-Lead,1999-09-22,,To VRP
6047,1607,Case Transferred to HEER (unregulated),RP-Lead,1999-08-05,heating oil,To HEER
6048,799,Case Transferred to HEER (unregulated),RP-Lead,2004-11-17,,To HEER
6049,764,Case Transferred to HEER (unregulated),RP-Lead,1992-05-12,,To HEER
6050,252,Case Transferred to HEER (regulated),RP-Lead,1991-03-26,,To HEER
6051,471,Case Transferred to HEER (regulated),RP-Lead,1997-10-16,,Renato Maniulit
6052,2074,Confirmed Release,RP-Lead,1996-06-06,,To HEER
6054,2070,LUST Cleanup Initiated,RP-Lead,2007-02-06,,Richard Takaba
6055,2070,Site Cleanup Completed (NFA),RP-Lead,2007-03-06,,Richard Takaba
6056,2034,Disconfirmed Release,RP-Lead,2006-07-24,"soil samples show only TPH, indicating old weathered prior release",Richard Takaba
6057,1977,LUST Cleanup Initiated,RP-Lead,2006-07-03,,Richard Takaba
6058,1977,Site Cleanup Completed (NFA),RP-Lead,2007-01-30,routine,Richard Takaba
6059,31,Site Cleanup Completed (NFA),RP-Lead,2007-03-16,U0322DP,Darren Park
6061,549,Disconfirmed Release,RP-Lead,1993-04-12,,Richard Takaba
6062,1953,Site Cleanup Completed (NFA),RP-Lead,2007-01-30,NFA Letter U0134SF,Shunsheng Fu
6063,1956,Site Cleanup Completed (NFA),RP-Lead,2007-01-30,,Shunsheng Fu
6064,1949,LUST Cleanup Initiated,RP-Lead,2006-07-11,,Shunsheng Fu
6065,1949,Site Cleanup Completed (NFA),RP-Lead,2007-01-04,,Shunsheng Fu
6066,1939,LUST Cleanup Initiated,RP-Lead,2004-09-01,,Shunsheng Fu
6067,1939,Site Cleanup Completed (NFA),RP-Lead,2006-12-29,,Shunsheng Fu
6068,2017,LUST Cleanup Initiated,RP-Lead,2006-02-02,"August 3, 2006 ESI report
The Department of Health (DOH) has reviewed the report, UST Closure and Closure Assessment Report, dated August 3, 2006, and prepared by Environmental Science International (ESI).",Shaobin Li
6069,2017,Site Cleanup Completed (NFA),RP-Lead,2006-11-09,"DOH nfa letter dated November 9, 2006(U1118SL)",Shaobin Li
6071,2023,Site Cleanup Completed (NFA),RP-Lead,2007-01-29,,Shunsheng Fu
6072,2030,LUST Cleanup Initiated,RP-Lead,2006-11-22,Closure Report,Shunsheng Fu
6073,2030,Site Cleanup Completed (NFA),RP-Lead,2007-01-30,,Shunsheng Fu
6074,61,Site Cleanup Completed (NFA),RP-Lead,1994-06-02,,Raymond Seid
6075,2046,LUST Cleanup Initiated,RP-Lead,2007-03-15,Initial Release Response Report,Darren Park
6076,2075,Confirmed Release,RP-Lead,2007-03-30,via crn dated 3/30/2007 - rk,Darren Park
6078,2076,Confirmed Release,RP-Lead,2007-03-30,"Via crn dated 03/28/2007 -rk  DOH CRN letter dated April 11, 2007 (U0422SL)",Shaobin Li
6079,1525,Site Cleanup Completed (NFA),RP-Lead,2007-03-30,U0336DP,Darren Park
6080,2077,Confirmed Release,RP-Lead,2006-02-08,,Shaobin Li
6081,2078,Confirmed Release,RP-Lead,2007-04-05,via crn dated 4/5/2007 - rk,Shunsheng Fu
6082,23,Site Cleanup Completed (NFA),RP-Lead,2007-04-17,U0417DP,Darren Park
6083,1763,Site Cleanup Completed (NFA),RP-Lead,2007-04-17,U0413DP,Darren Park
6162,550,Monitored Natural Attenuation,,2005-08-03,,Shunsheng Fu
6084,2000,LUST Cleanup Initiated,RP-Lead,2007-02-28,Release Response Report,Darren Park
6085,2000,Site Cleanup Completed (NFA),RP-Lead,2007-04-17,U0410DP,Darren Park
6086,1965,Site Cleanup Completed (NFA),RP-Lead,2007-04-17,U0414D,Darren Park
6088,2064,LUST Cleanup Initiated,RP-Lead,2007-04-06,UST Closure and Closure Assessment Report dated April 2007.,Darren Park
6089,524,Site Cleanup Completed (NFA),RP-Lead,2007-04-23,U0426DP,Darren Park
6090,1799,Site Cleanup Completed (NFA),RP-Lead,2007-04-23,U0426DP,Darren Park
6093,1892,Site Cleanup Completed (NFA),RP-Lead,2007-04-16,,Shunsheng Fu
6095,1190,Site Cleanup Completed (NFA),RP-Lead,2007-05-05,,Shunsheng Fu
6096,2071,LUST Cleanup Initiated,RP-Lead,2007-01-19,by release response action report (1/19/07),Renato Maniulit
6098,2056,LUST Cleanup Initiated,RP-Lead,2007-02-14,by Baseline Investigation,Shunsheng Fu
6099,2056,Site Cleanup Completed (NFA),RP-Lead,2007-03-19,,Shunsheng Fu
6100,681,Site Cleanup Completed (NFA),RP-Lead,2007-03-06,,Shunsheng Fu
6101,2032,LUST Cleanup Initiated,RP-Lead,2006-12-28,by risk assessment report,Shunsheng Fu
6102,2032,Site Cleanup Completed (NFA),RP-Lead,2007-02-12,by risk assessment report,Shunsheng Fu
6103,401,LUST Cleanup Initiated,RP-Lead,2006-12-06,by delineation investigation report (12/06/06),Shunsheng Fu
6104,1165,Site Cleanup Completed (NFA),RP-Lead,2007-01-30,,Shunsheng Fu
6105,2021,LUST Cleanup Initiated,RP-Lead,2006-03-01,by gw monitoring report (03/01/06),Shunsheng Fu
6106,2060,LUST Cleanup Initiated,RP-Lead,2007-04-10,Closure and Assessment Report dated March 2007,Darren Park
6107,2051,LUST Cleanup Initiated,RP-Lead,2007-03-13,UST Closure and Assessment Report dated 3/2007.,Darren Park
6109,2066,Site Cleanup Completed (NFA),RP-Lead,2007-03-21,"DOH nfa letter dated March 21, 2007(U0321SL)",Shaobin Li
6110,2037,Site Cleanup Completed (NFA),RP-Lead,2007-03-30,,Richard Takaba
6111,1841,Site Cleanup Completed (NFA),RP-Lead,2007-03-22,,Richard Takaba
6112,2089,Confirmed Release,RP-Lead,2007-05-04,,Darren Park
6113,2065,LUST Cleanup Initiated,RP-Lead,2007-04-26,Closure and Assessment report 4/2007,Darren Park
6114,2001,LUST Cleanup Initiated,,2006-06-14,Quarterly Release Report,Shaobin Li
6115,1979,Confirmed Release,RP-Lead,2005-05-05,,Shunsheng Fu
6116,1979,LUST Cleanup Initiated,RP-Lead,2005-07-14,Baselines by URS and LFR,Shunsheng Fu
6117,2021,Confirmed Release,RP-Lead,2006-03-23,,Shunsheng Fu
6118,531,Site Cleanup Completed (NFA),RP-Lead,1991-07-22,11/4/98 U11014JAR letter,Jose Ruiz
6119,113,Confirmed Release,RP-Lead,1992-01-01,REPT 11/25/91,To DERA
6120,332,Site Cleanup Completed (NFA),RP-Lead,1993-07-14,,Not Assigned
6121,2090,Confirmed Release,RP-Lead,2007-05-26,call in by consultant - rk,Richard Takaba
6122,2064,Site Cleanup Completed (NFA),RP-Lead,2007-05-16,U0543DP,Darren Park
6123,1924,LUST Cleanup Initiated,RP-Lead,2007-05-01,Closure and Assessment Report,Darren Park
6124,1372,Exposure Prevention Management Plan,RP-Lead,2007-06-07,U0621DP,Darren Park
6125,1436,Exposure Prevention Management Plan,RP-Lead,2007-06-07,U0621DP,Darren Park
6126,1873,Exposure Prevention Management Plan,RP-Lead,2007-06-07,U0621DP,Darren Park
6127,1866,Exposure Prevention Management Plan,RP-Lead,2007-06-07,U0621DP,Darren Park
6128,2065,Site Cleanup Completed (NFA),RP-Lead,2007-06-07,U0626DP,Darren Park
6129,2060,Site Cleanup Completed (NFA),RP-Lead,2007-06-07,U0625DP,Darren Park
6130,2051,Site Cleanup Completed (NFA),RP-Lead,2007-06-07,U0624DP,Darren Park
6131,635,Site Cleanup Completed (NFA),RP-Lead,2007-06-07,U0622DP,Darren Park
6132,2089,LUST Cleanup Initiated,RP-Lead,2007-06-04,UST Closure and Release Response Report,Darren Park
6133,1405,Site Cleanup Completed (NFA),RP-Lead,2007-06-29,U0643DP,Darren Park
6135,2091,Confirmed Release,RP-Lead,2007-06-18,,Darren Park
6136,2092,Confirmed Release,RP-Lead,2007-06-21,,Darren Park
6137,2091,LUST Cleanup Initiated,RP-Lead,2007-09-24,UST closure and assessment report dated 9/24/07-DP,Darren Park
6138,2068,LUST Cleanup Initiated,RP-Lead,2006-06-22,,Richard Takaba
6139,2068,Site Cleanup Completed (NFA),RP-Lead,2006-07-24,NFA letter U0730RT,Richard Takaba
6140,1912,Site Cleanup Completed (NFA),RP-Lead,2004-04-20,NFA letter U02004RT,Richard Takaba
6141,1367,Site Cleanup Completed (NFA),RP-Lead,2007-07-24,U0713DP,Darren Park
6145,1643,Monitored Natural Attenuation,,2006-07-17,,Shunsheng Fu
6146,655,LUST Cleanup Initiated,RP-Lead,1998-08-03,6/1/97 Ogden EECI Closure Report-RSM,Shunsheng Fu
6147,2089,Site Cleanup Completed (NFA),RP-Lead,2007-07-24,U0712DP,Darren Park
6148,2026,LUST Cleanup Initiated,RP-Lead,2006-10-26,,Shunsheng Fu
6149,421,Monitored Natural Attenuation,,2003-11-29,,Shunsheng Fu
6150,646,Monitored Natural Attenuation,,2004-12-20,,Shunsheng Fu
6151,96,Monitored Natural Attenuation,,2003-11-29,,Shunsheng Fu
6152,670,Monitored Natural Attenuation,,2004-02-19,,Shunsheng Fu
6153,1843,Monitored Natural Attenuation,,2006-10-05,,Shunsheng Fu
6154,2039,LUST Cleanup Initiated,RP-Lead,2007-07-18,UST Closure and Release Response Report dated 7/2007,Darren Park
6155,336,Monitored Natural Attenuation,RP-Lead,2004-02-20,,Darren Park
6156,317,Monitored Natural Attenuation,,2004-03-01,,Shunsheng Fu
6157,1980,Monitored Natural Attenuation,RP-Lead,2007-09-04,COC in GW above Tier 1 per last report dated 9/4/2007,Darren Park
6158,317,Active Remediation,,2004-04-21,,Shunsheng Fu
6159,823,Monitored Natural Attenuation,RP-Lead,2004-03-19,,Darren Park
6160,712,Monitored Natural Attenuation,,2001-10-01,,Shunsheng Fu
6161,1839,Monitored Natural Attenuation,RP-Lead,2005-09-14,,Shunsheng Fu
6163,178,Monitored Natural Attenuation,,1999-03-25,,Shunsheng Fu
6164,846,Monitored Natural Attenuation,,2003-01-23,,Shunsheng Fu
6165,2043,LUST Cleanup Initiated,,2007-03-08,,Shunsheng Fu
6166,1036,Monitored Natural Attenuation,,1997-10-29,,Shunsheng Fu
6167,2529,Monitored Natural Attenuation,,2000-03-07,,Shunsheng Fu
6168,2530,Monitored Natural Attenuation,,2005-01-05,,Shunsheng Fu
6169,1421,Monitored Natural Attenuation,,2003-01-22,,Shunsheng Fu
6170,1167,Monitored Natural Attenuation,,2004-12-21,,Shunsheng Fu
6171,1327,Monitored Natural Attenuation,,2005-09-07,,Shunsheng Fu
6173,1870,LUST Cleanup Initiated,RP-Lead,2003-10-24,Closure report dated Sept 1988,Darren Park
6174,1870,Monitored Natural Attenuation,RP-Lead,2005-08-18,SI and GWM Report dated 8/18/05,Darren Park
6176,614,Active Remediation,RP-Lead,2000-06-15,,Richard Takaba
6178,518,Active Remediation,RP-Lead,2004-06-15,MPE trials pending C&C permit,Richard Takaba
6179,1922,LUST Cleanup Initiated,RP-Lead,2003-12-15,,Richard Takaba
6180,1922,Active Remediation,RP-Lead,2005-06-15,ozonolysis ozone generator operational,Richard Takaba
6181,1127,Active Remediation,RP-Lead,2005-06-15,ozone generators operational,Richard Takaba
6182,1402,Active Remediation,RP-Lead,2004-06-15,"air sparging, H2O2, bio-bac injection",Richard Takaba
6183,275,Monitored Natural Attenuation,RP-Lead,2012-06-15,,Richard Takaba
6184,1132,Active Remediation,RP-Lead,2000-06-15,,Richard Takaba
6185,1211,Active Remediation,RP-Lead,2000-06-15,,Richard Takaba
6186,1449,Active Remediation,RP-Lead,2000-06-15,,Richard Takaba
6187,2531,Monitored Natural Attenuation,RP-Lead,2000-06-15,and preparation for Tier III risk assessment,Richard Takaba
6188,2533,Monitored Natural Attenuation,RP-Lead,2000-06-15,and prep for Tier III risk assessment,Richard Takaba
6189,1831,Monitored Natural Attenuation,RP-Lead,2000-06-15,and prep for Tier III risk ass,Richard Takaba
6191,1997,LUST Cleanup Initiated,RP-Lead,2005-12-01,,Richard Takaba
6193,2538,Exposure Prevention Management Plan,RP-Lead,2007-04-11,,Shaobin Li
6194,375,Monitored Natural Attenuation,,2000-03-10,,Shunsheng Fu
6195,105,Monitored Natural Attenuation,RP-Lead,2003-11-01,,Shunsheng Fu
6196,205,Monitored Natural Attenuation,,2004-05-21,,Shunsheng Fu
6197,2026,Monitored Natural Attenuation,RP-Lead,2006-10-26,,Shunsheng Fu
6198,2075,LUST Cleanup Initiated,RP-Lead,2007-07-13,per Initial Release Response Report,Darren Park
6199,1884,Active Remediation,RP-Lead,2005-03-02,Temporary Groundwater Extraction and Product Recovery System Report,Shaobin Li
6200,448,Monitored Natural Attenuation,,2005-12-01,,Shaobin Li
6201,796,Monitored Natural Attenuation,RP-Lead,2004-05-24,First Quarter Groundwater Monitoring Report,Darren Park
6202,2094,Confirmed Release,RP-Lead,2007-07-19,,
6208,2096,Confirmed Release,RP-Lead,1995-01-04,CALL,Jose Ruiz
6209,2096,LUST Cleanup Initiated,RP-Lead,1997-04-01,,Darren Park
6210,2077,LUST Cleanup Initiated,,2007-04-11,4/11/2007 closure rept,Shaobin Li
6211,2098,Confirmed Release,RP-Lead,2007-08-13,from waste oil tank,Shaobin Li
6213,2099,Confirmed Release,RP-Lead,2007-08-15,,Shaobin Li
6215,2028,Confirmed Release,RP-Lead,2006-05-08,from s-26 and s-27 - rk,Shaobin Li
6216,2029,Confirmed Release,RP-Lead,2006-05-31,release from the 5000 ust,Shaobin Li
6217,2031,Confirmed Release,RP-Lead,2006-01-17,for the 2 1100 gallon ust,Shunsheng Fu
6218,2040,Confirmed Release,RP-Lead,2006-08-04,for the 420 gallon ust,Shunsheng Fu
6219,2094,Case Transferred to HEER (DERA),RP-Lead,2007-07-19,stevn mow is project officer,To DERA
6221,2101,Confirmed Release,RP-Lead,2007-09-06,,Darren Park
6222,140,Site Cleanup Completed (NFA),RP-Lead,1994-02-07,see rept dated 8/24/2007 - rk,Shunsheng Fu
6223,2103,Confirmed Release,RP-Lead,2007-09-05,,Shunsheng Fu
6224,2104,Confirmed Release,RP-Lead,2007-09-10,,Richard Takaba
6225,349,Case Transferred to HEER (DERA),RP-Lead,2004-04-26,,To DERA
6227,1798,Case Transferred to HEER (DERA),RP-Lead,2002-04-03,,To DERA
6228,1614,Case Transferred to HEER (DERA),RP-Lead,1999-07-28,,To DERA
6229,1790,Case Transferred to HEER (DERA),RP-Lead,2001-08-14,,To DERA
6230,1811,Case Tansferred to HEER (VRP),RP-Lead,2003-07-17,,To VRP
6231,548,Site Cleanup Completed (NFA),RP-Lead,2002-12-02,"NFA'd 11/8/2002, U10082JAR",Jose Ruiz
6232,2022,Site Cleanup Completed (NFA),RP-Lead,2006-10-16,NFA letter U1012SL,Shaobin Li
6233,2105,Confirmed Release,RP-Lead,2007-09-26,,Shunsheng Fu
6234,2003,LUST Cleanup Initiated,RP-Lead,2005-09-27,piping closure rpt rcvd,Richard Takaba
6235,2033,LUST Cleanup Initiated,RP-Lead,2006-08-10,closure rpt recvd,Richard Takaba
6236,2107,Confirmed Release,RP-Lead,2007-03-13,release discovered from UST closure rept - sfu,Shunsheng Fu
6238,2110,Confirmed Release,RP-Lead,2007-09-26,,Shaobin Li
6239,663,Exposure Prevention Management Plan,RP-Lead,2007-08-01,,Shaobin Li
6240,2092,LUST Cleanup Initiated,RP-Lead,2007-09-24,UST Closure and Assessment Report dated 9/2007-DP,Darren Park
6241,2111,Confirmed Release,RP-Lead,2007-03-05,via closure rept dated 3/5/2007,Richard Takaba
6242,2112,Confirmed Release,RP-Lead,2007-10-10,call to DOH by Dave Daugherty - rk,Darren Park
6243,2113,Confirmed Release,RP-Lead,2007-10-18,call to rox,Darren Park
6244,364,Site Cleanup Completed (NFA),RP-Lead,2007-09-13,U0908RT,Richard Takaba
6245,1531,Site Cleanup Completed (NFA),RP-Lead,2007-09-13,U0908RT,Richard Takaba
6246,2003,Site Cleanup Completed (NFA),RP-Lead,2007-10-10,U1020RT,Richard Takaba
6247,2033,Site Cleanup Completed (NFA),RP-Lead,2007-10-16,U1029RT,Richard Takaba
6248,2090,LUST Cleanup Initiated,RP-Lead,2007-09-13,cls rpt dated 9/13/07,Richard Takaba
6249,2090,Site Cleanup Completed (NFA),RP-Lead,2007-10-17,U1039RT,Richard Takaba
6250,38,Site Cleanup Completed (NFA),RP-Lead,2007-10-16,U1032RT,Richard Takaba
6251,2115,Confirmed Release,RP-Lead,2006-01-12,via closure rept- use  oil tank,Richard Takaba
6252,2116,Confirmed Release,RP-Lead,2007-10-20,,Shunsheng Fu
6253,2117,Confirmed Release,RP-Lead,1997-05-01,via closure rept - rk,To DERA
6254,2118,Confirmed Release,RP-Lead,1997-05-01,via closure rept - rk,To DERA
6255,2119,Confirmed Release,RP-Lead,2007-02-21,soil assessment for property transaction,Shaobin Li
6256,2092,Site Cleanup Completed (NFA),RP-Lead,2007-11-19,NFA letter U1128DP,Darren Park
6257,2091,Site Cleanup Completed (NFA),RP-Lead,2007-11-19,NFA letter U1127DP,Darren Park
6258,2120,Confirmed Release,RP-Lead,2007-12-06,called to shunsheng - rk,Shunsheng Fu
6259,2121,Confirmed Release,RP-Lead,2007-12-10,low level of tph diesel but below tier 1 - rk,Darren Park
6260,417,Site Cleanup Completed (NFA),RP-Lead,2007-12-07,U1212DP,Darren Park
6261,2063,LUST Cleanup Initiated,RP-Lead,2007-08-01,,Shunsheng Fu
6262,2063,Site Cleanup Completed (NFA),RP-Lead,2007-12-12,,Shunsheng Fu
6263,205,Site Cleanup Completed (NFA),RP-Lead,2007-12-03,,Shunsheng Fu
6264,375,Site Cleanup Completed (NFA),RP-Lead,2007-11-30,,Shunsheng Fu
6265,2078,LUST Cleanup Initiated,RP-Lead,2007-08-21,,Shunsheng Fu
6267,2122,LUST Cleanup Initiated,RP-Lead,1993-09-23,,Richard Takaba
6268,2122,Confirmed Release,RP-Lead,1992-02-28,"per report floating free product was found, tph was found in area near tank 24, 25 and 26. - rk",Richard Takaba
6269,2101,LUST Cleanup Initiated,RP-Lead,2007-11-27,Ust closure and assessment report received,Darren Park
6270,2078,Site Cleanup Completed (NFA),RP-Lead,2007-10-01,10/1/2007,Shunsheng Fu
6271,1905,Site Cleanup Completed (NFA),RP-Lead,2008-01-10,"NFA letter (U0110DP) dated January 10, 2008",Darren Park
6272,2123,Confirmed Release,RP-Lead,2008-01-17,,Richard Takaba
6273,1213,LUST Cleanup Initiated,RP-Lead,2008-01-23,per receipt date of Draft Final Closure Report dated 1/2008.,Darren Park
6274,1412,Site Assessment Ongoing,RP-Lead,2006-12-21,"DOH letter dated December 21, 2006 requesting soil sampling.",Darren Park
6276,390,2 Year pre-NFA monitoring,RP-Lead,2007-10-24,Ground water monitoring per findings of 2004 report and 10/10/2007 site visit and meeting.,Darren Park
6277,1077,Site Assessment Ongoing,RP-Lead,2008-01-28,Receipt of Final Workplan dated 1/2008,Darren Park
6278,336,2 Year pre-NFA monitoring,RP-Lead,2005-04-21,Lead only COC above Tier 1. Gaps between Semi-annual GWMR.,Darren Park
6279,2112,LUST Cleanup Initiated,RP-Lead,2007-12-18,UST closure report dated 12/18/2007,Darren Park
6280,1924,Site Assessment Ongoing,RP-Lead,2007-12-14,Work Plan and GWMR dated 12/14/2007,Darren Park
6282,1840,Site Assessment Ongoing,RP-Lead,2003-02-28,UST Investigation Report dated 2/28/2003  received 8/8/2007,Darren Park
6284,1213,Site Assessment Completed (delineated),RP-Lead,2008-01-23,Date of recipt of Final Closure Report dated 1/2008,Darren Park
6285,2039,Site Assessment Ongoing,RP-Lead,2007-12-21,Date of Army response letter to DOH letter,Darren Park
6286,1667,Site Assessment Ongoing,RP-Lead,2007-09-19,Date of response letter to DOH letter,Darren Park
6287,1832,Monitored Natural Attenuation,RP-Lead,2007-10-31,,Darren Park
6288,1814,Site Assessment Ongoing,RP-Lead,2007-09-20,Date of Site Assessment Report,Darren Park
6289,1982,Site Assessment Ongoing,RP-Lead,2007-02-13,Date of Tier 1 Environmental Assessment Report,Darren Park
6290,2096,Site Assessment Ongoing,RP-Lead,2008-01-25,Date of last Quarterly Progress Report,Darren Park
6291,1150,Site Assessment Completed (delineated),RP-Lead,2006-01-16,Receipt date of EHE Report dated 12/2007,Darren Park
6292,466,Site Assessment Ongoing,RP-Lead,2008-01-25,Date of last Quarterly Progress Report,Darren Park
6293,2046,Site Assessment Ongoing,RP-Lead,2008-01-25,Date of last Quarterly Progress Report,Darren Park
6294,2113,LUST Cleanup Initiated,RP-Lead,2007-12-12,Date of Initial Release Response Report,Darren Park
6295,923,Monitored Natural Attenuation,RP-Lead,2007-01-07,Date of last Release Response Report,Darren Park
6296,1170,Site Assessment Ongoing,RP-Lead,2007-10-24,Quarterly Release Response Update dated 10/18/2007,Darren Park
6297,2041,LUST Cleanup Initiated,RP-Lead,2007-01-19,closure rpt dated 1/17/07,Richard Takaba
6298,447,Site Cleanup Completed (NFA),RP-Lead,2008-01-29,U0138RT,Richard Takaba
6299,800,Site Assessment Ongoing,RP-Lead,2008-01-23,Date of workplan to complete delineation,Darren Park
6300,1213,Site Cleanup Completed (NFA),RP-Lead,2008-02-19,Date of NFA letter,Darren Park
6302,2125,Confirmed Release,RP-Lead,2008-02-21,Call from Jeffrey Kermode of Malama Environmental reporting a confirmed release based on contaminated soil observed around the fill port and the bottom of the UST.,Darren Park
6310,787,Site Assessment Ongoing,RP-Lead,2008-02-06,Date of receipt of Release Response Report,Darren Park
6313,800,Site Assessment Completed (delineated),RP-Lead,2008-02-28,Date of ESI letter notifying DOH the GWMW was installed.,Darren Park
6316,2002,LUST Cleanup Initiated,RP-Lead,2007-08-24,,Shunsheng Fu
6320,1012,LUST Cleanup Initiated,RP-Lead,2007-08-01,,Shunsheng Fu
6322,2103,LUST Cleanup Initiated,RP-Lead,2007-10-23,,Shunsheng Fu
6323,2021,Site Cleanup Completed (NFA),RP-Lead,2008-01-10,,Shunsheng Fu
6326,2040,LUST Cleanup Initiated,RP-Lead,2007-08-13,,Shunsheng Fu
6328,2031,LUST Cleanup Initiated,RP-Lead,2007-08-13,,Shunsheng Fu
6332,1654,Site Cleanup Completed (NFA),RP-Lead,2000-07-14,NFA U07023RT,Richard Takaba
6333,765,LUST Cleanup Initiated,RP-Lead,1989-01-12,CUI WITH SORBENT MATERIALS FOR 2,Richard Takaba
6334,2035,Site Cleanup Completed (NFA),RP-Lead,2005-12-22,by the heeer office,To HEER
6335,265,Exposure Prevention Management Plan,RP-Lead,2002-05-28,,Shaobin Li
6336,1968,Site Cleanup Completed (NFA),RP-Lead,2006-07-13,,Shaobin Li
6337,622,Site Cleanup Completed (NFA),RP-Lead,2006-07-13,"DOH NFA letter dated July 13, 2006(U07016SL)",Shaobin Li
6338,1952,Site Cleanup Completed (NFA),RP-Lead,2006-05-26,"DOH NFA letter dated May 25, 2006(U05024SL)",Shaobin Li
6343,2128,Confirmed Release,RP-Lead,2008-03-31,,Darren Park
6344,2129,Confirmed Release,RP-Lead,2008-03-27,,Shaobin Li
6345,2541,Confirmed Release,RP-Lead,2008-03-28,,Shunsheng Fu
6348,2131,Confirmed Release,RP-Lead,2008-04-03,via crn,Shaobin Li
6349,2101,Site Cleanup Completed (NFA),RP-Lead,2008-03-13,Based on UST Closure Report dated January 2008,Darren Park
6350,2132,Confirmed Release,RP-Lead,2008-04-08,release is from the 2000 gallon ust (tank r-5) discovered during excatation - rk,Shunsheng Fu
6352,2133,Confirmed Release,RP-Lead,2008-03-31,via crn,Josh Nagashima
6353,2134,Confirmed Release,RP-Lead,2008-03-31,via crn,Josh Nagashima
6354,2135,Confirmed Release,RP-Lead,2008-04-04,CRNForm,Shaobin Li
6355,2136,Confirmed Release,RP-Lead,2008-04-14,call to rox - rk,Josh Nagashima
6356,2137,Confirmed Release,RP-Lead,2008-04-21,rec crn - rk,Shaobin Li
6357,2138,Confirmed Release,RP-Lead,2008-04-17,,Shunsheng Fu
6359,2041,Site Cleanup Completed (NFA),RP-Lead,2008-02-19,U0225RT,Richard Takaba
6360,2039,Site Cleanup Completed (NFA),RP-Lead,2008-03-31,,Josh Nagashima
6361,604,Case Transferred to HEER (unregulated),RP-Lead,1994-07-18,heating oil ust,Shunsheng Fu
6363,986,LUST Cleanup Initiated,RP-Lead,1997-04-18,4/18/97 Standard Interview form by J. Ruiz on Phone Call -,Shunsheng Fu
6364,2140,Confirmed Release,RP-Lead,2007-12-15,via closure rept,Richard Takaba
6365,2141,Confirmed Release,RP-Lead,2008-04-30,via crn,Darren Park
6366,2103,Site Cleanup Completed (NFA),RP-Lead,2008-04-17,,Shunsheng Fu
6367,1173,Site Cleanup Completed (NFA),RP-Lead,2008-05-06,,Shunsheng Fu
6369,2031,Site Cleanup Completed (NFA),RP-Lead,2008-03-10,,Shunsheng Fu
6370,2040,Site Cleanup Completed (NFA),RP-Lead,2008-03-10,,Shunsheng Fu
6371,2002,Site Cleanup Completed (NFA),RP-Lead,2008-02-19,,Shunsheng Fu
6372,1012,Site Cleanup Completed with EHMP,RP-Lead,2008-01-22,,Shunsheng Fu
6373,2542,Confirmed Release,RP-Lead,2008-04-30,via crn - rk,Shaobin Li
6374,2144,Confirmed Release,RP-Lead,2008-05-13,call to rox - rk,Shunsheng Fu
6375,2145,Confirmed Release,RP-Lead,2008-05-15,call from  Duke Fraim - rk,Darren Park
6376,2146,Confirmed Release,RP-Lead,2008-05-08,VIA CRN - RK,Josh Nagashima
6377,2147,Confirmed Release,RP-Lead,2008-04-30,via crn - rk,Josh Nagashima
6378,2148,Confirmed Release,RP-Lead,2008-05-16,from closure rept - rk,Darren Park
6379,2149,Confirmed Release,RP-Lead,2008-04-30,via crn - rk,Shaobin Li
6381,2150,Confirmed Release,RP-Lead,2008-04-14,via crn - rk,Richard Takaba
6382,2151,Confirmed Release,RP-Lead,2008-05-02,,Richard Takaba
6383,2152,Confirmed Release,RP-Lead,2008-05-08,,Richard Takaba
6390,2154,Confirmed Release,RP-Lead,2008-05-02,via crn - ke,Shunsheng Fu
6391,1643,Case Transferred to HEER (unregulated),RP-Lead,2006-11-09,Shunsheng Fu was the project officier.  site was transferred because the contamination is from AVGAS not gasoline. - rk,Shunsheng Fu
6392,1982,Site Cleanup Completed (NFA),RP-Lead,2008-05-05,,Josh Nagashima
6395,2157,Site Assessment Completed (delineated),RP-Lead,2006-11-16,,Shaobin Li
6396,2158,LUST Cleanup Initiated,RP-Lead,2006-11-29,,Shaobin Li
6398,595,Site Cleanup Completed (NFA),RP-Lead,2008-05-21,,Shaobin Li
6399,260,Site Cleanup Completed (NFA),RP-Lead,2007-02-08,,Shaobin Li
6400,2098,Site Assessment Completed (delineated),RP-Lead,2007-09-14,,Shaobin Li
6401,2098,LUST Cleanup Initiated,RP-Lead,2007-01-30,,Shaobin Li
6402,2098,Site Cleanup Completed (NFA),RP-Lead,2007-11-30,,Shaobin Li
6403,906,Site Cleanup Completed (NFA),RP-Lead,2007-05-11,,Shaobin Li
6404,1578,Site Cleanup Completed (NFA),RP-Lead,2007-05-11,,Shaobin Li
6405,663,Site Cleanup Completed with EHE/EHMP,RP-Lead,2007-09-18,"DOH letter dated September 18, 2007(U0925SL).",Shaobin Li
6406,2119,LUST Cleanup Initiated,RP-Lead,2007-03-16,,Shaobin Li
6407,2119,Site Cleanup Completed (NFA),RP-Lead,2008-03-11,,Shaobin Li
6409,2077,Site Cleanup Completed (NFA),RP-Lead,2007-08-15,,Shaobin Li
6410,2001,Site Cleanup Completed (NFA),RP-Lead,2007-06-05,,Shaobin Li
6411,1976,LUST Cleanup Initiated,RP-Lead,2007-03-07,,Shaobin Li
6412,1947,Site Assessment Ongoing,RP-Lead,2004-10-25,,Shaobin Li
6413,1599,Exposure Prevention Management Plan,RP-Lead,2004-10-14,,Shaobin Li
6415,226,Exposure Prevention Management Plan,RP-Lead,2000-06-30,,Shaobin Li
6416,592,Remedy Decision Pending (ongoing monitoring),RP-Lead,2006-10-16,,Shaobin Li
6417,2028,LUST Cleanup Initiated,RP-Lead,2007-01-27,,Shaobin Li
6418,2028,Site Cleanup Completed (NFA),RP-Lead,2007-08-27,"DOH NFA Letter dated August 27, 2007(U0833SL).",Shaobin Li
6419,2029,LUST Cleanup Initiated,RP-Lead,2007-01-27,,Shaobin Li
6420,2029,Site Cleanup Completed (NFA),RP-Lead,2007-08-27,"DOH NFA Letter dated August 27, 2007(U0833SL).",Shaobin Li
6421,1955,Site Assessment Ongoing,RP-Lead,2005-10-25,10/25/05 baseline site assessment rept,Shaobin Li
6424,2099,LUST Cleanup Initiated,RP-Lead,2007-10-30,,Shaobin Li
6425,2099,Site Cleanup Completed (NFA),RP-Lead,2008-05-09,,Shaobin Li
6426,2110,LUST Cleanup Initiated,RP-Lead,2007-11-02,,Shaobin Li
6427,1093,LUST Cleanup Initiated,RP-Lead,1997-05-07,,Shaobin Li
6836,2146,Site Assessment Ongoing,RP-Lead,2010-04-06,,Josh Nagashima
6429,1835,Remedy Decision Pending (ongoing monitoring),RP-Lead,2008-06-03,"DOH letter dated June 3, 2008(U0606SL)",Shaobin Li
6430,228,Remedy Decision Pending (ongoing monitoring),RP-Lead,2008-06-03,"DOH letter dated June 3, 2008(U0606SL)",Shaobin Li
6431,2042,LUST Cleanup Initiated,RP-Lead,2006-11-03,,Shaobin Li
6432,2540,LUST Cleanup Initiated,RP-Lead,2007-02-08,,Shaobin Li
6433,1983,LUST Cleanup Initiated,RP-Lead,2005-08-16,,Shaobin Li
6434,1966,LUST Cleanup Initiated,RP-Lead,2004-12-13,,Shaobin Li
6435,265,Monitored Natural Attenuation,RP-Lead,2006-06-26,,Shaobin Li
6437,613,Monitored Natural Attenuation,RP-Lead,2008-04-06,Date of draft work plan. Groundwater below Tier 1 since 2001 except for the 2006 groundwater monitoring event the had levels of benzo(a)pyrene and lead marginally higher than Tier 1 Action Levels.,Darren Park
6438,2121,LUST Cleanup Initiated,RP-Lead,2008-05-14,Date of cover letter for the closure report dated 5/2008. -DP,Darren Park
6439,770,2 Year pre-NFA monitoring,RP-Lead,2007-10-24,Ground water monitoring per findings of 2004 report and 10/10/2007 site visit and meeting.,Darren Park
6440,1667,2 Year pre-NFA monitoring,RP-Lead,2008-02-22,Based on the date of the monitoring letter report received on 03/03/08. -DP,Darren Park
6441,484,Case Transferred to HEER (regulated),,2008-05-20,AG's determination that the UST section is not able to pursue clean up using 11-281. -DP,Darren Park
6442,1840,Site Assessment Completed (delineated),RP-Lead,2008-04-07,Date of Quarterly Release Response Report. -DP,Darren Park
6443,118,Case Transferred to HW (unregulated),RP-Lead,2008-05-30,"Date of transfer letter. UST released 1,2-DCP, a U-listed HW, therefore case was transferred to the HW section. -DP",Darren Park
6445,2163,Confirmed Release,RP-Lead,2008-06-13,,Shunsheng Fu
6446,308,Site Cleanup Completed with EHMP,RP-Lead,2008-05-20,,Shunsheng Fu
6447,2164,Confirmed Release,RP-Lead,2008-04-30,,Shunsheng Fu
6448,2044,Site Cleanup Completed with EHMP,RP-Lead,2008-05-30,,Shunsheng Fu
6449,2165,Confirmed Release,RP-Lead,2008-06-10,release diiscovered during site subsurface investaigation - rk,Shaobin Li
6451,2167,Suspected release,RP-Lead,2008-06-06,via email,Darren Park
6452,2168,Confirmed Release,RP-Lead,2008-06-10,VIA CRN,Josh Nagashima
6453,1138,Site Cleanup Completed (NFA),RP-Lead,2002-08-01,VRP - letter of completion,To VRP
6454,2167,Confirmed Release,RP-Lead,2008-07-10,crack found in the supeme ust - rk,Darren Park
6455,2169,Confirmed Release,RP-Lead,2008-06-03,,Richard Takaba
6456,2148,LUST Cleanup Initiated,RP-Lead,2008-04-29,Date of closure report.,Darren Park
6457,2148,Site Cleanup Completed (NFA),RP-Lead,2008-06-20,Date of NFA letter.,Darren Park
6458,2121,Site Cleanup Completed (NFA),RP-Lead,2008-06-20,Date of NFA letter. -DP,Darren Park
6459,2145,LUST Cleanup Initiated,,2008-06-16,Date of closure report. -DP,Darren Park
6460,2145,Site Cleanup Completed (NFA),RP-Lead,2008-07-10,Date of NFA letter. -DP,Darren Park
6461,2125,LUST Cleanup Initiated,RP-Lead,2008-04-04,Date of Closure report. -DP,Darren Park
6462,2125,Site Cleanup Completed (NFA),RP-Lead,2008-06-30,Date of NFA letter. -DP,Darren Park
6463,496,Monitored Natural Attenuation,RP-Lead,2008-07-18,,Shaobin Li
6464,2170,Confirmed Release,RP-Lead,2008-07-22,,Darren Park
6465,2171,Confirmed Release,RP-Lead,2008-07-22,,Darren Park
6466,2172,Confirmed Release,RP-Lead,2008-07-09,Notification by Phone,Josh Nagashima
6467,1138,LUST Cleanup Initiated,RP-Lead,,no information on the date,To VRP
6468,2537,Active Remediation,RP-Lead,2007-10-18,,Shaobin Li
6469,117,Remedy Decision Pending (ongoing monitoring),RP-Lead,2006-01-25,,Shaobin Li
6470,589,Remedy Decision Pending (ongoing monitoring),RP-Lead,2008-07-15,7/18/2008 rec 2nd qtr 2008 - 5/2008 qtr status rept dated 7/15/2008 - rk,Shaobin Li
6471,1755,Remedy Decision Pending (ongoing monitoring),RP-Lead,2008-07-15,7/18/2008 rec 2nd qtr 2008 - 5/2008 qtr status rept dated 7/15/2008 - rk,Shaobin Li
6472,1976,Site Cleanup Completed (NFA),RP-Lead,2008-08-11,,Josh Nagashima
6473,1924,Site Cleanup Completed (NFA),RP-Lead,2008-08-07,,Josh Nagashima
6474,2075,Site Cleanup Completed (NFA),RP-Lead,2008-08-11,,Josh Nagashima
6475,1950,Site Assessment Ongoing,RP-Lead,2005-10-25,"Baseline Site Assessment, dated October 25, 2004, and prepared by Environmental Science International.",Josh Nagashima
6476,1219,Site Assessment Ongoing,RP-Lead,2002-03-27," Phase I Environmental site Assessment and limited Subsurface Testing, 6640 Hawaii Kai Drive, dated January 2002, and prepared by Masa Fujioka & Associates.",Shaobin Li
6478,263,Active Remediation,RP-Lead,1999-07-15,Free product removal activities,Shaobin Li
6479,263,Active Remediation,RP-Lead,2007-02-28,Free product removal,Shaobin Li
6480,263,Active Remediation,RP-Lead,2003-03-25,Dual-phase Extraction Treatment,Shaobin Li
6482,2128,LUST Cleanup Initiated,RP-Lead,2008-06-30,Date of Initial Release Response Report. -DP,Darren Park
6483,1870,Site Cleanup Completed (NFA),RP-Lead,2008-08-08,Date of Remedial Investigation Report. -DP,Darren Park
6484,2176,Confirmed Release,RP-Lead,2007-12-11,,Richard Takaba
6487,2178,Confirmed Release,RP-Lead,2008-07-21,,Darren Park
6488,2179,Confirmed Release,RP-Lead,2008-02-01,via phase ii site Assessement rept dated 4/1/2008 -rk,Richard Takaba
6489,923,Site Cleanup Completed (NFA),RP-Lead,2008-08-08,Date of NFA letter. -DP,Darren Park
6491,340,Site Cleanup Completed (NFA),RP-Lead,2007-12-06,Date cleanup completed on last phase. -DP,To VRP
6492,1811,Site Cleanup Completed (NFA),RP-Lead,2008-03-27,Cleanup under VRP. Date of LOC letter. -DP,To VRP
6493,1491,LUST Cleanup Initiated,RP-Lead,2003-07-02,Date of LOC. -DP,To VRP
6494,1491,Site Cleanup Completed (NFA),RP-Lead,2003-07-02,Date of LOC. -DP,To VRP
6495,1770,LUST Cleanup Initiated,RP-Lead,2008-06-30,Date of LOC. -DP,To VRP
6496,1770,Site Cleanup Completed (NFA),RP-Lead,2008-06-30,Date of LOC. -DP,To VRP
6497,2135,LUST Cleanup Initiated,RP-Lead,2008-07-14,PHASE II Env assessment rept,Shaobin Li
6498,2141,LUST Cleanup Initiated,RP-Lead,2008-07-14,via Received date of Phase 2 Environmental Assessment Report,
6500,2120,Site Cleanup Completed with EHMP,RP-Lead,2008-09-03,Conditional NFA,Shunsheng Fu
6501,2105,LUST Cleanup Initiated,RP-Lead,2008-06-18,,Shunsheng Fu
6503,802,Remedy Decision Pending (ongoing monitoring),RP-Lead,2008-07-07,semi annua gw monitoring rept,Shaobin Li
6504,1066,Remedy Decision Pending (ongoing monitoring),RP-Lead,2008-07-07,7/7/2008,Shaobin Li
6505,1066,Monitored Natural Attenuation,RP-Lead,2010-01-22,ORC-enchanced MNA as per the 12/14/09 report,Shaobin Li
6507,1984,Remedy Decision Pending (ongoing monitoring),RP-Lead,2007-05-08,"May 8, 2007, report documents the groundwater monitoring and product recovery activities from September 2006 to February 2007",Shaobin Li
6508,2535,Active Remediation,RP-Lead,2007-05-08,semi annual gw montioring rept and prod recovery rept,Shaobin Li
6509,459,Monitored Natural Attenuation,RP-Lead,2008-07-25,,Shaobin Li
6510,1005,Remedy Decision Pending (ongoing monitoring),RP-Lead,2007-10-31,2007 Quarterly Porgress report,Shaobin Li
6511,506,Monitored Natural Attenuation,RP-Lead,2007-11-12,2007 qtr rel resp rept dted 11/2007,Shaobin Li
6513,2140,LUST Cleanup Initiated,RP-Lead,2008-03-21,,Richard Takaba
6514,2140,Site Cleanup Completed (NFA),RP-Lead,2008-05-27,NFA U0546RT,Richard Takaba
6515,2176,LUST Cleanup Initiated,RP-Lead,2007-12-15,,Richard Takaba
6516,2176,Site Cleanup Completed (NFA),RP-Lead,2007-12-21,NFA U1229RT,Richard Takaba
6517,2111,LUST Cleanup Initiated,RP-Lead,2007-08-20,,Richard Takaba
6518,2111,Site Cleanup Completed (NFA),RP-Lead,2007-11-02,NFA U1043RT,Richard Takaba
6519,2136,LUST Cleanup Initiated,RP-Lead,2008-04-14,Soil Removal,Josh Nagashima
6520,2136,Site Cleanup Completed (NFA),RP-Lead,2008-09-16,,Josh Nagashima
6521,2172,LUST Cleanup Initiated,RP-Lead,2008-07-09,Soil Removal,Josh Nagashima
6522,2172,Site Cleanup Completed (NFA),RP-Lead,2008-09-16,,Josh Nagashima
6523,609,Case Tansferred to HEER (VRP),RP-Lead,2005-02-11,,Josh Nagashima
6524,336,Site Cleanup Completed (NFA),RP-Lead,2008-09-16,Date of NFA letter (U0933DP).,Darren Park
6525,2141,Site Cleanup Completed (NFA),RP-Lead,2008-09-16,Date of NFA letter (U0934DP).,Darren Park
6526,1840,Site Cleanup Completed (NFA),RP-Lead,2008-09-16,Date of NFA letter (U0932DP).,Darren Park
6527,167,Remedy Decision Pending (ongoing monitoring),RP-Lead,2008-06-26,"Groundwater Monitoring Investigation for Tokunaga Masonry, 
1024 Kikowaena Place, Honolulu, Hawaii, dated June 26, 2008, and 
prepared by WMF Hawaii.",Shaobin Li
6528,1534,Exposure Prevention Management Plan,RP-Lead,2007-05-07,annual report exposure prevention management dated 5/2/2007,Shaobin Li
6529,395,Site Assessment Completed (delineated),RP-Lead,2006-10-13,"Tier 1 Environmental Risk Assessment, Laie Service Station, 55-506 Kamehameha Highway, Laie, Hawaii (bound copy and CD), dated October 13, 2006.",Josh Nagashima
6530,1441,Exposure Prevention Management Plan,RP-Lead,2008-02-13,"Tier 2 Site-Specific Soil Action Level Compliance Report, ABC Store #47, 3511 Lower Honoapiilani Highway, Honokowai, Maui, Hawaii,” dated February 13, 2008",Shaobin Li
6532,2076,Disconfirmed Release,RP-Lead,2008-09-16,Release was contained in double-walled piping.,Josh Nagashima
6534,2120,LUST Cleanup Initiated,RP-Lead,2008-01-02,,Shunsheng Fu
6535,2181,Confirmed Release,RP-Lead,2008-09-22,Rpt dated 10/96 reports discovery of product,Josh Nagashima
6536,2182,Confirmed Release,RP-Lead,2008-09-22,TPH-d & PAH's detected below T1,Josh Nagashima
6537,1663,Active Remediation,RP-Lead,2007-10-18,"removal of 20 cubic yard of impacted soil (07/13/07, report)",Shaobin Li
6538,1092,Exposure Prevention Management Plan,RP-Lead,2007-01-24,"Tier 1 environmental risk assessment report for Daiei, dated May 8, 2006.",Shaobin Li
6539,1212,Exposure Prevention Management Plan,RP-Lead,2007-01-24,"Tier 1 environmental risk assessment report for Daiei, dated May 8, 2006.",Shaobin Li
6540,1987,LUST Cleanup Initiated,RP-Lead,2005-05-16,Removal of soil,Josh Nagashima
6541,1926,LUST Cleanup Initiated,RP-Lead,2004-03-31,,Josh Nagashima
6542,2129,Site Assessment Ongoing,RP-Lead,2008-07-14,PHASE II Env assessment rept dated 5/2008,Shaobin Li
6543,2005,LUST Cleanup Initiated,RP-Lead,2006-11-09,,Shaobin Li
6544,2137,Site Assessment Ongoing,RP-Lead,2008-07-14,PHASE II Env assessment rept dated 4/2008,Shaobin Li
6545,2542,Site Assessment Ongoing,RP-Lead,2008-07-14,PHASE II Env assessment rept dated 4/2008,Shaobin Li
6546,303,Exposure Prevention Management Plan,RP-Lead,2003-01-30,"Report, 2002 Fourth Quarter, (EPMP),dated January 30, 2003, and prepared by Environmental Technical Services.",Shaobin Li
6547,1011,Site Assessment Ongoing,RP-Lead,2007-08-21,"August 21, 2007 Tier 2 Risk Report.",Shaobin Li
6548,587,Site Assessment Ongoing,RP-Lead,2007-11-02,site investigation rept dated 4/2/2004,Shaobin Li
6550,1894,Active Remediation,RP-Lead,2003-12-08,impacted soil overexcavation &product recovery,Shaobin Li
6551,2131,Site Assessment Ongoing,RP-Lead,2008-08-29,,Shaobin Li
6552,2153,Site Assessment Ongoing,RP-Lead,2008-07-14,PHASE II Env assessment rept,Shaobin Li
6554,1850,Site Assessment Ongoing,RP-Lead,2002-03-27,,Shaobin Li
6555,2181,LUST Cleanup Initiated,RP-Lead,2008-09-22,,Josh Nagashima
6556,2181,Site Cleanup Completed (NFA),RP-Lead,2008-10-08,Nothing above T1,Josh Nagashima
6557,2182,LUST Cleanup Initiated,RP-Lead,2008-09-22,,Josh Nagashima
6558,2182,Site Cleanup Completed (NFA),RP-Lead,2008-10-08,No contaminants above T1,Josh Nagashima
6559,1318,LUST Cleanup Initiated,RP-Lead,1998-06-08,,To DERA
6560,1318,Site Cleanup Completed (NFA),RP-Lead,1998-12-14,,To DERA
6562,2110,Site Cleanup Completed (NFA),RP-Lead,2008-10-07,"DOH letter dated October 7, 2008 (U1011SL)",Shaobin Li
6563,1663,Site Cleanup Completed with EHE/EHMP,RP-Lead,2008-10-08,"DOH letter dated October 8, 2008(U1015SL)",Shaobin Li
6564,1412,Site Cleanup Completed (NFA),RP-Lead,2008-09-03,Date of NFA letter (U0909DP).,Darren Park
6565,265,Monitored Natural Attenuation,RP-Lead,2008-10-30,"June 6, 2008 report",Shaobin Li
6566,851,LUST Cleanup Initiated,RP-Lead,1998-11-23,,To HEER
6567,851,Site Cleanup Completed (NFA),RP-Lead,1998-11-23,by HEER office,To HEER
6568,117,Monitored Natural Attenuation,RP-Lead,2005-12-01,"groundwater data from June 1999 to December 2005 as reported by ETC,",Shaobin Li
6569,2183,Confirmed Release,RP-Lead,2008-11-04,call to rox,Shunsheng Fu
6570,2184,Confirmed Release,RP-Lead,2008-10-10,10/10/2008 ust was discosvered during construction activities - rk,Shaobin Li
6571,395,Site Cleanup Completed with EHMP,RP-Lead,2008-10-31,Point soil contamination & minor gw contamination remains,Josh Nagashima
6572,2178,LUST Cleanup Initiated,RP-Lead,2008-09-11,Closure Report,Darren Park
6573,2171,LUST Cleanup Initiated,RP-Lead,2008-09-02,Closure report.,Darren Park
6574,2185,Confirmed Release,RP-Lead,2008-10-28,,Richard Takaba
6575,1634,Site Cleanup Completed (NFA),RP-Lead,2008-10-31,,Shunsheng Fu
6576,2144,LUST Cleanup Initiated,RP-Lead,2008-07-01,,Shunsheng Fu
6577,2144,Site Cleanup Completed (NFA),RP-Lead,2008-10-22,,Shunsheng Fu
6578,1114,Site Cleanup Completed (NFA),RP-Lead,2008-10-22,,Shunsheng Fu
6579,1327,Site Cleanup Completed (NFA),RP-Lead,2008-10-22,,Shunsheng Fu
6581,2186,Confirmed Release,RP-Lead,2008-11-18,11/12/2008 release is from tank 0973B,Darren Park
6582,2167,LUST Cleanup Initiated,RP-Lead,2008-09-29,Date of Initial Release Response Report,Darren Park
6583,2187,Confirmed Release,RP-Lead,2008-11-19,0.025 mg/kg Xylenes only,
6584,2187,LUST Cleanup Initiated,RP-Lead,2008-11-19,,
6585,328,Site Assessment Ongoing,RP-Lead,2005-11-29,,Josh Nagashima
6586,942,Site Assessment Ongoing,RP-Lead,2002-03-01,,Josh Nagashima
6587,17,Site Assessment Ongoing,RP-Lead,2002-10-01,,Josh Nagashima
6588,406,Site Assessment Ongoing,RP-Lead,2004-12-20,,Josh Nagashima
6589,2096,Monitored Natural Attenuation,RP-Lead,2009-01-26,,Josh Nagashima
6590,2188,Confirmed Release,RP-Lead,2008-11-20,unleaded gas release,Shunsheng Fu
6591,2189,Confirmed Release,RP-Lead,2008-08-01,from overtruned drums,Richard Takaba
6592,765,Monitored Natural Attenuation,RP-Lead,1998-06-15,GW monitoring,Richard Takaba
6593,1059,Monitored Natural Attenuation,RP-Lead,1998-06-15,GW monitoring,Richard Takaba
6595,2178,Site Cleanup Completed (NFA),RP-Lead,2008-11-17,Date of NFA letter,Darren Park
6596,2171,Site Cleanup Completed (NFA),RP-Lead,2008-11-17,Date of NFA letter,Darren Park
6597,1449,Monitored Natural Attenuation,RP-Lead,2012-06-15,,Richard Takaba
6598,1758,Site Assessment Ongoing,RP-Lead,2001-02-28,,Josh Nagashima
6599,1987,Site Cleanup Completed (NFA),RP-Lead,2008-12-05,,Josh Nagashima
6600,518,Monitored Natural Attenuation,RP-Lead,2008-12-15,,Richard Takaba
6602,587,Site Cleanup Completed (NFA),RP-Lead,2008-12-17,"DOH NFA letter dated November 17, 2008(U1114SLI)",Shaobin Li
6603,2019,Exposure Prevention Management Plan,RP-Lead,2008-09-08,,Shaobin Li
6604,1997,Case Transferred to HEER (DERA),RP-Lead,2009-01-05,,Josh Nagashima
6605,1926,Case Transferred to HEER (DERA),RP-Lead,2008-07-22,"6/22/2011 -- note the date the  letter transferring to HEER Office by UST is  1/5/2009  but HEER Office  already nfa in 2008 . in 0rder for the database to show nfa for the site, put date of 7/22/2008 as transfer to heer office- rk",Josh Nagashima
6606,1983,Site Cleanup Completed (NFA),RP-Lead,2008-12-16,"DOH nfa letter dated December 16, 2008(U1213RT)",Shaobin Li
6607,2042,Site Assessment Completed (delineated),RP-Lead,2008-10-08,10/8/2008 rec site characteriation to determine vertical and horizontal,Shaobin Li
6609,2543,Confirmed Release,RP-Lead,2009-01-19,call to roxanne,Shaobin Li
6610,2196,Confirmed Release,RP-Lead,2009-02-04,Report dated April 2000,Josh Nagashima
6611,2196,Site Assessment Completed (delineated),RP-Lead,2009-02-04,,Josh Nagashima
6612,1005,Monitored Natural Attenuation,RP-Lead,2009-01-23,,Shaobin Li
6613,589,Site Cleanup Completed (NFA),RP-Lead,2008-11-03,,Shaobin Li
6614,1755,Site Cleanup Completed (NFA),RP-Lead,2008-11-03,,Shaobin Li
6615,796,Site Cleanup Completed (NFA),RP-Lead,2009-02-04,Date of NFA letter. -DP,Darren Park
6616,580,Site Cleanup Completed (NFA),RP-Lead,2009-02-04,Date of NFA letter.,Darren Park
6617,2187,Site Cleanup Completed (NFA),RP-Lead,2009-02-11,,Josh Nagashima
6618,1950,LUST Cleanup Initiated,RP-Lead,2005-10-25,,Josh Nagashima
6619,1950,Site Cleanup Completed (NFA),RP-Lead,2009-02-09,,Josh Nagashima
6620,117,Site Cleanup Completed (NFA),RP-Lead,2008-10-30,"Conditional NFA letter dated October 30, 2008 (U1041SL)",Shaobin Li
6621,2132,LUST Cleanup Initiated,RP-Lead,2008-09-30,,Shunsheng Fu
6622,2132,Site Cleanup Completed (NFA),RP-Lead,2009-02-09,,Shunsheng Fu
6623,2069,LUST Cleanup Initiated,RP-Lead,2008-06-01,,Shunsheng Fu
6624,2069,Site Cleanup Completed (NFA),RP-Lead,2008-11-25,,Shunsheng Fu
6625,2116,LUST Cleanup Initiated,RP-Lead,2008-11-08,,Shunsheng Fu
6626,1111,Site Cleanup Completed (NFA),RP-Lead,2009-02-04,NFA letter U0207RT,Richard Takaba
6627,252,Site Cleanup Completed with EHMP,RP-Lead,2000-01-28,Date of HEER Office Conditional NFA Letter,To HEER
6628,299,LUST Cleanup Initiated,RP-Lead,1992-10-01,do not know the exact date,To HEER
6629,2042,Monitored Natural Attenuation,RP-Lead,2008-10-21,0/21/2008 2nd semi annual gw monitoring rept dated 10/2008,Shaobin Li
6630,299,Site Cleanup Completed (NFA),RP-Lead,1995-03-31,by the HEER office,To HEER
6631,2128,Site Cleanup Completed (NFA),RP-Lead,2009-02-09,Date of HEER Office NFA letter 2009-082-SPM,Darren Park
6632,1984,Remedy Decision Pending (ongoing monitoring),RP-Lead,2008-11-06,9/2008 semi annual gw monitoring rept,Shaobin Li
6633,2535,Remedy Decision Pending (ongoing monitoring),RP-Lead,2008-11-06, 9/2008 semi annual gw monitoring rept,Shaobin Li
6634,2200,Confirmed Release,RP-Lead,2009-03-17,via crn.  Release is while cutting diesel line during closure,Shaobin Li
6635,2131,LUST Cleanup Initiated,RP-Lead,2008-08-29,ust closure and assessment rept dated 8/29/2008,Shaobin Li
6636,2131,Site Cleanup Completed (NFA),RP-Lead,2009-03-25,"DOH NFA letter dated March 25, 2009(U0321SL)",Shaobin Li
6637,2201,Confirmed Release,RP-Lead,2009-03-21,via email to shaobin li - rk,Shaobin Li
6638,725,Site Assessment Ongoing,RP-Lead,2008-10-08,"Environmental Hazard Evaluation, Former Kahului Baseyard, 380 Alamaha Place, Kahului, Maui, Hawaii, dated October 8, 2008 and prepared by Bureau Veritas North America, Inc. (Bureau Veritas).",Shaobin Li
6639,2202,Confirmed Release,RP-Lead,2007-08-29,via the closure rept - rk,Nicole Peterman
6640,2203,Confirmed Release,RP-Lead,2009-01-15,,Shunsheng Fu
6641,725,Exposure Prevention Management Plan,RP-Lead,2009-03-31,EHMP in addition to EHE for the site,Shaobin Li
6642,1984,Active Remediation,RP-Lead,2009-04-01,"Semi-Annual Groundwater Monitoring and Product Recovery Report, dated October 29, 2008 and prepared by Element Environmental.",Shaobin Li
6643,2535,Active Remediation,RP-Lead,2009-04-01,"Semi-Annual Groundwater Monitoring and Product Recovery Report, dated October 29, 2008 and prepared by Element Environmental.",Shaobin Li
6644,496,Monitored Natural Attenuation,RP-Lead,2009-03-18, 4th qtr 20008 oct 2008 semiannua status rept dated 3/12/2009,Shaobin Li
6645,448,Exposure Prevention Management Plan,RP-Lead,2008-04-14,"DOH letter dated April 14, 2008 (U0412SL)",Shaobin Li
6646,1966,Site Cleanup Completed (NFA),RP-Lead,2009-03-13,"Letter dated March 13, 2009",Josh Nagashima
6647,2196,LUST Cleanup Initiated,RP-Lead,2009-02-04,,Josh Nagashima
6648,2196,Site Cleanup Completed (NFA),RP-Lead,2009-03-13,,Josh Nagashima
6649,2189,LUST Cleanup Initiated,RP-Lead,2009-01-22,,Richard Takaba
6650,2189,Site Cleanup Completed (NFA),RP-Lead,2009-03-05,NFA U0304RT,Richard Takaba
6651,2185,LUST Cleanup Initiated,RP-Lead,2008-11-11,,Richard Takaba
6652,2185,Active Remediation,RP-Lead,2008-11-15,,Richard Takaba
6653,765,Site Cleanup Completed (NFA),RP-Lead,2009-03-25,NFA U0324RT,Richard Takaba
6654,1059,Site Cleanup Completed (NFA),RP-Lead,2009-03-25,NFA U0324RT,Richard Takaba
6655,830,Monitored Natural Attenuation,RP-Lead,2009-03-12,,Richard Takaba
6656,466,2 Year pre-NFA monitoring,RP-Lead,2009-11-12,Date of receipt of GW monitoring report.,Darren Park
6657,2046,2 Year pre-NFA monitoring,RP-Lead,2008-11-12,Date of receipt of GW monitoring report.,Darren Park
6658,613,2 Year pre-NFA monitoring,RP-Lead,2009-03-03,Date of final GW monitoring report,Darren Park
6659,1150,2 Year pre-NFA monitoring,RP-Lead,2008-04-08,Date of receipt of EHMP,Darren Park
6660,264,Active Remediation,RP-Lead,1995-05-14,"2.	Letter Report – Soil Excavation and Remediation, dated May 14,1995, and prepared by Edward K. Noda and Associates, Inc.",Shaobin Li
6661,2205,Confirmed Release,RP-Lead,1972-01-01,"1,800 gallon release in 1972 from the 25,000 gallon tank that was removed in 1978",Richard Takaba
6662,2206,Confirmed Release,RP-Lead,2009-04-08,,Josh Nagashima
6663,2208,Confirmed Release,RP-Lead,2009-03-23,via closure rept - rk,Richard Takaba
6664,2209,Confirmed Release,RP-Lead,2009-05-07,"DOH CRN letter dated May 20, 2009(U0514SL)",Shaobin Li
6665,2188,LUST Cleanup Initiated,RP-Lead,2009-02-03,,Shunsheng Fu
6666,2188,Site Cleanup Completed (NFA),RP-Lead,2009-04-15,,Shunsheng Fu
6667,1946,Site Cleanup Completed (NFA),RP-Lead,2009-03-12,,Shunsheng Fu
6668,2184,LUST Cleanup Initiated,RP-Lead,2009-03-11,"recovery of free product on the groundwater surface, and  petroleum-impacted soil excavation",Shaobin Li
6670,1958,LUST Cleanup Initiated,RP-Lead,2006-07-05,reports,Richard Takaba
6671,1894,Site Assessment Ongoing,RP-Lead,2009-04-17,"letter dated April 17, 2009, and the attached Groundwater Monitoring Investigation Report, dated April 17, 2009, and prepared by WMF Hawaii Environmental, Inc.",Shaobin Li
6672,2112,2 Year pre-NFA monitoring,RP-Lead,2009-01-09,Date of Release Response Report,Darren Park
6673,2113,2 Year pre-NFA monitoring,RP-Lead,2009-01-09,Date of Release Response Report,Darren Park
6674,1509,Site Cleanup Completed (NFA),RP-Lead,2009-05-07,NFA letter U0504RT,Richard Takaba
6676,2186,LUST Cleanup Initiated,RP-Lead,2009-01-26,Date report dated 12/2008 was received.,Darren Park
6678,2211,Confirmed Release,,2009-05-19,release from used oil tank,Shaobin Li
6679,2212,Confirmed Release,RP-Lead,2009-05-26,,Darren Park
6680,2167,Monitored Natural Attenuation,RP-Lead,2009-02-19,Date of January 2009 Quarterly Groundwater Monitoring Report. -DP,Darren Park
6681,1170,2 Year pre-NFA monitoring,RP-Lead,2009-05-21,Date May 2009 Release Response Report received. -DP,Darren Park
6682,613,Site Cleanup Completed (NFA),RP-Lead,2009-06-17,Date of NFA letter.,Darren Park
6683,2186,Site Cleanup Completed (NFA),RP-Lead,2009-06-15,Date of NFA letter.,Darren Park
6684,1150,Site Cleanup Completed (NFA),RP-Lead,2009-06-15,Date of NFA letter.,Darren Park
6685,1560,Site Cleanup Completed (NFA),RP-Lead,2009-06-08,,Josh Nagashima
6686,2213,Confirmed Release,RP-Lead,2009-06-12,,Shunsheng Fu
6687,406,Site Cleanup Completed (NFA),RP-Lead,2009-06-17,,Josh Nagashima
6688,2123,LUST Cleanup Initiated,RP-Lead,2009-06-18,,Josh Nagashima
6689,2206,LUST Cleanup Initiated,RP-Lead,2009-04-21,,Josh Nagashima
6690,2206,Site Cleanup Completed (NFA),RP-Lead,2009-06-18,,Josh Nagashima
6691,2214,Confirmed Release,RP-Lead,2009-03-16,reported via closure rept,Richard Takaba
6692,2215,Confirmed Release,RP-Lead,1992-04-08,,Darren Park
6693,2215,LUST Cleanup Initiated,RP-Lead,1992-04-01,,Darren Park
6694,2215,Exposure Prevention Management Plan,RP-Lead,2006-09-15,,Darren Park
6695,2215,Monitored Natural Attenuation,RP-Lead,2008-04-06,,Darren Park
6697,2215,2 Year pre-NFA monitoring,RP-Lead,2009-03-03,,Darren Park
6698,2216,Confirmed Release,RP-Lead,2009-07-10,,Josh Nagashima
6699,2217,Suspected release,RP-Lead,2009-06-29,george is following up on this,
6700,2218,Confirmed Release,RP-Lead,2009-07-01,release is from the 200 gallon ust - rk,Richard Takaba
6701,1908,Site Cleanup Completed (NFA),RP-Lead,2009-06-08,U0604RT NFA,Richard Takaba
6702,1958,Site Cleanup Completed (NFA),RP-Lead,2009-06-08,U0604RT NFA,Richard Takaba
6703,2214,LUST Cleanup Initiated,RP-Lead,2009-04-06,closure rpt,Richard Takaba
6704,2214,Site Cleanup Completed (NFA),RP-Lead,2009-07-14,U0712RT NFA,Richard Takaba
6705,16,Site Cleanup Completed (NFA),RP-Lead,2009-07-14,U0715RT NFA,Richard Takaba
6706,2203,LUST Cleanup Initiated,RP-Lead,2009-01-15,,Shunsheng Fu
6707,2203,Site Cleanup Completed (NFA),RP-Lead,2009-05-26,,Shunsheng Fu
6709,2219,Confirmed Release,RP-Lead,2009-07-21,arra site,Shaobin Li
6710,2220,Confirmed Release,RP-Lead,2007-08-21,"via report 
dated 9/18/2007 - rk",Josh Nagashima
6711,1667,Site Cleanup Completed (NFA),RP-Lead,2009-07-17,,Darren Park
6712,2215,Site Cleanup Completed (NFA),RP-Lead,2009-07-15,,Darren Park
6713,2209,LUST Cleanup Initiated,RP-Lead,2009-08-03,ust closure rept dated 8/3/2009,Shaobin Li
6714,1947,Site Assessment Completed (delineated),RP-Lead,2008-12-25,,Shaobin Li
6715,1947,LUST Cleanup Initiated,RP-Lead,2009-07-23,,Shaobin Li
6716,1947,Site Cleanup Completed (NFA),RP-Lead,2009-07-23,"DOH NFA letter dated July 23, 2009(U0742SL)",Shaobin Li
6717,1955,LUST Cleanup Initiated,RP-Lead,2008-12-25,,Shaobin Li
6718,1955,Site Cleanup Completed (NFA),RP-Lead,2009-07-23,,Shaobin Li
6719,2202,Site Cleanup Completed (NFA),RP-Lead,2009-03-09,NFA Nicole P,Nicole Peterman
6720,2202,LUST Cleanup Initiated,RP-Lead,2008-01-15,closure assessmt 01/15/09,Nicole Peterman
6721,2169,LUST Cleanup Initiated,RP-Lead,2008-06-15,Phase II rpt June 2008,Richard Takaba
6722,2169,Site Cleanup Completed (NFA),RP-Lead,2009-07-21,NFA letter U0736RT,Richard Takaba
6723,2150,LUST Cleanup Initiated,RP-Lead,2009-07-21,Phase II rpt April 2008,Richard Takaba
6724,2150,Site Cleanup Completed (NFA),RP-Lead,2009-07-21,NFA letter U0737RT,Richard Takaba
6725,2222,Suspected release,RP-Lead,2009-08-12,called DOH,roy Ilaga
6727,2223,Confirmed Release,RP-Lead,2009-07-31,,Shunsheng Fu
6728,2224,Confirmed Release,RP-Lead,2009-08-18,,Shunsheng Fu
6729,2225,Confirmed Release,RP-Lead,2009-08-20,,Shaobin Li
6730,2222,Confirmed Release,RP-Lead,2009-08-17,,Josh Nagashima
6731,2226,Confirmed Release,RP-Lead,2009-08-31,call to Roxanne.   - rk,Richard Takaba
6732,2534,Confirmed Release,RP-Lead,2009-09-02,,Shaobin Li
6733,506,Site Assessment Completed (delineated),RP-Lead,2009-08-20,8/20/2009 received  EHE and EHMP dated 7/2009,Shaobin Li
6735,2543,LUST Cleanup Initiated,RP-Lead,2009-07-13,"Release Response Report and Monitoring Well Installation Work Plan, 99-170 Moanalua Road, Aiea, Oahu, Hawaii, dated July 13, 2009 and prepared by Delta Environmental Consultants, Inc.",Shaobin Li
6736,2542,LUST Cleanup Initiated,RP-Lead,2009-07-13,recovery of free product,Shaobin Li
6737,2540,Active Remediation,RP-Lead,2009-07-13,recovery of free product,Shaobin Li
6738,2038,Case Transferred to HEER (unregulated),RP-Lead,2009-08-20,release is from a cracked piping elbow joint connected to an ast - rk,Shunsheng Fu
6739,315,Site Cleanup Completed with EHMP,RP-Lead,2009-08-13,,Shunsheng Fu
6740,2212,LUST Cleanup Initiated,RP-Lead,2009-06-30,,Shunsheng Fu
6741,2212,Site Cleanup Completed (NFA),RP-Lead,2009-08-18,,Shunsheng Fu
6742,2018,LUST Cleanup Initiated,RP-Lead,2009-05-01,,Shunsheng Fu
6743,2018,Site Cleanup Completed with EHMP,RP-Lead,2009-07-28,,Shunsheng Fu
6744,2228,Confirmed Release,RP-Lead,2009-09-21,,Richard Takaba
6745,2229,Confirmed Release,RP-Lead,2009-10-01,crack found at the bottom of the 92 tank - rk,Josh Nagashima
6746,1759,Site Assessment Ongoing,RP-Lead,2009-10-05,,Josh Nagashima
6747,614,Site Cleanup Completed (NFA),RP-Lead,2009-09-01,conditional NFA U0903RT,Richard Takaba
6748,2218,LUST Cleanup Initiated,RP-Lead,2009-07-31,UST cls rpt,Richard Takaba
6749,2218,Site Cleanup Completed (NFA),RP-Lead,2009-09-04,NFA U0913RT,Richard Takaba
6750,830,Site Cleanup Completed (NFA),RP-Lead,2009-10-01,NFA letter U1008RT,Richard Takaba
6751,2151,LUST Cleanup Initiated,RP-Lead,2008-06-24,UST cls rpt,Richard Takaba
6752,725,Site Assessment Completed (delineated),RP-Lead,2009-09-09,Environmental Hazard Management Plan dated 9/9/09,Shaobin Li
6753,800,2 Year pre-NFA monitoring,RP-Lead,2008-03-01,,Josh Nagashima
6754,2222,Site Assessment Ongoing,RP-Lead,2009-10-06,,Josh Nagashima
6755,2216,LUST Cleanup Initiated,RP-Lead,2009-07-31,,Josh Nagashima
6756,2216,Site Cleanup Completed (NFA),RP-Lead,2009-09-21,,Josh Nagashima
6758,20,Site Cleanup Completed (NFA),RP-Lead,2009-09-03,Date of Steven Mow's NFA letter (09-579-SPM). -DP,To HEER
6759,20,LUST Cleanup Initiated,RP-Lead,2009-09-03,"Date of LUST Cleanup Initiated unknown since HEER Office provided only the NFA letter.  Therefore, date of LUST Cleanup Initiated used the same date as Site Cleanup Completed (NFA). -DP",To HEER
6760,459,Remedy Decision Pending (ongoing monitoring),RP-Lead,2009-11-16,,Shaobin Li
6761,725,Site Cleanup Completed with EHE/EHMP,RP-Lead,2009-11-17,"DOH conditional no further action letter dated November 13, 2009 (U1116SL).",Shaobin Li
6763,2233,Confirmed Release,RP-Lead,2009-03-18,Phase II Letter Report Received from Stephen Okano,
6765,2233,LUST Cleanup Initiated,RP-Lead,2009-03-18,,
6766,2544,Active Remediation,RP-Lead,2009-11-19,Multi-phase extraction,Josh Nagashima
6767,2234,Confirmed Release,RP-Lead,2009-11-18,via crn - rk,Shunsheng Fu
6769,2237,Confirmed Release,RP-Lead,2006-04-05,via closure rept,Richard Takaba
6770,2238,Confirmed Release,RP-Lead,2009-03-31,release was detected during tank removal,Shaobin Li
6771,2239,Confirmed Release,RP-Lead,2009-10-26,cracks found in the ust during inspection for the relining of tanks - rk,Shunsheng Fu
6772,2240,Confirmed Release,RP-Lead,2009-12-09,,Josh Nagashima
6773,714,Site Assessment Ongoing,RP-Lead,2004-10-14,"""Site Investigation Report, Site Characterizations/Sampling of Former UST Sites at Various Locations on Oahu, Hawaii, SB 80-5 UST, dated March 2006 and prepared by Environet, Inc (EI). DOH letter dated March 19, 2007(U0323DP) requires more data for the site.",Shaobin Li
6776,2241,Confirmed Release,RP-Lead,2009-12-14,"cause - when replacing the fuel filters, one of the seals was not removed - rk",Richard Takaba
6777,2115,LUST Cleanup Initiated,RP-Lead,2009-11-30,,Josh Nagashima
6778,2115,Site Cleanup Completed (NFA),RP-Lead,2009-11-30,,Josh Nagashima
6779,2152,LUST Cleanup Initiated,RP-Lead,2009-09-18,,Josh Nagashima
6780,2152,Site Cleanup Completed (NFA),RP-Lead,2009-11-30,,Josh Nagashima
6781,2242,Confirmed Release,RP-Lead,2010-01-27,1/27/2010 rec crn - rk,Shaobin Li
6782,2243,Confirmed Release,RP-Lead,1990-12-10,,Eric Sadoyama
6783,2243,Case Transferred to HEER (unregulated),RP-Lead,1997-09-11,,Eric Sadoyama
6785,632,Site Cleanup Completed (NFA),RP-Lead,2009-12-16,,Shunsheng Fu
6786,2154,LUST Cleanup Initiated,RP-Lead,2008-05-01,,Shunsheng Fu
6787,2154,Site Cleanup Completed (NFA),RP-Lead,2009-10-01,baseline investiagtion,Shunsheng Fu
6788,802,Monitored Natural Attenuation,RP-Lead,2010-01-22,ORC-enchanced MNA as per the 12/14/09 report,Shaobin Li
6790,2245,Confirmed Release,RP-Lead,2010-01-19,via crn - release found during piping replacement,Shaobin Li
6791,255,Case Transferred to HEER (regulated),RP-Lead,2010-01-22,there is no ust owner - rk,Shaobin Li
6792,2246,Confirmed Release,RP-Lead,2003-01-06,release was discovered during tank removal,Richard Takaba
6793,228,Site Assessment Ongoing,RP-Lead,2010-02-03,,Shaobin Li
6794,1835,Site Assessment Ongoing,RP-Lead,2010-02-03,"DOH letter dated January 21, 2010(U0120SL.",Shaobin Li
6795,2042,Site Cleanup Completed (NFA),RP-Lead,2010-01-21,"DOH NFA letter dated January 21, 2010(U0121SL)",Shaobin Li
6796,1005,Remedy Decision Pending (ongoing monitoring),RP-Lead,2010-01-22,,Shaobin Li
6797,2019,Remedy Decision Pending (ongoing monitoring),RP-Lead,2010-02-04,10/13/2009 rec semiannual gw monitoring ept,Shaobin Li
6798,2535,Active Remediation,RP-Lead,2010-02-04,11/30/2009 rec 9/2009 semi annual gw monitoring rept and product recovery rept,Shaobin Li
6799,1984,Active Remediation,RP-Lead,2010-02-04,11/30/2009 rec 9/2009 semi annual gw monitoring rept and product recovery rept,Shaobin Li
6800,2112,Monitored Natural Attenuation,RP-Lead,2010-02-09,,Shaobin Li
6801,2113,Monitored Natural Attenuation,RP-Lead,2010-02-09,semiannual groundwater monitoring as recommended in the report.,Shaobin Li
6802,2247,Confirmed Release,RP-Lead,2006-05-31,,Richard Takaba
6803,714,Site Assessment Ongoing,RP-Lead,2009-12-30,"December 30, 2009 letter and draft workplan hawaii phase ii.. Dated 12/209.",Shaobin Li
6804,2225,Site Assessment Ongoing,RP-Lead,2009-12-30,draft workplan hawaii phase ii.. Dated 12/209.,Shaobin Li
6805,2238,Site Assessment Ongoing,RP-Lead,2009-12-24,closure rept and Phase II Site Assessment 12.24.2009,Shaobin Li
6806,2211,LUST Cleanup Initiated,RP-Lead,2009-10-28,ust closure and assessment rept dated 10/6/2009,Shaobin Li
6807,2211,Site Cleanup Completed (NFA),RP-Lead,2010-02-11,DOH NFA letter dated 2/11/2010 (U0217SL)-Sli,Shaobin Li
6808,2248,Confirmed Release,RP-Lead,2010-02-08,,Josh Nagashima
6809,2222,Site Assessment Completed (delineated),RP-Lead,2009-11-30,,Josh Nagashima
6810,2134,LUST Cleanup Initiated,RP-Lead,2008-03-31,,Josh Nagashima
6811,2134,Site Cleanup Completed (NFA),RP-Lead,2010-01-21,,Josh Nagashima
6812,1819,Site Cleanup Completed with EHMP,RP-Lead,2010-02-11,,Josh Nagashima
6813,263,Remedy Decision Pending (ongoing monitoring),RP-Lead,2009-12-04,qtr status rept dated 12/4/2009,Shaobin Li
6815,1219,Site Assessment Ongoing,RP-Lead,2010-01-18,site assessement work plan dated 1/18/2010,Shaobin Li
6816,1850,Site Assessment Ongoing,RP-Lead,2010-01-18, rec site assessement work plan dated 1/18/2010,Shaobin Li
6818,18,Site Cleanup Completed (NFA),RP-Lead,2010-02-16,,Josh Nagashima
6819,592,Monitored Natural Attenuation,RP-Lead,2010-02-22,,Josh Nagashima
6820,2538,Remedy Decision Pending (ongoing monitoring),RP-Lead,2010-02-03,2/3/2010 rec qtr rel resp rept date 1/2010,Shaobin Li
6821,2249,Confirmed Release,RP-Lead,2010-03-04,free product discovered ingw monitoring well 7 - rk,Shaobin Li
6822,506,Site Cleanup Completed with EHE/EHMP,RP-Lead,2009-12-23,,Shaobin Li
6823,496,Site Assessment Ongoing,RP-Lead,2001-03-15,,Shaobin Li
6824,2250,Confirmed Release,RP-Lead,2010-03-11,product found in the observation wel.  Release may be from the 92grade ustl -- rk,Shunsheng Fu
6825,2251,Confirmed Release,RP-Lead,2009-07-28,ust was discovered during excavation and release was not reported.,Josh Nagashima
6827,2213,LUST Cleanup Initiated,,2009-01-08,,Shunsheng Fu
6828,2213,Site Cleanup Completed (NFA),,2010-01-22,,Shunsheng Fu
6829,401,Site Cleanup Completed (NFA),RP-Lead,2010-03-15,,Shunsheng Fu
6830,96,Site Cleanup Completed (NFA),RP-Lead,2010-03-29,,Shunsheng Fu
6832,2200,LUST Cleanup Initiated,RP-Lead,2010-04-05,Three USTs removed and GW remediated  by E2.,Shaobin Li
6833,2104,LUST Cleanup Initiated,RP-Lead,2010-04-05,,Josh Nagashima
6834,2104,Site Assessment Ongoing,RP-Lead,2010-04-06,,Josh Nagashima
6835,2146,LUST Cleanup Initiated,RP-Lead,2010-04-05,,Josh Nagashima
6837,2147,LUST Cleanup Initiated,RP-Lead,2010-02-10,,Josh Nagashima
6838,2147,Site Cleanup Completed (NFA),RP-Lead,2010-02-11,,Josh Nagashima
6839,111,Site Assessment Ongoing,RP-Lead,2010-04-06,,Josh Nagashima
6840,1963,Active Remediation,RP-Lead,2010-04-06,SVE System,Josh Nagashima
6841,1575,Site Assessment Ongoing,RP-Lead,2010-04-06,Unknown date,Josh Nagashima
6842,1672,Site Assessment Ongoing,RP-Lead,2010-04-06,Unknown date,Josh Nagashima
6843,2050,LUST Cleanup Initiated,RP-Lead,2010-04-05,Unknown date,Josh Nagashima
6844,2050,Site Assessment Ongoing,RP-Lead,2010-04-06,Unknown date,Josh Nagashima
6845,2133,LUST Cleanup Initiated,RP-Lead,2008-04-01,Unknown date,Josh Nagashima
6846,2168,LUST Cleanup Initiated,RP-Lead,2010-04-05,Unknown date,Josh Nagashima
6847,2168,Site Assessment Ongoing,RP-Lead,2010-04-06,,Josh Nagashima
6848,2165,Site Assessment Ongoing,RP-Lead,2010-03-24,mw installation worplan dated 2/24/2010,Shaobin Li
6849,2242,LUST Cleanup Initiated,RP-Lead,2010-04-07,soil stockpile characterization as clean fill dated 4/6/2010,Shaobin Li
6850,1283,Site Cleanup Completed (NFA),RP-Lead,2010-04-15,,Shaobin Li
6851,2251,Site Assessment Ongoing,RP-Lead,2010-04-21,,Josh Nagashima
6852,2133,Site Cleanup Completed (NFA),RP-Lead,2010-03-29,,Josh Nagashima
6853,800,Site Cleanup Completed (NFA),RP-Lead,2010-03-29,,Josh Nagashima
6854,1759,Site Cleanup Completed (NFA),RP-Lead,2010-03-18,,Josh Nagashima
6855,1651,LUST Cleanup Initiated,RP-Lead,1996-10-31,Closure report,Shunsheng Fu
6856,2252,Confirmed Release,RP-Lead,2010-05-03,contaiminated soil discovered during trenching - rk,Shaobin Li
6857,2253,Confirmed Release,RP-Lead,2010-04-28,release is from the 1500 gasoline ust - rk,Shunsheng Fu
6860,2246,LUST Cleanup Initiated,RP-Lead,2003-02-15,UST closure rpt rcvd,Richard Takaba
6861,2246,Site Assessment Ongoing,RP-Lead,2010-04-15,"Work plan for delineation rcvd, DOH letter sent",Richard Takaba
6862,1503,Site Cleanup Completed with EHMP,RP-Lead,2010-04-15,Contamination still in place at the site.,Josh Nagashima
6863,390,Site Cleanup Completed (NFA),RP-Lead,2010-03-29,DOH letter U0331DP,Darren Park
6864,770,Site Cleanup Completed (NFA),RP-Lead,2010-03-29,NFA letter U0331DP,Darren Park
6865,2205,LUST Cleanup Initiated,RP-Lead,2010-04-01,soil sampling and work plan,Richard Takaba
6866,1092,Site Assessment Ongoing,RP-Lead,2010-06-10,,Shaobin Li
6867,1212,Site Assessment Ongoing,RP-Lead,2010-06-10,,Shaobin Li
6868,399,LUST Cleanup Initiated,RP-Lead,1994-04-18,,Jeffrey Ung
6869,399,Site Cleanup Completed (NFA),RP-Lead,2004-02-05,,Jeffrey Ung
6872,875,LUST Cleanup Initiated,RP-Lead,1991-10-19,,To HEER
6873,875,Site Cleanup Completed (NFA),RP-Lead,1993-07-28,,To HEER
6874,448,Site Assessment Ongoing,RP-Lead,2010-06-16,consider using the  EHMP approach in addition to T2,Shaobin Li
6875,1441,Site Assessment Ongoing,RP-Lead,2010-06-10,consider using the  EHMP approach in addition to T2,Shaobin Li
6880,2146,Site Cleanup Completed (NFA),RP-Lead,2010-07-08,,Josh Nagashima
6881,2534,Active Remediation,RP-Lead,2010-03-25,"Quarterly Release Response Report, First Quarter 2010, for the subject facility, dated March 25, 2010, and prepared by Delta.",Shaobin Li
6882,2542,Active Remediation,RP-Lead,2010-03-25,"Quarterly Release Response Report, First Quarter 2010, for the subject facility, dated March 25, 2010, and prepared by Delta.",Shaobin Li
6883,2543,Active Remediation,RP-Lead,2010-03-25,"March 25, 2010 Release response report, free product recovery",Shaobin Li
6884,2254,Confirmed Release,RP-Lead,2010-06-29,,Josh Nagashima
6885,2255,Confirmed Release,RP-Lead,2010-01-19,DOH was notiffied of release when the appendix I was submitted to doh - rk,Shaobin Li
6886,2256,Confirmed Release,RP-Lead,2010-06-08,notify doh via closure rept - rk,Richard Takaba
6887,2256,LUST Cleanup Initiated,RP-Lead,2010-06-08,,Richard Takaba
6888,2217,Disconfirmed Release,RP-Lead,2009-07-22,"6000 gallon ust has been repaired.  No release into the environment
 - rk",Roxanne Kwan
6889,2015,Confirmed Release,RP-Lead,2006-01-11,,Josh Nagashima
6890,2015,LUST Cleanup Initiated,RP-Lead,2006-03-08,,Josh Nagashima
6891,592,Confirmed Release,RP-Lead,1992-01-10,,Josh Nagashima
6893,2151,Site Cleanup Completed (NFA),RP-Lead,2009-11-18,,Richard Takaba
6894,2201,LUST Cleanup Initiated,RP-Lead,2009-06-12,removal of UST and excavation activities,Shaobin Li
6895,1534,Active Remediation,RP-Lead,2009-06-12,removal of UST and excavation activities,Shaobin Li
6897,663,Site Assessment Completed (delineated),RP-Lead,2007-08-20,screening level env haz assessment rept  dated 8/10/2007,Shaobin Li
6898,2256,Site Cleanup Completed (NFA),RP-Lead,2010-08-02,,Richard Takaba
6899,2226,Disconfirmed Release,RP-Lead,2010-09-27,"7/16/2010 rec the report by NW Tank lining and review of the submitted information.  The report indicated that a pressure test was conducted prior and after the lining of the tank. The outer wall was tight.  As such, there is no release to the environment.  Release is marked disconfirmed - rk",Richard Takaba
6900,2258,Confirmed Release,RP-Lead,2010-08-18,release discovered when entered to conduct inspection for relining - rk  release is from the 92UST.  Tank removed in 2011 - rk,Shunsheng Fu
6901,1009,Site Cleanup Completed with EHMP,RP-Lead,2010-04-16,,Shunsheng Fu
6902,1816,Site Cleanup Completed (NFA),RP-Lead,2010-05-13,,Shunsheng Fu
6903,1743,Site Cleanup Completed with EHMP,RP-Lead,2010-04-16,,Shunsheng Fu
6904,2229,LUST Cleanup Initiated,RP-Lead,2009-10-01,,Josh Nagashima
6905,2229,Site Cleanup Completed (NFA),RP-Lead,2010-08-16,,Josh Nagashima
6906,2259,Confirmed Release,RP-Lead,2010-08-25,from used oil tank.,Shaobin Li
6907,2260,Confirmed Release,State-Lead with Trust Fund Money,2010-02-17,,Josh Nagashima
6908,1135,LUST Cleanup Initiated,State-Lead with Trust Fund Money,2010-01-01,,Josh Nagashima
6909,2262,Confirmed Release,RP-Lead,2002-06-27,from the 6000 gallon,To DERA
6910,2262,LUST Cleanup Initiated,RP-Lead,2002-06-27,,To DERA
6911,2262,Site Cleanup Completed (NFA),RP-Lead,2005-11-06,thru the IRP program,To DERA
6912,1884,Case Transferred to HEER (VRP),RP-Lead,2007-09-12,this is an approximate date.  There is no letter in the file - rk,To VRP
6913,2263,Confirmed Release,RP-Lead,2010-09-24,,Richard Takaba
6914,2219,LUST Cleanup Initiated,RP-Lead,2009-07-21,,Josh Nagashima
6915,2264,Confirmed Release,RP-Lead,2008-11-20,thru closure rept,Thu Perry
6916,2265,Confirmed Release,RP-Lead,2010-10-09,thru closure rept,Thu Perry
6917,1652,LUST Cleanup Initiated,RP-Lead,1995-11-15,8/31/2010 - this release is not dera funded site.  The UST program has oversight.  - rk,Josh Nagashima
6918,2266,Confirmed Release,RP-Lead,2010-10-15,thru closure rept,Thu Perry
6919,2267,Confirmed Release,RP-Lead,2010-05-19,thru closure rept,Thu Perry
6920,2268,Confirmed Release,RP-Lead,2010-06-22,thru closure rept,Thu Perry
6921,1092,Site Cleanup Completed with EHE/EHMP,RP-Lead,2010-09-28,,Shaobin Li
6922,1212,Site Cleanup Completed with EHE/EHMP,RP-Lead,2010-09-28,,Shaobin Li
6923,2046,Monitored Natural Attenuation,RP-Lead,2010-08-24,,Shaobin Li
6924,466,Monitored Natural Attenuation,RP-Lead,2010-08-24,,Shaobin Li
6925,2255,LUST Cleanup Initiated,RP-Lead,2010-07-22,received ust closure and rel response rept dated 3/2010,Shaobin Li
6926,2019,Monitored Natural Attenuation,RP-Lead,2010-08-16,,Shaobin Li
6927,2268,LUST Cleanup Initiated,RP-Lead,2010-07-12,,Thu Perry
6928,2241,LUST Cleanup Initiated,RP-Lead,2010-03-04,Rel Resp rpt Ned Murphy,Richard Takaba
6929,2264,LUST Cleanup Initiated,RP-Lead,2008-11-20,,Thu Perry
6930,2264,Site Cleanup Completed (NFA),RP-Lead,2010-10-13,U1021TP,Thu Perry
6931,2228,LUST Cleanup Initiated,RP-Lead,2009-11-06,closure rpt,Richard Takaba
6932,2228,Site Cleanup Completed (NFA),RP-Lead,2010-03-15,NFA U0312RT,Richard Takaba
6933,2179,LUST Cleanup Initiated,RP-Lead,2009-09-25,closure rpt,Richard Takaba
6934,2179,Site Cleanup Completed (NFA),RP-Lead,2010-02-11,NFA U0219RT,Richard Takaba
6935,2247,LUST Cleanup Initiated,RP-Lead,2010-01-16,cls rpt,Richard Takaba
6936,2247,Site Cleanup Completed (NFA),RP-Lead,2010-02-16,NFA  U0225RT,Richard Takaba
6937,2248,LUST Cleanup Initiated,RP-Lead,2010-02-08,,Josh Nagashima
6938,2248,Site Cleanup Completed (NFA),RP-Lead,2010-10-04,,Josh Nagashima
6939,2208,LUST Cleanup Initiated,RP-Lead,2009-04-10,closure rpt,Richard Takaba
6940,2208,Site Cleanup Completed (NFA),RP-Lead,2009-05-07,NFA U0508RT,Richard Takaba
6941,2245,LUST Cleanup Initiated,RP-Lead,2010-05-18, rel resp assessment dted 5/13/2010,Shaobin Li
6942,2245,Site Cleanup Completed (NFA),RP-Lead,2010-08-18,"DOH letter dated August 18, 2010(U0839SL).",Shaobin Li
6944,499,Site Cleanup Completed with EHMP,RP-Lead,1993-07-16,,Not Assigned
6945,496,Site Assessment Completed (delineated),RP-Lead,2010-06-28, ehe and ehmp dated 6/21/2010,Shaobin Li
6946,2269,Confirmed Release,RP-Lead,1970-01-01,do not have the exact date of confirmed release. From information received the ust was not use in 1970's - rk,To DERA
6947,2270,Confirmed Release,RP-Lead,2009-03-16,need to determine the date of confirmed release - rk,To DERA
6948,2271,Confirmed Release,RP-Lead,1991-01-01,thru report dated 9/8/2010.  - rk,To DERA
6949,448,Site Cleanup Completed with EHE/EHMP,RP-Lead,2010-10-12,,Shaobin Li
6950,1441,Site Cleanup Completed with EHE/EHMP,RP-Lead,2010-10-12,"DOH letter dated October 12, 2010 (U1018SL)",Shaobin Li
6955,2274,Confirmed Release,RP-Lead,1998-01-29,,Josh Nagashima
6956,2274,LUST Cleanup Initiated,RP-Lead,1999-02-23,1/15/98 Closure report by H.G. Enterprises-RSM,Josh Nagashima
6959,2254,LUST Cleanup Initiated,RP-Lead,2010-06-29,,Josh Nagashima
6960,2254,Site Cleanup Completed (NFA),RP-Lead,2010-12-07,,Josh Nagashima
6961,1219,Site Assessment Completed (delineated),RP-Lead,2010-10-19,,Shaobin Li
6962,1850,Site Assessment Completed (delineated),RP-Lead,2010-10-19,,Shaobin Li
6963,2259,Disconfirmed Release,RP-Lead,2010-12-16,Suspected that contamination could be from previous release (040045). thus reopened release 040045.  disconfirmed this release - rk,Shaobin Li
6964,2276,Confirmed Release,RP-Lead,2010-12-17,from the waste oil tank - release discovered during removal,Shunsheng Fu
6965,2277,Confirmed Release,RP-Lead,2010-10-22,premium tank - product was discovered in the interstitial space.  Did a system test and discovered the outter wall failed - rk,Josh Nagashima
6967,2240,LUST Cleanup Initiated,RP-Lead,2009-12-09,,Josh Nagashima
6968,2240,Site Cleanup Completed (NFA),RP-Lead,2010-12-20,,Josh Nagashima
6969,2267,LUST Cleanup Initiated,RP-Lead,2010-11-05,,Thu Perry
6970,2265,Disconfirmed Release,RP-Lead,2011-02-28,release was from the hoist.  The HEER office is following up on this - rk,Thu Perry
6971,2279,Confirmed Release,RP-Lead,2010-12-29,diesel tank,Shaobin Li
6972,1945,Site Cleanup Completed (NFA),RP-Lead,2010-12-20,NFA letter U1218RT,Richard Takaba
6973,2536,LUST Cleanup Initiated,RP-Lead,2001-02-06,,Shunsheng Fu
6974,376,Exposure Prevention Management Plan,,2007-11-17,,Shunsheng Fu
6975,2536,Monitored Natural Attenuation,RP-Lead,2004-07-26,,Shunsheng Fu
6977,1148,Active Remediation,RP-Lead,2010-03-15,vapor extraction pilot test,Shunsheng Fu
6978,1392,Monitored Natural Attenuation,RP-Lead,2008-02-21,,Shunsheng Fu
6979,2527,Monitored Natural Attenuation,RP-Lead,2002-11-19,,Shunsheng Fu
6980,655,Exposure Prevention Management Plan,RP-Lead,2002-01-11,,Shunsheng Fu
6981,1652,Site Cleanup Completed (NFA),RP-Lead,2011-01-06,,Josh Nagashima
6982,2123,Site Cleanup Completed (NFA),RP-Lead,2011-01-06,,Josh Nagashima
6983,2260,LUST Cleanup Initiated,State-Lead with Trust Fund Money,2010-08-17,,Josh Nagashima
6984,2116,Active Remediation,,2009-12-09,,Shunsheng Fu
6985,2239,LUST Cleanup Initiated,,2010-08-22,,Shunsheng Fu
6986,1725,Site Cleanup Completed with EHMP,RP-Lead,2010-12-21,,Shunsheng Fu
6988,1651,Site Cleanup Completed (NFA),RP-Lead,2010-11-12,,Shunsheng Fu
6989,2164,LUST Cleanup Initiated,RP-Lead,2009-10-30,,Shunsheng Fu
6990,2164,Monitored Natural Attenuation,RP-Lead,2010-03-08,,Shunsheng Fu
6991,2105,Site Cleanup Completed (NFA),RP-Lead,2010-10-04,,Shunsheng Fu
6992,421,Site Cleanup Completed (NFA),RP-Lead,2011-01-12,,Shunsheng Fu
6996,2528,Monitored Natural Attenuation,RP-Lead,2002-07-22,,Shunsheng Fu
6997,2280,Confirmed Release,RP-Lead,2011-01-26,release is fom the fuel dock area - rk,Josh Nagashima
6998,2281,Confirmed Release,RP-Lead,2011-01-25,release is from the boat yard - rk,Josh Nagashima
6999,1936,LUST Cleanup Initiated,RP-Lead,2005-01-27,,Shaobin Li
7000,1758,Site Cleanup Completed (NFA),RP-Lead,2011-01-26,,Josh Nagashima
7001,2282,Confirmed Release,RP-Lead,2010-05-11,via closure rept - rk,Thu Perry
7003,2268,Site Cleanup Completed (NFA),RP-Lead,2011-02-28,,Thu Perry
7004,2282,LUST Cleanup Initiated,RP-Lead,2010-05-11,,Thu Perry
7005,1402,Active Remediation,RP-Lead,2003-06-15,MPE,Richard Takaba
7006,776,LUST Cleanup Initiated,RP-Lead,2007-11-02,2002 report,Shaobin Li
7007,2266,LUST Cleanup Initiated,RP-Lead,2010-10-15,,Thu Perry
7008,2266,Site Cleanup Completed (NFA),RP-Lead,2011-02-28,U0239TP,Thu Perry
7009,2219,Site Assessment Ongoing,State-Lead with Trust Fund Money,2010-12-01,,Josh Nagashima
7010,2260,Site Assessment Ongoing,State-Lead with Trust Fund Money,2011-02-07,,Josh Nagashima
7011,2234,LUST Cleanup Initiated,RP-Lead,2010-09-02,,Shunsheng Fu
7012,2234,Site Cleanup Completed (NFA),RP-Lead,2011-02-08,,Shunsheng Fu
7013,2224,LUST Cleanup Initiated,,2010-09-23,,Shunsheng Fu
7014,2541,LUST Cleanup Initiated,RP-Lead,2008-07-14,,Shunsheng Fu
7015,853,Site Cleanup Completed (NFA),RP-Lead,2011-02-11,,Shunsheng Fu
7016,2149,LUST Cleanup Initiated,RP-Lead,2008-04-30,contamination found in  PHASE II Env assessment report,Shaobin Li
7017,2026,Site Cleanup Completed (NFA),RP-Lead,2011-02-11,,Shunsheng Fu
7018,1942,Site Cleanup Completed (NFA),RP-Lead,2011-02-14,,Shunsheng Fu
7019,1936,Site Cleanup Completed (NFA),RP-Lead,2011-02-08,,Shaobin Li
7020,2532,Monitored Natural Attenuation,RP-Lead,2009-08-31,EHE preparing,Shunsheng Fu
7021,1848,Active Remediation,RP-Lead,2006-05-01,over-excavation,Shunsheng Fu
7022,1979,Exposure Prevention Management Plan,RP-Lead,2008-09-01,,Shunsheng Fu
7023,2071,Exposure Prevention Management Plan,RP-Lead,2008-09-01,,Shunsheng Fu
7024,1036,Active Remediation,RP-Lead,2009-01-20,MPE pilot test,Shunsheng Fu
7025,2043,Active Remediation,RP-Lead,2009-01-20,MPE pilot test,Shunsheng Fu
7026,986,Site Assessment Completed (delineated),RP-Lead,2009-05-01,EHE submitted,Shunsheng Fu
7028,2107,LUST Cleanup Initiated,RP-Lead,2007-04-05,,Shunsheng Fu
7029,2107,Site Cleanup Completed (NFA),RP-Lead,2007-06-06,,Shunsheng Fu
7030,2541,Remedy Decision Pending (ongoing monitoring),RP-Lead,2011-02-08,,Shunsheng Fu
7032,2253,LUST Cleanup Initiated,RP-Lead,2010-07-14,,Shunsheng Fu
7033,2250,LUST Cleanup Initiated,RP-Lead,2010-09-01,,Shunsheng Fu
7034,2184,Site Cleanup Completed (NFA),RP-Lead,2011-02-16,,Shaobin Li
7035,2282,Site Cleanup Completed (NFA),RP-Lead,2011-02-16,U0220TP,Thu Perry
7036,228,Monitored Natural Attenuation,RP-Lead,2010-10-22,,Shaobin Li
7037,1835,Monitored Natural Attenuation,RP-Lead,2010-10-22,,Shaobin Li
7038,2050,Case Transferred to HEER (regulated),RP-Lead,2011-02-24,In area-wide contamination,Josh Nagashima
7039,2274,Site Cleanup Completed (NFA),State-Lead with Trust Fund Money,2011-02-14,,Josh Nagashima
7040,2285,Confirmed Release,RP-Lead,2011-01-18,,
7041,2286,Active Remediation,RP-Lead,2011-03-02,,Shunsheng Fu
7042,2285,LUST Cleanup Initiated,RP-Lead,2011-01-18,,Thu Perry
7043,2285,Site Cleanup Completed (NFA),RP-Lead,2011-03-14,U0319TP,Thu Perry
7045,2168,Site Cleanup Completed (NFA),RP-Lead,2011-01-18,,Josh Nagashima
7048,2288,Confirmed Release,RP-Lead,2010-06-03,discovered via closure report,Deena Kam
7049,2289,Confirmed Release,RP-Lead,2010-05-14,discovered via closure report,Deena Kam
7050,2289,LUST Cleanup Initiated,RP-Lead,2010-06-28,UST closure rpt 6/2/10,Deena Kam
7051,2288,LUST Cleanup Initiated,RP-Lead,2010-06-29,UST cls rpt 6/22/10,Deena Kam
7052,2153,Monitored Natural Attenuation,RP-Lead,2010-10-01,,Shaobin Li
7053,2290,Confirmed Release,RP-Lead,2002-08-15,,Thu Perry
7054,2290,LUST Cleanup Initiated,RP-Lead,2011-02-01,,Thu Perry
7055,2013,Confirmed Release,RP-Lead,1993-10-01,"RELEASE WAS FOUND IN TANK 8 AND 11 .   tank 7, 9 and 10 had results below tier 1.  Issued no further work letter for these tanks.  - RK",Deena Kam
7057,601,Confirmed Release,RP-Lead,1988-01-11,,Josh Nagashima
7058,2233,Site Assessment Ongoing,RP-Lead,2009-08-26,Phase II Report received from Ned Murphy,Josh Nagashima
7060,1839,Active Remediation,RP-Lead,2009-12-09,,Shunsheng Fu
7061,2293,Confirmed Release,RP-Lead,2011-04-07,4/7/2011 rec call that found contamination.  The USTs were removed in 1973.  Conducted site assessment of area and contamination was found - rk,Thu Perry
7062,2222,LUST Cleanup Initiated,RP-Lead,2009-08-17,,Josh Nagashima
7063,2222,Site Cleanup Completed (NFA),RP-Lead,2011-04-05,,Josh Nagashima
7064,1534,Site Cleanup Completed (NFA),RP-Lead,2011-04-19,,Shaobin Li
7065,2201,Site Cleanup Completed (NFA),RP-Lead,2011-04-19,"DOH nfa letter dated April 19,2011 (U0425SL).",Shaobin Li
7066,2233,Site Cleanup Completed with EHMP,RP-Lead,2011-04-19,Conditional,Josh Nagashima
7073,1937,Confirmed Release,RP-Lead,2004-06-25,via fax  - rk,Richard Takaba
7074,1937,Site Cleanup Completed (NFA),RP-Lead,2011-02-24,NFA letter U0233RT,Richard Takaba
7075,1274,Site Cleanup Completed (NFA),RP-Lead,2011-03-14,NFA letter U0312RT,Richard Takaba
7076,927,Site Cleanup Completed with EHMP,RP-Lead,2011-04-19,,Shunsheng Fu
7077,787,Site Assessment Completed (delineated),RP-Lead,2010-11-22,,Josh Nagashima
7078,2135,Monitored Natural Attenuation,RP-Lead,2011-03-29,,Shaobin Li
7080,2293,LUST Cleanup Initiated,RP-Lead,2011-04-12,4/14/11 Limited Phase II Environmental Investigation,Thu Perry
7081,2129,Monitored Natural Attenuation,RP-Lead,2011-04-08,"Quarterly Release Response Report, Fourth Quarter 2010",Shaobin Li
7082,152,2 Year pre-NFA monitoring,RP-Lead,2009-08-27,,To DERA
7083,152,LUST Cleanup Initiated,RP-Lead,1993-01-20,,To DERA
7084,152,Site Cleanup Completed (NFA),RP-Lead,2009-08-27,SEE 8/27/2009 HEER LETTER,To DERA
7085,1933,LUST Cleanup Initiated,RP-Lead,2004-05-06,ESTIMATED DATE,To DERA
7086,1933,Site Cleanup Completed (NFA),RP-Lead,2009-08-27,SEE HEER LETTER DATED 8/27/2009 - RK,To DERA
7087,601,LUST Cleanup Initiated,RP-Lead,2010-10-01,,Josh Nagashima
7088,601,Site Cleanup Completed (NFA),RP-Lead,2011-06-03,,Josh Nagashima
7089,2296,Confirmed Release,RP-Lead,2011-06-02,waste oil tank,Shaobin Li
7090,2122,Site Cleanup Completed with EHMP,RP-Lead,2009-06-02,HEER Office issued conditional NFA dated 6/2/2009- rk,Deena Kam
7091,1926,Site Cleanup Completed (NFA),RP-Lead,2008-07-23,by heer office,To DERA
7092,1997,Site Cleanup Completed (NFA),RP-Lead,2010-09-21,by the heer office,To DERA
7093,1281,LUST Cleanup Initiated,RP-Lead,1997-10-10,exact date unk - rk,To DERA
7094,1281,Site Cleanup Completed (NFA),RP-Lead,1998-12-30,by heer office,To DERA
7095,1768,Site Cleanup Completed (NFA),RP-Lead,2009-08-04,by heer office,To DERA
7097,512,Site Cleanup Completed (NFA),RP-Lead,2005-11-06,by heer office,To DERA
7098,1790,Site Cleanup Completed (NFA),RP-Lead,2005-11-06,by heer office,To DERA
7099,1798,Site Cleanup Completed (NFA),RP-Lead,2005-11-06,heer office,To DERA
7100,2270,LUST Cleanup Initiated,RP-Lead,2009-03-16,estimated date,To DERA
7101,2270,Site Cleanup Completed (NFA),RP-Lead,2011-03-21,heer office,To DERA
7102,1614,Site Cleanup Completed (NFA),RP-Lead,2010-09-20,heer office,To DERA
7103,113,LUST Cleanup Initiated,RP-Lead,1992-01-01,,To DERA
7104,113,Site Cleanup Completed (NFA),RP-Lead,2005-11-06,heer office,To DERA
7106,2293,Site Cleanup Completed (NFA),RP-Lead,2011-07-15,U0635TP,Thu Perry
7107,2297,LUST Cleanup Initiated,RP-Lead,2010-12-22,,Thu Perry
7108,2276,LUST Cleanup Initiated,RP-Lead,2011-04-20,,Shunsheng Fu
7109,1392,Site Cleanup Completed (NFA),RP-Lead,2011-05-31,,Shunsheng Fu
7110,2224,Monitored Natural Attenuation,,2011-06-06,,Shunsheng Fu
7111,2541,Monitored Natural Attenuation,,2020-07-21,Report received 7/21/2020 detailed SV sampling as requested. AH to review to determine how close to NFA -AH 9/4/2020,Shunsheng Fu
7112,1148,Monitored Natural Attenuation,,2011-06-06,,Shunsheng Fu
7113,2289,Site Cleanup Completed (NFA),RP-Lead,2011-06-08,NFA letter U0619DK,Deena Kam
7114,2288,Site Cleanup Completed (NFA),RP-Lead,2011-06-07,NFA letter U0614DK,Deena Kam
7115,1954,Site Cleanup Completed (NFA),RP-Lead,2011-06-14,Baseline Site Assesment. NFA letter U0630DK,Deena Kam
7118,2302,Confirmed Release,RP-Lead,2011-06-02,release from the 1000 gallon UST containing AVGAS - rk,Deena Kam
7119,2302,LUST Cleanup Initiated,RP-Lead,2011-06-23,,Deena Kam
7120,2165,Monitored Natural Attenuation,RP-Lead,2011-07-06,,Shaobin Li
7121,1963,Site Cleanup Completed with EHMP,RP-Lead,2011-07-08,,Josh Nagashima
7122,2279,LUST Cleanup Initiated,RP-Lead,2011-04-19,UST Closure report,Shaobin Li
7123,2533,LUST Cleanup Initiated,RP-Lead,2002-08-15,Site Investigation by AMEC dated Aug 2002,Richard Takaba
7124,1729,LUST Cleanup Initiated,RP-Lead,2011-01-19,Received Release response report MS,Richard Takaba
7125,2287,Confirmed Release,RP-Lead,2011-03-08,release discovery by a generator test - rk,Richard Takaba
7131,396,Case Transferred to HEER (DERA),RP-Lead,1996-06-27,6/27/96 UST Memo,To DERA
7132,2009,Site Cleanup Completed (NFA),RP-Lead,2006-04-26,,Shunsheng Fu
7133,2015,Site Assessment Ongoing,RP-Lead,2007-05-24,"DOH letter dated December 3, 2007(U1204SL)",Josh Nagashima
7134,2297,Confirmed Release,RP-Lead,2010-12-15,"release ID# 110018, Closure Report 12/2010",Thu Perry
7139,825,LUST Cleanup Initiated,RP-Lead,1992-11-24,this is an approximate date - rk,To DERA
7140,825,Site Cleanup Completed (NFA),RP-Lead,2011-06-27,by the heer office - see letter from the Navy dated 7/22/2011,To DERA
7141,2304,Confirmed Release,RP-Lead,2011-07-20,via crn - rk,Thu Perry
7142,2304,LUST Cleanup Initiated,RP-Lead,2011-07-20,excavated pet contaiminated soil - rk,Thu Perry
7143,2251,LUST Cleanup Initiated,RP-Lead,2010-04-21,,Josh Nagashima
7144,2251,Site Cleanup Completed with EHMP,RP-Lead,2011-07-20,U0723JN,Josh Nagashima
7145,2301,Confirmed Release,RP-Lead,2011-06-24,conducting site assessment for property transaction - rk,Deena Kam
7146,2540,Remedy Decision Pending (ongoing monitoring),RP-Lead,2011-06-27,,Shaobin Li
7147,2013,LUST Cleanup Initiated,RP-Lead,1993-10-13,,Deena Kam
7148,2013,Site Cleanup Completed (NFA),RP-Lead,2011-08-03,NFA Letter U0735DK,Deena Kam
7150,1011,Site Assessment Completed (delineated),RP-Lead,2009-09-23,"dated May 12, 2009 and prepared by AMEC and MNA.",Shaobin Li
7151,2149,Site Assessment Completed (delineated),RP-Lead,2011-08-12,,Shaobin Li
7152,784,Site Cleanup Completed (NFA),RP-Lead,2011-06-01,see heer letter of completion  letter dated 6/1/2011 - rk,To VRP
7153,303,Site Assessment Ongoing,RP-Lead,2011-04-06,,Shaobin Li
7155,2138,LUST Cleanup Initiated,RP-Lead,2009-08-24,Closure rpt dated 8/24/09. Transferred to TP 7/1/11,Thu Perry
7156,396,LUST Cleanup Initiated,RP-Lead,1991-11-05,,To DERA
7157,396,Site Cleanup Completed (NFA),RP-Lead,2011-06-27,see heer letter dated 6/27/2011 - rk,To DERA
7158,1891,LUST Cleanup Initiated,RP-Lead,1993-11-18,estimated date - rk,To DERA
7159,1891,Site Cleanup Completed (NFA),RP-Lead,2011-06-27,see Heer letter dated 6/27/2011 - rk,To DERA
7160,65,LUST Cleanup Initiated,RP-Lead,1995-04-11,estimated date - rk,To DERA
7161,65,Site Cleanup Completed (NFA),RP-Lead,2011-06-27,see Heer letter dated 6/27/2011  -rk,To DERA
7162,2296,LUST Cleanup Initiated,RP-Lead,2011-06-30, ust closure and assessment report dated 6/30/2011,Shaobin Li
7163,2305,Confirmed Release,RP-Lead,2011-04-14,,Richard Takaba
7164,2027,LUST Cleanup Initiated,RP-Lead,2006-07-14,Closure report dated 7/14/06,Deena Kam
7165,2242,Site Cleanup Completed (NFA),,2011-09-12,NFA letter U0911DK,Deena Kam
7166,2260,Site Assessment Completed (delineated),State-Lead with Trust Fund Money,2011-08-08,Delineation was not fully completed for lead but lead found to decrease and EHE/EHMP to be completed.,Josh Nagashima
7167,2027,Site Cleanup Completed (NFA),RP-Lead,2011-09-23,NFA letter U0926DK,Deena Kam
7168,459,Site Assessment Completed (delineated),RP-Lead,2011-03-22,,Shaobin Li
7169,459,Site Cleanup Completed with EHE/EHMP,RP-Lead,2011-09-22,,Shaobin Li
7170,2252,LUST Cleanup Initiated,RP-Lead,2011-08-20,8/22/2011 rec initial rel response activities report,Shaobin Li
7171,349,Site Cleanup Completed with EHMP,RP-Lead,2009-06-02,see HEER letter dated 6/2/2009,To DERA
7172,2305,LUST Cleanup Initiated,RP-Lead,2011-07-15,"Closure Report dated June 30, 2011",Richard Takaba
7173,2305,Site Cleanup Completed (NFA),RP-Lead,2011-09-12,NFA letter U0912RT,Richard Takaba
7174,2286,Confirmed Release,RP-Lead,2011-03-02,,Shunsheng Fu
7175,2286,LUST Cleanup Initiated,RP-Lead,2011-03-02,,Shunsheng Fu
7176,2223,LUST Cleanup Initiated,RP-Lead,2010-12-01,,Shunsheng Fu
7177,2223,Site Cleanup Completed with EHMP,RP-Lead,2011-07-08,,Shunsheng Fu
7178,1838,Site Assessment Completed (delineated),RP-Lead,2011-08-12,,Josh Nagashima
7179,1837,Site Assessment Completed (delineated),RP-Lead,2011-08-12,,Josh Nagashima
7180,2286,Site Cleanup Completed (NFA),RP-Lead,2011-11-07,,Shunsheng Fu
7181,376,Site Cleanup Completed with EHMP,RP-Lead,2011-11-04,,Shunsheng Fu
7183,2281,LUST Cleanup Initiated,RP-Lead,2011-01-25,,Josh Nagashima
7184,2281,Case Transferred to HEER (unregulated),RP-Lead,2011-11-03,,Josh Nagashima
7185,2280,LUST Cleanup Initiated,RP-Lead,2011-01-26,,Josh Nagashima
7186,2280,Case Transferred to HEER (unregulated),RP-Lead,2011-11-03,,Josh Nagashima
7187,1838,Site Cleanup Completed (NFA),RP-Lead,2011-11-02,,Josh Nagashima
7188,1837,Site Cleanup Completed (NFA),RP-Lead,2011-11-02,,Josh Nagashima
7190,2531,Monitored Natural Attenuation,RP-Lead,2011-11-11,and comprehensive Tier III Risk Assessment done 2008,Richard Takaba
7191,2533,Monitored Natural Attenuation,RP-Lead,2011-11-11,comprehensive Tier III Risk Assessment done in 2008,Richard Takaba
7192,1831,Monitored Natural Attenuation,RP-Lead,2011-11-11,comprehensive Tier III Risk Assessment completed 2008,Richard Takaba
7194,1993,LUST Cleanup Initiated,RP-Lead,2005-12-15,12/16/05 Report by OceanIT.  DK,Deena Kam
7195,496,Site Cleanup Completed with EHE/EHMP,RP-Lead,2011-08-18,,Shaobin Li
7196,2279,Site Cleanup Completed (NFA),RP-Lead,2011-08-18,,Shaobin Li
7198,2296,Site Cleanup Completed (NFA),RP-Lead,2011-08-18,DOH nfa letter dated 8/18/2011-Sli,Shaobin Li
7200,2149,Site Cleanup Completed (NFA),RP-Lead,2011-08-12,,Shaobin Li
7201,2112,Site Cleanup Completed with EHMP,RP-Lead,2011-09-13,,Shaobin Li
7202,2113,Site Cleanup Completed with EHMP,RP-Lead,2011-09-13,,Shaobin Li
7205,2246,Site Cleanup Completed with EHMP,RP-Lead,2011-08-10,NFA letter U0801RT,Richard Takaba
7208,2137,LUST Cleanup Initiated,RP-Lead,2008-04-21,,Shaobin Li
7209,2137,Site Cleanup Completed (NFA),RP-Lead,2011-12-07,,Shaobin Li
7210,2538,Monitored Natural Attenuation,RP-Lead,2011-11-07,,Shaobin Li
7211,310,Site Assessment Ongoing,RP-Lead,2002-12-17,Phase II/Groundwater Monitoring report,Thu Perry
7212,1993,Site Cleanup Completed with EHE,RP-Lead,2011-12-30,NFA Letter U1222DK.,Deena Kam
7213,1219,2 Year pre-NFA monitoring,RP-Lead,2011-12-27,,Shaobin Li
7214,1850,2 Year pre-NFA monitoring,RP-Lead,2011-12-27,,Shaobin Li
7216,2260,Site Cleanup Completed (NFA),State-Lead with Trust Fund Money,2011-12-13,,Josh Nagashima
7218,1599,Site Cleanup Completed (NFA),RP-Lead,2011-12-27,,Josh Nagashima
7220,2307,Suspected release,RP-Lead,2011-11-28,called DOH on 12/29/2011 - rk,roy Ilaga
7221,2308,Confirmed Release,RP-Lead,2012-01-07,"1/9/2012 rec email from Norm Stewart, while replacing under dispenser sumps noticed smell of petreoleum.  Contacted URS.  URS took samples and found evidence of slight contamination under the sumps - rk",Deena Kam
7222,2220,LUST Cleanup Initiated,State-Lead with Trust Fund Money,2012-01-17,UST Removal,Josh Nagashima
7225,554,Site Cleanup Completed (NFA),RP-Lead,2002-04-26,"NFA'd 4/26/2002, UO4044JAR",Jose Ruiz
7226,2010,LUST Cleanup Initiated,RP-Lead,2002-10-01,,Shunsheng Fu
7227,1833,Site Cleanup Completed (NFA),RP-Lead,2002-10-11,"NFA's site based on Closure report dated 09/02, U10031JAR, dtd 10/11/02",Jose Ruiz
7232,1308,Site Cleanup Completed (NFA),RP-Lead,1999-01-28,1/28/99 NFA letter U01108DH letter,David Hodges
7233,2219,Site Cleanup Completed with EHMP,State-Lead with Trust Fund Money,2012-02-13,,Josh Nagashima
7235,2311,Suspected release,RP-Lead,2012-02-29,discoved from annual certification - rk,George Tabil
7236,2312,Confirmed Release,RP-Lead,2007-06-04,via phase ii site assessment rept dated 6/25/2007- rk,Richard Takaba
7237,2301,LUST Cleanup Initiated,RP-Lead,2011-06-24,,Deena Kam
7238,2301,Site Cleanup Completed (NFA),RP-Lead,2012-03-14,NFA for Baseline Site Assessment U0315DK,Deena Kam
7239,2313,Confirmed Release,RP-Lead,2005-04-20,via closure report dated 8/3/2005.,Josh Nagashima
7240,2220,Site Assessment Completed (delineated),State-Lead with Trust Fund Money,2012-01-31,,Josh Nagashima
7241,2220,Site Cleanup Completed (NFA),State-Lead with Trust Fund Money,2012-03-19,,Josh Nagashima
7242,2313,LUST Cleanup Initiated,RP-Lead,2005-04-20,,Josh Nagashima
7243,2313,Site Cleanup Completed (NFA),RP-Lead,2012-03-27,,Josh Nagashima
7244,2312,LUST Cleanup Initiated,RP-Lead,2007-06-04,,Richard Takaba
7245,2312,Site Cleanup Completed (NFA),RP-Lead,2012-03-20,,Richard Takaba
7246,1077,Active Remediation,RP-Lead,2012-02-15,,Josh Nagashima
7247,2302,Case Transferred to HEER (unregulated),RP-Lead,2012-03-28,Tanks transferred to HEER office based on additional information submitted by consultant.,Deena Kam
7248,2281,Site Cleanup Completed (NFA),RP-Lead,2012-03-21,Unrestricted NFA by HEER Office (Calen Miyahara),Josh Nagashima
7249,2315,Suspected release,RP-Lead,2012-03-27,determining if the release is from the tank or piping - rk,Roxanne Kwan
7261,2316,Confirmed Release,RP-Lead,2012-04-16,release may be from the 87master tank - rk,Josh Nagashima
7262,2237,LUST Cleanup Initiated,RP-Lead,2006-06-16,via Release Response Report,Thu Perry
7263,2318,Confirmed Release,RP-Lead,2012-04-27,call from marisa Toma of URS on 4/24/2012,Thu Perry
7264,2241,Site Assessment Ongoing,RP-Lead,2012-03-07,U0311TP requesting MW installation,Thu Perry
7265,2297,Site Cleanup Completed (NFA),RP-Lead,2012-03-14,U0321TP,Thu Perry
7266,2287,Disconfirmed Release,RP-Lead,2012-03-15,U0322TP,Thu Perry
7267,2287,Site Assessment Ongoing,RP-Lead,2012-02-08,U0206TP,Thu Perry
7268,2225,Site Cleanup Completed with EHMP,RP-Lead,2012-03-21,U0320TP,Thu Perry
7269,714,Site Cleanup Completed with EHMP,RP-Lead,2012-03-21,U0320TP,Thu Perry
7270,2297,Site Assessment Ongoing,RP-Lead,2011-07-08,U0702TP,Thu Perry
7271,2537,Monitored Natural Attenuation,RP-Lead,2010-01-26,dec gw report dated 1/26/2010,Deena Kam
7272,310,Remedy Decision Pending (ongoing monitoring),,2012-05-21,U0509TP requesting 2 GW monitoring or EHE,Thu Perry
7273,670,Remedy Decision Pending (ongoing monitoring),RP-Lead,2012-05-21,U0508TP requesting 2 GW monitoring or EHE,Thu Perry
7274,1404,Site Assessment Completed (delineated),RP-Lead,2012-05-23,,Thu Perry
7275,2163,LUST Cleanup Initiated,RP-Lead,2008-11-14,,Deena Kam
7278,589,Confirmed Release,RP-Lead,2011-02-24,2/24/2011 petroleum discovered during repair of sumop.  It is believed that release is from this release incidence - rk,Shaobin Li
7279,2277,LUST Cleanup Initiated,RP-Lead,2010-10-22,Waiting on UST closure for further assessment,Josh Nagashima
7280,2316,LUST Cleanup Initiated,RP-Lead,2012-04-16,Waiting on UST closure for further assessment,Josh Nagashima
7281,776,Site Assessment Ongoing,RP-Lead,2008-03-01,,Josh Nagashima
7282,1167,Site Assessment Ongoing,RP-Lead,2012-03-14,,Josh Nagashima
7283,2304,Site Cleanup Completed (NFA),RP-Lead,2012-06-25,,Thu Perry
7284,1848,Site Cleanup Completed with EHMP,RP-Lead,2012-03-27,,Shunsheng Fu
7285,1854,Site Cleanup Completed with EHMP,RP-Lead,2012-03-27,,Shunsheng Fu
7286,2319,Confirmed Release,RP-Lead,2012-06-29,release is from the abandoned  piping.  The relase was discovered during upgrading the under dispenser containment - rk,Thu Perry
7287,823,Site Assessment Ongoing,RP-Lead,2011-10-07,,Josh Nagashima
7288,1421,Active Remediation,RP-Lead,2011-01-11,,Shunsheng Fu
7289,2320,Confirmed Release,RP-Lead,2012-07-11,release is from an abandoned piping connected to the UST.  the breach is to due construction activity.   The pipiing will be removed - rk,Richard Takaba
7290,2321,Confirmed Release,RP-Lead,2012-07-16,7/17/2012 received call that 2 unknown USTs were discovered.  One UST was remvoed and the other UST was damaged at fill port and oil spilled.  - rk  4/18/2013 rec ust closure and rel resp rept dated 1/2013. per the closure rept uST#2 was punctured and about 20 gallons diesel base heating oil was released . - rk,Shunsheng Fu
7291,2315,Disconfirmed Release,RP-Lead,2012-06-24,no release.,Roxanne Kwan
7292,2311,Disconfirmed Release,RP-Lead,2012-05-24,,George Tabil
7294,2542,Monitored Natural Attenuation,RP-Lead,2012-07-31,,Shaobin Li
7295,2543,Monitored Natural Attenuation,RP-Lead,2012-07-31,,Shaobin Li
7296,2534,Monitored Natural Attenuation,RP-Lead,2012-07-31,,Shaobin Li
7297,2540,Monitored Natural Attenuation,RP-Lead,2012-07-31,,Shaobin Li
7298,2322,Confirmed Release,RP-Lead,2012-08-20,"while replacing single wall piping to double wall piping noted petroleum odor.  In addition ,also smelled petroleum around the sump area.  It is suspected that product was spill whie removiing the piping- rk",Josh Nagashima
7299,2153,LUST Cleanup Initiated,RP-Lead,2008-04-30,,Shaobin Li
7300,2323,Confirmed Release,RP-Lead,2012-04-24,tank 111-2   8/23/2012 Lisa Baxter of HIES called regarding the disposal of contaimated soil.  It was discovered that this UST was removed. - rk,Richard Takaba
7301,1404,Site Cleanup Completed (NFA),RP-Lead,2012-07-30,,Thu Perry
7302,2237,Site Cleanup Completed (NFA),RP-Lead,2012-07-30,,Thu Perry
7303,1884,Site Cleanup Completed (NFA),RP-Lead,2007-12-11,see letter from HEER office datd 12/11/2007 - rk,To VRP
7304,2276,Site Cleanup Completed with EHE,RP-Lead,2012-07-24,,Shunsheng Fu
7305,2153,Confirmed Release,RP-Lead,2008-04-30,via crn - rk,Shaobin Li
7308,2153,Site Cleanup Completed (NFA),RP-Lead,2011-07-08,,Shaobin Li
7309,589,Active Remediation,RP-Lead,2011-11-01,Free product recovery,Shaobin Li
7310,1894,Site Cleanup Completed with EHMP,RP-Lead,2012-08-30,NFA letter U0821RT,Richard Takaba
7311,2164,Site Cleanup Completed with EHE,RP-Lead,2012-10-23,,Shunsheng Fu
7312,2104,Site Cleanup Completed (NFA),RP-Lead,2012-10-24,,Josh Nagashima
7318,303,Remedy Decision Pending (ongoing monitoring),RP-Lead,2012-08-13,,Shaobin Li
7319,2165,Remedy Decision Pending (ongoing monitoring),RP-Lead,2012-11-20,,Shaobin Li
7320,2019,Site Assessment Ongoing,RP-Lead,2012-07-30,,Shaobin Li
7321,2129,LUST Cleanup Initiated,RP-Lead,2008-04-01,,Shaobin Li
7322,2129,Site Cleanup Completed (NFA),RP-Lead,2012-11-30,,Shaobin Li
7323,1219,Site Cleanup Completed (NFA),RP-Lead,2012-11-30,,Shaobin Li
7324,1850,Site Cleanup Completed (NFA),RP-Lead,2012-11-30,,Shaobin Li
7327,589,Remedy Decision Pending (ongoing monitoring),RP-Lead,2012-11-20,,Shaobin Li
7331,442,Site Cleanup Completed (NFA),RP-Lead,1994-08-04,"11/21/2012 -  This site was nfa on 8/4/1994.  It is reopen because contamination was found under  the UST.  Thu Perry is the project officer. - rk  12/7/2012 -After investagtion, it was determine that the the HEER will follow up with the remediation.  Becasue there is also areawide contamination and tank closure results did not indicate that there was a release. - rk",Raymond Seid
7332,2324,Confirmed Release,RP-Lead,2012-12-13,,Shaobin Li
7333,2308,LUST Cleanup Initiated,RP-Lead,2012-01-07,,Josh Nagashima
7334,2308,Site Cleanup Completed (NFA),RP-Lead,2012-12-11,,Josh Nagashima
7335,1077,Site Cleanup Completed with EHMP,RP-Lead,2012-12-21,,Josh Nagashima
7336,1167,Site Cleanup Completed (NFA),RP-Lead,2013-01-16,,Josh Nagashima
7337,2015,Site Cleanup Completed (NFA),RP-Lead,2013-01-10,,Josh Nagashima
7338,2325,Confirmed Release,RP-Lead,2013-02-21,0.81 inches of water was found in the tank. - rk,Josh Nagashima
7340,2326,Confirmed Release,RP-Lead,2010-01-25,,Shunsheng Fu
7341,2326,LUST Cleanup Initiated,RP-Lead,2010-07-14,,Shunsheng Fu
7342,2326,Case Transferred to HEER (regulated),RP-Lead,2012-07-14,,Shunsheng Fu
7343,2117,Case Transferred to HEER (DERA),RP-Lead,2007-11-05,,To DERA
7344,2118,Case Transferred to HEER (DERA),RP-Lead,2007-11-05,,To DERA
7345,2271,Case Transferred to HEER (DERA),RP-Lead,1991-01-01,,To DERA
7346,2269,Case Transferred to HEER (DERA),RP-Lead,2010-02-24,,To DERA
7347,310,Site Cleanup Completed (NFA),RP-Lead,2012-12-06,,Thu Perry
7348,1893,Confirmed Release,RP-Lead,2013-01-09,"per letter dated 4/26/2013, contamination was reported on 1/9/2013 - rk",Richard Takaba
7350,2327,Confirmed Release,RP-Lead,2013-05-21,leaded gas,Shunsheng Fu
7351,2322,LUST Cleanup Initiated,RP-Lead,2012-08-20,,Josh Nagashima
7352,2322,Site Cleanup Completed (NFA),RP-Lead,2013-03-27,U0323JN,Josh Nagashima
7355,2544,Monitored Natural Attenuation,RP-Lead,2013-03-27,"Consultant installed monitoring wells onsite, 2nd week of July 2003, awaiting on report.",Josh Nagashima
7356,2329,Confirmed Release,RP-Lead,2013-06-28,release frrom the piping upgrade - rk  product unleaded gas and diesel - rk,Richard Takaba
7357,2330,Confirmed Release,RP-Lead,2013-06-24,Helium test failure in piping,
7359,1575,Case Transferred to HEER (regulated),RP-Lead,2013-06-24,Accepted into NAVFAC Environmental Restoration Program,Josh Nagashima
7360,1672,Case Transferred to HEER (regulated),RP-Lead,2013-06-24,Accepted into NAVFAC Environmental Restoration Program,Josh Nagashima
7361,592,Site Cleanup Completed with EHMP,RP-Lead,2013-06-21,,Josh Nagashima
7363,2332,Confirmed Release,RP-Lead,2013-07-25,release from piping of  tank 81 (87 product) - rk,Shaobin Li
7365,2334,Confirmed Release,RP-Lead,2013-05-20,,Richard Takaba
7366,2334,Disconfirmed Release,RP-Lead,2013-06-18,it is determine that the high lead levels is from another source .  See closure rept - rk,Richard Takaba
7367,2335,Confirmed Release,RP-Lead,2013-08-01,release is discovered under the dispenser - rk,Josh Nagashima
7368,2331,Confirmed Release,RP-Lead,2013-07-15,,Shunsheng Fu
7369,2330,LUST Cleanup Initiated,RP-Lead,2013-06-24,,Josh Nagashima
7370,2540,Remedy Decision Pending (ongoing monitoring),RP-Lead,2013-08-08,,Shaobin Li
7371,2542,Remedy Decision Pending (ongoing monitoring),RP-Lead,2013-08-08,,Shaobin Li
7373,2543,Remedy Decision Pending (ongoing monitoring),RP-Lead,2013-08-08,,Shaobin Li
7374,2534,Remedy Decision Pending (ongoing monitoring),RP-Lead,2013-08-08,,Shaobin Li
7376,2337,Suspected release,RP-Lead,2013-08-29,alarm in Li fuel alarm tank 87.  Possible leak in the primary wall.  9/10/2013 containmentt solutions will be on site to inspect UST - rk,roy Ilaga
7377,2338,Confirmed Release,RP-Lead,2013-09-23,diesel tank,Josh Nagashima
7379,144,Site Assessment Completed (delineated),RP-Lead,2013-08-15,,Richard Takaba
7380,1127,Site Cleanup Completed with EHE,RP-Lead,2013-07-26,NFA letter for EHE/EHMP U0715RT,Richard Takaba
7381,1922,Site Cleanup Completed with EHE,RP-Lead,2013-07-26,NFA letter for EHE/EHMP U0715RT,Richard Takaba
7382,2185,Site Cleanup Completed with EHE,RP-Lead,2013-07-26,NFA letter for EHE/EHMP U0715RT,Richard Takaba
7383,2337,Disconfirmed Release,RP-Lead,2013-10-17,"10/17/2013  - after repair and  reline the tank, did an integrity test and it held for an hour. - rk",roy Ilaga
7384,2339,Suspected release,RP-Lead,2013-10-16,,Richard Takaba
7385,2340,Suspected release,RP-Lead,2013-08-06,,Roxanne Kwan
7386,787,Site Cleanup Completed with EHMP,RP-Lead,2013-09-11,,Josh Nagashima
7387,17,Site Cleanup Completed (NFA),RP-Lead,2013-09-13,,Josh Nagashima
7388,328,Site Cleanup Completed (NFA),RP-Lead,2013-09-13,,Josh Nagashima
7389,111,Site Cleanup Completed (NFA),RP-Lead,2013-09-13,,Josh Nagashima
7390,2332,LUST Cleanup Initiated,RP-Lead,2013-10-24, initial rel resp rept dated 10/23/2013,Shaobin Li
7391,2005,Site Cleanup Completed (NFA),RP-Lead,2013-10-21,,Shaobin Li
7392,2318,LUST Cleanup Initiated,RP-Lead,2012-09-07,rec rel resp rept dated 9/7/2012,Shaobin Li
7393,2341,Confirmed Release,RP-Lead,2013-10-25,release from the turbine of tank 82 - rk,Shaobin Li
7394,2327,LUST Cleanup Initiated,RP-Lead,2013-06-21,,Shunsheng Fu
7395,2327,Site Cleanup Completed (NFA),RP-Lead,2013-09-16,,Shunsheng Fu
7396,873,LUST Cleanup Initiated,RP-Lead,2013-05-13,,Shunsheng Fu
7397,873,Site Cleanup Completed (NFA),RP-Lead,2013-10-10,,Shunsheng Fu
7398,2258,LUST Cleanup Initiated,RP-Lead,2012-12-04,,Shunsheng Fu
7399,2342,Suspected release,RP-Lead,2013-11-15,gummy product found in both tanks.  Investigating the cause - rk,Roxanne Kwan
7400,2324,LUST Cleanup Initiated,RP-Lead,2012-12-17,9/2013 final record of closure report,Shaobin Li
7401,2343,Confirmed Release,RP-Lead,2013-11-12,from piping,Shunsheng Fu
7402,2323,LUST Cleanup Initiated,RP-Lead,2012-04-24,,Richard Takaba
7404,2346,Confirmed Release,RP-Lead,2013-11-17,,Richard Takaba
7405,2347,Confirmed Release,RP-Lead,2013-12-11,piping from premium tank - rk,Josh Nagashima
7406,2348,Confirmed Release,RP-Lead,2013-12-17,ust discovered during constuction of a footing - rk,Shaobin Li
7407,2349,Confirmed Release,RP-Lead,2013-12-02,12/23/0013 rec closure rept dated 12/16/2013.   Release #140007 has been assigned. -DETERMINING WHO THE RP will be. - rk,Shunsheng Fu
7408,2339,Confirmed Release,RP-Lead,2013-12-17,,Richard Takaba
7409,2350,Confirmed Release,RP-Lead,2014-01-08,,Josh Nagashima
7410,2351,Confirmed Release,RP-Lead,2014-01-13,tank #5,Richard Takaba
7411,2352,Confirmed Release,RP-Lead,2014-01-13,about 5 gallon was release from the pipeline - rk,Shunsheng Fu
7412,2353,Confirmed Release,RP-Lead,2014-01-15,unleaded gas,Shaobin Li
7413,2113,Site Cleanup Completed with EHE/EHMP,RP-Lead,2014-01-28,,Shaobin Li
7414,2354,Confirmed Release,RP-Lead,2014-01-16,1/16/2014 this 500 gall ust is another tank discovered during utility trenching. - rk,Shunsheng Fu
7415,2112,Site Cleanup Completed with EHE/EHMP,RP-Lead,2014-01-28,,Shaobin Li
7416,2355,Confirmed Release,RP-Lead,2014-02-17,,Shaobin Li
7417,2269,LUST Cleanup Initiated,RP-Lead,2012-09-26,do not have a date for the cleanup initiated - rk,To DERA
7418,2269,Site Cleanup Completed (NFA),RP-Lead,2012-09-26,note excerpt of rept state ust was closed in place - rk,To DERA
7420,2356,Confirmed Release,RP-Lead,2014-01-15,,Josh Nagashima
7421,2357,Confirmed Release,RP-Lead,2013-12-04,,Shunsheng Fu
7422,2358,Confirmed Release,RP-Lead,2014-03-07,found during tank replacement,Josh Nagashima
7423,1832,Site Cleanup Completed with EHE/EHMP,RP-Lead,2014-03-27,,Josh Nagashima
7424,2167,Site Cleanup Completed with EHE/EHMP,RP-Lead,2014-03-27,,Josh Nagashima
7425,2338,LUST Cleanup Initiated,RP-Lead,2013-09-23,,Josh Nagashima
7426,2331,LUST Cleanup Initiated,RP-Lead,2013-07-29,,Shunsheng Fu
7428,2250,Site Cleanup Completed (NFA),RP-Lead,2013-12-13,,Shunsheng Fu
7429,2321,LUST Cleanup Initiated,RP-Lead,2013-01-01,,Shunsheng Fu
7430,2357,LUST Cleanup Initiated,RP-Lead,2014-02-07,,Shunsheng Fu
7431,2357,Site Cleanup Completed (NFA),RP-Lead,2014-03-24,,Shunsheng Fu
7433,2359,Confirmed Release,RP-Lead,2014-04-16,release is from the discovery of an vent line during the removal of the tanks - rk,Josh Nagashima
7434,2340,Disconfirmed Release,RP-Lead,2013-11-29,no release tank is tight,Roxanne Kwan
7435,2360,Suspected release,RP-Lead,2014-04-28,poss release from the reg UST.  - rk,Roxanne Kwan
7436,2350,LUST Cleanup Initiated,RP-Lead,2014-01-08,,Josh Nagashima
7441,1374,Confirmed Release,RP-Lead,2014-04-16,4/16/2014 contamination found in the former waste oil tank pit. Case is reopened - rk,Josh Nagashima
7442,2362,Suspected release,RP-Lead,2014-04-16,alarm on 87 ust.  Brine level decreas. Ust will be empty and will investitate. - rk,Roxanne Kwan
7443,2363,Suspected release,RP-Lead,2014-04-23,,Roxanne Kwan
7445,2535,Monitored Natural Attenuation,RP-Lead,2014-05-09,,Shaobin Li
7446,1984,Monitored Natural Attenuation,RP-Lead,2014-05-09,,Shaobin Li
7447,2249,LUST Cleanup Initiated,RP-Lead,2010-05-21, rel resp and forensic evaluatin rept dated 5/17/2010,Shaobin Li
7448,265,Site Assessment Completed (delineated),RP-Lead,2013-11-04,,Shaobin Li
7449,2290,Site Cleanup Completed (NFA),RP-Lead,2014-03-24,,Thu Perry
7450,589,Monitored Natural Attenuation,RP-Lead,2014-05-09,,Shaobin Li
7451,2019,Site Assessment Completed (delineated),RP-Lead,2014-02-25, ehe and ehmp dated 2/2014,Shaobin Li
7452,2363,Confirmed Release,RP-Lead,2014-05-09,,Shaobin Li
7453,2365,Confirmed Release,RP-Lead,2013-07-01,5/23/2014 tank was closed in placed on 10/1/1992.   rec closure rept for this closed in place tank.  Tank removed in 7/2013 as part of demolition activiteis for Walgreen. Impacted soil was observed beneath the USTs. Assigned release id no. 140021 - rk,Shunsheng Fu
7454,1005,Site Cleanup Completed with EHE/EHMP,RP-Lead,2014-06-13,,Shaobin Li
7455,2241,Site Cleanup Completed with EHE/EHMP,RP-Lead,2014-06-24,,Thu Perry
7456,2356,LUST Cleanup Initiated,RP-Lead,2014-01-15,,Josh Nagashima
7457,2367,Confirmed Release,RP-Lead,2014-07-09,from the aboveground portion of the piping,Josh Nagashima
7458,2348,LUST Cleanup Initiated,RP-Lead,2014-06-26, ust closure and rel resp rept dated 6/2014.,Shaobin Li
7459,2368,Confirmed Release,RP-Lead,2014-04-28,via closure rept,Shaobin Li
7460,2369,Confirmed Release,RP-Lead,2013-12-31,from review of closure rept - rk,Shunsheng Fu
7461,550,Case Transferred to HEER (regulated),State-Lead with State Money,2014-07-22,,Shunsheng Fu
7462,2258,Site Cleanup Completed (NFA),RP-Lead,2014-05-16,,Shunsheng Fu
7463,2370,Confirmed Release,RP-Lead,2014-08-21,excavator ran over and cracked the tan.,Shaobin Li
7464,2353,LUST Cleanup Initiated,RP-Lead,2014-06-17,closure rept and remedial excavation report dated 6/16/2014,Shaobin Li
7465,2368,LUST Cleanup Initiated,RP-Lead,2014-04-28,,Shaobin Li
7466,2368,Site Cleanup Completed (NFA),RP-Lead,2014-08-13,,Shaobin Li
7467,2252,Site Cleanup Completed with EHE/EHMP,RP-Lead,2014-03-21, ehmp revision 1 dated 3/2014,Shaobin Li
7468,2371,Confirmed Release,RP-Lead,2014-08-20,,Shunsheng Fu
7469,369,Case Transferred to HEER (unregulated),RP-Lead,1993-12-16,heating oil,To HEER
7470,2355,LUST Cleanup Initiated,RP-Lead,2014-05-29,,Shaobin Li
7471,2355,Site Cleanup Completed (NFA),RP-Lead,2014-09-10,,Shaobin Li
7472,2318,Site Assessment Completed (delineated),RP-Lead,2014-04-15,,Shaobin Li
7473,2356,Site Cleanup Completed (NFA),RP-Lead,2014-08-13,,Josh Nagashima
7474,2367,LUST Cleanup Initiated,RP-Lead,2014-07-09,,Josh Nagashima
7475,2338,Site Cleanup Completed (NFA),RP-Lead,2014-08-21,,Josh Nagashima
7476,776,Site Cleanup Completed with EHE/EHMP,RP-Lead,2014-08-21,,Josh Nagashima
7477,2341,Disconfirmed Release,RP-Lead,2014-07-11,release is from the previous release,Shaobin Li
7478,2209,Site Cleanup Completed (NFA),RP-Lead,2013-11-26,,Shaobin Li
7479,589,Site Cleanup Completed with EHE/EHMP,RP-Lead,2014-09-05,,Shaobin Li
7480,2331,Site Cleanup Completed (NFA),RP-Lead,2014-09-15,,Shunsheng Fu
7481,2343,LUST Cleanup Initiated,,2014-03-01,,Shunsheng Fu
7482,2343,Site Cleanup Completed (NFA),RP-Lead,2014-09-09,,Shunsheng Fu
7483,2365,LUST Cleanup Initiated,RP-Lead,2014-05-19,,Shunsheng Fu
7484,2365,Site Cleanup Completed (NFA),RP-Lead,2014-09-11,,Shunsheng Fu
7485,2352,LUST Cleanup Initiated,RP-Lead,2014-03-03,,Shunsheng Fu
7486,2352,Site Cleanup Completed (NFA),RP-Lead,2014-09-19,,Shunsheng Fu
7487,144,Site Cleanup Completed with EHE/EHMP,RP-Lead,2014-09-02,,Richard Takaba
7488,2332,Site Assessment Ongoing,RP-Lead,2014-09-08,,Shaobin Li
7489,2363,Site Assessment Ongoing,RP-Lead,2014-05-22,,Shaobin Li
7490,2370,LUST Cleanup Initiated,RP-Lead,2014-08-29,,Shaobin Li
7491,1835,Soil Vapor Sampling,RP-Lead,2014-03-10,"4.	Work Plan for soil vapor investigation, dated March 10, 2014 and prepared by URS.",Shaobin Li
7492,228,Soil Vapor Sampling,RP-Lead,2014-03-10,"4.	Work Plan for soil vapor investigation, dated March 10, 2014 and prepared by URS.",Shaobin Li
7494,1984,Active Remediation,RP-Lead,2014-10-01,,Shaobin Li
7495,2535,Active Remediation,RP-Lead,2014-10-01, ust clousre and rel resp rept dated 9/15/2014,Shaobin Li
7496,2324,Site Assessment Completed (delineated),RP-Lead,2014-02-05,,Shaobin Li
7497,2348,Site Assessment Completed (delineated),RP-Lead,2014-06-26,,Shaobin Li
7498,263,Active Remediation,RP-Lead,2014-09-26,,Shaobin Li
7499,2353,Site Assessment Completed (delineated),RP-Lead,2014-06-17,,Shaobin Li
7501,2374,Case Transferred to HEER (VRP),RP-Lead,2014-09-17,under the fast track program of heer office,To VRP
7502,2375,Confirmed Release,RP-Lead,2014-10-25,diesel release was reported to the HEER Office on 10/25/2014.  Rick Conner of Aloha Petroleum informed UST on 10/27/2014 - rk  this is around the piping area - rk,Josh Nagashima
7503,2372,Confirmed Release,RP-Lead,2014-10-21,release discovered during removal - rk,Shunsheng Fu
7504,2307,Confirmed Release,RP-Lead,2014-11-05,,Josh Nagashima
7505,2376,Confirmed Release,RP-Lead,2014-12-01,via crn -samples were taken during pipe removal - rk,Shaobin Li
7506,2377,Confirmed Release,RP-Lead,2014-08-01,product found in monitoring well during a Phase 2 assessment,Shunsheng Fu
7507,2378,Confirmed Release,RP-Lead,2014-12-09,via crn submitted,Shunsheng Fu
7508,2375,LUST Cleanup Initiated,RP-Lead,2014-10-25,,Josh Nagashima
7509,2358,LUST Cleanup Initiated,RP-Lead,2014-03-07,,Josh Nagashima
7510,2358,Site Cleanup Completed (NFA),RP-Lead,2014-10-07,,Josh Nagashima
7511,105,Site Cleanup Completed with EHE/EHMP,,2015-01-05,,Shunsheng Fu
7512,2019,Site Cleanup Completed with EHE/EHMP,RP-Lead,2015-01-06,EHE/EHMP dated 2/2014,Shaobin Li
7514,2379,Confirmed Release,RP-Lead,2015-01-20,via crn - rk,Shunsheng Fu
7515,2353,Site Cleanup Completed (NFA),RP-Lead,2015-01-30,,Shaobin Li
7516,265,Site Cleanup Completed with EHE/EHMP,RP-Lead,2015-01-30,,Shaobin Li
7517,2380,Confirmed Release,RP-Lead,2015-02-18,release is from the 550 gallon diesel Ust. This ust is exempt because it is used for heating purposes - rk,To Heer
7518,2380,Case Transferred to HEER (unregulated),RP-Lead,2015-02-18,,To Heer
7519,2307,LUST Cleanup Initiated,RP-Lead,2014-11-05,,Josh Nagashima
7520,264,Monitored Natural Attenuation,RP-Lead,1997-06-17,,Josh Nagashima
7522,518,Site Cleanup Completed with EHE/EHMP,,2014-07-23,U0716RT,Richard Takaba
7523,2346,LUST Cleanup Initiated,RP-Lead,2013-11-18,,Richard Takaba
7524,2346,Site Cleanup Completed (NFA),RP-Lead,2013-12-16,U1207RT,Richard Takaba
7525,2339,LUST Cleanup Initiated,RP-Lead,2013-12-17,"soil, gw, and soil vapor samples",Richard Takaba
7526,2329,LUST Cleanup Initiated,RP-Lead,2014-06-15,soil excavation and sampling,Richard Takaba
7528,2381,Suspected release,RP-Lead,2015-03-02,3/1/2015 call from Ted Metrose. Suspected release is from the 92 tank. liquid was found in the interstice. - rk,roy Ilaga
7529,2382,Confirmed Release,RP-Lead,2015-02-25,,Josh Nagashima
7531,2384,Case Transferred to HEER (DERA),RP-Lead,1975-12-31,"3/6/2015 - SHWB requested copy of rept from HEER Office. per copy of 1/5/2011 rept , first release was pipeline at Valve pit 1. - rk   11/1/2015 rec cd of reports from HEER Office.  - rk",To DERA
7532,2385,Case Transferred to HEER (DERA),RP-Lead,1997-12-30,approximate date of confirmned release - rk,To DERA
7689,2435,Case Transferred to HEER (unregulated),RP-Lead,2016-11-25,,To Heer
7533,2386,Confirmed Release,RP-Lead,2015-03-16,waste oil tank and dispenser unit - rk,Shaobin Li
7534,2370,Site Cleanup Completed (NFA),RP-Lead,2015-03-20,,Shaobin Li
7535,2249,Disconfirmed Release,RP-Lead,2015-03-24,,Shaobin Li
7536,2318,Site Cleanup Completed with EHE/EHMP,RP-Lead,2015-02-03,,Shaobin Li
7537,2387,Suspected release,RP-Lead,2015-03-09,via email dated 3/11/2015 from the 91 tank - rk,George Tabil
7538,2388,Confirmed Release,RP-Lead,2014-10-21,via phase ii assessment - rk,Josh Nagashima
7539,2389,Confirmed Release,RP-Lead,2014-04-16,release discovered from the removal of the gasoline tanks - rk,Josh Nagashima
7540,2390,Confirmed Release,RP-Lead,2014-10-31,via phase ii assessment,Shaobin Li
7541,2391,Suspected release,RP-Lead,2014-11-17,reviewing the Phase II assessment recived on 12/1/2014.,Richard Takaba
7542,2392,Confirmed Release,RP-Lead,2015-03-31,release posible from residual contamination ass with prev release or oily rinsate water from tank cleaning. - rk,Shunsheng Fu
7543,2371,LUST Cleanup Initiated,RP-Lead,2014-09-04,,Shunsheng Fu
7544,2371,Site Cleanup Completed (NFA),RP-Lead,2015-03-23,,Shunsheng Fu
7546,2165,Monitored Natural Attenuation,RP-Lead,2015-02-09,,Shaobin Li
7548,2348,Site Cleanup Completed (NFA),RP-Lead,2014-10-27,,Shaobin Li
7549,2332,Soil Vapor Sampling,RP-Lead,2015-01-28,,Shaobin Li
7550,2376,LUST Cleanup Initiated,RP-Lead,2014-12-01,,Shaobin Li
7551,2393,Confirmed Release,RP-Lead,2015-05-05,,Josh Nagashima
7552,2394,Suspected release,RP-Lead,2014-08-26,reivewing of Phase ii assessment  and product found in mw - rk,Richard Takaba
7553,2135,Remedy Decision Pending (ongoing monitoring),RP-Lead,2015-05-18,,Shaobin Li
7554,2382,LUST Cleanup Initiated,RP-Lead,2015-02-25,,Josh Nagashima
7555,2382,Site Cleanup Completed (NFA),RP-Lead,2015-04-22,,Josh Nagashima
7556,2307,Site Cleanup Completed (NFA),RP-Lead,2015-01-21,,Josh Nagashima
7557,2240,Confirmed Release,RP-Lead,2015-01-01,release reopened due to discsover of gasoline found during investigation of release 150003 - rk,Josh Nagashima
7558,2395,Confirmed Release,RP-Lead,2014-10-24,release discovered during phase ii site assessment - rk,Josh Nagashima
7559,2396,Confirmed Release,RP-Lead,2015-07-02,"call from Ted Metrose.  Release is from the Ust that stores off road diesel - rk   1/21/2016 note in addition to the diesel release, there is possible a release of the premium tank.  Will be removing all tanks in april 2016 - rk",Shaobin Li
7560,2389,LUST Cleanup Initiated,RP-Lead,2014-04-16,,Josh Nagashima
7561,2389,Site Cleanup Completed (NFA),RP-Lead,2015-05-22,,Josh Nagashima
7562,1374,LUST Cleanup Initiated,RP-Lead,2014-04-16,,Josh Nagashima
7563,2359,LUST Cleanup Initiated,RP-Lead,2014-04-16,,Josh Nagashima
7564,2325,LUST Cleanup Initiated,RP-Lead,2013-02-21,,Josh Nagashima
7565,2335,LUST Cleanup Initiated,RP-Lead,2013-08-01,,Josh Nagashima
7566,1374,Site Cleanup Completed with EHE/EHMP,RP-Lead,2015-06-25,,Josh Nagashima
7567,2359,Site Cleanup Completed with EHE/EHMP,RP-Lead,2015-06-25,See Release 980241,Josh Nagashima
7568,2393,LUST Cleanup Initiated,RP-Lead,2015-05-05,,Josh Nagashima
7569,2325,Site Cleanup Completed with EHE/EHMP,RP-Lead,2015-06-30,,Josh Nagashima
7570,2335,Site Cleanup Completed with EHE/EHMP,RP-Lead,2015-06-30,See Release ID 130002,Josh Nagashima
7571,2388,LUST Cleanup Initiated,RP-Lead,2014-10-21,,Josh Nagashima
7572,2388,Site Cleanup Completed (NFA),RP-Lead,2015-06-30,,Josh Nagashima
7573,2347,LUST Cleanup Initiated,RP-Lead,2013-12-11,,Josh Nagashima
7574,2397,Confirmed Release,RP-Lead,2015-07-15,submitted CRN - rk,Richard Takaba
7575,2386,LUST Cleanup Initiated,RP-Lead,2015-06-30,,Shaobin Li
7576,2398,Case Transferred to HEER (regulated),RP-Lead,2015-07-27,"areawide contamination, ust removed 1972 and no owner and operator - rk",To Heer
7577,2319,LUST Cleanup Initiated,RP-Lead,2014-03-14,,Shunsheng Fu
7578,2319,Site Cleanup Completed with EHE,RP-Lead,2015-05-20,,Shunsheng Fu
7579,2372,LUST Cleanup Initiated,,2014-10-21,,Shunsheng Fu
7580,2399,Confirmed Release,RP-Lead,2015-07-28,,Nagashima Josh
7582,2401,Confirmed Release,RP-Lead,2015-04-27,via closure rept dated 7/9/2015.  (2) 600 gallon ust - rk,Shunsheng Fu
7583,2392,LUST Cleanup Initiated,RP-Lead,2015-04-28,,Shunsheng Fu
7584,2392,Site Cleanup Completed (NFA),RP-Lead,2015-08-04,,Shunsheng Fu
7585,2349,LUST Cleanup Initiated,RP-Lead,2015-01-09,,Shunsheng Fu
7586,2349,Site Cleanup Completed (NFA),RP-Lead,2015-08-18,,Shunsheng Fu
7587,2402,Confirmed Release,RP-Lead,2014-11-25,11/25/2014 release was noted via Phase II Env site assessment rept dated 11/25/2014 - rk,Josh Nagashima
7588,2403,Confirmed Release,RP-Lead,2015-08-13,,Shaobin Li
7589,2399,LUST Cleanup Initiated,RP-Lead,2015-07-28,,Nagashima Josh
7590,2402,LUST Cleanup Initiated,RP-Lead,2015-09-02,,Josh Nagashima
7591,2402,Site Cleanup Completed (NFA),RP-Lead,2015-09-02,,Josh Nagashima
7592,2367,Site Cleanup Completed (NFA),RP-Lead,2015-09-10,,Josh Nagashima
7593,2404,Confirmed Release,RP-Lead,2015-09-11,release is from the tank area - rk,Josh Nagashima
7595,2406,Confirmed Release,RP-Lead,2015-09-28,release is from the 1000 gallon ust - rk,Shunsheng Fu
7596,2404,LUST Cleanup Initiated,RP-Lead,2015-09-11,,Josh Nagashima
7597,2407,Confirmed Release,RP-Lead,2015-07-01,,Shaobin Li
7598,2408,Confirmed Release,RP-Lead,2005-01-01,release was recorded in 11/2015.,To DERA
7599,2408,LUST Cleanup Initiated,RP-Lead,2005-01-01,date is unk - rk,To DERA
7600,2408,Site Cleanup Completed (NFA),RP-Lead,2009-08-04,see record of decisin in file - rk,To DERA
7601,2409,Confirmed Release,State-Lead with Trust Fund Money,2015-12-07,removing old piping and replacing - rk,Shunsheng Fu
7866,2507,LUST Cleanup Initiated,RP-Lead,2017-01-31,,Richard Takaba
7602,2410,Confirmed Release,RP-Lead,2015-12-07,removing and replacing old piping - rk,Richard Takaba
7603,2411,Suspected release,RP-Lead,2015-11-27,,George Tabil
7604,2347,Site Cleanup Completed with EHE/EHMP,RP-Lead,2015-12-24,,Josh Nagashima
7605,2360,Disconfirmed Release,RP-Lead,2015-06-16,tank was relined and placed back into use on 6/16/2015,Roxanne Kwan
7606,2387,Disconfirmed Release,RP-Lead,2015-04-18,there was a small leak.  Outer tank id good. No release into environment.  Repair by tank tech and put back into use on 4/18/2015 - rk,George Tabil
7607,2412,Suspected release,RP-Lead,2015-05-01,tank 4 - diesel tank - rk,George Tabil
7608,2378,LUST Cleanup Initiated,RP-Lead,2014-12-22,,Shunsheng Fu
7609,2378,Site Cleanup Completed (NFA),RP-Lead,2015-10-26,,Shunsheng Fu
7610,655,Site Cleanup Completed with EHE/EHMP,RP-Lead,2016-01-29,,Shunsheng Fu
7612,2401,LUST Cleanup Initiated,RP-Lead,2015-07-09,,Shunsheng Fu
7613,2401,Site Cleanup Completed (NFA),RP-Lead,2016-01-04,,Shunsheng Fu
7614,2354,LUST Cleanup Initiated,RP-Lead,2014-02-17,,Shunsheng Fu
7615,2413,Suspected release,RP-Lead,2016-02-10,,Roxanne Kwan
7616,2414,Suspected release,RP-Lead,2015-06-29,,Roxanne Kwan
7617,2415,LUST Cleanup Initiated,RP-Lead,2016-02-09,changing dispenser notied odor.  - rk,Shunsheng Fu
7618,2416,Confirmed Release,RP-Lead,2016-03-04,"during filling, fuel was releaed from the tank vent piipes.   - rk",Shaobin Li
7619,2277,Site Cleanup Completed (NFA),RP-Lead,2016-01-04,,Josh Nagashima
7620,2316,Site Cleanup Completed (NFA),RP-Lead,2016-01-04,,Josh Nagashima
7621,2096,Site Cleanup Completed with EHE/EHMP,RP-Lead,2016-01-07,,Josh Nagashima
7622,2240,LUST Cleanup Initiated,RP-Lead,2015-01-01,,Josh Nagashima
7623,2417,Confirmed Release,RP-Lead,2016-03-15,sheen found in the grounwater - rk,Josh Nagashima
7624,2418,Confirmed Release,RP-Lead,2015-12-01,release found during piping replacemet - rk,Josh Nagashima
7625,864,Site Cleanup Completed (NFA),RP-Lead,1994-08-12,,Rebecca Sciulli
7626,1785,LUST Cleanup Initiated,RP-Lead,2001-07-03,Clean up reports from 1979,Richard Takaba
7627,1785,Confirmed Release,RP-Lead,2001-07-30,,Richard Takaba
7628,2414,Disconfirmed Release,RP-Lead,2016-03-11,,Roxanne Kwan
7629,264,Site Cleanup Completed with EHE/EHMP,RP-Lead,2016-04-04,,Josh Nagashima
7631,2419,Confirmed Release,RP-Lead,2016-05-16,,Randall Heu
7634,2420,Confirmed Release,RP-Lead,2016-06-07,,Shaobin Li
7636,2421,Confirmed Release,RP-Lead,2015-07-09,product was found in the annual space,Shunsheng Fu
7639,2422,Confirmed Release,RP-Lead,2016-07-05,,Shaobin Li
7640,2390,Site Assessment Ongoing,RP-Lead,2015-06-19,,Shaobin Li
7641,2399,Site Cleanup Completed (NFA),RP-Lead,2016-07-28,see 7/28/2016 letter. heer will be overseeing the release from the hydraulic hoists - rk,Nagashima Josh
7642,2413,Confirmed Release,RP-Lead,2016-08-19,tanks remvoed and release detected - rk,Shunsheng Fu
7644,2535,Monitored Natural Attenuation,RP-Lead,2015-07-08,,Shaobin Li
7645,1984,Monitored Natural Attenuation,RP-Lead,2015-07-08,,Shaobin Li
7646,2376,Site Assessment Ongoing,RP-Lead,2016-02-09,,Shaobin Li
7647,2540,Monitored Natural Attenuation,RP-Lead,2016-07-28,,Shaobin Li
7648,2542,Monitored Natural Attenuation,RP-Lead,2016-07-28,,Shaobin Li
7649,2543,Monitored Natural Attenuation,RP-Lead,2016-07-28,,Shaobin Li
7654,2534,Monitored Natural Attenuation,RP-Lead,2015-01-09,,Shaobin Li
7655,263,Remedy Decision Pending (ongoing monitoring),RP-Lead,2016-04-26,,Shaobin Li
7656,2423,Confirmed Release,RP-Lead,2016-07-14,release found while replacing the dispensers. The piping did not hold pressure - rk,Jenny Bernier
7657,2424,Suspected release,RP-Lead,2016-08-17,11/7/2016 release is conrfirmed - rk,Roxanne Kwan
7658,2425,Confirmed Release,RP-Lead,2016-09-07,,Shunsheng Fu
7659,2409,LUST Cleanup Initiated,RP-Lead,2016-01-06,,Shunsheng Fu
7660,2409,Site Cleanup Completed (NFA),RP-Lead,2016-08-31,,Shunsheng Fu
7661,2421,LUST Cleanup Initiated,RP-Lead,2016-04-29,"double-wall UST, repaired",Shunsheng Fu
7662,2421,Site Cleanup Completed (NFA),RP-Lead,2016-07-08,,Shunsheng Fu
7663,2427,Confirmed Release,RP-Lead,2016-09-26,,Richard Takaba
7664,2394,Confirmed Release,RP-Lead,2015-04-19,,Randall Heu
7665,2428,Suspected release,RP-Lead,2016-08-04,,Richard Takaba
7670,2428,Confirmed Release,RP-Lead,2016-10-13,tanks removed,Randall Heu
7671,2429,Suspected release,RP-Lead,2016-10-05,,George Tabil
7672,2418,LUST Cleanup Initiated,RP-Lead,2015-12-01,concentrations wer less than Eal,Josh Nagashima
7673,2418,Site Cleanup Completed (NFA),RP-Lead,2016-08-22,,Josh Nagashima
7674,2395,LUST Cleanup Initiated,RP-Lead,2014-10-24,,Josh Nagashima
7675,2395,Site Cleanup Completed with EHE/EHMP,RP-Lead,2016-08-22,,Josh Nagashima
7676,2416,LUST Cleanup Initiated,RP-Lead,2016-06-15, remedial action rept dated 6/13/2016,Shaobin Li
7677,2416,Site Cleanup Completed (NFA),RP-Lead,2016-10-20,,Shaobin Li
7678,2431,Confirmed Release,RP-Lead,2016-10-26,emailed the release information,Shaobin Li
7681,2391,Confirmed Release,RP-Lead,2016-10-10,10/28/2016 rec gw sampling rept dated 10/24/2016.,Richard Takaba
7682,2432,Confirmed Release,RP-Lead,2016-10-15,via closure rept - rk,Randall Heu
7685,2424,Confirmed Release,RP-Lead,2016-11-04,,Shunsheng Fu
7686,2422,LUST Cleanup Initiated,RP-Lead,2016-07-26,,Shaobin Li
7687,2432,LUST Cleanup Initiated,RP-Lead,2016-10-15,,Randall Heu
7688,2434,Confirmed Release,RP-Lead,2016-12-01,11/28/2016 raelynn Kishaba reported a leak in the piping in the turbine sump.  Will call me with more information. - rk  12/1/2016 release is confirmed - rk  This is folr tank 3,Shaobin Li
7690,228,Site Cleanup Completed with EHE/EHMP,RP-Lead,2016-11-29,,Shaobin Li
7691,1835,Site Cleanup Completed with EHE/EHMP,RP-Lead,2016-11-29,,Shaobin Li
7692,2239,Site Cleanup Completed (NFA),RP-Lead,2016-10-13,,Shunsheng Fu
7693,2407,LUST Cleanup Initiated,RP-Lead,2016-07-26,,Shaobin Li
7694,2407,Site Cleanup Completed with EHE/EHMP,RP-Lead,2017-01-05,,Shaobin Li
7695,2386,Site Cleanup Completed with EHE/EHMP,RP-Lead,2017-02-06,,Shaobin Li
7696,2436,Confirmed Release,RP-Lead,2017-01-25,,Shaobin Li
7697,2374,Site Cleanup Completed with EHE,RP-Lead,2017-01-11,issued by heer office,To VRP
7698,2374,LUST Cleanup Initiated,RP-Lead,2014-09-17,,To VRP
7699,2437,Confirmed Release,RP-Lead,2017-02-20,dispensers were replaced and contamination found - rk,Shaobin Li
7700,2438,Suspected release,RP-Lead,2017-02-17,"annular space alarm, product found in the interstice - rk",roy Ilaga
7701,2439,Confirmed Release,RP-Lead,2017-01-25,release discovered during udc replacement - rk,Shunsheng Fu
7702,2205,Site Cleanup Completed with EHE/EHMP,RP-Lead,2012-09-17," see letter dated 9/17/2012 from
 HEER- rk",To DERA
7703,2381,Disconfirmed Release,RP-Lead,2016-02-13,,roy Ilaga
7704,2411,Disconfirmed Release,RP-Lead,2016-02-05,,George Tabil
7705,2429,Disconfirmed Release,RP-Lead,2016-12-19,,George Tabil
7706,2376,Site Cleanup Completed with EHE/EHMP,,2017-03-10,,Shaobin Li
7707,2420,LUST Cleanup Initiated,RP-Lead,2017-03-03,,Shaobin Li
7711,2440,Suspected release,RP-Lead,2017-03-28,"9:30 am - Rose Chu reported a suspected release; discovered ruptured flex pipe associated with the 3K-92 compartment of a 14K UST; product in piping sump, contractor on site
Contact #: (808) 547-3817
3:22 pm – update from Rose Chu, facility is trying to reconcile inventory and may change flex piping and fittings tomorrow; Dave Wolfe will perform hydrostatic test on the piping sump on Thursday
To follow up results of the test and investigation 
3/30/2017 @2:55pm – update from Holly, piping sump passed the hydrostatic test they will submit all test results and current status of the sensors via VR printout. Told Holly to perform LTT post repair/replacement of piping. To submit Appendix I to reflect TOU/CIU status change",roy Ilaga
7713,2436,LUST Cleanup Initiated,RP-Lead,2017-04-24,initial rel resp rept dated 4/2017,Shaobin Li
7714,2440,Disconfirmed Release,,2017-03-31,TTT & sump integrity test both passed,roy Ilaga
7716,2442,Confirmed Release,RP-Lead,2017-04-12,,Richard Takaba
7717,2362,Disconfirmed Release,RP-Lead,2017-03-20,receivd appendix I showing tank back into use - rk,Roxanne Kwan
7718,2443,Suspected release,RP-Lead,2017-05-01,annual thirt party test for the piping did not pass for the dw piping - rk,Roxanne Kwan
7719,2425,LUST Cleanup Initiated,RP-Lead,2016-10-14,,Shunsheng Fu
7720,2425,Site Cleanup Completed (NFA),RP-Lead,2017-01-26,,Shunsheng Fu
7721,317,Site Cleanup Completed with EHE/EHMP,RP-Lead,2017-04-10,,Shunsheng Fu
7722,1843,Site Cleanup Completed with EHE/EHMP,RP-Lead,2017-04-10,,Shunsheng Fu
7723,646,Site Cleanup Completed with EHE/EHMP,RP-Lead,2017-04-10,,Shunsheng Fu
7724,2437,LUST Cleanup Initiated,RP-Lead,2017-05-10,Release Response and Closure Report dated 5/10/2017,Shaobin Li
7727,2015,Confirmed Release,RP-Lead,2016-12-15,"rec borining and well installation, soil and gw rept. - contaminatin found in area with recorded history - rk",Shaobin Li
7728,2444,Suspected release,RP-Lead,2017-04-18,product found in the j well,roy Ilaga
7729,2403,LUST Cleanup Initiated,RP-Lead,2017-04-07, closure rept and rel resp rept dated 3/8/2017,Shaobin Li
7730,2403,Site Cleanup Completed (NFA),RP-Lead,2017-06-06,,Shaobin Li
7731,2445,Suspected release,RP-Lead,2017-05-30,,Roxanne Kwan
7732,2424,LUST Cleanup Initiated,RP-Lead,2016-11-04,,Shunsheng Fu
7734,2442,LUST Cleanup Initiated,RP-Lead,2017-04-12,,Richard Takaba
7735,2442,Site Cleanup Completed (NFA),RP-Lead,2017-06-06,,Richard Takaba
7736,2428,LUST Cleanup Initiated,RP-Lead,2016-10-13,Rpt rcvd on 6/7/17 was for work done in Jan 2017 Cleanup Initiated before Confirmed Release logged - RT,Randall Heu
7737,2428,Site Cleanup Completed (NFA),RP-Lead,2017-05-23,"Following NFA Aloha due dillegence phase II report dated  2/7/17 but was not submitted by Aloha prior to our letter, revealled some residual contamination in the GW above EALs.  No GW wells were installed prior to tank pull as vertical depth was delineated to less than EALs at the time.  DOH to evaluate the Phase II report and determine additional work and or reopen or rescind the NFA.",Randall Heu
7738,2428,Confirmed Release,RP-Lead,2017-06-07,6/7/2017 rec baseline phase ii env site assessment dated 2/7/2017 . Release opened,Randall Heu
7739,2135,Site Cleanup Completed with EHE/EHMP,RP-Lead,2017-06-23,,Shaobin Li
7741,2447,Confirmed Release,RP-Lead,2017-06-02,tank discovered during excavation - rk,Shunsheng Fu
7742,1850,Confirmed Release,RP-Lead,2017-02-28,reopening the site.  Levels found during Phase II investigation - rk,Shaobin Li
7745,2449,Confirmed Release,RP-Lead,2017-07-19,replaceing emergency generator and hit a ust piping connected to 2500 gallon diesel tank- rk,Richard Takaba
7746,2450,Suspected release,RP-Lead,2017-07-26,loss of brine the the 92 octane tank (tank 1) - rk,Roxanne Kwan
7747,2451,Suspected release,RP-Lead,2017-06-07,"loss of brine in the premium tank (tank 1)
. - rk",Shaobin Li
7748,2165,Site Cleanup Completed with EHE/EHMP,RP-Lead,2017-06-13,,Shaobin Li
7749,2454,Confirmed Release,RP-Lead,2017-08-18,tank removal,Randall Heu
7751,2394,LUST Cleanup Initiated,RP-Lead,2017-08-21,Draft work plan submitted by Maui Gas Ventures to Atty W. Hargrove for input prior to finalizing.,Randall Heu
7752,2448,Suspected release,RP-Lead,2017-07-09,There was a liquid sensor alarm and product was found in the interstice. - rk,roy Ilaga
7753,2458,Case Transferred to HEER (unregulated),RP-Lead,2016-07-15,tanks were for boilers - removed - rk,To Heer
7754,2459,Confirmed Release,RP-Lead,2016-07-20,The associated dispenser and piping of the UST was removed for replacement in July 2016.  petroleum release was found - rk,Shunsheng Fu
7755,823,Soil Vapor Sampling,RP-Lead,2017-04-21,DOH requested sub-slab Soil Vapor Sampling requested over indoor air monioring and rescinded it previous letter giving approval for indoor air based on the high background TPH that would likely be present during the test.,Randall Heu
7756,2394,Site Assessment Ongoing,RP-Lead,2016-06-16,Observed well sampling and free product recovery,Randall Heu
7762,2464,Suspected release,RP-Lead,2017-09-25,9/21/2017 ust was discovered during renovatin of taxiway.  Will be removing as soon as can.  Need to do archeological work in the area - rk  9/5/2017 Breton Frazer informed that petroleum odor was noted during the sifting of sand - rk,Roxanne Kwan
7764,2377,Site Assessment Ongoing,RP-Lead,2017-06-08,Report dated 6/8/17 UST closure report stated site needs additional delineation/sampling.  Need to review report then prepare letter.,Randall Heu
7766,2397,LUST Cleanup Initiated,RP-Lead,2016-05-16,"TPH-g related contamination on site, requires additional delineation.  EHE was submitted  11/28/16.",Randall Heu
7767,2393,Site Assessment Ongoing,RP-Lead,2017-09-26,"Conference call set up with Evan, Wade, DOH to discuss latest infor provided. - rh",Randall Heu
7768,670,Site Assessment Ongoing,RP-Lead,2016-09-06,Took over as PO and got in touch with new person in charge at company who should have taken over from previous person who retired several years prior.  Requested new annual sampling and DOH can reaasess after results come back.  Long time release and possilbe NFA  and or w/ restricted land use.,Randall Heu
7769,2443,Disconfirmed Release,RP-Lead,2017-08-18,,Roxanne Kwan
7770,2404,Site Assessment Ongoing,RP-Lead,2017-02-01,"2/1/17   As of this date, multiple releases in addtion to the three outstanding; 10007, 150003, and 150029 were being reported at the time the UST system was being R/R at which time the DOH ceased issuing any additional release numbers but decided to incorporate any new ones discovered into the 3 existing releases.  For all intents and purposes, since 150029 is the largest encompansing mulitple releases, it will be the main release for this site. - rh",Randall Heu
7771,2375,Site Assessment Ongoing,RP-Lead,2017-02-01,"2/1/17   As of this date, multiple releases in addtion to the three outstanding; 10007, 150003, and 150029 were being reported at the time the UST system was being R/R at which time the DOH ceased issuing any additional release numbers but decided to incorporate any new ones discovered into the 3 existing releases.  For all intents and purposes, since 10007 is the largest encompansing mulitple releases, it will be the main release for this site. - rh",Randall Heu
7772,2240,Site Assessment Ongoing,RP-Lead,2017-02-01,"2/1/17   As of this date, multiple releases in addtion to the three outstanding; 10007, 150003, and 150029 were being reported at the time the UST system was being R/R at which time the DOH ceased issuing any additional release numbers but decided to incorporate any new ones discovered into the 3 existing releases.  For all intents and purposes, since 10007 is the largest encompansing mulitple releases, it will be the main release for this site. - rh",Randall Heu
7773,2467,Suspected release,RP-Lead,2017-10-02,,Nicole Okino
7775,2468,Confirmed Release,RP-Lead,2017-10-12,diesel found under the dispener and piping during tank system replacement - rk,Randall Heu
7776,2469,Confirmed Release,RP-Lead,2017-10-13,gain of product in the tank.  Did a ttt and it failed. - rk,Richard Takaba
7777,2470,Confirmed Release,RP-Lead,2017-10-13,fuel was detected in the annualar space. Did a ttt and it failed - rk  1/25/2018  this is tank2,Shunsheng Fu
7778,2471,Confirmed Release,RP-Lead,2017-10-13,another tank was discovered during excavation,Shunsheng Fu
7779,2451,Site Assessment Ongoing,RP-Lead,2017-08-24,,Shaobin Li
7780,2434,LUST Cleanup Initiated,RP-Lead,2017-08-22,,Shaobin Li
7781,2390,Site Assessment Completed (delineated),RP-Lead,2017-09-21,,Shaobin Li
7782,2472,Suspected release,RP-Lead,2017-10-17,did not have a pssoing 0.2 testing.  Did a 0.1 test on 10/17/2017. the test pass.  No release.  Investigating why 0.2 did not pass - rk,Shunsheng Fu
7783,2413,LUST Cleanup Initiated,RP-Lead,2016-10-14,,Shunsheng Fu
7784,2413,Site Cleanup Completed (NFA),RP-Lead,2017-06-23,,Shunsheng Fu
7785,2363,Site Assessment Completed (delineated),RP-Lead,2016-10-18,,Shaobin Li
7786,2538,Monitored Natural Attenuation,RP-Lead,2017-10-04,,Shaobin Li
7787,2472,Confirmed Release,RP-Lead,2017-10-26,"tank storing 92 (tank 4)
 - rk",Shunsheng Fu
7788,1785,Site Cleanup Completed with EHE/EHMP,RP-Lead,2017-02-27,NFA letter U0201RT,Richard Takaba
7790,2464,Confirmed Release,RP-Lead,2017-11-21,,Randall Heu
7791,2473,Suspected release,RP-Lead,2018-01-08,"Note that effective July 15, 2018, the Hawaii Administrative Rules (HAR) 11-281 has been repealed and replaced with HAR 11-280.1.  Refer to our website for a copy of the current regulations (https://health.hawaii.gov/shwb/files/2018/07/11-280.1.pdf )",Shunsheng Fu
7792,1421,Site Cleanup Completed with EHE/EHMP,RP-Lead,2017-10-27,,Shunsheng Fu
7793,2459,LUST Cleanup Initiated,RP-Lead,2016-12-12,,Shunsheng Fu
7794,2459,Site Cleanup Completed (NFA),RP-Lead,2018-01-02,,Shunsheng Fu
7795,2474,Suspected release,RP-Lead,2018-01-10,1/9/2018 ust 1 (87 octane) observed fuel alarm on monitoring console.  Contractor pulled sensor and smelled product on the sensor.  Pumped out as much liquid from annular space. - rk,roy Ilaga
7796,2475,Suspected release,RP-Lead,2018-01-16,1/12/2018 ust 2 (92 octane) had fuel in the sump. 1/13/2018 confirmed that there is a nole in the riser pipe - rk,Nicole Okino
7797,2476,Confirmed Release,RP-Lead,2017-09-18,"1/22/2018 this ust was discovered.  Possibly installed in 20""s or 30""s.  Release discovered during removal of tank in 9/14/2017. - rk",Richard Takaba
7798,2477,Confirmed Release,RP-Lead,2018-01-23,tank was discovered during grading activities and removed  - rk,Shunsheng Fu
7801,2451,Confirmed Release,RP-Lead,2018-01-05,Soil Vapor Test Result were high.  Still need to troubleshoot piping and all tanks associated with the UST system.,Randall Heu
7802,2479,Confirmed Release,RP-Lead,2018-02-15,,Randall Heu
7803,1980,Remedy Decision Pending (ongoing monitoring),RP-Lead,2016-08-08,"July 2016 Semi-annual GW Monitoring Repot - Informed consultant of possible dual aquaifer and not only a drinking adquirer, will work on reevaluating at next semi-event and work on EHE/EHMP if applicable",Randall Heu
7867,2507,Site Cleanup Completed (NFA),RP-Lead,2018-07-10,,Richard Takaba
7804,2467,Disconfirmed Release,RP-Lead,2017-10-10,"10/23/2017 rec appendix I showing tou then back into use.  Tank was tou because customer complaint if slow pump flow,  technician discosverd about 2 quarts of fuel in the pioing sump on 10/3/2017.  tank was tou.  10/6/2017 replaced leaking fittings by m. nakai. Ltt was done on 10/10/2017.  ust was back into use on 10/10/2017 - rk",Nicole Okino
7806,2448,Confirmed Release,RP-Lead,2017-11-08,Site Assessment Report  11/15/2017 emailed and disconfirmed the suspteste releaase - RH,roy Ilaga
7807,2423,LUST Cleanup Initiated,RP-Lead,2016-07-25,,Shunsheng Fu
7808,2423,Site Cleanup Completed (NFA),RP-Lead,2018-02-27,,Shunsheng Fu
7809,2163,Site Cleanup Completed with EHE/EHMP,,2018-02-23,,Shunsheng Fu
7810,2480,Confirmed Release,RP-Lead,2018-03-06,release from the 2000 gallon ust - rk,Shunsheng Fu
7813,2483,Suspected release,RP-Lead,2018-01-23,product found in the tank.  Did a ttt and failed.  from tank 3,Shunsheng Fu
7814,2484,Confirmed Release,RP-Lead,2018-03-02,Lead slightly above EAL in one MI sample from 550 gallon former gasoline UST t,Randall Heu
7816,2487,Suspected release,RP-Lead,2018-04-16,4/16/2018 Dave Wolf did an annual inspection and found fuel/ discrepancies of brine in interstitial space of tank2(87). Told him to do a system test and especially of tank and interstitial space.  Draining tank now.  - no,Nicole Okino
7817,2488,Suspected release,RP-Lead,2018-04-13,4/13/2018 tank 1 (92 octane) discovered brine in the tank. - rk,Nicole Okino
7818,2489,Confirmed Release,RP-Lead,2018-02-09,"2/9/2018 rec Phase II Environmental Site Assessment (ESA) for 1901 South King Street, dated January 24, 2018 and prepared by Ford & Associates, Inc. to rich takaba - rk",Richard Takaba
7819,2351,LUST Cleanup Initiated,RP-Lead,2015-08-15,"RHMW06, RHMW07 installed",Richard Takaba
7820,2351,Monitored Natural Attenuation,RP-Lead,2014-03-15,,Richard Takaba
7821,2476,LUST Cleanup Initiated,,,,Richard Takaba
7822,2391,LUST Cleanup Initiated,RP-Lead,2015-06-15,Phase II,Richard Takaba
7823,2490,Suspected release,RP-Lead,2018-04-27,observing vapor and droplets of fuel from the interstitial piping space of Tank M-1 (diesel).,Nicole Okino
7824,2415,Site Cleanup Completed (NFA),RP-Lead,2018-04-25,NFA issued -rh,Randall Heu
7825,2481,Suspected release,RP-Lead,2018-03-22,compliance lead until system test,Nicole Okino
7826,2432,Site Cleanup Completed (NFA),RP-Lead,2016-12-06,,Randall Heu
7827,2491,Suspected release,RP-Lead,2018-05-11,5/11/2018 small amount of fuel show up in same monitoring   well( Pump supply) that we had replaced  the line last year - rk,Nicole Okino
7828,2492,Suspected release,RP-Lead,2018-05-14,alarm on the interstitial piping of tank 1 - rk,Nicole Okino
7829,2320,LUST Cleanup Initiated,RP-Lead,2012-07-16,removal of contam soil and soil samples,Richard Takaba
7830,2320,Case Transferred to HEER (unregulated),RP-Lead,2012-11-01,HEER NFA letter dated 11/19/12,Richard Takaba
7831,712,Site Cleanup Completed with EHE/EHMP,RP-Lead,2018-04-10,,Shunsheng Fu
7832,2447,LUST Cleanup Initiated,RP-Lead,2017-08-01,,Shunsheng Fu
7833,2447,Site Cleanup Completed with EHE,RP-Lead,2018-04-30,,Shunsheng Fu
7834,2471,LUST Cleanup Initiated,RP-Lead,2017-10-30,,Shunsheng Fu
7835,2471,Site Cleanup Completed with EHE,RP-Lead,2018-04-30,,Shunsheng Fu
7836,2253,Site Cleanup Completed with EHE/EHMP,RP-Lead,2018-03-09,,Shunsheng Fu
7837,2326,Site Cleanup Completed with EHE/EHMP,RP-Lead,2018-03-09,,Shunsheng Fu
7838,2321,Site Cleanup Completed (NFA),RP-Lead,2017-10-31,,Shunsheng Fu
7839,2379,LUST Cleanup Initiated,RP-Lead,2015-07-01,,Shunsheng Fu
7840,2379,Site Cleanup Completed (NFA),RP-Lead,2016-01-04,,Shunsheng Fu
7841,2495,Confirmed Release,RP-Lead,2018-05-21,release from PSI south tank - rk,Richard Takaba
7842,2437,Site Cleanup Completed (NFA),RP-Lead,2017-10-27,,Shaobin Li
7843,2496,Suspected release,RP-Lead,2018-06-06,"called in interstitial alarm of tank.  Discovered approximately 2 gal. of water.  Planned system test for Friday, june 8. this is tank 1 (87)",Shaobin Li
7844,2481,Disconfirmed Release,,2018-06-07,"passed line tightness, interstitial integrity and sump tests.  Back into use May 3, 2018",Nicole Okino
7845,2497,Confirmed Release,RP-Lead,2017-10-05,first boring - odor,Richard Takaba
7846,2396,Soil Vapor Sampling,RP-Lead,2018-03-01,Final Soil Vapor Investigation Work Plan received.,Randall Heu
7847,2498,Suspected release,RP-Lead,2018-02-06,2/6/2018 rec appendix I  - tank 1 storing 87 is tou eff 2/2/2018 because interstitial fld was entering the primary tank.  Apropriate repair will be done and tank retested - rk,Nicole Okino
7850,2500,Suspected release,RP-Lead,2018-06-19,6/19/2018 received call from Greg McCartney reporting a suspeccted release from Tank 2 - rk,Nicole Okino
7851,2501,Suspected release,RP-Lead,2018-06-19,from piping sump connected to Tank m-2 containing sump.  The release was detected during an inspection by Nicole - rk,Nicole Okino
7853,2496,Disconfirmed Release,RP-Lead,2018-06-08,Passed vacuumed test,Nicole Okino
7854,2503,Suspected release,,2018-06-19,called in interstitial alarm of tank.,Nicole Okino
7857,2506,Suspected release,RP-Lead,2018-06-25,Called in on Saturday. L3 on tank 1 (87).  Found fuel in interstitial space. Failed pressure test. TOU.  Dave to go out for real system test.,Nicole Okino
7858,2504,Confirmed Release,RP-Lead,2018-06-06,6/6/2018 rec crn dated 5/31/2008,Shunsheng Fu
7861,2507,Confirmed Release,RP-Lead,2016-12-22,received closure rept dated 2/2018. tank removed in 12/22/2016.  release  found - rk,Richard Takaba
7862,2505,Suspected release,RP-Lead,2018-06-25,6/26/18-store called maintenance because there was slow flow pump on Tank 3 (87).  Maintenance went out and found a dirty filter.  TOU tank and take fuel samples to lab.,Nicole Okino
7863,2508,Suspected release,RP-Lead,2018-06-28,6/28/2018 rec appendix I - change in primary release detection method from interstitial monitoring to atg while tank suspected release is confirmed - rk,Nicole Okino
7864,2477,LUST Cleanup Initiated,RP-Lead,2018-01-30,,Shunsheng Fu
7865,2477,Site Cleanup Completed (NFA),RP-Lead,2018-07-06,,Shunsheng Fu
7870,2486,Suspected release,RP-Lead,2018-03-20,fuel alarm from the containment sump. About 10 gallon product found in the turbine 2 sump. Will be replacing the piping - rk,Nicole Okino
7872,2475,Disconfirmed Release,,2018-07-25,From 4/18/18 aooend 1 and passing test,Nicole Okino
7873,2492,Disconfirmed Release,,2018-07-25,5/17/18-replace dispenser filters.  5/18/18-pass line tightness test and put back into use.,Nicole Okino
7874,1066,Consolidated releases,RP-Lead,2018-07-25,Rel ID 970071 is consolidated with release ID 950132 because release may have occurred near the same excavation area as the release found in the former USTs.  Release reports are addressing both releases.,Randall Heu
7876,2375,Consolidated releases,RP-Lead,2018-07-25,Rel ID 150003 is consolidated with release ID 100007 because the release occurred within the sample piping system. Release reports are addressing both releases.,Randall Heu
7878,2503,Disconfirmed Release,,2018-08-07,7/17/18-Append 1  received with tank and line tightness tests pass and annular space pass.,Nicole Okino
7879,2506,Suspected release,,2018-08-10,7/19/18-received Append 1.  Pass tank tightness test.  Fail line tightness test.,Nicole Okino
7880,1980,Site Cleanup Completed with EHE/EHMP,RP-Lead,2018-08-13,,Randall Heu
7881,2490,Confirmed Release,RP-Lead,2018-06-14,suspected release confirmed when the piping was removed - rk,Shunsheng Fu
7882,2116,Consolidated releases,RP-Lead,2018-08-28,consolidate release with 020036 - rk,Shunsheng Fu
7883,2372,Consolidated releases,RP-Lead,2018-08-28,consilated release with 150031 - rk,Shunsheng Fu
7884,1372,Consolidated releases,RP-Lead,2018-08-28,consolidate release into 030021 - rk,Shunsheng Fu
7885,1436,Consolidated releases,RP-Lead,2018-08-28,8/28/2018 consolidate release into 030021 - rk,Shunsheng Fu
7886,1873,Consolidated releases,RP-Lead,2018-08-28,8/28/2018 consolidate release into 030021 - rk,Shunsheng Fu
7887,1979,Consolidated releases,RP-Lead,2018-08-28,8/28/2018 consolidate release into 070016 - rk,Shunsheng Fu
7888,1036,Consolidated releases,RP-Lead,2018-08-28,8/28/2018 consolidate release into 070003 - rk,Shunsheng Fu
7889,1148,Consolidated releases,RP-Lead,2018-08-28,8/28/2018 consolidate release into 080015 - rk,Shunsheng Fu
7891,2224,Consolidated releases,RP-Lead,2018-08-28,8/28/2018 consolidate release into 080015 - rk,Shunsheng Fu
7892,466,Consolidated releases,RP-Lead,2018-08-20,8/20/2018 consolidated with release 130008 - rk,Randall Heu
7893,2046,Consolidated releases,RP-Lead,2018-08-20,8/28/2018 comsolidate relese with 130008 - rk,Randall Heu
7894,2473,Disconfirmed Release,RP-Lead,2018-01-10, 1/10/2018 technicans dispatched and repaired the flexible piping connector in the pump. Lines wer pressure tested and passes.  Tank back into use oon 1/10/2018 - rk,Shunsheng Fu
7895,2483,Confirmed Release,RP-Lead,2018-08-03,"soil vapor report (6/15/18, received on 8/3/18) indicates release to ground.",Shunsheng Fu
7896,2483,Consolidated releases,RP-Lead,2018-09-06,R. ID.  180014 with 180003,Shunsheng Fu
7897,2473,Disconfirmed Release,,2018-08-15,8/15/18-Passed Line Tightness Test and Piping containment sump integrity test,Shunsheng Fu
7898,2506,Disconfirmed Release,,2018-09-11,8/30/2018 rec letter dated 8/22/2018 - reg 87 tank tou from 6/23/2018 to 7/30/2018.  L3 alarm and fuel in the piping interstitial space. 7/2/2018 ltt was done.  Primary line not tight.  Repaired the line and repair piping test boots beneath dispenser pans.  7/25/2018 seconday line tested and passed.  7/30/2018 tt on the line and passed.  - rk,Nicole Okino
7899,2501,Disconfirmed Release,,2018-08-16,8/16/18-received Appendix 1 with LTT passed test results from 7/3/18.-nko,Nicole Okino
7900,2484,Disconfirmed Release,RP-Lead,2018-08-31,8/31/2018  disconf due to lack of petroleum COPCs in soil -RT,Randall Heu
7901,2511,Confirmed Release,RP-Lead,,,
7902,2512,Confirmed Release,RP-Lead,2018-09-22,9/22/2018 smelled odor during tank removal.  Sample taken and results return Fir or Monday - rk,Richard Takaba
7903,2339,Site Cleanup Completed with EHE/EHMP,RP-Lead,2018-05-07,NFA with EHE/EHMP - RT  U0506RT,Richard Takaba
7904,2451,LUST Cleanup Initiated,RP-Lead,2018-01-06,deep SV site assessment,Richard Takaba
7905,2469,LUST Cleanup Initiated,RP-Lead,2017-11-24,soil and Monit wells installed,Richard Takaba
7907,2497,LUST Cleanup Initiated,RP-Lead,2017-10-26,,Richard Takaba
7910,2497,Site Cleanup Completed (NFA),RP-Lead,2018-06-21,NFA - EHE not necessary -RT,Richard Takaba
7911,2489,LUST Cleanup Initiated,RP-Lead,2018-02-10,Phase II site assessment,Richard Takaba
7912,802,Site Cleanup Completed with EHE/EHMP,RP-Lead,2018-09-27,,Randall Heu
7913,2515,Confirmed Release,RP-Lead,2016-12-22,,Richard Takaba
7914,2415,Confirmed Release,RP-Lead,2016-02-25,changing dispenser notied odor.  - rk,Randall Heu
7915,2515,LUST Cleanup Initiated,RP-Lead,2017-03-15,"additional soil excav, conf sampling ND",Richard Takaba
7916,2474,Disconfirmed Release,RP-Lead,2018-06-20,Passed TTT,roy Ilaga
7917,2444,Disconfirmed Release,RP-Lead,2017-06-08,"Repaired/replaced piping run, no release found",Nicole Okino
7919,2439,LUST Cleanup Initiated,RP-Lead,2017-05-08,,Shunsheng Fu
7920,2439,Site Cleanup Completed (NFA),RP-Lead,2018-07-11,,Shunsheng Fu
7921,2516,Suspected release,RP-Lead,2018-09-18,"phone report of 2,100 gallon fuel loss between tank 8 and tank 4.-nko",Nicole Okino
7922,2517,Suspected release,RP-Lead,2017-06-05,rich took the call.  Glenn Hobbs called to report the veeder root detected a problem.,roy Ilaga
7923,2517,Disconfirmed Release,RP-Lead,2017-11-10,,roy Ilaga
7924,2498,Disconfirmed Release,RP-Lead,2018-07-18,"on June 18, 2018 TTT pased.  Did not do interstitial integrity test.-nko  WHY DINT YOU ASK FOR IT NICOLE?",Nicole Okino
7925,2504,LUST Cleanup Initiated,RP-Lead,2018-07-13,,Shunsheng Fu
7927,2518,Confirmed Release,RP-Lead,2018-10-12,failed line tightness test for UST2(87) - rk,Allison Hutto
7931,2505,Confirmed Release,RP-Lead,2018-11-26,site asseessment results show there is evidence of a release - rk,Richard Takaba
8048,2470,Soil Vapor Sampling,RP-Lead,2017-12-22,12/22/2017 and 4/16/2018 obtained SV samples lining both Tank 1 and 2.,Allison Hutto
7932,2519,Suspected release,RP-Lead,2018-11-26,"Called in suspected release to Roy.  L2 alarm with fuel on October 13, 2018.  Technitian fixed it that day. Tech was out November 26, 2018 to check up, and found small amount of fuel in sump, but not enough to alarm.  System test scheduled for November 29, 2018.",Nicole Okino
7933,2428,Site Cleanup Completed with EHE/EHMP,RP-Lead,2018-11-30,,Richard Takaba
7934,2515,Site Cleanup Completed (NFA),RP-Lead,2018-10-05,,Richard Takaba
7936,2320,Site Cleanup Completed (NFA),RP-Lead,2012-11-19,HEER Office NFA dated 11/19/12 in scanned database -RT,To Heer
7937,1521,Site Cleanup Completed with EHE/EHMP,RP-Lead,2018-10-30,,Shunsheng Fu
7938,2200,Site Cleanup Completed (NFA),RP-Lead,2018-12-14,,Shaobin Li
7939,2393,Site Cleanup Completed (NFA),RP-Lead,2019-01-11,,Richard Takaba
7940,2412,Disconfirmed Release,RP-Lead,2018-10-30,"New tank tightness test.  Explanation was 2015 test did not seal off the manways properly.  So there were no repairs, just a passing tightness test.-nko",Nicole Okino
7941,2512,LUST Cleanup Initiated,RP-Lead,2018-09-23,,Allison Hutto
7942,2512,Site Cleanup Completed (NFA),RP-Lead,2019-01-31,NFA letter U0122AH,Allison Hutto
7943,2504,Site Cleanup Completed with EHE/EHMP,RP-Lead,2019-01-30,NFA with EHE/EHMP  U0119SF,Shunsheng Fu
7944,2396,LUST Cleanup Initiated,RP-Lead,2018-03-02,,Allison Hutto
7945,2518,Disconfirmed Release,RP-Lead,2019-01-29,a blendiing unit was connect between UST1 and UST2. Piping connected to UST 1 was capped and second line tightness test was done on UST2 and it passed - rk,Allison Hutto
7946,2519,Disconfirmed Release,RP-Lead,2019-02-15,"2/11/19-Received Form 1 2/11/19 for repairs to Tank 2A piping.  Passed LTT, IIT, and piping sump containment test.",Nicole Okino
7947,2479,Suspected release,RP-Lead,2017-11-27,brine is leaking into the inner wall. Ttt failed.  Will be removing tank - rk,Randall Heu
7948,2521,Confirmed Release,RP-Lead,2019-01-09,tank was discovered redevelopment of property - rk,Richard Takaba
7949,846,Remedy Decision Pending (ongoing monitoring),RP-Lead,2019-02-28,Allison taking over this site from SFU,Allison Hutto
7950,2505,LUST Cleanup Initiated,RP-Lead,2018-12-06,soil and SV sampling Nov 2018,
7951,2522,Suspected release,RP-Lead,2019-02-26,"during 2/26/2019 inspection by Nicole, an L4 alarm from the annular space of Tank 2 was noted.  -rk",
7953,2523,Suspected release,RP-Lead,2019-02-22,Brine loss alarm from T1 (87). Technician checked alarm and added brine.,Thu Perry
7955,2524,Suspected release,,2019-03-22,Contractors conducted an inspections and observed odor and visible fumes from the piping sump of T3. Repair records from 4/26/19 shows approximately 3 gallons of fuel was removed.,Nicole Okino
7956,2525,Suspected release,RP-Lead,2019-03-21,Nicole O. overseeing suspected release.  Discovered from inspection done by adanta.  Slow flow diispensing and fuel in the dispenser - rk,Shunsheng Fu
7957,2526,Confirmed Release,RP-Lead,2018-09-21,,Richard Takaba
7958,2526,LUST Cleanup Initiated,RP-Lead,2018-09-21,,Richard Takaba
7959,2526,Site Cleanup Completed (NFA),RP-Lead,2019-02-21,,Richard Takaba
7960,975,Site Cleanup Completed (NFA),RP-Lead,2006-10-02,"HEER VRP Letter dated July 15, 2004",To VRP
7961,2545,Suspected release,RP-Lead,2019-04-04,"Nicole will be following up on the suspected release.  Raelynn called to report a suspected release on Tank 2 storing premium. The tank annular sensor had an alarm, fuel was found in the interstitial space.  Told her to do a system test and to drain the tank.  It will take about 2 weeks to get approval to do system testing.  - rk",
7962,2486,Disconfirmed Release,RP-Lead,2019-01-18,"3/27/19-received containment sump integrity test (pass), piping interstitial integrity test (pass),  LTT (pass).  2/15/19-received Appendix 1 and test report for replacing the lines",
7964,2505,Soil Vapor Sampling,RP-Lead,2019-03-02,soil and SV sampling requested AH,Allison Hutto
7965,2489,Site Cleanup Completed with EHE/EHMP,RP-Lead,2019-03-01,cond NFA w/ EHE EHMP U0305RT,Richard Takaba
7966,2487,Disconfirmed Release,RP-Lead,2019-03-02,3/2/2019 letter issued - rk,
7967,2546,Suspected release,RP-Lead,2019-03-28,failed testing discovered during site inspection from 2 tanks- rk,
7975,2424,Remedy Decision Pending (ongoing monitoring),RP-Lead,2019-04-15,need active remediation workplan,Allison Hutto
7976,2396,Remedy Decision Pending (ongoing monitoring),RP-Lead,2019-03-21,Jan 2019 Groundwater Monitoring Report received.,Allison Hutto
7977,2454,LUST Cleanup Initiated,RP-Lead,2018-01-18,Received Closure and Release Response Report,Allison Hutto
7978,2454,Site Cleanup Completed (NFA),RP-Lead,2019-03-22,Sent NFA letter U0323AH,Allison Hutto
7982,1850,Site Assessment Completed (delineated),RP-Lead,2019-03-08,"Received EHE/EHMP, site is delineated just waiting on one confirmatory round of GWM",Allison Hutto
7983,1640,Site Cleanup Completed (NFA),RP-Lead,2001-01-04,DOH ltr U01013JU,Jeffrey Ung
7984,846,Soil Vapor Sampling,RP-Lead,2019-04-19,SV report received,Allison Hutto
7985,2451,Site Cleanup Completed (NFA),RP-Lead,2019-03-22,,Richard Takaba
7986,2540,Consolidated releases,RP-Lead,2019-05-07,"5/7/2019 - Consolidated to Release ID 090008. Release ID 070012 had minimal contamination with a Barium exceedance compared to old DOH EALs. When compared to current DOH EALs, the Barium concentration is below. Refer to Sli comment below dated 05/11/2007 for CRN letter. - ah",Allison Hutto
7987,2542,Consolidated releases,RP-Lead,2019-05-07,5/7/2019 - Consolidated to Release ID 090008. A Phase II was performed in 2/2008 in which one exceedance of 1100 mg/kg for EFH (C13-C40) was found at about 5-7 ft bgs in B3. - ah,Allison Hutto
7988,2534,Consolidated releases,RP-Lead,2019-05-07,5/7/2019 Consolidated to Release ID 090008. Release ID 090033 was from a report of water entering the UST and a high water alarm from 9/2/2009. Refer to rkwan comment on 09/10/2009. - ah,Allison Hutto
7992,2548,Suspected release,RP-Lead,2019-05-16,"nicole okino is following up on the suspected release .  Tank 1 (’92 Product) was having a hard time passing the auto 0.2 tightness test for this month, so we sent our techs out to try a manual pass yesterday 05.15.19 and it failed",
7994,2521,LUST Cleanup Initiated,RP-Lead,2019-01-09,,Richard Takaba
7995,2521,Site Cleanup Completed (NFA),RP-Lead,2019-04-08,U0408RT,Richard Takaba
7998,2549,Suspected release,RP-Lead,2019-05-20,Nicole O. is the lead -- Fuel discovered during compliance inspection.  Approximately 3 gallons from Tank 1 piping sump,
8000,2551,Suspected release,RP-Lead,2019-04-26,Turn in Form 1 to TOU Tank 5.  Found brine in the piping sump.,
8001,2548,Confirmed Release,RP-Lead,2019-05-23,release is from tank 1(92) - rk,Richard Takaba
8002,2523,Disconfirmed Release,RP-Lead,2019-03-19,Tank passed TTT and LTT and interstitial integrity test.,Nicole Okino
8003,2552,Suspected release,RP-Lead,2019-05-22,Found diesel in piping trench during compliance inspection,
8004,2547,Suspected release,RP-Lead,2019-04-09,"4/9/2019 discovery of fuel in the piping sump of Tank 3.  On April 9, 2019, a line tightness test was conducted and failed    - rk", Suspected
8005,2491,Disconfirmed Release,,2018-10-17,Roy closed suspected release 10/17/18 with the inspection.,
8006,2390,Site Cleanup Completed with EHE/EHMP,RP-Lead,2019-05-30,"Conditional NFA letter (U0534AH) sent on May 30, 2019 -AH",Allison Hutto
8007,2549,Disconfirmed Release,,2019-06-28,Harlan sent system test results.  Tank and line tightness tests passed.,Richard Takaba
8008,2524,Disconfirmed Release,,2019-06-26,Line tightness test and line integrity test passed.,Nicole Okino
8009,1093,Site Assessment Ongoing,RP-Lead,2019-06-01,researching position of IDPP and Aloha,Allison Hutto
8010,2377,LUST Cleanup Initiated,RP-Lead,2017-08-01,GWM report dated 8/1/17 to achieve delineation and assess amount of contamination remaining after UST closure and removal,Allison Hutto
8011,2377,Site Cleanup Completed (NFA),RP-Lead,2019-07-02,Unrestricted NFA letter U0660AH sent after 3 rounds of GWM had analytical results of ND/less than applicable EALs,Allison Hutto
8012,2468,LUST Cleanup Initiated,RP-Lead,2017-10-31,Contaminated Soil Removal and Soil Stockpile Sampling Report received by DOH on 6/27/2019. Outlined release response activities regarding removal of contaminated soil under dispenser and piping. -AH,Allison Hutto
8013,2431,Site Assessment Ongoing,RP-Lead,2017-05-08,"5/24/2017 DOH received ""Dispenser Area Soil Sampling"" report to delineate remaining contamination underneath Dispenser",Allison Hutto
8014,2553,Suspected release,RP-Lead,2019-07-05,"July 1, 2019 L11 alarm for Tank 1 (10,000 gallon diesel).  Paste says only water. Call HEER office July 3.  July 5 HEER office called UST.",
8015,2410,LUST Cleanup Initiated,RP-Lead,2015-12-17,"2/9/2016 DOH received ""Piping Removal and Replacement Release Response Report"" outlining excavation and confirmation sampling of contamination found under dispenser -AH",Allison Hutto
8016,2525,Disconfirmed Release,,2019-07-05,"TTT passed on 6/29/19, LTT passed on 7/1/19",Shunsheng Fu
8017,2240,Consolidated releases,RP-Lead,2017-12-20,consolidated into release no. 150029 - rk,Allison Hutto
8021,2554,Suspected release,RP-Lead,2019-06-28,"Annular alarm from Tank 2.  Dave conducted an interstitial integrity test.  IIT failed, but found holes in annual sensor riser pipe", suspected
8022,2554,Disconfirmed Release,RP-Lead,2019-07-08,PAR repaired riser pipe and conducted IIT again-Passed.  And LTT-passed., suspected
8023,2555,Suspected release,RP-Lead,2019-07-18,Annular alarm on tank 3 on 7/17/19.,Richard Takaba
8024,2556,Suspected release,RP-Lead,2019-07-22,7/18/19-Tank 2 (92) Interstitial alarm.  7/19/19- Technician discovered and removed water from Interstitial space.  7/22/19- Holly stated system test schduled for 7/23/19.,
8025,2557,Suspected release,RP-Lead,2019-07-25,tank 3 premium tank  - csld failed - rk, suspected
8026,2556,Disconfirmed Release,RP-Lead,2019-07-31,"TTT and LTT passed on 7/23/19.  Interstitial integrity test failed.  PAR will repair interstitial space, but this is not a release.",
8027,2559,Suspected release,RP-Lead,2019-06-20,during dj inspection it was discovered that the outer tank is believed to be compromised (keeps leaking brine). Advised HT to notify DOH of closure/removal of tank as no release detection can be performed. sump sensor removed and tank contains fuel.- dj, suspected
8028,2560,Suspected release,,2019-08-02,"DJ did an inspection on 6/20/2019 and it was discovered that sump sensor has been removed, tank contains fuel. Outer tank is believed to be compromised (keeps leaking brine).  She advised HT to notify DOH of closure/removal of tank as no release detection can be performed.

On  7/29/2019  Hwn Tel sent the attached form 1 and information that they are discussing the removal of the tank.",
8031,2558,Confirmed Release,RP-Lead,2019-06-18,8/9/2019 - Closure report received on 6/18/2019 indicated diesel COPCs in soil with analytical results below applicable DOH EALs. -AH,Allison Hutto
8033,2563,Suspected release,RP-Lead,2019-08-15,"8/15/19-Annular alarm.  Tech responded and found liquid-thought it was condensation. 8/20/19- second alarm and Dave Wolf responded to do interstitial integrity test.  Test failed.  Did not test all 3 inner tanks. 
To schedule TTT.",
8034,2342,Disconfirmed Release,RP-Lead,2017-04-13,ttt done in 4/13/2017 passed - rk,Roxanne Kwan
8035,2557,Confirmed Release,RP-Lead,2019-08-10,"8/10/2019 ttt failed 
 - rk",Richard Takaba
8036,2468,Site Cleanup Completed (NFA),RP-Lead,2019-08-13,"NFA letter U0807AH sent on Aug 13, 2019.",Allison Hutto
8037,2532,Site Cleanup Completed with EHE/EHMP,RP-Lead,2019-08-12,"DOH letter U0808AH sent on Aug 12, 2019.",Allison Hutto
8038,2043,Monitored Natural Attenuation,RP-Lead,2019-05-23,"Semi-annual groundwater monitoring report (Jan 2019) received on May 23, 2019 discusses the shut-down of the Dual-Phased Extraction system in Sept 2016 and its elevated detections of methane signifying biodegradation/MNA -AH 8/27/2019",Allison Hutto
8039,2553,Disconfirmed Release,RP-Lead,2019-09-09,"System tests passed on July 10, 2019",
8041,1814,Site Cleanup Completed with EHE/EHMP,RP-Lead,2019-09-10,DOH-UST letter U0917AH sent on 9/10/2019,Allison Hutto
8043,2469,Active Remediation,RP-Lead,2019-10-15,"work plan reviewed, proceed with install -RT",Richard Takaba
8045,2565,Confirmed Release,RP-Lead,2017-01-04,closure rept was emailed on 2/12/2018.,Richard Takaba
8047,2566,Confirmed Release,RP-Lead,2019-10-10,"tank 1 - release detection equipment had alarm on 10/9/2019.  ltt failed - rk ; *correction - RI and AH called to clarify dates and responses, tanks 1-3 are manifolded and had a line leak alarm on 10/3/2019. Those tanks TOU on 10/5/2019. Dave Wolf did LTT on 10/9/2019 and failed. Nakai to come out and determine where in piping release occured then will begin release response. - AH 10/17/2019*",Allison Hutto
8124,2118,LUST Cleanup Initiated,RP-Lead,2009-06-02,,To DERA
8049,2558,LUST Cleanup Initiated,RP-Lead,2019-06-19,Closure report was reviewed - detectable COPCs were present however under applicable DOH EALs. Area of UST delineated. -AH,Allison Hutto
8050,1575,Site Cleanup Completed (NFA),RP-Lead,2016-04-22,9/20/2019 rec letter dated 4/22/2016 from heer office that site has been nfa - rk,To Heer
8051,1672,Site Cleanup Completed with EHE/EHMP,RP-Lead,2016-04-22,9/20/2019 rec letter dated 4/22/2016 from heer office that site has been nfa with ehmp -  rk,To Heer
8052,654,LUST Cleanup Initiated,RP-Lead,1992-02-28,,To DERA
8053,654,Site Cleanup Completed (NFA),RP-Lead,2013-02-19,9/20/2019 rec letter dated 02/19/2013 from HEER office - rk,To DERA
8054,2094,LUST Cleanup Initiated,RP-Lead,2007-07-19,,To DERA
8055,2094,Site Cleanup Completed with EHE/EHMP,RP-Lead,2017-10-30,9/20/2019 rec letter dated 10/30/2017 from HEER office - rk,To DERA
8056,2558,Site Cleanup Completed (NFA),RP-Lead,2019-07-26,DOH NFA letter U0752AH sent on 7/26/2019,Allison Hutto
8057,2271,LUST Cleanup Initiated,RP-Lead,2014-07-21,,To DERA
8058,2271,Site Cleanup Completed with EHE/EHMP,RP-Lead,2014-07-21,9/20/2019 rec email copy from HEER office - rk,To DERA
8059,255,Site Cleanup Completed with EHE/EHMP,RP-Lead,2018-08-07,9/20/2019 rec letter from heer office - rk,To Heer
8066,2564,Suspected release,RP-Lead,2019-09-11,Found suspected release during compliance inspection by Nicole Okino.  There were many alarms going off for annular space of tanks 1 and 2.  During the inspection there was a repair record from 1/10/19- requesting a specialist to test the tank.,Nicole Okino
8069,2568,Suspected release,RP-Lead,2019-10-25,Aloha monitors inventory daily and runs release detection ATG every  days due to single walled tank., suspected
8072,2569,Suspected release,RP-Lead,2019-10-31,Tank 3 92 didn't pass monthly release detection.  Inventory says losing approximately 1-2 gallons per hours., suspected
8074,2568,Confirmed Release,RP-Lead,2019-11-11,CRN form was received by DOH via email.,Allison Hutto
8075,2570,Suspected release,RP-Lead,2019-11-12,Holly reported an annular alarm from 11/11/19.  Dave responded and removed water.  Also conducted interstitial integrity test and failed.  To do system test tomorrow.,Shunsheng Fu
8077,2410,Site Cleanup Completed (NFA),RP-Lead,2019-11-20,"DOH letter U1109AH sent on November 20, 2019.",Allison Hutto
8079,2572,Suspected release,RP-Lead,2019-11-22,"During compliance inspection conducted by DJ, the facility had high liquid alarms in L1 on  Tank M-2.  And Tank M-1 has Ronan and missing release detection with alarms too.",
8080,2450,Disconfirmed Release,RP-Lead,2019-09-25,reviwed the closure rept- nfw letter issued on 9/25/2019 - rk,Roxanne Kwan
8081,2570,Disconfirmed Release - investigation ongoing,RP-Lead,2019-12-31,11/12/19-TTT passed. IIT failed. So there is a breach in the outer wall.  No release to the environment., suspected
8082,2573,Confirmed Release,RP-Lead,2012-06-06,12/5/2019  - 7/19/2012 rec closure report that an ust was discovered during repaving of parking lot.  -  rk,Richard Takaba
8083,2573,LUST Cleanup Initiated,RP-Lead,2013-06-06,,Richard Takaba
8089,2577,Confirmed Release,RP-Lead,2014-06-05,Received UST Closure Report,Allison Hutto
8090,2577,LUST Cleanup Initiated,RP-Lead,2014-06-05,,Allison Hutto
8091,2324,Site Cleanup Completed (NFA),RP-Lead,2019-12-10,DOH NFA letter U1224AH sent on 12/10/2019. Refer to R: for letter.,Allison Hutto
8093,2422,Site Assessment Ongoing,RP-Lead,2019-12-12,,Richard Takaba
8097,2394,Site Assessment Ongoing,RP-Lead,2019-12-12,,Richard Takaba
8098,2350,Site Assessment Ongoing,RP-Lead,2019-12-12,,Richard Takaba
8099,2578,Suspected release,RP-Lead,2019-08-08,suspected release from tank 2,Allison Hutto
8103,2565,LUST Cleanup Initiated,RP-Lead,2017-01-04,,Richard Takaba
8104,2572,Disconfirmed Release,RP-Lead,2020-01-03,Conducted tank and line tightness test on Tank M-1 and M-2.  All passed.,
8105,2555,Disconfirmed Release,RP-Lead,2020-01-10,System test conducted on 7/19/19.  Tank and line tightness tests pass.  Interstitial integrity test on tank fail.  Repaired riser pipe.  Wilbert tested on 7/25/19- interstitial integrity pass.,Richard Takaba
8106,2579,Confirmed Release,RP-Lead,2019-12-20,Found post from repaving struck piping.,Allison Hutto
8107,2579,Suspected release,RP-Lead,2019-12-20,Neil called in suspected release because primary pipe failed numatic pressure test.,Allison Hutto
8108,2571,Suspected release,RP-Lead,2019-11-13,Kenneth Seamon called in suspected release due to inventory alarm.  Roxanne instructed him to empty the tank as much as possible into other 2 tanks and fleet cars.  Do not have reliable access to removal truck and UST maintenance.  - tank 2,Richard Takaba
8109,2571,Confirmed Release,RP-Lead,2019-12-09,Tank tightness test failed.  No secondary containment and safe suction piping.,Richard Takaba
8110,2548,LUST Cleanup Initiated,RP-Lead,2019-10-09,wells and SV sampling performed,Richard Takaba
8114,2577,Site Cleanup Completed (NFA),RP-Lead,2020-01-13,DOH letter U0105AH sent on 1/13/2020. Refer to R: for letter.,Allison Hutto
8116,2438,Disconfirmed Release,RP-Lead,2019-12-31,"TTT and ITT failed.  Dave says ""As vacuum built in the annular space, equal vacuum was built in the primary tank.  Did not take the annular to 10” Hg as the primary tank is not rated for it.  By venting the primary tank the vacuum is the annular space would also drop to zero within 15 minutes.  This is conclusive proof there is a breach between the primary and annular space.”", suspected
8117,2391,LUST Cleanup Initiated,RP-Lead,2017-04-28,GW sampling rpt,Richard Takaba
8118,2547,Disconfirmed Release,,2019-05-24,Replaced/repaired piping run.  Conducted system test again and passed., Suspected
8119,2578,Confirmed Release,RP-Lead,2019-11-08,work order confirmed a release occurred - rk,Allison Hutto
8120,2580,Suspected release,RP-Lead,2020-01-29,1/29/20-Tank 1 (87) M. Nakai to replace dispenser-purging line to replace dispenser-noticed 87 line was not holding pressure.  Checked sump and found slow drip into sump. Might be from repairing section.,
8121,2573,Site Cleanup Completed (NFA),RP-Lead,2020-01-22,,Richard Takaba
8122,2117,LUST Cleanup Initiated,RP-Lead,2009-06-02,,To DERA
8123,2117,Site Cleanup Completed (NFA),RP-Lead,2009-06-02,see heer letter dated 06/02/2009  09-362 pm,To DERA
8125,2118,Site Cleanup Completed (NFA),RP-Lead,2009-06-02,see heer letter dated 06/02/2009.  362 spm,To DERA
8126,609,Site Cleanup Completed with EHE/EHMP,,2018-12-24,,To VRP
8127,2565,Site Cleanup Completed (NFA),RP-Lead,2020-02-18,,Richard Takaba
8129,2581,Confirmed Release,RP-Lead,2020-01-31,tank discovered during excavation for PV footing - rk,Richard Takaba
8130,2582,Suspected release,RP-Lead,2020-02-27,2/27/20-Annular alarm.  Dave responded and found water in the interstitial space. Conducted an interstitial integrity test and failed.,
8132,1402,Monitored Natural Attenuation,RP-Lead,2017-06-30,MPX unit shut down diminishing returns,Richard Takaba
8133,2583,Confirmed Release,RP-Lead,2020-03-09,"3/13/2020 - UST Closure report received on 3/9/2020 indicated detections of TPH-o, Barium, Chromium, and Lead.",Allison Hutto
8134,1850,Site Cleanup Completed with EHE/EHMP,RP-Lead,2020-03-17,NFA with Restrictions letter U0320AH sent on 3/17/2020,Allison Hutto
8136,2488,Confirmed Release,RP-Lead,2018-04-14,submitted crn dated 4/6/2020 - rk,Richard Takaba
8137,2544,Site Cleanup Completed (NFA) with Restrictions,RP-Lead,2020-04-17,,Richard Takaba
8138,2569,Disconfirmed Release - investigation ongoing,,2019-12-31,11/4/19-TTT passed again. But still have to figure out why the alarms are on., suspected
8139,2583,LUST Cleanup Initiated,RP-Lead,2020-03-09,,Allison Hutto
8140,2583,Site Cleanup Completed (NFA),RP-Lead,2020-04-20,4/20/2020 DOH letter U0341AH issued - rk,Allison Hutto
8142,263,Site Cleanup Completed (NFA) with Restrictions,RP-Lead,2020-04-30,"DOH letter U0424AH sent on April 30, 2020. Letter located in R:.",Allison Hutto
8143,2584,Confirmed Release,RP-Lead,2020-02-01,Notified through closer report,Miranda Fleisher
8144,2584,LUST Cleanup Initiated,RP-Lead,2020-02-01,,Miranda Fleisher
8145,2584,Site Cleanup Completed (NFA),RP-Lead,2020-09-28,,Miranda Fleisher
8148,2586,Suspected release,RP-Lead,2020-05-07,87 tank (should be 1A) - annual alarm.  Water found interstitial space.  Dave wolf will be doing ttt when possible - rk,
8150,2580,Suspected release,RP-Lead,2020-04-30,emailed alarm for the 87 piping -rk,Allison Hutto
8151,2580,Confirmed Release,RP-Lead,2020-05-04,5/4/2020 LTT failed and inventory show a loss of 3000 gallons -rk,Allison Hutto
8153,2424,Active Remediation,RP-Lead,2020-05-08,Active Remediation Workplan was approved in DOH letter U0521AH dated 5/8/2020. Active remediation installation and operation to begin immediately.,Allison Hutto
8156,2587,Suspected release,RP-Lead,2020-05-24,5/24/20-annular alarm on tank 2 (2-compartment tank). Dave responded-water in interstitial space.  Conducted system test.  TTT and LTT pass.  IIT failed., suspected
8158,2445,Disconfirmed Release,RP-Lead,2020-06-22, 6/22/2020 - nfw letter issued - rk,Roxanne Kwan
8159,2587,Disconfirmed Release - investigation ongoing,RP-Lead,2020-06-30,6/30/2020 - doh letter sent out - rk, suspected
8160,2588,Confirmed Release,RP-Lead,2020-07-10,tank 2 failed a leak test.  Tank is empty - rk,Miranda Fleisher
8161,2546,Disconfirmed Release,RP-Lead,2020-10-26,RP sent tank repair record and passing TTT.,
8162,2589,Confirmed Release,RP-Lead,2020-07-15,tank 1 (6000 gallon) failed ttt.  Line ttt passed . - rk,Anay Shende
8163,2590,Confirmed Release,RP-Lead,2019-10-28,"Confirmed based on closure report. Closure report received by the Dept 7/10/2020, lab report within closure report dated 10/28/2019. Under unrestricted EALs.",Allison Hutto
8164,2591,Suspected release,RP-Lead,2020-08-03,abraham called stating that the pump (tank 2) was pumping slowly. Glenn Hobbs and Dave Wolfe did a line tt and the piping failed - rk, suspected
8165,2591,Disconfirmed Release,RP-Lead,2020-08-11,, suspected
8166,2590,LUST Cleanup Initiated,RP-Lead,2019-10-29,"Used Oil UST was already removed, analytical results below U/R EALs, used clean gravel backfill for pit.",Allison Hutto
8167,2590,Site Cleanup Completed (NFA),RP-Lead,2020-08-13,DOH letter U0812AH sent out on 8/13/2020.,Allison Hutto
8168,2397,Soil Vapor Sampling,RP-Lead,2018-06-08,Received report for nested SV sampling for vertical delineation of one soil sample exceedance.,Allison Hutto
8172,2417,LUST Cleanup Initiated,RP-Lead,2016-03-15,"UST pulled, pea gravel stockpiled, FP sheen absorbed with absorbent pads, soil and groundwater sampled, backfill burrito wrapped and placed back into excavation, GW monitoring well installed within backfill.",Allison Hutto
8173,2579,LUST Cleanup Initiated,RP-Lead,2019-12-31,"Trenched along piping, found the hole from the post that struck it, removed surrounding pea gravel along area of hole to expose native soil, took MI soil sample of trench.",Allison Hutto
8174,2396,LUST Cleanup Initiated,RP-Lead,2019-11-27,DOH further work letter U1148AH requested for another GW monitoring well to achieve eastern GW delineation.,Allison Hutto
8175,2431,LUST Cleanup Initiated,RP-Lead,2019-08-19,DOH further work letter U0811AH requested for further delineation of dispenser unit via SV sampling.,Allison Hutto
8176,2404,LUST Cleanup Initiated,RP-Lead,2020-01-10,DOH further work letter U0118AH requested for lateral and vertical soil delineation.,Allison Hutto
8177,942,LUST Cleanup Initiated,RP-Lead,2019-03-02,DOH further work letter U0301AH requested for soil and GW delineation.,Allison Hutto
8178,2505,LUST Cleanup Initiated,RP-Lead,2019-10-21,"Removed UST system, aerated native soil (basalt), installed piping to allow for passive venting of SV from pit, installed conductor casing placeholders for further SV work, backfilled with clean pea gravel.",Allison Hutto
8179,2470,LUST Cleanup Initiated,RP-Lead,2019-04-25,"Removed USTs, aerated pit, installed conductor casings for further SV work.",Allison Hutto
8180,846,LUST Cleanup Initiated,RP-Lead,2020-01-29,DOH further work letter U0129AH requested for further SV work in order to delineate SV plume on adjacent Big Rock property. Pending GW/soil delineation depending on upcoming transducer/soil probe testing and installation of eastern GW monitoring well.,Allison Hutto
8181,2592,Suspected release,RP-Lead,2020-08-27,8/31/2020 rec call from Patrick Nakayama reporting a suspected release.  Found brine in the inner tank - rk, suspected
8182,2397,LUST Cleanup Initiated,RP-Lead,2020-08-31,Sent DOH letter U0817AH requesting for sub-slab SV and revision of EHE/EHMP,Allison Hutto
8183,2579,Site Cleanup Completed (NFA),RP-Lead,2020-09-03,NFA (DOH letter U0909AH) letter sent.,Allison Hutto
8185,2500,Disconfirmed Release,RP-Lead,2020-09-03,9/3/2020 reviewed closure rept dated 11/11/2019. Allison issued NFW letter and suspected release is disconfirmed - rk,Allison Hutto
8186,303,LUST Cleanup Initiated,RP-Lead,2013-02-26,"Free product, not delineated, no EHE/EHMP -AH 9/4/2020",Allison Hutto
8187,1011,Monitored Natural Attenuation,RP-Lead,2009-09-24,"Per SLi letter indicated below (U0925SL), it in impracticable to conduct active remediation and the site can be managed under an EPMP. AH to review and determine if close to NFA. -AH 9/4/2020",Allison Hutto
8188,2238,LUST Cleanup Initiated,RP-Lead,2020-07-13,"After review, site still lacks delineation. AH currently drafting a further work letter -AH 9/4/2020",Allison Hutto
8189,2332,Monitored Natural Attenuation,RP-Lead,2019-08-05,Installed GWM well as requested by SLi in 2017 and RT in 2018. Site appears to be delineated. AH to review and determine how close site is to NFA -AH 9/4/2020,Allison Hutto
8190,226,Monitored Natural Attenuation,RP-Lead,2012-12-06,"Per SLi letter (U1206SL) below, this site had the options of EHE/EHMP, a Tier 3 Risk Assessment, or reduction of COPC concentrations in order to achieve NFA. Currently managed under an EPMP.",Allison Hutto
8191,1866,Monitored Natural Attenuation,RP-Lead,2018-10-26,"Per SFu letter (U1029SF) below, facility is managed under an EPMP and DOH requested that an EHE/EHMP be prepared.",Allison Hutto
8192,1170,Monitored Natural Attenuation,RP-Lead,2016-11-29,"Per SFu letter (U1119SF) and comm log from 2018, site has been delineated and an EHE/EHMP submitted. DOH had a final request to address SV.",Allison Hutto
8193,2255,Monitored Natural Attenuation,RP-Lead,2014-09-17,SLi letter (U0919SL) requests disposal records before able to issue NFA.,Allison Hutto
8194,2419,LUST Cleanup Initiated,RP-Lead,2018-06-19,"Removed USTs, did MI soil sampling. RHeu letter (U0625RH) recommends submittal of EHE/EHMP to manage the TPH-o >EALs.",Allison Hutto
8195,2464,LUST Cleanup Initiated,RP-Lead,2018-01-25,"Report received reiterating tank removal, pit sampling, and plans to backfill, pave, and install a GWM well.",Allison Hutto
8196,2479,LUST Cleanup Initiated,RP-Lead,2018-06-20,"Report dated 6/13/2018 detailed UST system and dispenser removal, soil excavation and stockpiling, and confirmation soil sampling. AH to review -AH 9/4/2020",Allison Hutto
8197,2536,Consolidated releases,RP-Lead,2020-09-04,Consolidating this with release ID 200008 - release is same tank pit and have plans to remove existing UST system and undergo clean-up activities.,Allison Hutto
8198,2427,LUST Cleanup Initiated,,2014-11-11,,Richard Takaba
8203,2563,Disconfirmed Release - investigation ongoing,RP-Lead,2019-12-31,Received 3 tank and 3 line tightness tests.  All passed., suspected
8204,2586,Disconfirmed Release - investigation ongoing,RP-Lead,2020-06-29,Received system test results.  TTT and LTT pass.  ITT fail.  Tank Tech to repair interstitial space in early June., suspected
8205,2551,Disconfirmed Release - investigation ongoing,RP-Lead,2019-11-04,Tank and line tightness tests and interstitial integrity test all pass.  Found a crack in the riser of the interstitial space.-nko, suspected
8206,2582,Disconfirmed Release - investigation ongoing,RP-Lead,2020-02-27,2/27/20-Afternoon- After failed interstitial integrity test Dave conducted a TTT and LTT.  Both Passed., suspected
8207,1132,Monitored Natural Attenuation,RP-Lead,2012-06-15,,Richard Takaba
8208,1211,Monitored Natural Attenuation,RP-Lead,2012-06-15,,Richard Takaba
8210,2593,Confirmed Release,RP-Lead,2020-09-10,tank 1 (supreme) piping release - rk,Miranda Fleisher
8211,2594,Confirmed Release,RP-Lead,2020-08-25,failed ltt on tank 1,Miranda Fleisher
8213,2591,Confirmed Release,RP-Lead,2020-09-23,9/16/20-  got boots for interstitisal integrity test. test scheduled for 9/21.  9/23 rec email that the test failed.   - rk,Miranda Fleisher
8223,2602,Suspected release,RP-Lead,2020-09-29,9/29/2020 rec email. tank 3 pemium grade - rk, suspected
8224,2603,Suspected release,RP-Lead,2020-09-29,"9/29/2020 rec call from Pat Iona.  There was an annular alarm, dave wolf went out o 9/28/2020.  line and tank tt done on 9/29/202 and both passed.  Intertitial test failed.  Will run tank to less than 1""inch. Tou and determne next steps -rk", suspected
8225,2522,Disconfirmed Release,RP-Lead,2020-10-08,letter was drafted by rich - rk,
8226,2603,Disconfirmed Release - investigation ongoing,RP-Lead,2021-01-14," There was an annular alarm, dave wolf went out o 9/28/2020.  line and tank tt done on 9/29/202 and both passed.  Intertitial test failed.", suspected
8227,275,Consolidated releases,RP-Lead,2020-10-21,Consildated into 990058,Anay Shende
8228,1132,Consolidated releases,RP-Lead,2020-10-21,10/21/2020Consildated into 990058- AS,Anay Shende
8229,1211,Consolidated releases,,2020-10-21,10/21/2020Consildated into 990058- AS,Anay Shende
8230,2604,Confirmed Release,RP-Lead,2020-11-13,Release Notification from HEER Office. Refer to AH's 11/17/2020 comment below.,Allison Hutto
8231,2605,Suspected release,RP-Lead,2020-08-28,tank 1 87 gasohol - rk, suspected
8241,2613,LUST Cleanup Initiated,RP-Lead,2020-12-21,CRN submitted 12/21/2020 - MI soil samples obtained during piping and dispenser removal had results over EALs for Styrene.,Miranda Fleisher
8243,2614,Confirmed Release,RP-Lead,2020-12-28,K and K environmental performed line tightness test per inspection response. Line tightness test failed to hold pressure.,Allison Hutto
8244,2350,Site Cleanup Completed (NFA),RP-Lead,2020-12-15,,Richard Takaba
8245,2480,LUST Cleanup Initiated,RP-Lead,2020-12-03,UST removal and sampling/removal of impacted native soil began.,Allison Hutto
8246,2580,LUST Cleanup Initiated,RP-Lead,2020-09-01,9/1/2020 installed perimeter GWM wells and took MI soil samples/GW samples. October replaced piping.,Allison Hutto
8247,2578,LUST Cleanup Initiated,RP-Lead,2020-12-14,USTs were removed - still waiting on closure report and Form I,Allison Hutto
8248,2332,Site Assessment Completed (delineated),RP-Lead,2020-07-15,,Allison Hutto
8249,2488,LUST Cleanup Initiated,RP-Lead,2020-01-22,,Richard Takaba
8250,2615,Suspected release,,2021-02-12,On 2/12/21 noticed L2 alarm on Tank 1 (87) in STP sump. Slow leak detected.,
8251,2602,Disconfirmed Release - investigation ongoing,,2021-02-23,, suspected
8252,2479,Site Cleanup Completed (NFA),RP-Lead,2021-02-12,NFA letter U0116AH sent out on 2/12/2021,Allison Hutto
8253,2616,Suspected release,RP-Lead,2021-02-23,"01/25/2021 - The ATG indicated a high-water warning alarm for tank 2.  Fuel sales from tank 2 were discontinued.  Arrangements to have a technician come on site to investigate were made immediately.

01/26/2021- Technician (M. Nakai) on site to troubleshoot.  PCS/Unitek pumped out 310 Gals of water/fuel.  Ref.:  Non HazWaste Manifest 40111.  
  Technician unable to determine the water infiltration point but brine level remains the same.

02/22/2021 - Technician (Fuel System's Repair - Dave Wolf) conducts precision test on T2.  T2 failed test.  Dave Wolf indicated that the vacuum to conduct the tightness test on the tank was not holding and that the brine in the remote reservoir disappeared upon testing.",Allison Hutto
8255,2617,Confirmed Release,RP-Lead,2021-03-04,,Anay Shende
8260,2591,Site Cleanup Completed (NFA),RP-Lead,2021-02-16,,Miranda Fleisher
8262,2604,LUST Cleanup Initiated,RP-Lead,2020-11-13,"Immediately following release confirmation under dispensers, soil was excavated until impacted soil completely removed and PID indicated clean soil.",Allison Hutto
8263,2604,Site Cleanup Completed (NFA),RP-Lead,2021-03-19,NFA letter U0325AH sent from clerical,Allison Hutto
8264,2490,LUST Cleanup Initiated,RP-Lead,2021-03-23,,Miranda Fleisher
8265,2263,LUST Cleanup Initiated,RP-Lead,2021-03-25,,Miranda Fleisher
8266,2624,Confirmed Release,RP-Lead,2021-03-31,3/31/21-TTT failed on 3/30/21. Awaiting test results.,Allison Hutto
8267,2624,Suspected release,RP-Lead,2021-03-30,"Tank 3 CSLD last passed on 1/9/2021, no passing test since then; Dave Wolf performed a tank tightness test on 2/12/2021 and it passed. Probe still seeing a leak, IES decided to call it in as a suspected release.",Allison Hutto
8268,2625,Confirmed Release,RP-Lead,2021-01-04,Lab report reveals TPH-d concentration > 25% of U/R EAL,Allison Hutto
8269,2625,LUST Cleanup Initiated,RP-Lead,2021-01-05,"After received lab report, backfilled with excavated pea gravel and imported clean fill.",Allison Hutto
8270,2625,Site Cleanup Completed (NFA),RP-Lead,2021-04-14,NFA letter U0426AH sent out on 4/14/2021.,Allison Hutto
8271,2626,Confirmed Release,RP-Lead,2020-08-06,12/28/2020 rec clsoure report and form 1 - ust removed. - rk  4/30/2021 release 210007 assigned. - rk,Miranda Fleisher
8273,2629,Confirmed Release,RP-Lead,2021-05-12,Elevated TPH-d and lead results upon removal of dispensers.,Allison Hutto
8274,2630,Confirmed Release,RP-Lead,2021-06-01,impacted soil found during repair of spill bucket - rk,Miranda Fleisher
8275,2631,Suspected release,RP-Lead,2021-06-08,Failed release detection testing (CSLD) for May. DL Downing tried to fix but still having probe issues.  Dave is being scheduled to conduct system test.,
8276,2615,Disconfirmed Release,,2021-03-29,"Found the failure was coming from a 'Y' joint within the piping sump.  Repaired the joint. Nakai performed a secondary contaiment test on March 2, 2021- PASS.  Dave conducted a LTT on March 4, 2021-PASS",
8277,2582,Disconfirmed Release,,2021-05-17,Original Tank Tightness Test passed in 2/2020. Finished co-structural repair in 5/2021.  To send in Form 3., suspected
8278,2563,Disconfirmed Release,,2020-06-08,Tank Tech Repaired on 6/2020 with an after repair TTT passed on 6/17/20., suspected
8279,2586,Disconfirmed Release,,2020-07-23,Tank Tech Repaired on 6/2020 with an after repair TTT passed on 6/17/20., suspected
8280,2570,Disconfirmed Release,,2020-02-11,2/21/20-Received Form 3 for installtion of co-structural tank., suspected
8281,2603,Disconfirmed Release,,2021-05-21,5/21/21-Installed co-sturctural system on Tank 2., suspected
8282,2587,Disconfirmed Release,,2021-05-05,3/8/21-Tanks removed from the ground. 5/5/21-No Further Work letterby Allison., suspected
8283,2626,LUST Cleanup Initiated,RP-Lead,2020-08-06,,Miranda Fleisher
8284,2626,Site Cleanup Completed (NFA),RP-Lead,2021-06-10,,Miranda Fleisher
8286,2614,Disconfirmed Release,RP-Lead,2021-06-24,N.Nakai verified and certified with a letter that method of product dispensing is safe suction.,Allison Hutto
8288,2632,Confirmed Release,RP-Lead,2021-05-17,The release was discovered in the closure report there was 33 ppm TPH in soil.,Miranda Fleisher
8289,2624,Consolidated releases,RP-Lead,2021-07-08,Consolidated with 070003,Allison Hutto
8290,2633,Confirmed Release,RP-Lead,2021-05-25,5/25/2021 VERIFIED THAT DURING TIMES OF OVERPRESSURE FRESH FUEL COULD BE PLACED IN THE DEFUEL LINE - RK,Richard Takaba
8291,2634,Confirmed Release,RP-Lead,2021-05-06,release occurred at piping joint near tank 20,Richard Takaba
8293,2636,Confirmed Release,RP-Lead,2021-07-16,called the HEER Office of about 150 gallons frompipeline  leaked.  110 gallons fuel rcovered.,Richard Takaba
8294,2631,Confirmed Release,RP-Lead,2021-07-30,joyce rizzo of jd2 env reported rekeas.  Tank removed - rk,Allison Hutto
8295,2637,Suspected release,RP-Lead,2021-07-30,"Tank 1 storing 92 - during annual maintenance, found product in the interstitial space.  A system test was done on Sat (8/1/2021).  The tank failed and the line passed. 8/2/20221 called to provide the results - rk",Allison Hutto
8296,2632,LUST Cleanup Initiated,RP-Lead,2021-05-17,,Miranda Fleisher
8297,2632,Site Cleanup Completed (NFA),RP-Lead,2021-07-02,NFA letter sent 7/2/2021,Miranda Fleisher
8299,2638,Suspected release,RP-Lead,2021-08-04,8/4/2021 received CRN via email of release - rk, suspected
8300,2639,Disconfirmed Release - investigation ongoing,RP-Lead,2021-09-14,9/2/21- TTT and LTT pass.  No release.  8/30/21- IIT fail.  8/27/21- Nakai added brine again. Nestor scheduled Dave.  8/9/21- L2 alarm for Tank 2 regular. Nakai added brine.,
8301,2639,Suspected release,RP-Lead,2021-08-09, 8/9/21- L2 alarm for Tank 2 regular. Nakai added brine.,
8303,2640,Suspected release,RP-Lead,2021-08-18,"8/17/21-Tank 1 storing regular, had L1 annular alarm. M Nakai confirmed fuel in the interstitial space. Emptied Tank 1 into Tank 2 and only selling regular 87.  Can not sell 89 and 92. Plan to replace tanks. TOU Tank 1 and turn in Form 1.", suspected
8304,2431,Site Cleanup Completed (NFA) with Restrictions,RP-Lead,2021-09-10,,Allison Hutto
8305,2490,Site Cleanup Completed (NFA),RP-Lead,2021-09-10,,Miranda Fleisher
8306,1991,Site Cleanup Completed (NFA),RP-Lead,2005-11-09,U10059SF,Shunsheng Fu
8307,2641,Suspected release,RP-Lead,2021-09-23,piping failed ltt on 9/23/2021 - rk, suspected
8308,2642,Confirmed Release,RP-Lead,2021-08-13,tank emoval,Richard Takaba
8309,2643,Confirmed Release,RP-Lead,2021-10-08,"received phone call from Raelynn Kishaba notifying the DOH of a confirmed release,  UST removal happened 10/07/2021",Miranda Fleisher
8310,2627,Confirmed Release,RP-Lead,2021-05-01,Analytical results from piping MI sample had ethanol and total xylenes above EALs.,Miranda Fleisher
8311,2488,Site Cleanup Completed (NFA) with Restrictions,RP-Lead,2021-10-01,U0938RT 10/1/21,Richard Takaba
8314,2645,Confirmed Release,RP-Lead,2021-11-20,,Anay Shende
8315,2646,Confirmed Release,RP-Lead,2021-12-06,Seepage during delivery on 12/3/2021,Allison Hutto
8316,2613,Site Cleanup Completed (NFA),RP-Lead,2022-03-21,,Miranda Fleisher
8318,2648,Confirmed Release,RP-Lead,2022-02-15,"During removal of dispensers and piping, found evidence of contamination in soil. Sampled soil and results >U/R EALs. Removed and disposed of contaminated soil.",Allison Hutto
8319,2649,Suspected release,,2022-02-18,"Liquid sensor (L2) associated with UST 1 piping sump went off on 2/17/2022 @ 6 pm. Per Anna Chung, Dave Wolf determined that the alarm was caused by the presence of fuel in the piping sump approx 3/4 cup. TTT and LTT, to include containment integrity testing, will be conducted as soon as the pieces of equipment arrive from the neighbor island. 

Since the required tests cannot be conducted ASAP, advised Anna to shut down T1 (87) 12K gallon tank, until confirmation tests are performed.",
8320,2613,Confirmed Release,RP-Lead,2020-12-21,,Miranda Fleisher
8322,2650,Confirmed Release,RP-Lead,2022-04-05,rel resp ltr 4/13/22,Richard Takaba
8323,2631,LUST Cleanup Initiated,RP-Lead,2021-07-31,"Tank removed and closure activities, including site assessment, began.",Allison Hutto
8324,2652,Confirmed Release,RP-Lead,2021-11-18,via closure rept dated 12/28/2021 - rk,Richard Takaba
8325,2652,LUST Cleanup Initiated,RP-Lead,2021-11-18,,Richard Takaba
8326,2652,Site Cleanup Completed (NFA),RP-Lead,2022-06-08,unrestricted NFA,Richard Takaba
8327,2653,Confirmed Release,RP-Lead,2022-05-17,,Richard Takaba
8328,2420,Site Cleanup Completed (NFA) with Restrictions,RP-Lead,2022-06-16,NFA w/ Restr EHE/EHMP U0611RT,Anay Shende
8330,2420,Site Cleanup Completed (NFA) with Restrictions,RP-Lead,2022-06-16,NFA w/ Retrictions EHE/EHMP U0611RT,Richard Takaba
8331,2629,LUST Cleanup Initiated,RP-Lead,2021-05-13,"USTs/piping removed, over-excavation and MI sampling",Allison Hutto
8332,2654,Confirmed Release,RP-Lead,2022-05-04,100 ppm TPH-d found in soil -RT,
8333,2649,Disconfirmed Release,,2022-06-16,Replaced piping run and passed LTT,
8334,2654,LUST Cleanup Initiated,RP-Lead,2022-05-05,,Richard Takaba
8335,2655,Suspected release,RP-Lead,2022-06-30,6/30/22-Dave does monthly walkthrough. Tank 1 (87) sump found diesel product. UDC 1/2 diesel dispenser had product. UDC sensor was faulty and 87 piping is lower than diesel piping. Found diesel flex line in UDC had leak in flex piping between entering UDC and shear valve. To conduct 87 and diesel line and tank tightness tests and 87 sump test.,
8336,2656,Confirmed Release,RP-Lead,2022-06-23,piping throught the rusted  dispenser containment pan.release discovered during maintenance work to installnew fuel dispensers - rk,Richard Takaba
8337,2629,Site Cleanup Completed (NFA),RP-Lead,2022-07-20,letter dated 7/20/2022,Allison Hutto
8338,2654,Site Cleanup Completed (NFA),RP-Lead,2022-07-21,letter dated 7/21/2022 - rk,Richard Takaba
8342,2660,Confirmed Release,RP-Lead,2019-09-25,,Richard Takaba
8343,2661,Confirmed Release,RP-Lead,2022-07-29,wet tank excavation fill material with petroleumodor was observed during ust removal - rk,Richard Takaba
8344,2655,Disconfirmed Release,,2022-07-18,"Repaired flex hose of diesel line in UDC. Test UDC July 8- pass. LTT July 11, 2022- pass.",
8345,2662,Suspected release,,2022-08-16,8/16/22-US Navy called to report suspected release. On 8/8/22 facility had T3 piping sump alarm and found approximately 5 gallons of fuel. On 8/12/22- stoped using T3 system.,Richard Takaba
8347,2653,LUST Cleanup Initiated,RP-Lead,2022-05-17,,Richard Takaba
8348,2653,Site Cleanup Completed (NFA),RP-Lead,2022-08-31,urestricted NFA on 8/31/22  U0816RT,Richard Takaba
8349,2663,Confirmed Release,RP-Lead,2022-08-31,8/31/2022 received CRN - rk  release is from 1000 gallon diesel Tank 1,Miranda Fleisher
8350,2664,Suspected release,,2022-09-08,Called 9/8/22 to report annular sensor (L5) for Tank 1 (87) alarm. 9/8/22- Nakai confirmed fuel in the interstitial space. To schedule system test.,roy Ilaga
8351,2665,Suspected release,,2022-08-26,8/17/22- Dave conducted system test for annual maintenance and found Tank 2 fail IIT. But passed TTT due to equilibrium brine level. 8/25/22- Drained tank. And TOU.,Jose Ruiz
8352,2627,LUST Cleanup Initiated,RP-Lead,2022-06-15,UST Cls Rpt,Miranda Fleisher
8353,2588,LUST Cleanup Initiated,RP-Lead,2020-08-15,,Miranda Fleisher
8354,2588,Site Cleanup Completed (NFA),RP-Lead,2021-06-14,NFA lt,Miranda Fleisher
8359,2594,LUST Cleanup Initiated,RP-Lead,2020-10-15,,Miranda Fleisher
8360,2643,LUST Cleanup Initiated,RP-Lead,2022-03-30,,Miranda Fleisher
8361,2627,Site Cleanup Completed (NFA),RP-Lead,2022-09-23,letter dated 9/23/2022,Miranda Fleisher
8365,2675,Suspected release,RP-Lead,2022-10-18,,Nicole Okino
8366,2676,Suspected release,RP-Lead,2022-10-11,"suspected release is based on a trend of annular alarms from the interstitial space of Tank 2 storing 12,000-gallons of gasohol..  10/6/2022 system test was done and indicate there is no releasae. - rk",Nicole Okino
8367,2637,Disconfirmed Release,,2022-10-24,"12/9/21- Installed co-structural system to repair primary tank.
10/24/22- IIT passed of original interstitial space.",Allison Hutto
8368,2676,Disconfirmed Release - investigation ongoing,RP-Lead,2022-11-04,11/4/2022 doh letter sent,Nicole Okino
8370,2480,Site Cleanup Completed (NFA),RP-Lead,2022-11-30,letter dated 11/30/2022 - rk,Allison Hutto
8371,2557,LUST Cleanup Initiated,RP-Lead,2020-11-03,,Miranda Fleisher
8372,2678,Disconfirmed Release - investigation ongoing,RP-Lead,2022-12-16,"11/25/22- low liquid alarm Tank 1 (6,000 gal gas). 11/29/22- Nakai came. Possible leak. 12/5/22- Dave TTT- passed. IIT- failed. Safe suction- no LTT.",
8373,2677,Suspected release,RP-Lead,2022-11-15,"11/15/22- Called in suspected release. October- Interstitial alarm from Tank 2 for low liquid. Nakai filled brine. Craig noticed that water level in tank was rising and the dispenser was slow. IES wanted samples taken to prove it is not the delivered gas.  
11/10/22- Nakai took sample. Noticed that brine was in the sample.", suspected
8374,2663,LUST Cleanup Initiated,RP-Lead,2022-12-06,Closure Assessment report received,Miranda Fleisher
8375,2678,Suspected release,RP-Lead,2022-12-06,from an annula low liquid alarm from the interstital space from tank 1,
8377,2679,Confirmed Release,RP-Lead,2021-10-27,"Requested for SV sampling along piping run since did not take samples below piping during replacement in 2016. Had concentrations of TPH C4-C15 up to 20,190 ug/m3 so confirmed release. Will NFA along with other release.",Allison Hutto
8378,2680,Confirmed Release,RP-Lead,2022-09-12,release detected during site assessment,Richard Takaba
8379,2680,LUST Cleanup Initiated,RP-Lead,2022-09-12,,Richard Takaba
8380,2680,Site Cleanup Completed (NFA),RP-Lead,2023-01-17,,Richard Takaba
8381,2681,Suspected release,RP-Lead,2023-01-10,"Suspected Release on Tank 1 - failed TTT, have not properly investigated/repaired in order to perform secondary containment testing",Allison Hutto
8384,2684,Confirmed Release,RP-Lead,2021-06-10,"After removal, piping samples had concentrations of TPH-d at 41 and 68 mg/kg.",Allison Hutto
8387,2369,LUST Cleanup Initiated,RP-Lead,2013-12-31,,Miranda Fleisher
8388,2369,Site Cleanup Completed (NFA),RP-Lead,2023-01-27,,Miranda Fleisher
8389,2183,LUST Cleanup Initiated,RP-Lead,2008-11-04,,Miranda Fleisher
8390,2679,LUST Cleanup Initiated,RP-Lead,2021-12-13,SV Sampling Report detailing sampling,Allison Hutto
8391,2679,Site Cleanup Completed (NFA),RP-Lead,2023-02-15,Unrestricted NFA letter U0208AH sent out 2/15/23,Allison Hutto
8392,2631,Site Assessment Ongoing,RP-Lead,2023-02-22,need SV site asessmnt UST excav,Richard Takaba
8393,2470,Site Cleanup Completed (NFA) with Restrictions,RP-Lead,2023-03-06,Restricted NFA U0307AH sent out 3/6/2023,Allison Hutto
8395,2686,Confirmed Release,RP-Lead,2019-04-04,Collected soil samples,Allison Hutto
8396,2686,LUST Cleanup Initiated,RP-Lead,2019-04-09,"Lab results within closure report contain analytic results above MDLs, but below EALs.",Allison Hutto
8398,2396,Consolidated releases,RP-Lead,2023-01-24,release consolidated into Release no. 220004,Allison Hutto
8399,2687,Confirmed Release,RP-Lead,2023-03-03,sent to rt,Richard Takaba
8401,2689,Confirmed Release,RP-Lead,1994-04-08,per removal rept,Roger Brewer
8403,2689,LUST Cleanup Initiated,RP-Lead,1994-04-08,,Roger Brewer
8404,2689,Site Cleanup Completed (NFA),RP-Lead,1994-07-01,,Roger Brewer
8407,2690,Confirmed Release,RP-Lead,2022-01-23,,Richard Takaba
8408,2691,Confirmed Release,RP-Lead,2023-03-07,,Richard Takaba
8409,2663,Site Cleanup Completed (NFA),RP-Lead,2023-03-01,,Miranda Fleisher
8410,2692,Suspected release,RP-Lead,2023-04-04,"aloha technician responded to an alarm, opened the sump and saw about 1 inch of fuel in sump and fuel spraying out of piping - rk", suspected
8411,2692,Disconfirmed Release,RP-Lead,2023-04-06,, suspected
8412,2693,Confirmed Release,RP-Lead,2023-03-30,"Release identified in in-situ soil during routine fuel dispenser and pipeline
replacement project.  It appears that it was a slow historical leak from the fuel dispenser.",Miranda Fleisher
8413,2694,Suspected release,RP-Lead,2023-04-02,, suspected
8414,2695,Confirmed Release,RP-Lead,2023-05-02,received the CRN dated 5/2/2023 - rk,Richard Takaba
8415,2696,Suspected release,RP-Lead,2023-03-24,5/1/2023 rec form 1 - ust 3 diesel tank failed line leak test on 3/24/2023.    eff 4/25/203 tou - rk, suspected
8416,2656,LUST Cleanup Initiated,RP-Lead,2022-06-23,,Richard Takaba
8417,2656,Site Cleanup Completed (NFA),RP-Lead,2023-05-26,U0535RT  Unres NFA,Richard Takaba
8420,2397,Site Cleanup Completed (NFA) with Restrictions,RP-Lead,2023-06-15,see letter dated 6/15/2023  - rk,Richard Takaba
8421,226,Site Cleanup Completed (NFA),RP-Lead,2023-06-21,,Richard Takaba
8422,2697,Suspected release,RP-Lead,2023-06-05,piping connected to tank 3 - rk, suspected
8424,2698,Confirmed Release,RP-Lead,2023-07-28,release found during removal of the tanks release is only under the dispense- rk,Richard Takaba
8426,2699,Confirmed Release,RP-Lead,2023-08-09,lead above the EAL was found under the dispenser. - rk,Miranda Fleisher
8427,2691,LUST Cleanup Initiated,RP-Lead,2023-03-08,,Richard Takaba
8430,2700,Confirmed Release,RP-Lead,2023-08-18,recived crn - rk,Richard Takaba
8431,2662,Disconfirmed Release,,2022-08-16,Scott Nakai confirmed dripping from flex hose in the STP sump., suspected
8432,2701,Confirmed Release,RP-Lead,2023-06-13,see closure report dated 7/2023  - rk,Thu Perry
8433,2449,LUST Cleanup Initiated,RP-Lead,2018-06-04,UST Cls Rpt,Thu Perry
8434,2690,LUST Cleanup Initiated,RP-Lead,2022-02-02,MWs and SV,Thu Perry
8435,2690,Soil Vapor Sampling,RP-Lead,2022-02-03,,Thu Perry
8436,2702,Confirmed Release,RP-Lead,2023-05-22,2023 05 22 received a call from Larry Schenk regarding the discovery of an UST at the corner of Ward Ave and Ala Moana Blvd.  The HEER is the lead on the project.  Thomas Gillmore is the prooject officer - rk,To Heer
8437,2701,LUST Cleanup Initiated,RP-Lead,2023-09-13,,Thu Perry
8438,2701,Site Cleanup Completed (NFA) with Restrictions,RP-Lead,2023-09-29,see letter u0950TP - rk,Thu Perry
8439,2690,Monitored Natural Attenuation,RP-Lead,2023-06-15,,Thu Perry
8441,505,Case Transferred to HEER (unregulated),RP-Lead,1999-03-03,"1/2/98 Morrison Knudsen Corp. report - 1,000 gallon diesel UST that supplied diesel to a boiler for heating oil",To Heer
8446,2699,LUST Cleanup Initiated,RP-Lead,2023-08-09,,Miranda Fleisher
8447,2699,Site Cleanup Completed (NFA),RP-Lead,2023-10-18,U1007MF letter - rk,Miranda Fleisher
8463,2449,Site Cleanup Completed (NFA),RP-Lead,2023-10-26,u1027tp,Thu Perry
8473,2074,Case Transferred to HEER (regulated),RP-Lead,1996-06-06,,To Heer
8483,1627,Case Transferred to HEER (unregulated),RP-Lead,1999-07-27,7/27/99 U07036RK memo,To Heer
8484,2703,Confirmed Release,RP-Lead,2023-10-25,"during the removal of the product, water was entering into the tank.  - rk",Miranda Fleisher
8487,2329,Site Assessment Ongoing,RP-Lead,2019-06-26,,Richard Takaba
8488,2704,Suspected release,RP-Lead,2023-11-10,tank 2 piping system - rk, suspected
8490,2705,Suspected release,RP-Lead,2023-09-21,9/18/2023 ttt show inner wall passed. Outer wall failed.  Brine was lost., suspected
8491,2706,Suspected release,RP-Lead,2023-12-08,"12/10/2023 EMAIL -  While conducting the annual certification, Friday morning; Dave Wolfe reported that there was about a gallon of fuel found in the 87 sump. The tank did not alarm because the sensor was on the opposite side of the sump and dry. Since Dave was already there they asked him to complete the following tests: 1) Sump Test; 2) line test and 3) Tank test. After the tests were done, it was found that the leak was coming from the 2-3 ft flex piping in the sump. Dave shut down the 87 tank and Brian Oue notified the store to close the 87 & 89, until the repair was completed.  Scott, from M.Nakai, was called and he was able to send a crew to work on the issue. The repair was completed that afternoon. As a final step, Dave will do another line test on Monday.  - rk", suspected
8492,2705,Disconfirmed Release - investigation ongoing,RP-Lead,2024-01-03,letter dated 1/3/2024. request to submit detailed plans within 30 days - rk, suspected
8495,2707,Confirmed Release,RP-Lead,2024-01-12,the CRN actually says 1/17/24 not 1/12. RT,Miranda Fleisher
8496,2708,Confirmed Release,RP-Lead,2023-12-28,1/29/2024 rec soil vapor investigation summary letter report dated 1/24/2024.  Release no assigned 240003 - rk,Richard Takaba
8498,2709,Confirmed Release,RP-Lead,2024-03-18,,Richard Takaba
8500,2710,Suspected release,RP-Lead,2024-04-16,tank 4-ss - interstital alarmed on 4/16/2024 - rk, suspected
8501,2691,Site Cleanup Completed (NFA),RP-Lead,2024-05-01,letter dated 5/1/2024,Richard Takaba
8502,2711,Confirmed Release,RP-Lead,2024-03-19,via closure rept dated 2/2024 - rk  diesel release,Richard Takaba
8503,2690,Site Cleanup Completed (NFA) with Restrictions,RP-Lead,2024-05-30,letter dated 5/30/2024 - rk,Richard Takaba
8504,2713,Suspected release,RP-Lead,2021-05-03,discovered on 4/10/2024 inspection.  Annual sensor for t2 had low liquid alarm from 5/3/2021 - 4/12/2024.  suspected release sent - rk, suspected
8505,2714,Suspected release,RP-Lead,2023-12-05,reported to HEER office - tank 2 - failed ttt,Richard Takaba
8506,2714,Confirmed Release,RP-Lead,2024-06-04,,Richard Takaba
8507,2715,Suspected release,RP-Lead,2022-11-15,tank 2 - see below comment - rk, suspected
8508,2631,Site Cleanup Completed (NFA),RP-Lead,2024-05-29,see letter dated 5/29/2024 - rk,Richard Takaba
8509,2716,Suspected release,RP-Lead,2024-06-25,6/25/2024 rec call from Will of DAGS reporting an annular alarm. Neil Nakai responded and stated that leak is from the outer wall. Will tell him to do a system test to confirm the leak.  this is tank1  storing  87- rk, suspected
8510,2717,Suspected release,RP-Lead,2024-07-31,, suspected
8511,2707,LUST Cleanup Initiated,RP-Lead,2024-04-25,UST cls rpt rcvd DOH,Richard Takaba
8512,2718,Confirmed Release,RP-Lead,2024-08-30,9/5/2024 rec crn dated 8/30/2024  reporting the release,Richard Takaba
8513,2707,Site Cleanup Completed (NFA),RP-Lead,2024-09-24,see letter dated 9/24/2024   U0934RT - rk,Richard Takaba
8514,2703,LUST Cleanup Initiated,RP-Lead,2024-02-26,UST Cls rpt,Miranda Fleisher
8515,2719,Suspected release,RP-Lead,2024-10-02,observed alarm assocated with T 3-cs (Middle tank). Pumped about 2 gallons on 10/3/2024.  Nakai and Dave Wolf would investigate on 10/7/2024 - rk,suspected release
8516,2720,Confirmed Release,RP-Lead,2024-10-01,release discovered during site assessment of closure of tanks and installing stand alone system - rk,Richard Takaba
8517,2721,Suspected release,RP-Lead,2024-09-27,discovered during 9/27/2024 inspection for the tank 9 used oil tank - rk,suspected release
8519,2716,Confirmed Release,RP-Lead,2024-10-03,rec email excavated remote reservior piping and found slight leak at the base of the reservior pipe.  tank 1 87 gas - rk,Richard Takaba
8521,2580,Site Assessment Completed (delineated),RP-Lead,2023-10-15,,Allison Hutto
8522,2717,Disconfirmed Release,RP-Lead,2024-10-22,ttt and ltt and sump intergrity test passed - rk, suspected
8523,2384,Confirmed Release,RP-Lead,2015-03-06,date of release unclear - rk,To DERA
8524,2385,Confirmed Release,RP-Lead,,approximate date of confirmned release - rk,To DERA
8525,2398,Confirmed Release,RP-Lead,,,To Heer
8527,2722,Confirmed Release,RP-Lead,2024-06-18,via closure rept dated 11/8/2024 - rk,Richard Takaba
8528,2723,Confirmed Release,RP-Lead,2024-11-01,11/22/2024 confirmed release from SV sample results - rk,Richard Takaba
8529,2633,Case Transferred to HEER (DERA),RP-Lead,2023-07-05,,To Heer
8535,2702,Case Transferred to HEER (regulated),RP-Lead,2023-05-22,,To Heer
8538,2548,Monitored Natural Attenuation,RP-Lead,2024-11-15,,Michelle Liu
8539,2724,Confirmed Release,RP-Lead,2024-12-19,tank 1 - abandoned ust discovered - rk,Richard Takaba
