EventID,FacilityId,AltEventId,Date reported,ReviewDate,StampInit,StampDate,ConvertId,Funding,Suspected Cause,Gallons Released,HowDiscovered,FreeProductFound,DrinkingWaterThreat,Surface Water < 150m:,Rainfall > 200cm/yr:,GwContaminated,GWDelineation,GWMonitoring,GwMonitoring2yrStartDate,GwMTBE,GwMtbePPB,SoilContaminated,SoilDelineation,SoilMonitoring,SoilMTBE,SoilMtbePPM,SoilVaporExtraction,AirSparging,MultiPhaseExtraction,Biological,Chemical,OtherActiveRemediation,LUSTLatestStatus,LUSTLatestStatusDate,Source,ProjectOfficer
2075,9100316,070018,2007-03-30,,jnagashima,2008-08-18 08:49:20,0,Responsible Party,Leaking Piping,0.0,Other,False,False,False,False,True,False,False,,False,0.0,True,False,False,False,0.0,False,False,False,False,False,,Site Cleanup Completed (NFA),2008-08-11,Piping,Josh Nagashima 
2307,9601011,150004,2014-11-05,2015-01-20,jnagashima,2015-05-22 16:00:46,0,Responsible Party,,0.0,Tank Removal,False,False,False,False,False,False,False,,False,0.0,False,False,False,False,0.0,False,False,False,False,False,,Site Cleanup Completed (NFA),2015-01-21,Tank,Josh Nagashima 
2689,9200301,940151,1994-04-08,,roxanne.kwan,2023-04-05 14:24:50,0,Responsible Party,,0.0,,False,False,False,False,False,False,False,,False,0.0,False,False,False,False,0.0,False,False,False,False,False,,Site Cleanup Completed (NFA),1994-07-01,,Roger Brewer 
2534,9201025,090033,2009-09-02,2017-10-17,roxanne.kwan,2019-05-07 16:42:47,0,Responsible Party,,0.0,Leak Detection,False,False,False,False,False,False,False,,False,0.0,False,False,False,False,0.0,False,False,False,False,False,,Consolidated releases,2019-05-07,Tank,Allison Hutto 
2050,9707811,070007,2007-01-11,2011-01-31,roxanne.kwan,2023-10-27 14:32:55,0,,,0.0,Tank Removal,False,False,False,False,False,False,False,,False,0.0,False,False,False,False,0.0,False,False,False,False,False,,Case Transferred to HEER (regulated),2011-02-24,Tank,Josh Nagashima 
2051,9707823,070006,2007-01-09,,dpark,2007-06-14 14:10:36,0,Responsible Party,Leaking Tank,0.0,Tank Removal,False,False,False,False,False,False,False,,False,0.0,True,True,False,False,0.0,False,False,False,False,False,,Site Cleanup Completed (NFA),2007-06-07,Tank,Darren Park 
2056,9101031,070008,2007-01-26,,sfu,2007-05-01 15:14:26,0,,Unknown,0.0,Other,False,False,False,False,False,False,False,,False,0.0,False,False,False,False,0.0,False,False,False,False,False,,Site Cleanup Completed (NFA),2007-03-19,Tank,Shunsheng Fu
2060,9707825,070009,2007-01-31,,dpark,2007-06-14 14:06:38,0,Responsible Party,Leaking Piping,0.0,Tank Removal,False,False,False,False,False,False,False,,False,0.0,True,True,False,False,0.0,False,False,False,False,False,,Site Cleanup Completed (NFA),2007-06-07,Piping,Darren Park 
2063,9201459,070013,2007-02-12,,sfu,2008-01-03 10:37:18,0,Responsible Party,Leaking Piping,25.0,Other,False,False,False,False,False,False,False,,False,0.0,False,False,False,False,0.0,False,False,False,False,False,,Site Cleanup Completed (NFA),2007-12-12,Piping,Shunsheng Fu 
2064,9707826,070014,2007-02-22,,dpark,2007-06-05 10:10:44,0,Responsible Party,Unknown,0.0,Tank Removal,False,False,False,False,False,False,False,,False,0.0,False,False,False,False,0.0,False,False,False,False,False,,Site Cleanup Completed (NFA),2007-05-16,Tank,Darren Park 
2065,9707827,070015,2007-02-23,,dpark,2007-06-14 13:54:07,0,Responsible Party,Leaking Tank,30.0,Tank Removal,False,False,False,False,False,False,False,,False,0.0,True,True,False,False,0.0,False,False,False,False,False,,Site Cleanup Completed (NFA),2007-06-07,Tank,Darren Park 
2066,9707792,060034,2006-08-29,,sli,2007-05-03 10:48:41,0,Responsible Party,Unknown,0.0,Tank Removal,False,False,False,False,False,False,False,,False,0.0,False,False,False,False,0.0,False,False,False,False,False,,Site Cleanup Completed (NFA),2007-03-21,Dispenser,Shaobin Li 
2068,9707444,060030,2006-06-21,,rtakaba,2007-07-23 11:13:56,0,Responsible Party,,0.0,,False,False,False,False,False,False,False,,False,0.0,False,False,False,False,0.0,False,False,False,False,False,,Site Cleanup Completed (NFA),2006-07-24,,Richard Takaba 
2069,9100017,070010,2007-01-30,,sfu,2009-02-18 15:11:52,0,Responsible Party,Leaking Tank and Piping,0.0,Tank Removal,False,False,False,False,True,True,False,,False,0.0,False,False,False,False,0.0,False,False,False,False,False,over-excavation,Site Cleanup Completed (NFA),2008-11-25,Tank,Shunsheng Fu 
2070,9707386,070011,2007-02-05,,rtakaba,2007-03-22 10:46:37,0,Responsible Party,,0.0,,False,False,False,False,False,False,False,,False,0.0,False,False,False,False,0.0,False,False,False,False,False,,Site Cleanup Completed (NFA),2007-03-06,,Richard Takaba 
2071,9200329,070016,2007-03-14,2016-11-21,roxanne.kwan,2016-11-22 09:38:56,0,Responsible Party,Leaking Piping,0.0,Leak Detection,False,False,False,False,False,False,True,,False,0.0,True,True,False,True,,False,False,False,False,False,EPMP,Exposure Prevention Management Plan,2008-09-01,Piping,Shunsheng Fu 
2074,9202182,900088,1996-06-06,,roxanne.kwan,2023-10-26 16:45:13,0,Responsible Party,,0.0,,False,False,False,False,False,False,False,,False,0.0,False,False,False,False,0.0,False,False,False,False,False,,Case Transferred to HEER (regulated),1996-06-06,,To Heer 
2076,9101200,070017,2007-03-30,,rkwan,2010-07-21 11:59:37,0,Responsible Party,Leaking Piping,20.0,Leak Detection,False,False,False,False,False,False,False,,False,0.0,False,False,False,False,0.0,False,False,False,False,False,,Disconfirmed Release,2008-09-16,Piping,Josh Nagashima 
2077,9601614,070019,2006-04-01,,rkwan,2008-08-05 09:36:32,0,Responsible Party,Unknown,0.0,Tank Removal,False,False,False,False,False,False,False,,False,0.0,False,True,False,False,0.0,False,False,False,False,False,excavation,Site Cleanup Completed (NFA),2007-08-15,Unknown,Shaobin Li 
2078,9100041,070020,2007-04-05,,rkwan,2008-01-11 11:10:11,0,Responsible Party,,0.0,Tank Removal,False,False,False,False,False,False,False,,False,0.0,False,False,False,False,0.0,False,False,False,False,False,,Site Cleanup Completed (NFA),2007-10-01,Tank,Shunsheng Fu 
2089,9201228,070022,2007-05-04,,dpark,2007-07-25 08:18:44,0,Responsible Party,Leaking Piping,1.0,Tank Removal,False,False,False,False,False,False,False,,False,0.0,False,False,False,False,0.0,False,False,False,False,False,,Site Cleanup Completed (NFA),2007-07-24,Piping,Darren Park 
2090,9707836,070023,2007-05-26,,rtakaba,2007-10-22 16:37:11,0,Responsible Party,,0.0,Other,False,False,False,False,False,False,True,,False,0.0,False,False,False,False,0.0,False,False,False,False,False,,Site Cleanup Completed (NFA),2007-10-17,Tank,Richard Takaba 
2091,9707841,070025,2007-06-18,,dpark,2007-11-21 09:47:28,0,Responsible Party,Unknown,30.0,Tank Removal,True,False,False,False,False,False,False,,False,0.0,True,True,False,False,0.0,False,False,False,False,False,,Site Cleanup Completed (NFA),2007-11-19,Tank,Darren Park 
2092,9707842,070024,2007-06-21,,dpark,2007-11-21 09:36:58,0,Responsible Party,Leaking Tank,0.0,Tank Removal,False,False,False,False,False,False,False,,False,0.0,False,False,False,False,0.0,False,False,False,False,False,,Site Cleanup Completed (NFA),2007-11-19,Tank,Darren Park 
2094,9707257,070026,2007-07-19,,roxanne.kwan,2019-10-16 16:30:31,0,Responsible Party,,0.0,Tank Removal,False,False,False,False,False,False,False,,False,0.0,False,False,False,False,0.0,False,False,False,False,False,,Site Cleanup Completed with EHE/EHMP,2017-10-30,Piping,To DERA 
2096,9102632,950042,1995-01-04,2014-07-30,Josh.Nagashima,2016-03-15 08:31:55,0,Responsible Party,Leaking Tank,0.0,Tank Removal,False,False,False,False,True,False,True,,False,0.0,True,True,False,False,0.0,False,False,False,False,False,,Site Cleanup Completed with EHE/EHMP,2016-01-07,Tank,Josh Nagashima 
2098,9101273,070027,2007-08-13,,sli,2008-05-29 10:23:56,0,Responsible Party,,0.0,Tank Removal,False,False,False,False,False,False,False,,False,0.0,False,False,False,False,0.0,False,False,False,False,False,,Site Cleanup Completed (NFA),2007-11-30,,Shaobin Li 
2099,9200330,070028,2007-08-18,,sli,2008-06-02 11:54:58,0,Responsible Party,,1.0,Leak Detection,False,False,False,False,False,False,False,,False,0.0,False,False,False,False,0.0,False,False,False,False,False,,Site Cleanup Completed (NFA),2008-05-09,Piping,Shaobin Li 
2101,9707846,070030,2007-09-06,,dpark,2008-04-07 16:00:03,0,Responsible Party,Unknown,300.0,Other,False,False,False,False,False,False,False,,False,0.0,False,False,False,False,0.0,False,False,False,False,False,,Site Cleanup Completed (NFA),2008-03-13,Tank,Darren Park 
2103,9201661,070029,2007-09-05,,sfu,2008-05-13 15:27:27,0,Responsible Party,,0.0,Tank Removal,False,False,False,False,False,False,False,,False,0.0,False,False,False,False,0.0,False,False,False,False,False,,Site Cleanup Completed (NFA),2008-04-17,Tank,Shunsheng Fu 
2104,9100055,070031,2007-09-10,2005-10-12,jnagashima,2012-10-30 11:03:16,0,Responsible Party,,0.0,Other,False,False,False,False,False,False,False,,False,0.0,False,False,False,False,0.0,False,False,False,False,False,,Site Cleanup Completed (NFA),2012-10-24,Piping,Josh Nagashima 
2105,9100914,070033,2007-09-26,2010-09-20,sfu,2011-01-12 15:05:00,0,Responsible Party,Leaking Tank,0.0,Leak Detection,False,False,False,False,True,True,True,,False,0.0,False,False,False,False,0.0,False,False,False,False,False,,Site Cleanup Completed (NFA),2010-10-04,Tank,Shunsheng Fu 
2107,9200027,070021,2007-03-13,,rkwan,2011-07-26 08:48:48,0,Responsible Party,Leaking Tank and Piping,0.0,Tank Removal,False,False,False,False,False,False,False,,False,0.0,False,False,False,False,0.0,False,False,False,False,False,,Site Cleanup Completed (NFA),2007-06-06,Tank,Shunsheng Fu 
2110,9101188,070032,2007-09-26,,sli,2008-10-13 14:20:26,0,Responsible Party,,1.0,Tank Removal,False,False,False,False,False,False,False,,False,0.0,False,False,False,False,0.0,False,False,False,False,False,,Site Cleanup Completed (NFA),2008-10-07,Piping,Shaobin Li 
2111,9100913,080001,2007-08-20,,rtakaba,2008-09-15 16:46:50,0,Responsible Party,,0.0,Tank Removal,False,False,False,False,False,False,False,,False,0.0,False,False,False,False,0.0,False,False,False,False,False,,Site Cleanup Completed (NFA),2007-11-02,,Richard Takaba 
2112,9101527,080003,2007-10-10,2011-08-31,sli,2014-01-28 09:28:10,0,Responsible Party,Leaking Tank,0.0,Tank Removal,False,False,True,False,False,True,True,2009-01-09,False,0.0,True,True,False,True,0.0,False,False,False,False,False,,Site Cleanup Completed with EHE/EHMP,2014-01-28,Tank,Shaobin Li 
2113,9100759,080004,2007-10-18,2011-08-31,sli,2014-01-28 08:09:27,0,Responsible Party,Leaking Tank,0.0,Other,False,False,True,False,False,True,True,2009-01-09,False,,True,True,False,True,0.0,False,False,False,False,False,,Site Cleanup Completed with EHE/EHMP,2014-01-28,Tank,Shaobin Li 
2115,9200335,080002,2006-04-10,2009-11-16,jnagashima,2009-12-15 11:24:05,0,Responsible Party,,0.0,Tank Removal,False,False,False,False,False,False,False,,False,0.0,False,False,False,False,0.0,False,False,False,False,False,,Site Cleanup Completed (NFA),2009-11-30,,Josh Nagashima 
2116,9101186,080005,2007-10-20,2021-05-05,roxanne.kwan,2021-05-27 20:29:01,0,Responsible Party,Leaking Piping,19.0,Other,False,False,False,False,True,False,True,,False,0.0,True,False,False,False,0.0,True,False,False,True,False,,Consolidated releases,2018-08-28,Piping,Shunsheng Fu 
2117,9102292,080006,2007-07-20,,roxanne.kwan,2020-02-06 16:07:47,0,Responsible Party,,0.0,Tank Removal,False,False,False,False,False,False,False,,False,0.0,False,False,False,False,0.0,False,False,False,False,False,,Site Cleanup Completed (NFA),2009-06-02,,To DERA 
2118,9102293,080007,2007-07-20,,roxanne.kwan,2020-02-06 16:08:45,0,Responsible Party,,0.0,Tank Removal,False,False,False,False,False,False,False,,False,0.0,False,False,False,False,0.0,False,False,False,False,False,,Site Cleanup Completed (NFA),2009-06-02,,To DERA 
2119,9102406,080008,2007-11-09,,rkwan,2008-12-10 11:03:30,0,Responsible Party,Unknown,0.0,Leak Detection,False,False,False,False,False,False,False,,False,0.0,False,False,False,False,0.0,False,False,False,False,False,,Site Cleanup Completed (NFA),2008-03-11,Unknown,Shaobin Li 
2120,9100339,080009,2007-12-06,,rkwan,2008-09-22 11:18:21,0,Responsible Party,Leaking Tank and Piping,0.0,Tank Removal,False,False,False,False,True,False,True,,False,0.0,False,False,False,False,0.0,False,False,False,True,False,,Site Cleanup Completed with EHMP,2008-09-03,Tank,Shunsheng Fu 
2121,9102483,080010,2007-12-10,,dpark,2008-07-21 15:59:52,0,Responsible Party,Leaking Tank,0.0,Tank Removal,False,False,False,False,False,False,False,,False,0.0,False,False,False,False,0.0,False,False,False,False,False,,Site Cleanup Completed (NFA),2008-06-20,Tank,Darren Park 
2122,9102336,920088,1992-02-28,2011-03-03,dkam,2011-11-30 15:51:06,0,Responsible Party,Unknown,0.0,Other,False,False,False,False,False,False,False,,False,0.0,False,False,False,False,0.0,False,False,False,False,False,,Site Cleanup Completed with EHMP,2009-06-02,Unknown,Deena Kam 
2123,9707853,080012,2008-01-18,2010-12-29,jnagashima,2011-01-11 11:48:19,0,Responsible Party,Corrosion,10.0,Other,False,False,False,False,False,True,False,,False,0.0,False,True,False,False,0.0,False,False,False,False,False,,Site Cleanup Completed (NFA),2011-01-06,Tank,Josh Nagashima 
2125,9502477,080013,2008-02-21,,dpark,2008-07-22 13:16:40,0,Responsible Party,Unknown,0.0,Tank Removal,False,False,False,False,False,False,False,,False,0.0,False,False,False,False,0.0,False,False,False,False,False,,Site Cleanup Completed (NFA),2008-06-30,Tank,Darren Park 
2128,9201671,080016,2008-03-31,2009-03-03,dpark,2009-03-03 13:16:36,0,Responsible Party,Leaking Piping,0.0,Tank Removal,False,True,False,False,False,False,False,,False,0.0,True,False,False,False,0.0,False,False,False,False,False,,Site Cleanup Completed (NFA),2009-02-09,Piping,Darren Park 
2129,9501006,080014,2008-03-27,2012-05-09,sli,2012-12-04 10:40:30,0,Responsible Party,Overfill,0.0,Other,False,False,False,False,False,False,False,,False,0.0,False,False,False,False,0.0,False,False,False,False,False,,Site Cleanup Completed (NFA),2012-11-30,Dispenser,Shaobin Li 
2131,9200102,080017,2008-04-03,,sli,2009-03-30 10:13:32,0,Responsible Party,,0.0,Tank Removal,False,False,False,False,False,False,False,,False,0.0,False,True,False,False,0.0,False,False,False,False,False,,Site Cleanup Completed (NFA),2009-03-25,Piping,Shaobin Li 
2132,9100017,080018,2008-04-08,,sfu,2009-02-18 15:09:46,0,Responsible Party,Leaking Tank and Piping,0.0,Tank Removal,False,False,False,False,False,False,False,,False,0.0,True,True,False,False,0.0,False,False,False,False,False,over-excavation,Site Cleanup Completed (NFA),2009-02-09,Tank,Shunsheng Fu 
2133,9707565,080020,2008-03-31,2010-03-23,jnagashima,2010-05-04 10:00:46,0,Responsible Party,Unknown,0.0,Other,False,False,False,False,False,False,False,,False,0.0,False,False,False,False,0.0,False,False,False,False,False,,Site Cleanup Completed (NFA),2010-03-29,Unknown,Josh Nagashima 
2134,9200315,080022,2008-03-31,2010-01-14,jnagashima,2010-02-17 12:43:08,0,Responsible Party,Unknown,0.0,Other,False,True,False,False,False,False,False,,False,0.0,False,False,False,False,0.0,False,False,False,False,False,,Site Cleanup Completed (NFA),2010-01-21,Unknown,Josh Nagashima 
2135,9701695,080023,2008-04-04,2017-06-06,shaobin.li,2017-06-29 10:29:55,0,Responsible Party,,0.0,Leak Detection,False,False,False,False,True,False,False,,False,0.0,True,False,False,False,0.0,False,False,False,False,False,impacted-soil excavation,Site Cleanup Completed with EHE/EHMP,2017-06-23,Piping,Shaobin Li 
2136,9707858,080025,2008-04-15,,jnagashima,2008-09-16 08:21:42,0,Responsible Party,Spill,2.0,Tank Removal,False,True,False,False,False,False,False,,False,0.0,False,False,False,False,0.0,False,False,False,False,False,,Site Cleanup Completed (NFA),2008-09-16,Tank,Josh Nagashima 
2137,9200311,080019,2008-04-21,2011-12-01,rkwan,2012-01-05 10:48:38,0,Responsible Party,,0.0,Other,False,False,False,False,False,False,False,,False,0.0,False,False,False,False,0.0,False,False,False,False,False,,Site Cleanup Completed (NFA),2011-12-07,Unknown,Shaobin Li 
2138,9201215,080024,2008-04-17,2009-09-24,tperry,2011-08-18 08:51:52,0,Responsible Party,Leaking Tank and Piping,0.0,Tank Removal,False,False,False,False,False,False,False,,False,0.0,False,False,False,False,0.0,False,False,False,False,False,,LUST Cleanup Initiated,2009-08-24,Tank,Thu Perry 
2140,9101799,080033,2008-04-28,,rtakaba,2008-09-15 16:26:57,0,Responsible Party,,0.0,,False,False,False,False,False,False,False,,False,0.0,False,False,False,False,0.0,False,False,False,False,False,,Site Cleanup Completed (NFA),2008-05-27,,Richard Takaba 
2141,9101891,080027,2008-04-30,,dpark,2008-10-28 10:34:29,0,Responsible Party,,0.0,Other,False,False,False,False,False,False,False,,False,0.0,False,False,False,False,0.0,False,False,False,False,False,,Site Cleanup Completed (NFA),2008-09-16,Unknown,Darren Park 
2144,9707859,080038,2008-05-15,,sfu,2008-11-14 14:56:21,0,Responsible Party,Leaking Tank and Piping,0.0,Tank Removal,False,False,False,False,False,False,False,,False,0.0,False,False,False,False,0.0,False,False,False,False,False,,Site Cleanup Completed (NFA),2008-10-22,Tank,Shunsheng Fu 
2145,9707860,080039,2008-05-15,,dpark,2008-07-22 13:10:57,0,Responsible Party,,0.0,Other,False,False,False,False,False,False,False,,False,0.0,False,False,False,False,0.0,False,False,False,False,False,,Site Cleanup Completed (NFA),2008-07-10,Tank,Darren Park 
2146,9101020,080034,2008-03-31,2010-07-01,jnagashima,2010-07-13 09:06:27,0,Responsible Party,Unknown,0.0,Other,False,False,False,False,False,False,False,,False,0.0,False,False,False,False,0.0,False,False,False,False,False,,Site Cleanup Completed (NFA),2010-07-08,Unknown,Josh Nagashima 
2147,9101028,080028,2008-04-30,2010-02-04,jnagashima,2010-04-06 10:56:22,0,Responsible Party,Unknown,0.0,Other,False,True,False,False,False,False,False,,False,0.0,False,False,False,False,0.0,False,False,False,False,False,,Site Cleanup Completed (NFA),2010-02-11,Unknown,Josh Nagashima 
2411,9502523,suspected,2015-11-27,,roxanne.kwan,2017-03-11 15:24:35,0,,,0.0,,False,False,False,False,False,False,False,,False,0.0,False,False,False,False,0.0,False,False,False,False,False,,Disconfirmed Release,2016-02-05,,George Tabil 
2148,9707854,080037,2008-05-16,,dpark,2008-07-21 15:36:36,0,Responsible Party,Leaking Tank,0.0,Tank Removal,False,False,False,False,False,False,False,,False,0.0,False,False,False,False,0.0,False,False,False,False,False,,Site Cleanup Completed (NFA),2008-06-20,Tank,Darren Park 
2149,9201016,080029,2008-04-30,2011-08-03,rkwan,2011-12-07 09:57:50,0,Responsible Party,,0.0,Other,False,False,False,False,False,False,False,,False,0.0,False,False,False,False,0.0,False,False,False,False,False,,Site Cleanup Completed (NFA),2011-08-12,Unknown,Shaobin Li 
2150,9701555,080021,2008-04-14,2009-07-16,rtakaba,2009-08-13 14:20:55,0,Responsible Party,,0.0,Other,False,False,False,False,False,False,False,,False,0.0,False,False,False,False,0.0,False,False,False,False,False,,Site Cleanup Completed (NFA),2009-07-21,,Richard Takaba 
2151,9200796,080026,2008-05-02,2009-11-03,rkwan,2010-07-30 15:48:21,0,Responsible Party,,0.0,Tank Removal,False,False,False,False,False,False,False,,False,0.0,False,False,False,False,0.0,False,False,False,False,False,,Site Cleanup Completed (NFA),2009-11-18,,Richard Takaba 
2152,9202796,080035,2008-05-08,2009-11-17,jnagashima,2009-12-15 11:25:36,0,Responsible Party,,0.0,Other,False,False,False,False,False,False,False,,False,0.0,False,False,False,False,0.0,False,False,False,False,False,,Site Cleanup Completed (NFA),2009-11-30,,Josh Nagashima 
2153,9101026,080030,2008-04-30,2012-11-15,rkwan,2012-11-16 09:03:37,0,Responsible Party,,0.0,Other,False,False,False,False,False,False,False,,False,0.0,False,False,False,False,0.0,False,False,False,False,False,,Site Cleanup Completed (NFA),2011-07-08,Unknown,Shaobin Li 
2154,9100783,080032,2008-05-02,2009-09-24,sfu,2010-01-14 13:14:29,0,Responsible Party,,0.0,Other,False,False,False,False,False,False,False,,False,0.0,False,False,False,False,0.0,False,False,False,False,False,,Site Cleanup Completed (NFA),2009-10-01,Unknown,Shunsheng Fu 
2163,9707863,080043,2008-06-13,2018-01-29,shunsheng.fu,2018-03-01 14:03:02,0,Responsible Party,Unknown,0.0,Tank Removal,False,False,False,False,False,False,False,,False,0.0,False,False,False,False,0.0,False,False,False,False,False,,Site Cleanup Completed with EHE/EHMP,2018-02-23,Tank,Shunsheng Fu 
2164,9101017,080031,2008-04-30,2012-10-17,sfu,2012-10-29 11:34:59,0,Responsible Party,,0.0,,False,False,False,False,False,False,False,,False,0.0,False,False,False,False,0.0,False,False,False,False,False,,Site Cleanup Completed with EHE,2012-10-23,,Shunsheng Fu 
2165,9601019,080042,2008-06-10,2017-06-06,shaobin.li,2017-08-23 11:58:18,0,Responsible Party,,0.0,Other,False,False,False,False,True,False,True,,False,0.0,True,False,False,False,0.0,False,False,False,False,False,,Site Cleanup Completed with EHE/EHMP,2017-06-13,Unknown,Shaobin Li 
2167,9200050,080044,2008-06-06,2014-03-18,jnagashima,2014-04-08 11:43:07,0,Responsible Party,Leaking Tank,0.0,Leak Detection,False,False,False,False,True,True,True,,False,0.0,False,False,False,False,0.0,True,False,False,False,False,,Site Cleanup Completed with EHE/EHMP,2014-03-27,Tank,Josh Nagashima 
2168,9707593,080041,2008-06-10,2010-12-28,jnagashima,2011-03-15 07:48:11,0,Responsible Party,Unknown,0.0,Other,False,True,False,False,False,False,False,,False,0.0,False,False,False,False,0.0,False,False,False,False,False,,Site Cleanup Completed (NFA),2011-01-18,Unknown,Josh Nagashima 
2169,9708001,080040,2008-06-03,2009-07-16,rtakaba,2009-08-13 14:18:44,0,Responsible Party,,0.0,Other,False,False,False,False,False,False,False,,False,0.0,False,False,False,False,0.0,False,False,False,False,False,,Site Cleanup Completed (NFA),2009-07-21,,Richard Takaba 
2171,9707865,080048,2008-07-22,,dpark,2008-12-12 16:02:39,0,Responsible Party,Unknown,0.0,Tank Removal,False,False,False,False,False,False,False,,False,0.0,False,False,False,False,0.0,False,False,False,False,False,,Site Cleanup Completed (NFA),2008-11-17,Tank,Darren Park 
2172,9501619,080045,2008-07-09,,jnagashima,2008-09-16 08:23:42,0,Responsible Party,Overfill,5.0,Tank Removal,False,False,False,False,False,False,False,,False,0.0,False,False,False,False,0.0,False,False,False,False,False,,Site Cleanup Completed (NFA),2008-09-16,Unknown,Josh Nagashima 
2176,9101472,080011,2007-10-05,,rtakaba,2008-09-15 16:45:20,0,Responsible Party,,0.0,,False,False,False,False,False,False,False,,False,0.0,False,False,False,False,0.0,False,False,False,False,False,,Site Cleanup Completed (NFA),2007-12-21,,Richard Takaba 
2178,9707865,080046,2008-07-21,,dpark,2008-12-12 15:59:47,0,Responsible Party,Leaking Tank,0.0,Tank Removal,False,False,False,False,False,False,False,,False,0.0,False,False,False,False,0.0,False,False,False,False,False,,Site Cleanup Completed (NFA),2008-11-17,Tank,Darren Park 
2179,9707866,080049,2008-08-01,2010-02-09,rtakaba,2010-10-05 16:01:09,0,Responsible Party,,0.0,,False,False,False,False,False,False,False,,False,0.0,False,False,False,False,0.0,False,False,False,False,False,,Site Cleanup Completed (NFA),2010-02-11,,Richard Takaba 
2181,9102054,080050,2008-09-22,,jnagashima,2008-10-09 14:39:11,0,Responsible Party,Overfill,0.0,Tank Removal,True,False,False,False,False,False,False,,False,0.0,False,False,False,False,0.0,False,False,False,False,False,,Site Cleanup Completed (NFA),2008-10-08,Tank,Josh Nagashima 
2182,9103129,080051,2008-09-22,,jnagashima,2008-10-09 14:40:46,0,Responsible Party,Unknown,0.0,Tank Removal,False,True,False,False,False,False,False,,False,0.0,False,False,False,False,0.0,False,False,False,False,False,,Site Cleanup Completed (NFA),2008-10-08,Unknown,Josh Nagashima 
2183,9707867,090003,2008-11-04,2010-01-19,roxanne.kwan,2023-02-08 16:05:16,0,Responsible Party,,0.0,Tank Removal,False,False,False,False,False,False,False,,False,0.0,False,False,False,False,0.0,False,False,False,False,False,,LUST Cleanup Initiated,2008-11-04,Tank,Miranda Fleisher 
2184,9102650,090001,2008-10-10,2011-01-31,rkwan,2011-07-26 08:49:04,0,Responsible Party,,0.0,Tank Removal,True,False,False,False,False,False,False,,False,0.0,False,True,False,False,0.0,False,False,False,False,False,"recovery of free product on the groundwater surface, and  petroleum-impacted soil excavation",Site Cleanup Completed (NFA),2011-02-16,,Shaobin Li 
2185,9100032,090002,2008-10-28,2013-06-10,rtakaba,2013-10-18 13:26:17,0,Responsible Party,,0.0,Tank Removal,False,False,False,False,True,True,True,,False,0.0,True,True,False,False,0.0,False,True,False,False,True,ozone,Site Cleanup Completed with EHE,2013-07-26,,Richard Takaba 
2186,9707865,090005,2008-11-18,2009-06-18,dpark,2009-06-18 10:38:46,0,Responsible Party,Unknown,0.0,Tank Removal,False,False,False,False,False,False,False,,False,0.0,False,False,False,False,0.0,False,False,False,False,False,,Site Cleanup Completed (NFA),2009-06-15,Tank,Darren Park 
2187,9502696,090006,2008-11-19,2009-02-13,jnagashima,2009-02-13 13:10:12,0,Responsible Party,Spill,0.0,Tank Removal,False,True,False,False,False,True,False,,False,0.0,False,False,False,False,0.0,False,False,False,False,False,,Site Cleanup Completed (NFA),2009-02-11,Tank,Josh Nagashima 
2188,9200921,090007,2008-11-20,2009-04-07,sfu,2009-05-08 15:24:25,0,Responsible Party,,0.0,Tank Removal,False,False,False,False,False,False,False,,False,0.0,False,False,False,False,0.0,False,False,False,False,False,,Site Cleanup Completed (NFA),2009-04-15,Piping,Shunsheng Fu 
2189,9707857,090004,2008-10-17,2009-03-05,rtakaba,2009-04-03 15:52:49,0,Responsible Party,,0.0,Other,False,False,False,False,False,False,False,,False,0.0,False,False,False,False,0.0,False,False,False,False,False,,Site Cleanup Completed (NFA),2009-03-05,,Richard Takaba 
2196,9103021,090009,2009-02-04,2009-02-04,jnagashima,2009-04-03 14:58:33,0,Responsible Party,Unknown,0.0,Tank Removal,False,False,False,False,False,False,False,,False,0.0,False,True,False,False,0.0,False,False,False,False,False,,Site Cleanup Completed (NFA),2009-03-13,Tank,Josh Nagashima 
2200,9702561,090012,2009-03-17,2018-12-17,roxanne.kwan,2018-12-17 11:44:57,0,Responsible Party,Other,0.0,Tank Removal,False,False,False,False,False,False,False,,False,0.0,False,False,False,False,0.0,False,False,False,False,False,,Site Cleanup Completed (NFA),2018-12-14,Piping,Shaobin Li 
2201,9601620,090014,2009-03-27,2011-04-13,sli,2011-04-21 08:05:10,0,Responsible Party,,0.0,Tank Removal,False,False,False,False,False,False,False,,False,0.0,False,False,False,False,0.0,False,False,False,False,False,,Site Cleanup Completed (NFA),2011-04-19,Piping,Shaobin Li 
2202,9200221,090010,2008-01-23,,rtakaba,2009-08-11 15:10:19,0,Responsible Party,,0.0,,False,False,False,False,False,False,False,,False,0.0,False,False,False,False,0.0,False,False,False,False,False,,Site Cleanup Completed (NFA),2009-03-09,,Nicole Peterman 
2203,9100046,090011,2009-03-12,2009-05-15,sfu,2009-07-20 15:52:53,0,Responsible Party,,0.0,,False,False,False,False,False,False,False,,False,0.0,False,False,False,False,0.0,False,False,False,False,False,,Site Cleanup Completed (NFA),2009-05-26,,Shunsheng Fu 
2205,9202073,090015,2009-04-02,2010-02-10,roxanne.kwan,2020-07-15 10:08:42,0,Responsible Party,,1800.0,Other,False,False,False,False,False,False,False,,False,0.0,True,True,False,False,0.0,False,False,False,False,False,,Site Cleanup Completed with EHE/EHMP,2012-09-17,Tank,To DERA 
2206,9707443,090013,2009-04-08,2009-06-22,jnagashima,2009-06-22 15:00:17,0,Responsible Party,Unknown,0.0,Tank Removal,False,True,False,False,False,False,False,,False,0.0,False,False,False,False,0.0,False,False,False,False,False,,Site Cleanup Completed (NFA),2009-06-18,Tank,Josh Nagashima 
2208,9707877,090016,2009-04-24,,rtakaba,2010-10-06 15:42:18,0,Responsible Party,,0.0,Tank Removal,False,False,False,False,False,False,False,,False,0.0,False,False,False,False,0.0,False,False,False,False,False,,Site Cleanup Completed (NFA),2009-05-07,,Richard Takaba 
2209,9707882,090017,2009-05-08,2012-01-05,sli,2014-10-02 07:34:13,0,Responsible Party,,0.0,Other,False,False,False,False,False,False,False,,False,0.0,False,True,False,False,0.0,False,False,False,False,False,,Site Cleanup Completed (NFA),2013-11-26,Tank,Shaobin Li 
2211,9200020,090018,2009-05-19,2010-02-04,sli,2010-02-16 13:30:53,0,Responsible Party,,0.0,Tank Removal,False,False,False,False,False,False,False,,False,0.0,False,False,False,False,0.0,False,False,False,False,False,,Site Cleanup Completed (NFA),2010-02-11,Tank,Shaobin Li 
2212,9101187,090019,2009-05-26,,sfu,2009-09-23 11:01:59,0,Responsible Party,Overfill,0.0,Tank Removal,False,False,False,False,False,False,False,,False,0.0,False,False,False,False,0.0,False,False,False,False,False,,Site Cleanup Completed (NFA),2009-08-18,Other,Shunsheng Fu 
2213,9707883,090020,2009-06-12,2010-01-14,sfu,2010-04-01 10:45:09,0,Responsible Party,,0.0,Tank Removal,False,False,False,False,False,False,False,,False,0.0,False,False,False,False,0.0,False,False,False,False,False,,Site Cleanup Completed (NFA),2010-01-22,Tank,Shunsheng Fu 
2214,9707876,090021,2009-04-09,,rtakaba,2009-07-16 14:45:53,0,Responsible Party,,0.0,Tank Removal,False,False,False,False,False,False,False,,False,0.0,False,False,False,False,0.0,False,False,False,False,False,,Site Cleanup Completed (NFA),2009-07-14,,Richard Takaba 
2215,9102052,090023,1992-04-08,2009-07-28,rkwan,2010-07-21 11:50:26,0,Responsible Party,Unknown,0.0,Tank Removal,False,False,False,False,True,True,True,,False,0.0,True,True,True,False,0.0,False,False,False,False,False,,Site Cleanup Completed (NFA),2009-07-15,Tank,Darren Park 
2216,9101173,090024,2004-07-10,2009-09-21,jnagashima,2009-11-03 09:06:38,0,Responsible Party,,0.0,Tank Removal,False,False,False,False,False,False,False,,False,0.0,False,False,False,False,0.0,False,False,False,False,False,,Site Cleanup Completed (NFA),2009-09-21,Unknown,Josh Nagashima 
2217,9602661,090027,2009-06-29,,rkwan,2010-07-21 12:22:24,0,Responsible Party,,0.0,Leak Detection,False,False,False,False,False,False,False,,False,0.0,False,False,False,False,0.0,False,False,False,False,False,,Disconfirmed Release,2009-07-22,Tank,Roxanne Kwan 
2218,9707437,090022,2009-07-01,2009-08-31,rtakaba,2009-10-07 11:34:48,0,Responsible Party,,0.0,Tank Removal,False,False,False,False,False,False,False,,False,0.0,False,False,False,False,0.0,False,False,False,False,False,,Site Cleanup Completed (NFA),2009-09-04,Tank,Richard Takaba 
2219,9102021,090025,2009-07-21,2012-02-10,jnagashima,2012-03-02 11:15:42,0,LUST Trust Fund,,0.0,Other,False,False,False,False,False,False,False,,False,0.0,False,False,False,False,0.0,False,False,False,False,False,,Site Cleanup Completed with EHMP,2012-02-13,,Josh Nagashima 
2220,9100295,090026,2008-10-15,2012-03-16,jnagashima,2012-04-04 09:31:09,0,LUST Trust Fund,Unknown,0.0,Other,False,False,False,False,False,False,False,,False,0.0,True,False,False,False,0.0,False,False,False,False,False,,Site Cleanup Completed (NFA),2012-03-19,Unknown,Josh Nagashima 
2222,9101385,090029,2009-08-12,2011-03-29,jnagashima,2011-04-11 12:22:46,0,Responsible Party,,0.0,Leak Detection,False,False,False,False,False,False,False,,False,0.0,False,False,False,False,0.0,False,False,False,False,False,,Site Cleanup Completed (NFA),2011-04-05,Tank,Josh Nagashima 
2223,9100935,090028,2009-08-13,2011-06-24,sfu,2011-11-02 15:02:48,0,,,0.0,Other,False,False,False,False,False,False,False,,False,0.0,False,False,False,False,0.0,False,False,False,False,False,,Site Cleanup Completed with EHMP,2011-07-08,,Shunsheng Fu 
2224,9707015,090030,2009-08-19,2018-12-17,roxanne.kwan,2018-12-17 13:30:28,0,Responsible Party,Other,2900.0,Other,True,False,False,False,True,False,False,,False,0.0,True,False,False,False,0.0,False,False,False,False,False,,Consolidated releases,2018-08-28,Delivery,Shunsheng Fu 
2225,9201510,090031,2009-08-24,2012-03-05,tperry,2012-05-10 10:00:51,0,Responsible Party,,0.0,Other,False,False,False,False,False,False,False,,False,0.0,False,False,False,False,0.0,False,False,False,False,False,,Site Cleanup Completed with EHMP,2012-03-21,Delivery,Thu Perry 
2226,9102491,090032,2009-08-31,,rkwan,2010-09-28 09:51:42,0,Responsible Party,,0.0,Leak Detection,False,False,False,False,False,False,False,,False,0.0,False,False,False,False,0.0,False,False,False,False,False,,Disconfirmed Release,2010-09-27,Tank,Richard Takaba 
2228,9707884,090034,2009-09-21,2010-03-08,rtakaba,2010-10-05 15:58:41,0,Responsible Party,,0.0,Tank Removal,False,False,False,False,False,False,False,,False,0.0,False,False,False,False,0.0,False,False,False,False,False,,Site Cleanup Completed (NFA),2010-03-15,Tank,Richard Takaba 
2229,9200923,100001,2009-10-01,2010-08-02,jnagashima,2010-08-30 09:44:14,0,Responsible Party,,0.0,Leak Detection,False,False,False,False,False,False,False,,False,0.0,False,False,False,False,0.0,False,False,False,False,False,,Site Cleanup Completed (NFA),2010-08-16,Tank,Josh Nagashima 
2233,9100948,100002,2009-03-11,2011-04-14,jnagashima,2011-04-26 08:06:36,0,Responsible Party,Unknown,0.0,Other,False,False,False,False,False,False,False,,False,0.0,True,True,False,False,0.0,False,False,False,False,False,,Site Cleanup Completed with EHMP,2011-04-19,Unknown,Josh Nagashima 
2234,9500106,100003,2009-11-16,2011-01-27,sfu,2011-02-15 15:33:49,0,Responsible Party,,1.0,Tank Removal,False,False,False,False,False,False,False,,False,0.0,False,False,False,False,0.0,False,False,False,False,False,,Site Cleanup Completed (NFA),2011-02-08,Dispenser,Shunsheng Fu 
2237,9707789,100004,2009-11-13,2012-07-14,tperry,2012-08-30 10:05:25,0,Responsible Party,,0.0,Tank Removal,False,False,False,False,False,False,False,,False,0.0,False,False,False,False,0.0,False,False,False,False,False,,Site Cleanup Completed (NFA),2012-07-30,,Thu Perry 
2238,9707874,100005,2009-11-17,2021-04-05,Allison.Hutto,2021-04-06 15:37:09,0,Responsible Party,,0.0,Tank Removal,False,False,False,False,False,False,False,,False,0.0,False,False,False,False,0.0,False,False,False,False,False,,LUST Cleanup Initiated,2020-07-13,Tank,Allison Hutto 
2239,9100059,100006,2009-12-01,2016-10-10,shunsheng.fu,2016-12-21 11:06:37,0,Responsible Party,,0.0,Other,False,False,False,False,False,False,False,,False,0.0,False,False,False,False,0.0,False,False,False,False,False,,Site Cleanup Completed (NFA),2016-10-13,Tank,Shunsheng Fu 
2240,9201706,100007,2009-12-09,2017-12-08,roxanne.kwan,2019-07-09 10:56:10,0,Responsible Party,Other,0.0,Other,False,False,False,False,False,False,False,,False,0.0,False,False,False,False,0.0,False,False,False,False,False,,Consolidated releases,2017-12-20,Piping,Allison Hutto 
2241,9100049,100008,2009-12-14,2014-04-21,rkwan,2014-06-30 08:45:45,0,Responsible Party,Other,0.0,Other,False,False,False,False,False,False,False,,False,0.0,True,False,False,False,0.0,False,False,False,False,False,,Site Cleanup Completed with EHE/EHMP,2014-06-24,Piping,Thu Perry 
2242,9707890,100009,2009-12-09,2011-08-29,dkam,2011-09-16 08:59:08,0,Responsible Party,,0.0,Tank Removal,False,False,False,False,False,False,False,,False,0.0,False,False,False,False,0.0,False,False,False,False,False,impacted-soil excavation and soil stockpile characterization.,Site Cleanup Completed (NFA),2011-09-12,Tank,Deena Kam 
2243,9102330,910030,1990-12-24,,rkwan,2010-01-08 10:59:07,0,Responsible Party,,0.0,Tank Removal,False,False,False,False,False,False,False,,False,0.0,False,False,False,False,0.0,False,False,False,False,False,,Case Transferred to HEER (unregulated),1997-09-11,,Eric Sadoyama 
2245,9200020,100011,2010-01-19,2010-08-10,rkwan,2010-10-19 10:42:35,0,Responsible Party,,0.0,Other,False,False,False,False,False,False,False,,False,0.0,False,False,False,False,0.0,False,False,False,False,False,,Site Cleanup Completed (NFA),2010-08-18,Piping,Shaobin Li 
2246,9102055,100012,2010-01-19,2011-08-03,rtakaba,2012-10-10 10:35:32,0,Responsible Party,,0.0,Tank Removal,False,False,False,False,False,False,False,,False,0.0,True,False,False,False,0.0,False,False,False,False,False,MNA,Site Cleanup Completed with EHMP,2011-08-10,,Richard Takaba 
2247,9707657,100013,2006-11-02,2010-02-10,rtakaba,2010-10-05 16:12:47,0,Responsible Party,,0.0,Tank Removal,False,False,False,False,False,False,False,,False,0.0,False,False,False,False,0.0,False,False,False,False,False,,Site Cleanup Completed (NFA),2010-02-16,,Richard Takaba 
2248,9201280,100014,2010-02-09,2010-09-20,jnagashima,2010-10-06 11:57:15,0,Responsible Party,,0.0,Tank Removal,False,False,False,False,False,False,False,,False,0.0,False,False,False,False,0.0,False,False,False,False,False,,Site Cleanup Completed (NFA),2010-10-04,Unknown,Josh Nagashima 
2249,9200330,100015,2010-03-04,2015-03-05,sli,2015-03-24 09:05:55,0,Responsible Party,Unknown,0.0,Other,False,False,False,False,False,False,False,,False,0.0,False,False,False,False,0.0,False,False,False,False,False,,Disconfirmed Release,2015-03-24,Unknown,Shaobin Li 
2250,9101891,100016,2010-03-15,2013-12-06,sfu,2014-04-21 14:36:16,0,Responsible Party,,0.0,Other,False,False,False,False,False,False,False,,False,0.0,True,True,False,False,0.0,False,False,False,False,False,,Site Cleanup Completed (NFA),2013-12-13,Tank,Shunsheng Fu 
2251,9102921,100017,2010-03-18,2011-06-30,jnagashima,2012-01-19 11:07:35,0,Responsible Party,,0.0,Other,False,False,False,False,False,False,False,,False,0.0,False,False,False,False,0.0,False,False,False,False,False,,Site Cleanup Completed with EHMP,2011-07-20,Tank,Josh Nagashima 
2252,9100264,100019,2010-05-03,2014-07-30,sli,2014-08-28 11:17:08,0,Responsible Party,Unknown,0.0,Off-site Discovery,False,False,False,False,False,False,False,,False,0.0,False,False,False,False,0.0,False,False,False,False,False,,Site Cleanup Completed with EHE/EHMP,2014-03-21,,Shaobin Li 
2253,9707887,100018,2010-04-28,2018-01-29,shunsheng.fu,2018-05-22 15:01:20,0,Responsible Party,,0.0,Tank Removal,False,False,False,False,False,False,False,,False,0.0,False,False,False,False,0.0,False,False,False,False,False,,Site Cleanup Completed with EHE/EHMP,2018-03-09,Tank,Shunsheng Fu 
2254,9601282,100020,2010-06-29,2010-11-22,jnagashima,2010-12-13 09:11:09,0,Responsible Party,,0.0,Tank Removal,False,False,False,False,False,False,False,,False,0.0,False,False,False,False,0.0,False,False,False,False,False,,Site Cleanup Completed (NFA),2010-12-07,Piping,Josh Nagashima 
2255,9701046,100021,2010-07-06,2021-02-09,roxanne.kwan,2021-02-11 00:05:41,0,Responsible Party,,0.0,Tank Removal,False,False,False,False,False,False,False,,False,0.0,False,False,False,False,0.0,False,False,False,False,False,,Monitored Natural Attenuation,2014-09-17,,Allison Hutto 
2256,9707903,100022,2010-07-06,,rkwan,2010-08-16 10:09:22,0,Responsible Party,,0.0,Tank Removal,False,False,False,False,False,False,False,,False,0.0,False,False,False,False,0.0,False,False,False,False,False,,Site Cleanup Completed (NFA),2010-08-02,Tank,Richard Takaba 
2258,9500373,100023,2010-08-19,2014-04-21,sfu,2014-08-13 14:31:43,0,Responsible Party,,0.0,Other,False,False,False,False,False,False,False,,False,0.0,False,False,False,False,0.0,False,False,False,False,False,,Site Cleanup Completed (NFA),2014-05-16,Tank,Shunsheng Fu 
2259,9200102,100024,2010-08-25,,rkwan,2010-12-16 15:58:26,0,Responsible Party,,0.0,Tank Removal,False,False,False,False,False,False,False,,False,0.0,False,False,False,False,0.0,False,False,False,False,False,,Disconfirmed Release,2010-12-16,Piping,Shaobin Li 
2260,9707881,100026,2010-02-17,2011-12-01,jnagashima,2012-01-04 14:55:56,0,LUST Trust Fund,Corrosion,0.0,Other,False,False,False,False,False,False,False,,False,0.0,False,False,False,False,0.0,False,False,False,False,False,,Site Cleanup Completed (NFA),2011-12-13,Tank,Josh Nagashima 
2262,9102068,100028,2009-03-18,,rkwan,2010-09-15 16:23:34,0,Responsible Party,,0.0,Tank Removal,False,False,False,False,False,False,False,,False,0.0,False,False,False,False,0.0,False,False,False,False,False,,Site Cleanup Completed (NFA),2005-11-06,,To DERA 
2263,9707904,100032,2010-09-27,2021-02-05,roxanne.kwan,2021-03-31 20:35:52,0,Responsible Party,,0.0,Tank Removal,False,False,False,False,False,False,False,,False,0.0,False,False,False,False,0.0,False,False,False,False,False,,LUST Cleanup Initiated,2021-03-25,Tank,Miranda Fleisher 
2264,9200133,100025,2009-01-30,2010-10-05,tperry,2012-05-10 10:04:56,0,Responsible Party,Unknown,0.0,Tank Removal,False,False,False,False,False,False,False,,False,0.0,False,False,False,False,0.0,False,False,False,False,False,,Site Cleanup Completed (NFA),2010-10-13,Tank,Thu Perry 
2265,9101098,100027,2010-01-05,,tperry,2011-03-08 07:57:33,0,Responsible Party,,0.0,,False,False,False,False,False,False,False,,False,0.0,False,False,False,False,0.0,False,False,False,False,False,,Disconfirmed Release,2011-02-28,,Thu Perry 
2266,9100118,100029,2008-12-29,2011-01-31,tperry,2012-05-10 10:04:23,0,Responsible Party,,0.0,Tank Removal,False,False,False,False,False,False,False,,False,0.0,False,False,False,False,0.0,False,False,False,False,False,,Site Cleanup Completed (NFA),2011-02-28,,Thu Perry 
2267,9707894,100030,2010-08-05,2015-05-04,rkwan,2015-05-04 09:55:48,0,Responsible Party,,0.0,Tank Removal,False,False,False,False,False,False,False,,False,0.0,True,False,False,False,0.0,False,False,False,False,False,,LUST Cleanup Initiated,2010-11-05,,Thu Perry 
2268,9707901,100031,2010-07-29,2011-01-31,tperry,2011-03-08 07:53:12,0,Responsible Party,Corrosion,1.0,Tank Removal,False,False,False,False,False,False,False,,False,0.0,True,True,False,False,0.0,False,False,False,False,False,,Site Cleanup Completed (NFA),2011-02-28,Tank,Thu Perry 
2269,9707893,110004,2009-03-09,,rkwan,2014-02-21 14:20:53,0,Responsible Party,,0.0,,False,False,False,False,False,False,False,,False,0.0,False,False,False,False,0.0,False,False,False,False,False,,Site Cleanup Completed (NFA),2012-09-26,,To DERA 
2270,9707905,110003,2009-03-16,,rkwan,2011-06-22 16:42:36,0,Responsible Party,,0.0,,False,False,False,False,False,False,False,,False,0.0,False,False,False,False,0.0,False,False,False,False,False,,Site Cleanup Completed (NFA),2011-03-21,,To DERA 
2271,9103043,110005,2010-09-08,,roxanne.kwan,2019-10-21 15:49:35,0,Responsible Party,,0.0,,False,False,False,False,False,False,False,,False,0.0,False,False,False,False,0.0,False,False,False,False,False,,Site Cleanup Completed with EHE/EHMP,2014-07-21,,To DERA 
2276,9100039,110007,2010-12-20,2012-07-14,roxanne.kwan,2017-01-31 08:39:18,0,Responsible Party,,0.0,Tank Removal,False,False,False,False,False,False,False,,False,0.0,False,False,False,False,0.0,False,False,False,False,False,,Site Cleanup Completed with EHE,2012-07-24,,Shunsheng Fu 
2277,9101120,110008,2010-10-22,2015-05-13,Josh.Nagashima,2016-03-15 08:23:07,0,Responsible Party,Other,0.0,Leak Detection,False,False,False,False,False,False,False,,False,0.0,False,False,False,False,0.0,False,False,False,False,False,,Site Cleanup Completed (NFA),2016-01-04,Tank,Josh Nagashima 
2279,9600964,110009,2010-12-29,2011-08-04,sli,2011-12-05 14:35:00,0,Responsible Party,Unknown,0.0,Tank Removal,False,False,False,False,False,False,False,,False,0.0,False,False,False,False,0.0,False,False,False,False,False,,Site Cleanup Completed (NFA),2011-08-18,Dispenser,Shaobin Li 
2280,9100167,110011,2011-01-25,2011-10-25,rkwan,2013-09-09 10:02:11,0,Responsible Party,,0.0,Other,False,False,False,False,False,False,False,,False,0.0,False,False,False,False,0.0,False,False,False,False,False,,Case Transferred to HEER (unregulated),2011-11-03,,Josh Nagashima 
2281,9100167,110012,2011-01-25,2011-10-25,jnagashima,2012-04-05 11:07:40,0,Responsible Party,,0.0,Other,False,False,False,False,False,False,False,,False,0.0,False,False,False,False,0.0,False,False,False,False,False,,Site Cleanup Completed (NFA),2012-03-21,,Josh Nagashima 
2282,9707446,110002,2010-05-11,2011-02-07,tperry,2012-05-10 10:03:30,0,Responsible Party,,0.0,Tank Removal,False,False,False,False,False,False,False,,False,0.0,False,False,False,False,0.0,False,False,False,False,False,,Site Cleanup Completed (NFA),2011-02-16,,Thu Perry 
2285,9303146,110010,2009-03-31,2011-03-14,tperry,2012-05-10 10:02:27,0,,,0.0,Tank Removal,False,False,False,False,False,False,False,,False,0.0,False,False,False,False,0.0,False,False,False,False,False,,Site Cleanup Completed (NFA),2011-03-14,,Thu Perry 
2286,9707917,110013,2011-03-04,2011-10-31,rkwan,2011-11-18 15:42:16,0,Responsible Party,Phys/Mech Damage,0.0,Tank Removal,False,False,False,False,False,False,False,,False,0.0,False,False,False,False,0.0,False,False,False,False,False,,Site Cleanup Completed (NFA),2011-11-07,Tank,Shunsheng Fu 
2287,9600563,110014,2011-03-08,2012-03-05,tperry,2012-05-10 09:59:37,0,Responsible Party,Unknown,0.0,Other,False,False,False,False,False,False,False,,False,0.0,False,False,False,False,0.0,False,False,False,False,False,,Disconfirmed Release,2012-03-15,Piping,Thu Perry 
2288,9101200,110015,2010-06-01,2011-05-27,dkam,2011-07-01 10:10:26,0,Responsible Party,,0.0,Tank Removal,False,False,False,False,False,True,False,,False,0.0,False,True,False,False,0.0,False,False,False,False,False,,Site Cleanup Completed (NFA),2011-06-07,,Deena Kam 
2289,9702438,110016,2010-06-28,2011-05-27,dkam,2011-07-01 10:02:08,0,Responsible Party,,0.0,Tank Removal,False,False,False,False,False,False,False,,False,0.0,False,False,False,False,0.0,False,False,False,False,False,,Site Cleanup Completed (NFA),2011-06-08,Tank,Deena Kam 
2290,9102234,110006,2002-08-15,2013-10-01,tperry,2014-05-16 14:14:52,0,,Overfill,10.0,Tank Removal,False,False,False,False,False,False,False,,False,0.0,True,False,False,False,0.0,False,False,False,False,False,,Site Cleanup Completed (NFA),2014-03-24,Tank,Thu Perry 
2293,9707918,110001,2011-04-07,2011-05-27,tperry,2012-05-10 10:07:38,0,Responsible Party,,0.0,Other,False,False,False,False,False,False,False,,False,0.0,False,False,False,False,0.0,False,False,False,False,False,,Site Cleanup Completed (NFA),2011-07-15,,Thu Perry 
2296,9100043,110017,2011-06-06,2011-08-05,sli,2011-12-05 14:58:01,0,Responsible Party,,0.0,Tank Removal,False,False,False,False,False,False,False,,False,0.0,False,False,False,False,0.0,False,False,False,False,False,,Site Cleanup Completed (NFA),2011-08-18,Tank,Shaobin Li 
2297,9500385,110018,2010-12-15,2012-03-05,tperry,2012-05-10 10:08:37,0,Responsible Party,Overfill,0.0,Tank Removal,False,False,False,False,False,False,False,,False,0.0,False,False,False,False,0.0,False,False,False,False,False,,Site Cleanup Completed (NFA),2012-03-14,Tank,Thu Perry 
2301,9200029,110019,2011-07-01,2012-03-05,jnagashima,2012-04-03 14:17:52,0,Responsible Party,,0.0,Other,False,False,False,False,False,False,False,,False,0.0,False,False,False,False,0.0,False,False,False,False,False,,Site Cleanup Completed (NFA),2012-03-14,Tank,Deena Kam 
2302,9707920,110020,2011-07-01,2012-03-16,dkam,2012-04-04 10:29:12,0,Responsible Party,,0.0,Tank Removal,False,False,False,False,False,False,False,,False,0.0,False,False,False,False,0.0,False,False,False,False,False,,Case Transferred to HEER (unregulated),2012-03-28,Tank,Deena Kam 
2304,9200033,110022,2011-07-20,2012-06-13,tperry,2012-06-28 09:16:43,0,Responsible Party,,0.0,Tank Removal,False,False,False,False,False,False,False,,False,0.0,False,False,False,False,0.0,False,False,False,False,False,,Site Cleanup Completed (NFA),2012-06-25,Tank,Thu Perry 
2305,9101199,110021,2011-04-14,,rtakaba,2011-10-20 17:22:57,0,Responsible Party,,0.0,,False,False,False,False,False,False,False,,False,0.0,False,False,False,False,0.0,False,False,False,False,False,,Site Cleanup Completed (NFA),2011-09-12,,Richard Takaba 
2308,9707169,120001,2012-01-09,2012-11-15,jnagashima,2013-01-03 09:23:49,0,Responsible Party,,0.0,Other,False,False,False,False,False,False,False,,False,0.0,False,False,False,False,0.0,False,False,False,False,False,,Site Cleanup Completed (NFA),2012-12-11,Dispenser,Josh Nagashima 
2311,9501591,suspected,2212-02-28,,roxanne.kwan,2018-02-16 15:48:46,0,Responsible Party,Unknown,0.0,Other,False,False,False,False,False,False,False,,False,0.0,False,False,False,False,0.0,False,False,False,False,False,,Disconfirmed Release,2012-05-24,Tank,George Tabil 
2312,9707833,120002,2012-06-28,,jnagashima,2012-04-03 08:39:28,0,Responsible Party,Unknown,0.0,Tank Removal,False,False,False,False,False,False,False,,False,0.0,False,False,False,False,0.0,False,False,False,False,False,,Site Cleanup Completed (NFA),2012-03-20,Unknown,Richard Takaba 
2313,9601628,120003,2012-03-07,2012-12-16,jnagashima,2012-04-02 15:44:46,0,Responsible Party,Unknown,0.0,Tank Removal,False,False,False,False,False,False,False,,False,0.0,False,False,False,False,0.0,False,False,False,False,False,,Site Cleanup Completed (NFA),2012-03-27,Unknown,Josh Nagashima 
2315,9101110,suspected,2012-03-27,,rkwan,2012-07-18 15:23:14,0,Responsible Party,,0.0,Leak Detection,False,False,False,False,False,False,False,,False,0.0,False,False,False,False,0.0,False,False,False,False,False,,Disconfirmed Release,2012-06-24,,Roxanne Kwan 
2316,9101120,120004,2012-04-16,2015-05-13,Josh.Nagashima,2016-03-15 08:23:36,0,Responsible Party,,0.0,Leak Detection,False,False,False,False,False,False,False,,False,0.0,False,False,False,False,0.0,False,False,False,False,False,,Site Cleanup Completed (NFA),2016-01-04,Tank,Josh Nagashima 
2318,9502743,120005,2012-04-27,2014-04-21,sli,2015-03-24 10:57:43,0,Responsible Party,,2.0,Other,False,False,False,False,False,False,False,,False,0.0,False,False,False,False,0.0,False,False,False,False,False,,Site Cleanup Completed with EHE/EHMP,2015-02-03,Dispenser,Shaobin Li 
2319,9602198,120006,2012-06-29,2015-05-04,sfu,2015-07-28 14:04:11,0,Responsible Party,,0.0,Tank Removal,False,False,False,False,False,False,False,,False,0.0,False,False,False,False,0.0,False,False,False,False,False,,Site Cleanup Completed with EHE,2015-05-20,Piping,Shunsheng Fu 
2320,9201157,120007,2012-07-11,,roxanne.kwan,2018-12-06 10:08:44,0,Responsible Party,,20.0,Other,False,False,False,False,False,False,False,,False,0.0,False,False,False,False,0.0,False,False,False,False,False,,Site Cleanup Completed (NFA),2012-11-19,Piping,To Heer 
2321,9707928,120008,2012-12-17,2017-10-09,shunsheng.fu,2018-05-23 09:16:21,0,Responsible Party,,20.0,Other,False,False,False,False,False,False,False,,False,0.0,False,False,False,False,0.0,False,False,False,False,False,,Site Cleanup Completed (NFA),2017-10-31,Tank,Shunsheng Fu 
2322,9700618,120009,2012-08-21,2013-02-27,jnagashima,2013-05-29 08:55:06,0,Responsible Party,Other,0.0,Other,False,False,False,False,False,False,False,,False,0.0,False,False,False,False,0.0,False,False,False,False,False,,Site Cleanup Completed (NFA),2013-03-27,Piping,Josh Nagashima 
2323,9103057,120010,2012-08-23,,roxanne.kwan,2016-10-19 13:02:36,0,Responsible Party,,0.0,Tank Removal,False,False,False,False,False,False,False,,False,0.0,False,False,False,False,0.0,False,False,False,False,False,,LUST Cleanup Initiated,2012-04-24,,Richard Takaba 
2324,9707252,130001,2012-12-13,2019-12-10,Allison.Hutto,2019-12-12 08:22:06,0,Responsible Party,Overfill,0.0,Tank Removal,False,False,False,False,False,False,False,,False,0.0,False,False,False,False,0.0,False,False,False,False,False,,Site Cleanup Completed (NFA),2019-12-10,Unknown,Allison Hutto 
2325,9200923,130002,2013-02-22,2015-06-03,jnagashima,2015-07-10 15:16:58,0,Responsible Party,,0.0,Tank Removal,False,False,False,False,False,False,False,,False,0.0,False,False,False,False,0.0,False,False,False,False,False,,Site Cleanup Completed with EHE/EHMP,2015-06-30,Piping,Josh Nagashima 
2326,9707887,100010,2010-01-25,2018-01-29,shunsheng.fu,2018-05-22 15:02:34,0,Responsible Party,,0.0,,False,False,False,False,False,False,False,,False,0.0,False,False,False,False,0.0,True,False,False,False,False,,Site Cleanup Completed with EHE/EHMP,2018-03-09,,Shunsheng Fu 
2327,9101249,130003,2013-05-21,2013-09-11,sfu,2013-11-13 14:22:47,0,Responsible Party,,0.0,Tank Removal,False,False,False,False,False,False,False,,False,0.0,False,False,False,False,0.0,False,False,False,False,False,,Site Cleanup Completed (NFA),2013-09-16,Piping,Shunsheng Fu 
2329,9200243,130006,2013-06-28,2019-06-07,roxanne.kwan,2024-02-08 10:05:23,0,Responsible Party,,0.0,Other,False,False,False,False,False,False,False,,False,0.0,True,False,False,False,0.0,False,False,False,False,False,,Site Assessment Ongoing,2019-06-26,Piping,Richard Takaba 
2330,9701132,130005,2013-06-24,2014-04-21,rkwan,2014-04-22 13:31:56,0,Responsible Party,Unknown,0.0,Leak Detection,False,False,False,False,False,False,False,,False,0.0,False,False,False,False,0.0,False,False,False,False,False,,LUST Cleanup Initiated,2013-06-24,Piping,Josh Nagashima 
2331,9707949,130007,2013-07-17,2014-09-04,roxanne.kwan,2017-01-31 08:49:26,0,Responsible Party,,0.0,Tank Removal,False,False,False,False,False,False,False,,False,0.0,False,False,False,False,0.0,False,False,False,False,False,,Site Cleanup Completed (NFA),2014-09-15,Tank,Shunsheng Fu 
2332,9102001,130008,2013-07-25,2021-03-31,roxanne.kwan,2021-04-21 14:32:26,0,Responsible Party,,0.0,Leak Detection,False,False,False,False,True,True,True,,False,0.0,True,True,False,False,0.0,False,False,False,False,False,,Site Assessment Completed (delineated),2020-07-15,Piping,Allison Hutto 
2334,9707907,130004,2013-06-14,,rkwan,2013-09-06 14:56:19,0,Responsible Party,,0.0,,False,False,False,False,False,False,False,,False,0.0,False,False,False,False,0.0,False,False,False,False,False,,Disconfirmed Release,2013-06-18,,Richard Takaba 
2335,9200923,130009,2013-08-01,2015-06-03,jnagashima,2015-07-10 15:17:47,0,Responsible Party,,0.0,Tank Removal,False,False,False,False,False,False,False,,False,0.0,False,False,False,False,0.0,False,False,False,False,False,,Site Cleanup Completed with EHE/EHMP,2015-06-30,Dispenser,Josh Nagashima 
2337,9201963,suspected,2013-08-29,,rkwan,2013-10-22 14:11:34,0,Responsible Party,,0.0,Leak Detection,False,False,False,False,False,False,False,,False,0.0,False,False,False,False,0.0,False,False,False,False,False,,Disconfirmed Release,2013-10-17,Tank,roy Ilaga 
2338,9101385,130010,2013-09-24,2014-07-30,jnagashima,2014-09-15 14:25:23,0,Responsible Party,,0.0,Tank Removal,False,False,False,False,False,False,False,,False,0.0,False,False,False,False,0.0,False,False,False,False,False,,Site Cleanup Completed (NFA),2014-08-21,Tank,Josh Nagashima 
2339,9201177,140003,2013-10-19,2018-04-23,richard.takaba,2018-09-26 17:01:38,0,Responsible Party,Unknown,0.0,Other,False,False,False,False,False,True,True,,False,0.0,False,True,True,False,0.0,False,False,False,False,False,,Site Cleanup Completed with EHE/EHMP,2018-05-07,Unknown,Richard Takaba 
2340,9202209,suspected,2013-08-06,,rkwan,2014-04-24 07:58:08,0,Responsible Party,,0.0,Leak Detection,False,False,False,False,False,False,False,,False,0.0,False,False,False,False,0.0,False,False,False,False,False,,Disconfirmed Release,2013-11-29,,Roxanne Kwan 
2341,9102001,140001,2013-10-25,,rkwan,2015-01-29 13:48:57,0,Responsible Party,,0.0,Other,False,False,False,False,False,False,False,,False,0.0,False,False,False,False,0.0,False,False,False,False,False,,Disconfirmed Release,2014-07-11,Submersible Turbine Pump,Shaobin Li 
2342,9102083,suspected,2013-11-15,,roxanne.kwan,2019-08-21 13:22:28,0,Responsible Party,,0.0,Other,False,False,False,False,False,False,False,,False,0.0,False,False,False,False,0.0,False,False,False,False,False,,Disconfirmed Release,2017-04-13,Tank,Roxanne Kwan 
2343,9102326,140004,2013-11-12,2014-09-03,sfu,2014-10-02 08:55:19,0,Responsible Party,Unknown,0.0,closure,False,False,False,False,False,False,False,,False,0.0,False,False,False,False,0.0,False,False,False,False,False,,Site Cleanup Completed (NFA),2014-09-09,Piping,Shunsheng Fu 
2346,9201116,140002,2013-11-17,,rtakaba,2015-02-25 13:02:06,0,Responsible Party,,0.0,,False,False,False,False,False,False,False,,False,0.0,False,False,False,False,0.0,False,False,False,False,False,,Site Cleanup Completed (NFA),2013-12-16,,Richard Takaba 
2347,9500421,140005,2013-12-11,2015-12-08,jnagashima,2015-12-29 11:42:16,0,Responsible Party,,0.0,Leak Detection,False,False,False,False,False,False,False,,False,0.0,False,False,False,False,0.0,False,False,False,False,False,,Site Cleanup Completed with EHE/EHMP,2015-12-24,Piping,Josh Nagashima 
2348,9707954,140006,2013-12-18,,roxanne.kwan,2017-01-31 08:38:36,0,Responsible Party,,0.0,Tank Removal,False,False,False,False,False,False,False,,False,0.0,False,False,False,False,0.0,False,False,False,False,False,,Site Cleanup Completed (NFA),2014-10-27,Tank,Shaobin Li 
2349,9101891,140007,2013-12-23,2015-08-14,sfu,2015-08-31 11:41:49,0,Responsible Party,,0.0,Tank Removal,True,False,False,False,True,False,False,,False,0.0,True,False,False,False,0.0,False,False,False,False,False,,Site Cleanup Completed (NFA),2015-08-18,,Shunsheng Fu 
2350,9707227,140008,2014-01-09,2019-07-02,roxanne.kwan,2021-01-07 13:00:56,0,Responsible Party,,0.0,Tank Removal,True,False,False,False,True,False,False,,False,0.0,True,False,False,False,0.0,False,False,False,False,False,,Site Cleanup Completed (NFA),2020-12-15,Tank,Richard Takaba 
2351,9102271,140010,2014-01-13,,richard.takaba,2018-04-27 13:42:50,0,Responsible Party,,0.0,Other,False,False,False,False,False,False,False,,False,0.0,False,False,False,False,0.0,False,False,False,False,False,,LUST Cleanup Initiated,2015-08-15,Tank,Richard Takaba 
2352,9707696,140012,2014-01-13,2014-09-03,sfu,2014-10-03 09:51:15,0,Responsible Party,,5.0,Tank Removal,False,False,False,False,False,False,False,,False,0.0,True,False,False,False,0.0,False,False,False,False,False,,Site Cleanup Completed (NFA),2014-09-19,Piping,Shunsheng Fu 
2353,9202208,140011,2014-01-15,2015-01-22,sli,2015-02-05 14:42:13,0,Responsible Party,,0.0,Tank Removal,False,False,False,False,False,False,False,,False,0.0,True,False,False,False,0.0,False,False,False,False,False,,Site Cleanup Completed (NFA),2015-01-30,Tank,Shaobin Li 
2354,9707951,140009,2014-01-16,2015-09-02,roxanne.kwan,2024-11-01 15:53:45,0,Responsible Party,,0.0,Tank Removal,False,False,False,False,False,False,False,,False,0.0,False,False,False,False,0.0,False,False,False,False,False,,LUST Cleanup Initiated,2014-02-17,Tank,Shunsheng Fu 
2355,9707957,140014,2014-02-17,2014-09-05,sli,2014-09-15 11:46:31,0,Responsible Party,,0.0,Tank Removal,False,False,False,False,False,False,False,,False,0.0,False,False,False,False,0.0,False,False,False,False,False,,Site Cleanup Completed (NFA),2014-09-10,,Shaobin Li 
2356,9707956,140013,2014-01-15,2014-07-30,jnagashima,2014-09-15 14:14:02,0,Responsible Party,,0.0,Tank Removal,False,False,False,False,False,False,False,,False,0.0,False,False,False,False,0.0,False,False,False,False,False,,Site Cleanup Completed (NFA),2014-08-13,,Josh Nagashima 
2357,9100039,140015,2014-02-10,2014-03-18,sfu,2014-04-21 14:47:21,0,Responsible Party,,0.0,Tank Removal,False,False,False,False,False,False,False,,False,0.0,False,False,False,False,0.0,False,False,False,False,False,,Site Cleanup Completed (NFA),2014-03-24,,Shunsheng Fu 
2358,9201703,140016,2014-03-07,2014-09-25,jnagashima,2014-12-19 11:32:22,0,Responsible Party,,0.0,Tank Removal,False,False,False,False,False,False,False,,False,0.0,False,False,False,False,0.0,False,False,False,False,False,,Site Cleanup Completed (NFA),2014-10-07,Tank,Josh Nagashima 
2359,9101221,140017,2014-04-16,2015-05-11,jnagashima,2015-07-10 14:57:05,0,Responsible Party,,0.0,Tank Removal,False,False,False,False,False,False,False,,False,0.0,False,False,False,False,0.0,False,False,False,False,False,,Site Cleanup Completed with EHE/EHMP,2015-06-25,Other,Josh Nagashima 
2360,9502423,suspected,2014-04-29,,rkwan,2016-01-07 09:51:18,0,Responsible Party,,0.0,Leak Detection,False,False,False,False,False,False,False,,False,0.0,False,False,False,False,0.0,False,False,False,False,False,,Disconfirmed Release,2015-06-16,,Roxanne Kwan 
2362,9602661,suspected,2014-04-15,,roxanne.kwan,2017-05-16 16:40:14,0,Responsible Party,,0.0,,False,False,False,False,False,False,False,,False,0.0,False,False,False,False,0.0,False,False,False,False,False,,Disconfirmed Release,2017-03-20,,Roxanne Kwan 
2363,9100815,140020,2014-04-24,2020-11-18,roxanne.kwan,2020-11-30 11:30:54,0,Responsible Party,,0.0,,False,False,False,False,False,False,False,,False,0.0,False,False,False,False,0.0,False,False,False,False,False,,Site Assessment Completed (delineated),2016-10-18,,Shaobin Li 
2365,9200839,140021,2014-05-23,2014-09-04,sfu,2014-10-02 08:57:48,0,Responsible Party,,0.0,Tank Removal,False,False,False,False,False,False,False,,False,0.0,False,False,False,False,0.0,False,False,False,False,False,,Site Cleanup Completed (NFA),2014-09-11,,Shunsheng Fu 
2367,9102302,140022,2014-07-09,2015-09-10,jnagashima,2015-09-25 14:48:35,0,Responsible Party,,0.0,Other,False,False,False,False,False,False,False,,False,0.0,False,False,False,False,0.0,False,False,False,False,False,,Site Cleanup Completed (NFA),2015-09-10,Piping,Josh Nagashima 
2368,9200115,140019,2014-04-28,2014-07-30,sli,2014-08-28 10:58:16,0,Responsible Party,,0.0,Tank Removal,False,False,False,False,False,False,False,,False,0.0,False,False,False,False,0.0,False,False,False,False,False,,Site Cleanup Completed (NFA),2014-08-13,,Shaobin Li 
2369,9707958,140018,2014-02-01,2014-04-08,roxanne.kwan,2023-02-14 17:19:59,0,Responsible Party,,0.0,Tank Removal,False,False,False,False,False,False,False,,False,0.0,False,False,False,False,0.0,False,False,False,False,False,,Site Cleanup Completed (NFA),2023-01-27,,Miranda Fleisher 
2370,9100818,140024,2014-08-21,2015-03-05,sli,2015-03-24 08:57:37,0,Responsible Party,Other,,Tank Removal,False,False,False,False,False,False,False,,False,0.0,False,False,False,False,0.0,False,False,False,False,False,,Site Cleanup Completed (NFA),2015-03-20,Tank,Shaobin Li 
2371,9101803,140023,2014-08-28,2015-01-27,sfu,2015-04-14 10:47:57,0,Responsible Party,,0.0,Other,False,False,False,False,False,False,False,,False,0.0,False,False,False,False,0.0,False,False,False,False,False,,Site Cleanup Completed (NFA),2015-03-23,Tank,Shunsheng Fu 
2372,9102977,150001,2014-10-21,2018-06-25,roxanne.kwan,2018-09-29 13:36:18,0,Responsible Party,,0.0,Tank Removal,False,False,False,False,False,False,False,,False,0.0,False,False,False,False,0.0,False,False,False,False,False,,Consolidated releases,2018-08-28,Tank,Shunsheng Fu 
2374,9101531,150002,2014-09-17,,roxanne.kwan,2017-02-20 13:09:41,0,Responsible Party,,0.0,Tank Removal,False,False,False,False,False,False,False,,False,0.0,False,False,False,False,0.0,False,False,False,False,False,,Site Cleanup Completed with EHE,2017-01-11,Tank,To VRP 
2375,9201706,150003,2014-10-27,2017-12-08,roxanne.kwan,2019-04-30 12:51:55,0,Responsible Party,Other,0.0,Other,False,False,False,False,False,False,False,,False,0.0,False,False,False,False,0.0,False,False,False,False,False,,Consolidated releases,2018-07-25,Piping,Randall Heu 
13,9101002,940122,1994-03-30,,RSK,1996-01-26 00:00:00,13,,,0.0,,False,False,False,False,False,False,False,,False,0.0,False,False,False,False,0.0,False,False,False,False,False,,Site Cleanup Completed (NFA),1997-03-14,,Janet Sherrer
2376,9200331,150005,2014-12-01,2017-02-19,shaobin.li,2017-03-14 11:05:27,0,Responsible Party,,0.0,Tank Removal,False,False,False,False,False,False,False,,False,0.0,False,False,False,False,0.0,False,False,False,False,False,,Site Cleanup Completed with EHE/EHMP,2017-03-10,Piping,Shaobin Li 
2377,9707411,150007,2014-08-01,2015-03-05,Allison.Hutto,2019-07-05 08:03:39,0,Responsible Party,,0.0,Off-site Discovery,True,False,False,False,True,False,False,,False,0.0,True,False,False,False,0.0,False,False,False,False,False,,Site Cleanup Completed (NFA),2019-07-02,,Allison Hutto 
2378,9100783,150008,2014-12-09,2015-12-17,sfu,2016-02-03 10:49:06,0,Responsible Party,,0.0,Tank Removal,False,False,False,False,False,False,False,,False,0.0,False,False,False,False,0.0,False,False,False,False,False,,Site Cleanup Completed (NFA),2015-10-26,Tank,Shunsheng Fu 
2379,9707196,150011,2015-01-20,2015-12-14,shunsheng.fu,2018-05-23 09:46:17,0,Responsible Party,,0.0,Tank Removal,False,False,False,False,False,False,False,,False,0.0,False,False,False,False,0.0,False,False,False,False,False,,Site Cleanup Completed (NFA),2016-01-04,Piping,Shunsheng Fu 
2380,9707963,150012,2015-02-18,,rkwan,2015-02-19 09:30:12,0,Responsible Party,,0.0,Tank Removal,False,False,False,False,False,False,False,,False,0.0,False,False,False,False,0.0,False,False,False,False,False,,Case Transferred to HEER (unregulated),2015-02-18,Tank,To Heer 
2381,9202209,suspected,2015-03-02,,roxanne.kwan,2017-03-11 15:13:38,0,Responsible Party,,0.0,Leak Detection,False,False,False,True,False,False,False,,False,0.0,False,False,False,False,0.0,False,False,False,False,False,,Disconfirmed Release,2016-02-13,,roy Ilaga 
2382,9100357,150014,2015-02-26,2015-04-22,jnagashima,2015-05-21 13:38:42,0,Responsible Party,,0.0,Tank Removal,False,False,False,False,False,False,False,,False,0.0,False,False,False,False,0.0,False,False,False,False,False,,Site Cleanup Completed (NFA),2015-04-22,Tank,Josh Nagashima 
2384,9101053,150015,2014-11-17,,roxanne.kwan,2024-11-01 17:04:00,0,Responsible Party,,0.0,Other,False,False,False,False,False,False,False,,False,0.0,False,False,False,False,0.0,False,False,False,False,False,,Confirmed Release,2015-03-06,Piping,To DERA 
2385,9102280,150016,2015-02-27,,roxanne.kwan,2024-11-01 17:05:35,0,Responsible Party,,0.0,,False,False,False,False,False,False,False,,False,0.0,False,False,False,False,0.0,False,False,False,False,False,,Case Transferred to HEER (DERA),1997-12-30,,To DERA 
2386,9200029,150017,2015-03-16,2017-01-17,shaobin.li,2017-02-07 10:25:42,0,Responsible Party,,0.0,Tank Removal,False,False,False,False,False,False,False,,False,0.0,False,False,False,False,0.0,False,False,False,False,False,,Site Cleanup Completed with EHE/EHMP,2017-02-06,Tank,Shaobin Li 
2387,9102491,suspected,2015-03-11,,rkwan,2016-01-07 14:44:03,0,Responsible Party,,0.0,Leak Detection,False,False,False,False,False,False,False,,False,0.0,False,False,False,False,0.0,False,False,False,False,False,,Disconfirmed Release,2015-04-18,Tank,George Tabil 
2388,9200622,150006,2014-12-01,2015-06-03,jnagashima,2015-07-13 09:41:08,0,Responsible Party,,0.0,Other,False,False,False,False,False,False,False,,False,0.0,False,False,False,False,0.0,False,False,False,False,False,,Site Cleanup Completed (NFA),2015-06-30,,Josh Nagashima 
2389,9101221,150009,2014-04-16,2015-04-22,jnagashima,2015-07-08 11:23:18,0,Responsible Party,,0.0,Tank Removal,False,False,False,False,False,False,False,,False,0.0,False,False,False,False,0.0,False,False,False,False,False,,Site Cleanup Completed (NFA),2015-05-22,Tank,Josh Nagashima 
2390,9201937,150010,2014-12-08,2021-04-26,roxanne.kwan,2021-04-26 09:35:32,0,Responsible Party,,0.0,Other,False,False,False,False,False,False,False,,False,0.0,False,False,False,False,0.0,False,False,False,False,False,,Site Cleanup Completed with EHE/EHMP,2019-05-30,,Allison Hutto 
2391,9201929,170004,2014-12-01,2021-01-14,roxanne.kwan,2021-02-10 23:03:47,0,Responsible Party,Unknown,0.0,Other,False,False,False,False,True,False,True,,False,0.0,True,False,False,False,0.0,False,False,False,False,False,active rem workplan requested Dec 2020,LUST Cleanup Initiated,2017-04-28,Unknown,Richard Takaba 
2392,9200502,150018,2015-03-31,,sfu,2015-08-31 11:34:45,0,Responsible Party,,0.0,Tank Removal,False,False,False,False,False,False,False,,False,0.0,False,False,False,False,0.0,False,False,False,False,False,,Site Cleanup Completed (NFA),2015-08-04,Other,Shunsheng Fu 
2393,9707965,150019,2015-05-05,2015-10-20,roxanne.kwan,2019-01-10 13:59:01,0,Responsible Party,,0.0,Tank Removal,False,False,False,False,False,False,False,,False,0.0,False,False,False,False,0.0,False,False,False,False,False,,Site Cleanup Completed (NFA),2019-01-11,,Richard Takaba 
2394,9501300,160011,2016-08-26,2021-05-27,richard.takaba,2023-01-05 17:45:37,0,Responsible Party,Unknown,1000.0,Other,True,False,False,False,True,False,True,,False,0.0,True,False,False,False,0.0,False,False,False,False,False,Soil to be removed per draft work plan and done in conjuction with S/V extractin,Site Assessment Ongoing,2019-12-12,Tank,Richard Takaba 
2395,9101175,150020,2014-12-08,2016-08-16,roxanne.kwan,2016-10-20 15:38:12,0,Responsible Party,,0.0,Other,False,False,False,False,False,False,False,,False,0.0,False,False,False,False,0.0,False,False,False,False,False,,Site Cleanup Completed with EHE/EHMP,2016-08-22,,Josh Nagashima 
2396,9701796,150022,2015-07-02,2021-02-09,roxanne.kwan,2023-04-05 13:30:37,0,Responsible Party,,0.0,Leak Detection,False,False,False,False,False,False,False,,False,0.0,False,False,False,False,0.0,False,False,False,False,False,,Consolidated releases,2023-01-24,Tank,Allison Hutto 
2397,9708001,150024,2015-07-16,2020-08-31,roxanne.kwan,2023-06-16 14:50:15,0,Responsible Party,Spill,0.0,Tank Removal,False,False,False,False,False,False,False,,False,0.0,True,False,False,False,0.0,False,False,False,False,False,,Site Cleanup Completed (NFA) with Restrictions,2023-06-15,Tank,Richard Takaba 
2398,9201258,150025,2015-07-27,,roxanne.kwan,2024-11-01 17:06:40,0,Responsible Party,,0.0,Other,False,False,False,False,False,False,False,,False,0.0,False,False,False,False,0.0,False,False,False,False,False,,Case Transferred to HEER (regulated),2015-07-27,,To Heer 
2399,9200025,150026,2015-07-29,2016-07-14,roxanne.kwan,2016-08-22 14:17:28,0,Responsible Party,,0.0,Tank Removal,False,False,False,False,False,False,False,,False,0.0,False,False,False,False,0.0,False,False,False,False,False,,Site Cleanup Completed (NFA),2016-07-28,Tank,Nagashima Josh 
2401,9102531,150027,2015-07-14,2015-12-14,roxanne.kwan,2017-03-06 11:49:01,0,Responsible Party,,0.0,Tank Removal,False,False,False,False,False,False,False,,False,0.0,False,False,False,False,0.0,False,False,False,False,False,,Site Cleanup Completed (NFA),2016-01-04,,Shunsheng Fu 
2402,9501862,150021,2014-12-08,2015-09-02,rkwan,2015-12-28 14:57:36,0,Responsible Party,,0.0,,False,False,False,False,False,False,False,,False,0.0,False,False,False,False,0.0,False,False,False,False,False,,Site Cleanup Completed (NFA),2015-09-02,,Josh Nagashima 
2403,9101893,150028,2015-08-13,2017-05-26,shaobin.li,2017-06-06 11:09:29,0,Responsible Party,,0.0,Leak Detection,False,False,False,False,False,False,False,,False,0.0,False,False,False,False,0.0,False,False,False,False,False,,Site Cleanup Completed (NFA),2017-06-06,Tank,Shaobin Li 
2404,9201706,150029,2015-09-11,2020-08-12,Allison.Hutto,2020-08-20 14:53:13,0,Responsible Party,,0.0,Leak Detection,False,False,False,False,False,False,False,,False,0.0,False,False,False,False,0.0,False,False,False,False,False,,LUST Cleanup Initiated,2020-01-10,Tank,Allison Hutto 
2406,9102977,150031,2015-09-28,2018-06-25,roxanne.kwan,2018-06-25 07:54:09,0,Responsible Party,,0.0,Tank Removal,False,False,False,False,False,False,False,,False,0.0,False,False,False,False,0.0,False,False,False,False,False,,Confirmed Release,2015-09-28,Tank,Shunsheng Fu 
2407,9707798,160001,2015-09-18,2016-11-08,shaobin.li,2017-01-18 08:34:43,0,Responsible Party,,0.0,Other,False,False,False,False,False,False,False,,False,0.0,False,False,False,False,0.0,False,False,False,False,False,,Site Cleanup Completed with EHE/EHMP,2017-01-05,,Shaobin Li 
2408,9102959,160002,2005-01-01,,rkwan,2015-11-09 16:12:17,0,Responsible Party,,0.0,Other,False,False,False,False,False,False,False,,False,0.0,False,False,False,False,0.0,False,False,False,False,False,,Site Cleanup Completed (NFA),2009-08-04,,To DERA 
2409,9701257,160004,2015-12-07,2016-08-25,shunsheng.fu,2016-10-03 14:20:40,0,Responsible Party,,0.0,Other,False,False,False,False,False,False,False,,False,0.0,False,False,False,False,0.0,False,False,False,False,False,,Site Cleanup Completed (NFA),2016-08-31,Piping,Shunsheng Fu 
2410,9201208,160003,2015-12-07,,Allison.Hutto,2019-11-20 15:27:13,0,Responsible Party,,0.0,Other,False,False,False,False,False,False,False,,False,0.0,False,False,False,False,0.0,False,False,False,False,False,,Site Cleanup Completed (NFA),2019-11-20,Piping,Allison Hutto 
2412,9102491,suspected,2015-05-22,,roxanne.kwan,2019-01-24 12:46:24,0,Responsible Party,,0.0,Leak Detection,False,False,False,False,False,False,False,,False,0.0,False,False,False,False,0.0,False,False,False,False,False,,Disconfirmed Release,2018-10-30,Tank,Nicole Okino 
2413,9100314,160013,2016-02-10,2017-06-06,shunsheng.fu,2017-10-20 11:36:22,0,Responsible Party,,0.0,Leak Detection,False,False,False,False,False,False,False,,False,0.0,False,False,False,False,0.0,False,False,False,False,False,,Site Cleanup Completed (NFA),2017-06-23,Tank,Shunsheng Fu 
2414,9102052,suspected,2015-06-29,,roxanne.kwan,2016-03-24 16:31:56,0,Responsible Party,,0.0,Leak Detection,False,False,False,False,False,False,False,,False,0.0,False,False,False,False,0.0,False,False,False,False,False,,Disconfirmed Release,2016-03-11,Dispenser,Roxanne Kwan 
2415,9201016,160006,2016-02-25,2018-04-13,roxanne.kwan,2018-10-02 07:56:02,0,Responsible Party,,0.0,Other,False,False,False,False,False,False,False,,False,0.0,False,False,False,False,0.0,False,False,False,False,False,,Site Cleanup Completed (NFA),2018-04-25,,Randall Heu 
2416,9707798,160005,2016-03-04,2016-10-13,shaobin.li,2016-10-21 15:26:33,0,Responsible Party,,2.0,Other,False,False,False,False,False,False,False,,False,0.0,False,False,False,False,0.0,False,False,False,False,False,,Site Cleanup Completed (NFA),2016-10-20,Delivery,Shaobin Li 
2417,9201940,160007,2016-03-15,2020-04-17,Allison.Hutto,2020-08-20 14:33:30,0,Responsible Party,,0.0,Tank Removal,False,False,False,False,False,False,False,,False,0.0,False,False,False,False,0.0,False,False,False,False,False,,LUST Cleanup Initiated,2016-03-15,Tank,Allison Hutto 
2418,9101175,160008,2016-02-09,2016-08-16,roxanne.kwan,2016-10-20 15:29:31,0,Responsible Party,,0.0,Other,False,False,False,False,False,False,False,,False,0.0,False,False,False,False,0.0,False,False,False,False,False,,Site Cleanup Completed (NFA),2016-08-22,Piping,Josh Nagashima 
2419,9707971,160009,2016-05-16,2018-07-06,Allison.Hutto,2020-09-04 08:59:59,0,Responsible Party,,0.0,Tank Removal,False,False,False,False,False,False,False,,False,0.0,False,False,False,False,0.0,False,False,False,False,False,,LUST Cleanup Initiated,2018-06-19,,Allison Hutto 
2420,9707197,160010,2016-06-07,2022-05-16,roxanne.kwan,2022-06-22 13:30:02,0,Responsible Party,,0.0,Other,False,False,False,False,False,True,False,,False,0.0,False,False,False,False,0.0,False,False,False,False,False,,Site Cleanup Completed (NFA) with Restrictions,2022-06-16,Piping,Richard Takaba 
2421,9201896,150023,2015-07-09,,shunsheng.fu,2016-10-03 14:26:28,0,Responsible Party,,0.0,Leak Detection,False,False,False,False,False,False,False,,False,0.0,False,False,False,False,0.0,False,False,False,False,False,,Site Cleanup Completed (NFA),2016-07-08,Tank,Shunsheng Fu 
2422,9200132,160012,2016-07-05,2019-07-26,richard.takaba,2019-12-12 16:52:47,0,Responsible Party,,0.0,Tank Removal,False,False,False,False,False,False,False,,False,0.0,False,False,False,False,0.0,False,False,False,False,False,,Site Assessment Ongoing,2019-12-12,,Richard Takaba 
2423,9200335,160014,2016-07-14,2018-01-30,shunsheng.fu,2018-03-01 13:53:54,0,Responsible Party,,0.0,Other,False,False,False,False,False,False,False,,False,0.0,False,False,False,False,0.0,False,False,False,False,False,,Site Cleanup Completed (NFA),2018-02-27,Dispenser,Shunsheng Fu 
2424,9100337,170003,2016-11-07,2020-08-04,roxanne.kwan,2023-10-19 11:23:29,0,Responsible Party,,0.0,Leak Detection,True,False,False,False,True,False,True,,False,0.0,False,False,False,False,0.0,True,False,False,False,False,,Active Remediation,2020-05-08,Tank,Allison Hutto 
2425,9707974,160015,2016-09-08,2017-01-17,shunsheng.fu,2017-05-17 11:32:34,0,Responsible Party,,0.0,Tank Removal,False,False,False,False,False,False,False,,False,0.0,False,False,False,False,0.0,False,False,False,False,False,,Site Cleanup Completed (NFA),2017-01-26,,Shunsheng Fu 
2427,9100911,160016,2016-09-26,,richard.takaba,2020-09-04 15:28:50,0,Responsible Party,,0.0,,False,False,False,False,False,False,False,,False,0.0,False,False,False,False,0.0,False,False,False,False,False,,Confirmed Release,2016-09-26,,Richard Takaba 
2428,9100913,170001,2016-08-04,2017-10-09,roxanne.kwan,2018-12-04 08:40:15,0,Responsible Party,,0.0,Other,False,False,False,False,False,False,False,,False,0.0,False,False,False,False,0.0,False,False,False,False,False,,Site Cleanup Completed with EHE/EHMP,2018-11-30,,Richard Takaba 
2429,9600013,suspected,2016-10-05,,roxanne.kwan,2017-03-13 16:44:46,0,Responsible Party,,0.0,,False,False,False,False,False,False,False,,False,0.0,False,False,False,False,0.0,False,False,False,False,False,,Disconfirmed Release,2016-12-19,,George Tabil 
2431,9500421,170002,2016-10-26,2021-09-09,roxanne.kwan,2021-09-10 08:51:06,0,Responsible Party,,0.0,Other,False,False,False,False,False,False,False,,False,0.0,False,False,False,False,0.0,False,False,False,False,False,,Site Cleanup Completed (NFA) with Restrictions,2021-09-10,Piping,Allison Hutto 
2432,9101978,170005,2016-11-10,2016-12-01,randall.heu,2018-05-11 11:22:52,0,Responsible Party,,0.0,Tank Removal,False,False,False,False,False,False,False,,False,0.0,False,False,False,False,0.0,False,False,False,False,False,,Site Cleanup Completed (NFA),2016-12-06,Piping,Randall Heu 
2434,9202319,170006,2016-12-01,,roxanne.kwan,2018-03-20 16:27:05,0,Responsible Party,,0.0,Leak Detection,False,False,False,False,False,False,False,,False,0.0,False,False,False,False,0.0,False,False,False,False,False,,LUST Cleanup Initiated,2017-08-22,,Shaobin Li 
2435,9501581,exempt tank,2016-11-25,,roxanne.kwan,2018-02-16 15:21:12,0,Responsible Party,,0.0,,False,False,False,False,False,False,False,,False,0.0,False,False,False,False,0.0,False,False,False,False,False,,Case Transferred to HEER (unregulated),2016-11-25,,To Heer 
2436,9707972,170007,2017-01-25,2017-02-19,shaobin.li,2017-05-09 15:21:09,0,Responsible Party,,0.0,Tank Removal,False,False,False,False,False,False,False,,False,0.0,False,False,False,False,0.0,False,False,False,False,False,,LUST Cleanup Initiated,2017-04-24,Tank,Shaobin Li 
2437,9101118,170009,2017-02-21,,roxanne.kwan,2018-06-05 17:55:35,0,Responsible Party,Corrosion,0.0,Other,False,False,False,False,False,False,False,,False,0.0,False,False,False,False,0.0,False,False,False,False,False,,Site Cleanup Completed (NFA),2017-10-27,Dispenser,Shaobin Li 
2438,9200116,suspected,2017-02-17,,roxanne.kwan,2020-02-07 08:45:35,0,Responsible Party,,0.0,Leak Detection,False,False,False,False,False,False,False,,False,0.0,False,False,False,False,0.0,False,False,False,False,False,,Disconfirmed Release,2019-12-31,Tank,suspected 
2439,9101720,170008,2017-01-25,2018-06-27,shunsheng.fu,2018-10-09 14:00:42,0,Responsible Party,Corrosion,0.0,Other,False,False,False,False,False,False,False,,False,0.0,False,False,False,False,0.0,False,False,False,False,False,,Site Cleanup Completed (NFA),2018-07-11,Piping,Shunsheng Fu 
2440,9703039,suspected,2017-03-28,,roy.ilaga,2017-05-12 15:27:29,0,Responsible Party,,0.0,,False,False,False,False,False,False,False,,False,0.0,False,False,False,False,0.0,False,False,False,False,False,,Disconfirmed Release,2017-03-31,,roy Ilaga 
2442,9707980,170011,2017-04-12,2017-05-31,roxanne.kwan,2017-06-16 17:44:08,0,,Other,495.0,Other,False,False,False,False,False,False,False,,False,0.0,False,False,False,False,0.0,False,False,False,False,False,,Site Cleanup Completed (NFA),2017-06-06,Tank,Richard Takaba 
2443,9200966,suspected,2017-05-01,,roxanne.kwan,2017-09-26 15:56:09,0,Responsible Party,Unknown,0.0,Leak Detection,False,False,False,False,False,False,False,,False,0.0,False,False,False,False,0.0,False,False,False,False,False,,Disconfirmed Release,2017-08-18,Piping,Roxanne Kwan 
2444,9707442,suspected,2017-05-10,,roy.ilaga,2018-10-05 08:45:07,0,Responsible Party,Phys/Mech Damage,0.0,Leak Detection,False,False,False,False,False,False,False,,False,0.0,False,False,False,False,0.0,False,False,False,False,False,,Disconfirmed Release,2017-06-08,Piping,Nicole Okino 
2445,9100117,suspected,2017-06-01,,roxanne.kwan,2020-06-19 17:15:22,0,Responsible Party,,0.0,Leak Detection,False,False,False,False,False,False,False,,False,0.0,False,False,False,False,0.0,False,False,False,False,False,,Disconfirmed Release,2020-06-22,Tank,Roxanne Kwan 
2447,9707983,170014,2017-06-02,2018-04-02,shunsheng.fu,2018-05-21 14:30:41,0,Responsible Party,Unknown,0.0,Tank Removal,False,False,False,False,False,False,False,,False,0.0,False,False,False,False,0.0,False,False,False,False,False,,Site Cleanup Completed with EHE,2018-04-30,Tank,Shunsheng Fu 
2448,9700058,180012,2017-07-20,,roxanne.kwan,2024-01-09 09:40:36,0,Responsible Party,Unknown,0.0,Leak Detection,False,False,False,False,False,False,False,,False,0.0,False,False,False,False,0.0,False,False,False,False,False,,Confirmed Release,2017-11-08,Tank,roy Ilaga 
2449,9100264,170016,2017-07-19,,roxanne.kwan,2023-10-26 08:45:56,0,Responsible Party,Phys/Mech Damage,0.0,Other,False,False,False,False,False,False,False,,False,0.0,False,False,False,False,0.0,False,False,False,False,False,,Site Cleanup Completed (NFA),2023-10-26,Piping,Thu Perry 
2450,9103017,suspected,2017-07-26,,roxanne.kwan,2019-12-01 15:16:18,0,Responsible Party,,0.0,Leak Detection,False,False,False,False,False,False,False,,False,0.0,False,False,False,False,0.0,False,False,False,False,False,,Disconfirmed Release,2019-09-25,Tank,Roxanne Kwan 
2451,9502743,180009,2017-06-07,2018-07-23,roxanne.kwan,2019-05-02 16:16:14,0,Responsible Party,Phys/Mech Damage,0.0,Leak Detection,True,False,False,False,False,False,False,,False,0.0,False,False,False,False,0.0,False,False,False,False,False,,Site Cleanup Completed (NFA),2019-03-22,Tank,Richard Takaba 
2454,9707984,170017,2017-08-18,,Allison.Hutto,2019-04-29 12:31:04,0,Responsible Party,,0.0,Tank Removal,False,False,False,False,False,False,False,,False,0.0,False,False,False,False,0.0,False,False,False,False,False,,Site Cleanup Completed (NFA),2019-03-22,Dispenser,Allison Hutto 
2458,9707367,exempt USTs,2016-07-15,,roxanne.kwan,2017-08-31 17:42:05,0,Responsible Party,,0.0,Tank Removal,False,False,False,False,False,False,False,,False,0.0,False,False,False,False,0.0,False,False,False,False,False,,Case Transferred to HEER (unregulated),2016-07-15,,To Heer 
2459,9601084,170015,2017-06-05,2017-12-13,shunsheng.fu,2018-01-12 11:16:12,0,Responsible Party,Unknown,0.0,Tank Removal,False,False,False,False,False,False,False,,False,0.0,False,False,False,False,0.0,False,False,False,False,False,,Site Cleanup Completed (NFA),2018-01-02,Unknown,Shunsheng Fu 
2464,9707985,180006,2017-09-25,2018-03-18,Allison.Hutto,2020-09-04 09:23:09,0,Responsible Party,,0.0,Tank Removal,False,False,False,False,False,False,False,,False,0.0,False,False,False,False,0.0,False,False,False,False,False,,LUST Cleanup Initiated,2018-01-25,,Allison Hutto 
2467,9707493,suspected,2017-10-02,2017-10-02,roxanne.kwan,2018-03-01 12:30:45,0,Responsible Party,,0.0,Other,False,False,False,False,False,False,False,,False,0.0,False,False,False,False,0.0,False,False,False,False,False,,Disconfirmed Release,2017-10-10,Dispenser,Nicole Okino 
2468,9100322,180001,2017-10-12,,Allison.Hutto,2019-08-23 08:47:07,0,Responsible Party,,0.0,Tank Removal,False,False,False,False,False,False,False,,False,0.0,False,False,False,False,0.0,False,False,False,False,False,,Site Cleanup Completed (NFA),2019-08-13,Dispenser,Allison Hutto 
2469,9200622,180002,2017-10-13,2019-10-03,roxanne.kwan,2023-10-26 16:17:07,0,Responsible Party,,0.0,Leak Detection,True,False,True,False,True,False,True,,False,0.0,True,False,False,False,0.0,False,False,False,False,False,,Active Remediation,2019-10-15,Tank,Richard Takaba 
2480,9707181,180011,2018-03-06,2020-11-23,roxanne.kwan,2022-11-28 16:02:19,0,Responsible Party,Unknown,0.0,Leak Detection,False,False,False,False,False,False,False,,False,0.0,False,False,False,False,0.0,False,False,False,False,False,,Site Cleanup Completed (NFA),2022-11-30,Tank,Allison Hutto 
2470,9200335,180003,2017-10-13,2021-05-27,Allison.Hutto,2023-03-03 07:23:14,0,Responsible Party,,0.0,Leak Detection,False,False,False,False,False,False,False,,False,0.0,False,False,False,False,0.0,False,False,False,False,False,,Site Cleanup Completed (NFA) with Restrictions,2023-03-06,Tank,Allison Hutto 
2471,9707983,180004,2017-10-13,2018-04-02,shunsheng.fu,2018-05-21 14:34:59,0,Responsible Party,,0.0,Other,False,False,False,False,False,False,False,,False,0.0,False,False,False,False,0.0,False,False,False,False,False,,Site Cleanup Completed with EHE,2018-04-30,Tank,Shunsheng Fu 
2472,9200329,180005,2017-10-19,2018-12-17,edlyn.nunez,2021-10-20 11:28:26,0,Responsible Party,,0.0,Leak Detection,False,False,False,False,False,False,False,,False,0.0,False,False,False,False,0.0,False,False,False,False,False,,Confirmed Release,2017-10-26,Tank,Shunsheng Fu 
2473,9200921,suspected,2018-01-08,,Nicole.Okino,2018-09-07 11:13:40,0,Responsible Party,Unknown,0.0,Other,False,False,False,False,False,False,False,,False,0.0,False,False,False,False,0.0,False,False,False,False,False,,Disconfirmed Release,2018-08-15,Piping,Shunsheng Fu 
2474,9101232,suspected,2018-01-10,,Nicole.Okino,2018-10-02 14:00:12,0,Responsible Party,Unknown,0.0,Leak Detection,False,False,False,False,False,False,False,,False,0.0,False,False,False,False,0.0,False,False,False,False,False,,Disconfirmed Release,2018-06-20,Tank,roy Ilaga 
2475,9102158,suspected,2018-01-16,,nicole.okino,2018-07-25 13:29:48,0,Responsible Party,Unknown,0.0,Leak Detection,False,False,False,False,False,False,False,,False,0.0,False,False,False,False,0.0,False,False,False,False,False,,Disconfirmed Release,2018-07-25,Submersible Turbine Pump,Nicole Okino 
2476,9707988,180007,2017-10-03,,richard.takaba,2018-04-27 13:37:59,0,Responsible Party,Unknown,0.0,Other,False,False,False,False,False,False,False,,False,0.0,False,True,False,False,0.0,False,False,False,False,False,,Confirmed Release,2017-09-18,Tank,Richard Takaba 
2477,9707989,180008,2018-01-23,,shunsheng.fu,2018-07-10 14:03:15,0,Responsible Party,Unknown,0.0,Tank Removal,False,False,False,False,False,False,False,,False,0.0,False,False,False,False,0.0,False,False,False,False,False,,Site Cleanup Completed (NFA),2018-07-06,Unknown,Shunsheng Fu 
2479,9707266,180010,2018-02-15,2018-03-14,Allison.Hutto,2021-02-23 07:52:27,0,Responsible Party,Unknown,0.0,Tank Removal,True,True,True,False,True,False,False,,False,0.0,True,False,False,False,0.0,False,False,False,False,False,,Site Cleanup Completed (NFA),2021-02-12,Tank,Allison Hutto 
2481,9500008,suspected,2018-03-22,,roxanne.kwan,2018-07-24 16:44:42,0,Responsible Party,Unknown,1.0,Other,False,False,False,False,False,False,False,,False,0.0,False,False,False,False,0.0,False,False,False,False,False,,Disconfirmed Release,2018-06-07,Piping,Nicole Okino 
2483,9200335,180014,2018-01-23,,roxanne.kwan,2023-09-08 16:31:30,0,Responsible Party,,0.0,Leak Detection,False,False,False,False,False,False,False,,False,0.0,False,False,False,False,0.0,False,False,False,False,False,,Consolidated releases,2018-09-06,Tank,Shunsheng Fu 
2484,9707992,180013,2018-03-02,2018-05-10,richard.takaba,2018-10-04 11:31:39,0,,Unknown,0.0,Tank Removal,False,False,False,False,False,False,False,,False,0.0,True,False,False,False,0.0,False,False,False,False,False,,Disconfirmed Release,2018-08-31,Tank,Randall Heu 
2548,9100049,190005,2019-05-16,2021-06-02,roxanne.kwan,2024-12-11 16:01:03,0,Responsible Party,Corrosion,50.0,Leak Detection,False,False,False,False,True,False,False,,False,0.0,False,False,False,False,0.0,False,False,False,False,False,,Monitored Natural Attenuation,2024-11-15,Tank,Michelle Liu 
2549,9100520,suspect,2019-05-20,,roxanne.kwan,2020-01-09 11:52:17,0,Responsible Party,,0.0,Other,False,False,False,False,False,False,False,,False,0.0,False,False,False,False,0.0,False,False,False,False,False,,Disconfirmed Release,2019-06-28,,Richard Takaba 
2645,9102271,220002,2021-11-29,,roxanne.kwan,2024-12-04 15:48:32,0,Responsible Party,Phys/Mech Damage,0.0,Off-site Discovery,True,True,False,False,True,False,False,,False,0.0,True,False,False,False,0.0,True,True,False,False,False,,Confirmed Release,2021-11-20,Other,Anay Shende 
2646,9707829,220003,2021-12-06,2022-01-07,Allison.Hutto,2022-01-11 12:09:24,0,Responsible Party,,0.0,Other,False,False,False,False,False,False,False,,False,0.0,False,False,False,False,0.0,False,False,False,False,False,,Confirmed Release,2021-12-06,Delivery,Allison Hutto 
2486,9202319,suspected,2018-03-20,,Nicole.Okino,2019-04-15 15:53:17,0,Responsible Party,Unknown,0.0,Leak Detection,False,False,False,False,False,False,False,,False,0.0,False,False,False,False,0.0,False,False,False,False,False,,Disconfirmed Release,2019-01-18,Piping, 
2487,9200965,suspected,2018-04-16,2018-04-16,roxanne.kwan,2019-04-18 17:41:57,0,Responsible Party,,0.0,Other,False,False,False,False,False,False,False,,False,0.0,False,False,False,False,0.0,False,False,False,False,False,,Disconfirmed Release,2019-03-02,Tank, 
2488,9200311,200011,2018-04-17,2021-04-21,richard.takaba,2022-04-28 16:16:56,0,Responsible Party,Unknown,0.0,Leak Detection,False,False,False,False,False,False,False,,False,0.0,False,False,False,False,0.0,False,False,False,False,False,,Site Cleanup Completed (NFA) with Restrictions,2021-10-01,Tank,Richard Takaba 
2489,9101274,180016,2018-02-09,,richard.takaba,2019-12-13 17:28:12,0,Responsible Party,,0.0,Other,False,False,False,False,False,False,False,,False,0.0,False,False,False,False,0.0,False,False,False,False,False,,Site Cleanup Completed with EHE/EHMP,2019-03-01,,Richard Takaba 
2490,9707338,180020,2018-06-19,2021-09-09,roxanne.kwan,2021-09-10 09:19:07,0,Responsible Party,,0.0,Other,False,False,False,False,False,False,False,,False,0.0,False,False,False,False,0.0,False,False,False,False,False,,Site Cleanup Completed (NFA),2021-09-10,Piping,Miranda Fleisher 
2491,9707442,suspected,2018-05-11,,Nicole.Okino,2019-06-13 10:18:07,0,Responsible Party,,0.0,,False,False,False,False,False,False,False,,False,0.0,False,False,False,False,0.0,False,False,False,False,False,,Disconfirmed Release,2018-10-17,, 
2492,9102058,suspected,2018-05-14,,nicole.okino,2018-07-25 12:40:04,0,Responsible Party,Unknown,0.0,Leak Detection,False,False,False,False,False,False,False,,False,0.0,False,False,False,False,0.0,False,False,False,False,False,,Disconfirmed Release,2018-07-25,Piping,Nicole Okino 
2495,9707991,180017,2018-05-21,,roxanne.kwan,2018-05-23 09:51:04,0,Responsible Party,,0.0,Tank Removal,False,False,False,False,False,False,False,,False,0.0,False,False,False,False,0.0,False,False,False,False,False,,Confirmed Release,2018-05-21,Tank,Richard Takaba 
2496,9200020,suspected,2018-06-06,,roxanne.kwan,2018-06-22 15:36:33,0,Responsible Party,,0.0,Leak Detection,False,False,False,False,False,False,False,,False,0.0,False,False,False,False,0.0,False,False,False,False,False,,Disconfirmed Release,2018-06-08,Tank,Nicole Okino 
2497,9707990,180018,2018-03-14,,roxanne.kwan,2018-10-02 08:32:38,0,Responsible Party,,0.0,Tank Removal,False,False,False,False,False,False,False,,False,0.0,False,False,False,False,0.0,False,False,False,False,False,,Site Cleanup Completed (NFA),2018-06-21,,Richard Takaba 
2498,9100119,suspected,2018-02-06,,richard.takaba,2023-08-17 14:35:41,0,Responsible Party,,0.0,Leak Detection,False,False,False,False,False,False,False,,False,0.0,False,False,False,False,0.0,False,False,False,False,False,,Disconfirmed Release,2018-07-18,Tank,Nicole Okino 
2500,9200315,suspected release,2018-06-19,,roxanne.kwan,2020-09-03 08:52:53,0,Responsible Party,,0.0,Leak Detection,False,False,False,False,False,False,False,,False,0.0,False,False,False,False,0.0,False,False,False,False,False,,Disconfirmed Release,2020-09-03,Tank,Allison Hutto 
2501,9101159,suspected,2018-06-19,,Nicole.Okino,2018-09-14 10:59:03,0,Responsible Party,,0.0,Other,False,False,False,False,False,False,False,,False,0.0,False,False,False,False,0.0,False,False,False,False,False,,Disconfirmed Release,2018-08-16,Piping,Nicole Okino 
2503,9200020,suspected,2018-06-19,,nicole.okino,2018-08-07 16:41:37,0,Responsible Party,,0.0,Leak Detection,False,False,False,False,False,False,False,,False,0.0,False,False,False,False,0.0,False,False,False,False,False,,Disconfirmed Release,2018-08-07,Tank,Nicole Okino 
2504,9101032,180021,2018-06-06,,richard.takaba,2019-02-05 14:26:44,0,Responsible Party,,0.0,Tank Removal,False,False,False,False,False,False,False,,False,0.0,False,False,False,False,0.0,False,False,False,False,False,,Site Cleanup Completed with EHE/EHMP,2019-01-30,Tank,Shunsheng Fu 
2505,9101028,190002,2018-06-25,2020-10-06,Allison.Hutto,2021-01-26 11:50:26,0,Responsible Party,Unknown,0.0,Leak Detection,False,False,False,False,False,False,False,,False,0.0,False,False,False,False,0.0,False,False,False,False,False,,LUST Cleanup Initiated,2019-10-21,Tank,Allison Hutto 
2506,9500007,suspected,2018-06-23,,Nicole.Okino,2018-09-11 08:52:10,0,Responsible Party,,0.0,Leak Detection,False,False,False,False,False,False,False,,False,0.0,False,False,False,False,0.0,False,False,False,False,False,,Disconfirmed Release,2018-09-11,Piping,Nicole Okino 
2507,9101539,180019,2018-06-27,2018-07-03,roxanne.kwan,2018-07-12 14:47:54,0,Responsible Party,,0.0,Tank Removal,False,False,False,False,False,False,False,,False,0.0,False,False,False,False,0.0,False,False,False,False,False,,Site Cleanup Completed (NFA),2018-07-10,Tank,Richard Takaba 
2508,9201024,suspected,2018-06-28,,roxanne.kwan,2019-04-26 13:39:54,0,Responsible Party,,0.0,Leak Detection,False,False,False,False,False,False,False,,False,0.0,False,False,False,False,0.0,False,False,False,False,False,,Suspected release,2018-06-28,Tank,Nicole Okino 
2512,9100490,180015,2018-09-22,,roxanne.kwan,2019-02-12 08:37:57,0,Responsible Party,,0.0,Tank Removal,False,False,False,False,False,False,False,,False,0.0,False,False,False,False,0.0,False,False,False,False,False,,Site Cleanup Completed (NFA),2019-01-31,,Allison Hutto 
2515,9102516,180022,2017-11-30,2018-09-26,roxanne.kwan,2018-12-04 14:33:22,0,Responsible Party,Unknown,0.0,Tank Removal,False,False,False,False,False,False,False,,False,0.0,False,False,False,False,0.0,False,False,False,False,False,,Site Cleanup Completed (NFA),2018-10-05,Tank,Richard Takaba 
2516,9601658,suspected,2018-09-18,,Nicole.Okino,2018-10-10 10:19:34,0,,,0.0,,False,False,False,False,False,False,False,,False,0.0,False,False,False,False,0.0,False,False,False,False,False,,Suspected release,2018-09-18,,Nicole Okino 
2517,9701132,suspected,2017-06-05,,roxanne.kwan,2018-10-10 10:44:47,0,Responsible Party,,0.0,Leak Detection,False,False,False,False,False,False,False,,False,0.0,False,False,False,False,0.0,False,False,False,False,False,,Disconfirmed Release,2017-11-10,Piping,roy Ilaga 
2518,9701796,190001,2018-10-12,,roxanne.kwan,2019-02-11 16:39:58,0,Responsible Party,,0.0,Leak Detection,False,False,False,False,False,False,False,,False,0.0,False,False,False,False,0.0,False,False,False,False,False,,Disconfirmed Release,2019-01-29,Piping,Allison Hutto 
2519,9500008,suspected,2018-11-26,,Nicole.Okino,2019-02-15 15:12:33,0,Responsible Party,,0.0,,False,False,False,False,False,False,False,,False,0.0,False,False,False,False,0.0,False,False,False,False,False,,Disconfirmed Release,2019-02-15,,Nicole Okino 
2521,9708005,190004,2019-02-27,2019-04-02,richard.takaba,2019-12-12 13:44:40,0,Responsible Party,,0.0,Other,False,False,False,False,False,False,False,,False,0.0,False,False,False,False,0.0,False,False,False,False,False,,Site Cleanup Completed (NFA),2019-04-08,Tank,Richard Takaba 
2522,9100285,suspected,2019-02-26,,roxanne.kwan,2020-10-06 15:18:18,0,Responsible Party,Unknown,0.0,Other,False,False,False,False,False,False,False,,False,0.0,False,False,False,False,0.0,False,False,False,False,False,,Disconfirmed Release,2020-10-08,Piping, 
2523,9200033,suspected,2019-02-22,,roxanne.kwan,2019-05-29 12:53:30,0,,,0.0,,False,False,False,False,False,False,False,,False,0.0,False,False,False,False,0.0,False,False,False,False,False,,Disconfirmed Release,2019-03-19,,Nicole Okino 
2524,9200243,suspected,2019-03-13,,Nicole.Okino,2019-06-26 15:19:26,0,,,0.0,,False,False,False,False,False,False,False,,False,0.0,False,False,False,False,0.0,False,False,False,False,False,,Disconfirmed Release,2019-06-26,,Nicole Okino 
2525,9200112,suspected release,2019-03-21,,roxanne.kwan,2019-07-10 08:17:36,0,Responsible Party,,0.0,Other,False,False,False,False,False,False,False,,False,0.0,False,False,False,False,0.0,False,False,False,False,False,,Disconfirmed Release,2019-07-05,Dispenser,Shunsheng Fu 
2526,9700689,190003,2018-11-19,,roxanne.kwan,2019-03-29 16:30:55,0,Responsible Party,Unknown,0.0,Tank Removal,False,False,False,False,False,False,False,,False,0.0,False,False,False,False,0.0,False,False,False,False,False,,Site Cleanup Completed (NFA),2019-02-21,Tank,Richard Takaba 
2540,9201025,070012,2007-02-07,2017-10-17,roxanne.kwan,2019-05-07 16:41:24,0,Responsible Party,Leaking Piping,0.0,Other,True,False,False,False,False,False,False,,False,0.0,True,False,False,False,0.0,False,False,False,False,False,recovery of free product,Consolidated releases,2019-05-07,Piping,Allison Hutto 
2541,9707015,080015,2008-03-28,2018-12-17,Allison.Hutto,2020-09-04 08:41:12,0,Responsible Party,,0.0,Other,False,False,False,False,True,False,True,,False,0.0,True,False,False,False,0.0,False,False,False,False,False,,Monitored Natural Attenuation,2020-07-21,Unknown,Shunsheng Fu 
2542,9201025,080036,2008-04-29,2017-10-17,roxanne.kwan,2019-05-07 16:41:54,0,Responsible Party,,0.0,Other,True,False,False,False,False,False,False,,False,0.0,False,False,False,False,0.0,False,False,False,False,False,recovery of free product,Consolidated releases,2019-05-07,Unknown,Allison Hutto 
2543,9201025,090008,2009-01-20,2022-06-23,Allison.Hutto,2023-01-03 14:57:04,0,Responsible Party,,0.0,,True,False,False,False,False,False,False,,False,0.0,False,False,False,False,0.0,False,False,False,False,False,recovery of free product,Monitored Natural Attenuation,2016-07-28,Unknown,Shaobin Li 
2545,9102679,Suspected,2019-04-04,,Allison.Hutto,2023-01-30 08:09:52,0,Responsible Party,Unknown,0.0,Leak Detection,False,False,False,False,False,False,False,,False,0.0,False,False,False,False,0.0,False,False,False,False,False,,Suspected release,2019-04-04,Tank, 
2546,9201460,suspected,2019-03-25,,roxanne.kwan,2020-10-27 16:26:46,0,,,0.0,Other,False,False,False,False,False,False,False,,False,0.0,False,False,False,False,0.0,False,False,False,False,False,,Disconfirmed Release,2020-10-26,, 
2547,9200966,suspected,2019-04-09,,Nicole.Okino,2020-01-27 14:06:55,0,Responsible Party,,0.0,Leak Detection,False,False,False,False,False,False,False,,False,0.0,False,False,False,False,0.0,False,False,False,False,False,,Disconfirmed Release,2019-05-24,Piping,Suspected 
2551,9101443,suspected,2019-04-26,,roxanne.kwan,2020-09-04 16:45:19,0,Responsible Party,,0.0,,False,False,False,False,False,False,False,,False,0.0,False,False,False,False,0.0,False,False,False,False,False,,Disconfirmed Release - investigation ongoing,2019-11-04,,suspected 
2552,9201964,suspected,,,roxanne.kwan,2020-06-18 13:31:16,0,Responsible Party,,0.0,Other,False,False,False,False,False,False,False,,False,0.0,False,False,False,False,0.0,False,False,False,False,False,,Suspected release,2019-05-22,Piping, 
2553,9707179,suspect,2019-07-05,,roxanne.kwan,2019-10-14 12:30:35,0,Responsible Party,,0.0,Leak Detection,False,False,False,False,False,False,False,,False,0.0,False,False,False,False,0.0,False,False,False,False,False,,Disconfirmed Release,2019-09-09,Tank, 
2554,9201192,suspected,,,roxanne.kwan,2019-07-10 09:08:56,0,,,0.0,,False,False,False,False,False,False,False,,False,0.0,False,False,False,False,0.0,False,False,False,False,False,,Disconfirmed Release,2019-07-08,,suspected 
2555,9100235,suspected,2019-07-18,,roxanne.kwan,2023-11-22 16:49:24,0,Responsible Party,,0.0,Leak Detection,False,False,False,False,False,False,False,,False,0.0,False,False,False,False,0.0,False,False,False,False,False,,Disconfirmed Release,2020-01-10,Tank,Richard Takaba 
2556,9102491,suspect,2019-07-22,,roxanne.kwan,2020-06-08 16:42:46,0,,,0.0,,False,False,False,False,False,False,False,,False,0.0,False,False,False,False,0.0,False,False,False,False,False,,Disconfirmed Release,2019-07-31,, 
2557,9101725,190007,2019-08-13,2021-04-30,richard.takaba,2022-11-29 16:09:12,0,Responsible Party,Unknown,0.0,Leak Detection,False,False,False,False,False,False,False,,False,0.0,False,False,False,False,0.0,False,False,False,False,False,,LUST Cleanup Initiated,2020-11-03,Tank,Miranda Fleisher 
2558,9708006,190006,2019-06-18,2019-07-18,Allison.Hutto,2019-10-18 07:54:18,0,Responsible Party,,0.0,Tank Removal,False,False,False,False,False,False,False,,False,0.0,False,False,False,False,0.0,False,False,False,False,False,,Site Cleanup Completed (NFA),2019-07-26,Tank,Allison Hutto 
2559,9200498,suspected,2019-06-20,,roxanne.kwan,2019-07-30 08:51:30,0,Responsible Party,,0.0,Other,False,False,False,False,False,False,False,,False,0.0,False,False,False,False,0.0,False,False,False,False,False,,Suspected release,2019-06-20,Tank,suspected 
2560,9200052,suspected,,,Nicole.Okino,2019-08-02 14:37:06,0,,,0.0,,False,False,False,False,False,False,False,,False,0.0,False,False,False,False,0.0,False,False,False,False,False,,Suspected release,2019-08-02,, 
2563,9707215,suspected,2019-08-21,,nicole.okino,2021-06-09 11:15:39,0,,,0.0,,False,False,False,False,False,False,False,,False,0.0,False,False,False,False,0.0,False,False,False,False,False,,Disconfirmed Release,2020-06-08,,suspected 
2564,9701885,suspected,2019-09-11,,roxanne.kwan,2019-11-01 11:46:14,0,Responsible Party,,0.0,Other,False,False,False,False,False,False,False,,False,0.0,False,False,False,False,0.0,False,False,False,False,False,,Suspected release,2019-09-11,Tank,Nicole Okino 
2565,9101537,190008,2018-02-12,,roxanne.kwan,2020-02-18 13:39:45,0,Responsible Party,,0.0,Tank Removal,False,False,False,False,False,False,False,,False,0.0,False,False,False,False,0.0,False,False,False,False,False,,Site Cleanup Completed (NFA),2020-02-18,,Richard Takaba 
2566,9201510,200001,2019-10-10,2019-10-30,Allison.Hutto,2021-01-26 12:26:55,0,Responsible Party,Unknown,0.0,Leak Detection,False,False,False,False,False,False,False,,False,0.0,False,False,False,False,0.0,False,False,False,False,False,,Confirmed Release,2019-10-10,Piping,Allison Hutto 
2568,9201458,200003,2019-10-27,2020-08-04,roxanne.kwan,2020-08-05 08:41:41,0,Responsible Party,,8.0,Leak Detection,False,False,False,False,False,False,False,,False,0.0,False,False,False,False,0.0,False,False,False,False,False,,Confirmed Release,2019-11-11,Tank,Allison Hutto 
2569,9100343,suspected,2019-10-31,,Nicole.Okino,2020-04-23 16:00:16,0,Responsible Party,,0.0,,False,False,False,False,False,False,False,,False,0.0,False,False,False,False,0.0,False,False,False,False,False,,Disconfirmed Release - investigation ongoing,2019-12-31,,suspected 
2570,9201184,suspected,2019-11-12,,nicole.okino,2021-06-09 11:31:36,0,,,0.0,,False,False,False,False,False,False,False,,False,0.0,False,False,False,False,0.0,False,False,False,False,False,,Disconfirmed Release,2020-02-11,,suspected 
2571,9301876,200006,2019-11-13,2020-02-13,Allison.Hutto,2021-04-16 15:12:15,0,Responsible Party,Unknown,0.0,Leak Detection,False,False,False,False,False,False,False,,False,0.0,False,False,False,False,0.0,False,False,False,False,False,,Confirmed Release,2019-12-09,Tank,Richard Takaba 
2572,9201677,suspect,2019-11-22,,roxanne.kwan,2020-02-10 09:01:56,0,Responsible Party,,0.0,Leak Detection,False,False,False,False,False,False,False,,False,0.0,False,False,False,False,0.0,False,False,False,False,False,,Disconfirmed Release,2020-01-03,, 
2573,9201253,200004,2012-07-19,,roxanne.kwan,2020-02-03 11:59:36,0,Responsible Party,Unknown,0.0,Tank Removal,False,False,False,False,False,False,False,,False,0.0,False,False,False,False,0.0,False,False,False,False,False,,Site Cleanup Completed (NFA),2020-01-22,Tank,Richard Takaba 
2577,9707659,200005,2014-07-09,2019-12-09,Allison.Hutto,2020-01-16 11:50:25,0,Responsible Party,Unknown,0.0,Tank Removal,False,False,False,False,False,False,False,,False,0.0,False,False,False,False,0.0,False,False,False,False,False,,Site Cleanup Completed (NFA),2020-01-13,Piping,Allison Hutto 
2578,9601316,200008,2019-08-08,2020-07-17,Allison.Hutto,2021-01-26 13:54:31,0,Responsible Party,,0.0,Leak Detection,False,False,False,False,False,False,False,,False,0.0,False,False,False,False,0.0,False,False,False,False,False,,LUST Cleanup Initiated,2020-12-14,Tank,Allison Hutto 
2579,9100089,200007,2019-12-20,2020-09-03,Allison.Hutto,2020-09-03 07:43:53,0,Responsible Party,Phys/Mech Damage,0.0,Other,False,False,False,False,False,False,False,,False,0.0,False,False,False,False,0.0,False,False,False,False,False,,Site Cleanup Completed (NFA),2020-09-03,Piping,Allison Hutto 
2580,9102491,200013,2020-05-09,2021-12-21,roxanne.kwan,2024-11-01 15:53:26,0,Responsible Party,Unknown,3200.0,Leak Detection,False,False,False,False,False,True,True,,False,0.0,False,False,False,False,0.0,False,False,False,False,False,,Site Assessment Completed (delineated),2023-10-15,Piping,Allison Hutto 
2581,9708015,200009,2020-01-31,,roxanne.kwan,2020-02-24 16:47:57,0,Responsible Party,,0.0,Other,False,False,False,False,False,False,False,,False,0.0,False,False,False,False,0.0,False,False,False,False,False,,Confirmed Release,2020-01-31,Tank,Richard Takaba 
2582,9200020,suspected,2020-02-28,,nicole.okino,2021-06-09 11:08:17,0,Responsible Party,,0.0,Leak Detection,False,False,False,False,False,False,False,,False,0.0,False,False,False,False,0.0,False,False,False,False,False,,Disconfirmed Release,2021-05-17,,suspected 
2583,9501591,200010,2020-03-09,2020-03-13,roxanne.kwan,2020-04-27 12:57:28,0,Responsible Party,,0.0,Tank Removal,False,False,False,False,False,False,False,,False,0.0,False,False,False,False,0.0,False,False,False,False,False,,Site Cleanup Completed (NFA),2020-04-20,Tank,Allison Hutto 
2584,9302439,200012,2020-02-01,,roxanne.kwan,2020-09-24 14:33:22,0,Responsible Party,Unknown,0.0,Tank Removal,False,False,False,False,False,False,False,,False,0.0,False,False,False,False,0.0,False,False,False,False,False,,Site Cleanup Completed (NFA),2020-09-28,Unknown,Miranda Fleisher 
2586,9707215,suspected,2020-05-14,,nicole.okino,2021-06-09 11:21:46,0,Responsible Party,,0.0,Leak Detection,False,False,False,False,False,False,False,,False,0.0,False,False,False,False,0.0,False,False,False,False,False,,Disconfirmed Release,2020-07-23,,suspected 
2587,9200016,suspected,2020-05-26,,nicole.okino,2021-06-09 11:52:26,0,Responsible Party,,0.0,Leak Detection,False,False,False,False,False,False,False,,False,0.0,False,False,False,False,0.0,False,False,False,False,False,,Disconfirmed Release,2021-05-05,,suspected 
2588,9101653,200014,2020-07-10,,roxanne.kwan,2022-09-20 16:07:56,0,Responsible Party,Phys/Mech Damage,200.0,Leak Detection,False,False,False,False,False,False,False,,False,0.0,False,False,False,False,0.0,False,False,False,False,False,,Site Cleanup Completed (NFA),2021-06-14,Tank,Miranda Fleisher 
2589,9101000,200015,2020-07-15,2020-10-07,roxanne.kwan,2020-10-21 17:16:58,0,Responsible Party,,0.0,Leak Detection,False,False,False,False,False,False,False,,False,0.0,False,False,False,False,0.0,False,False,False,False,False,,Confirmed Release,2020-07-15,Tank,Anay Shende 
2590,9101028,200016,2020-07-10,2020-08-13,Allison.Hutto,2020-08-13 08:50:07,0,Responsible Party,,0.0,Tank Removal,False,False,False,False,False,False,False,,False,0.0,False,False,False,False,0.0,False,False,False,False,False,,Site Cleanup Completed (NFA),2020-08-13,Tank,Allison Hutto 
14,9600464,960040,1996-01-25,,CJR,1996-02-21 00:00:00,14,,,0.0,,False,False,False,False,False,False,False,,False,0.0,False,False,False,False,0.0,False,False,False,False,False,,Site Cleanup Completed (NFA),1996-06-27,,Jose Ruiz
2591,9201182,200019,2020-08-03,2020-10-15,miranda.fleisher,2021-03-25 08:14:02,0,Responsible Party,Unknown,0.0,Other,False,False,False,False,False,False,False,,False,0.0,False,False,False,False,0.0,False,False,False,False,False,,Site Cleanup Completed (NFA),2021-02-16,Piping,Miranda Fleisher 
2592,9602994,suspected,2020-08-31,,roxanne.kwan,2020-08-31 10:28:09,0,Responsible Party,Unknown,0.0,Leak Detection,False,False,False,False,False,False,False,,False,0.0,False,False,False,False,0.0,False,False,False,False,False,,Suspected release,2020-08-27,Tank,suspected 
2593,9701132,200017,2020-09-10,2020-10-16,roxanne.kwan,2020-10-14 12:46:24,0,Responsible Party,Unknown,0.0,Leak Detection,False,False,False,False,False,False,False,,False,0.0,False,False,False,False,0.0,False,False,False,False,False,,Confirmed Release,2020-09-10,Piping,Miranda Fleisher 
2594,9100939,200018,2020-09-11,2020-10-07,roxanne.kwan,2022-09-20 16:05:06,0,Responsible Party,Unknown,0.0,Leak Detection,False,False,False,False,False,False,False,,False,0.0,False,False,False,False,0.0,False,False,False,False,False,,LUST Cleanup Initiated,2020-10-15,Piping,Miranda Fleisher 
2602,9202796,suspected,2020-09-29,,roxanne.kwan,2021-02-20 13:24:57,0,Responsible Party,,0.0,,False,False,False,False,False,False,False,,False,0.0,False,False,False,False,0.0,False,False,False,False,False,,Disconfirmed Release - investigation ongoing,2021-02-23,Tank,suspected 
2603,9201192,suspected,2020-09-29,,nicole.okino,2021-06-09 11:38:05,0,Responsible Party,,0.0,Leak Detection,False,False,False,False,False,False,False,,False,0.0,False,False,False,False,0.0,False,False,False,False,False,,Disconfirmed Release,2021-05-21,,suspected 
2604,9201865,210001,2020-11-13,2021-03-19,roxanne.kwan,2021-04-29 18:37:45,0,Responsible Party,Unknown,0.0,Other,False,False,False,False,False,False,False,,False,0.0,False,False,False,False,0.0,False,False,False,False,False,,Site Cleanup Completed (NFA),2021-03-19,Dispenser,Allison Hutto 
2605,9102052,suspected,2020-08-31,,roxanne.kwan,2020-11-20 12:26:41,0,Responsible Party,,0.0,Leak Detection,False,False,False,False,False,False,False,,False,0.0,False,False,False,False,0.0,False,False,False,False,False,,Suspected release,2020-08-28,Tank,suspected 
2613,9100328,210002,2020-12-21,2020-12-24,roxanne.kwan,2022-03-29 08:50:14,0,Responsible Party,Unknown,0.0,Other,False,False,False,False,False,False,False,,False,0.0,False,False,False,False,0.0,False,False,False,False,False,,Site Cleanup Completed (NFA),2022-03-21,Piping,Miranda Fleisher 
2614,9103084,210003,2020-12-28,2021-05-11,allison.hutto,2021-06-25 10:21:50,0,Responsible Party,,0.0,Leak Detection,False,False,False,False,False,False,False,,False,0.0,False,False,False,False,0.0,False,False,False,False,False,,Disconfirmed Release,2021-06-24,Piping,Allison Hutto 
2626,9707551,210007,2020-12-20,,roxanne.kwan,2021-06-11 08:37:17,0,Responsible Party,,0.0,Tank Removal,False,False,False,False,False,False,False,,False,0.0,False,False,False,False,0.0,False,False,False,False,False,,Site Cleanup Completed (NFA),2021-06-10,,Miranda Fleisher 
2627,9200116,210009,2021-05-17,,roxanne.kwan,2022-09-21 17:33:24,0,Responsible Party,,0.0,Tank Removal,False,False,False,False,False,False,False,,False,0.0,False,False,False,False,0.0,False,False,False,False,False,,Site Cleanup Completed (NFA),2022-09-23,Piping,Miranda Fleisher 
2629,9100948,210008,2021-05-12,2021-05-25,roxanne.kwan,2022-07-19 08:24:13,0,Responsible Party,,0.0,Tank Removal,False,False,False,False,False,False,False,,False,0.0,False,False,False,False,0.0,False,False,False,False,False,,Site Cleanup Completed (NFA),2022-07-20,Dispenser,Allison Hutto 
2630,9201016,210010,2021-06-02,,roxanne.kwan,2021-06-15 19:20:32,0,Responsible Party,,0.0,Other,False,False,False,False,False,False,False,,False,0.0,False,False,False,False,0.0,False,False,False,False,False,,Confirmed Release,2021-06-01,Submersible Turbine Pump,Miranda Fleisher 
2615,9201680,suspected,2021-02-12,,nicole.okino,2021-06-08 16:34:42,0,,,0.0,,False,False,False,False,False,False,False,,False,0.0,False,False,False,False,0.0,False,False,False,False,False,,Disconfirmed Release,2021-03-29,, 
2616,9201510,suspected,2021-02-23,,roxanne.kwan,2023-08-04 13:25:47,0,,,0.0,,False,False,False,False,False,False,False,,False,0.0,False,False,False,False,0.0,False,False,False,False,False,,Suspected release,2021-02-23,,Allison Hutto 
2617,9103154,210004,2021-03-04,2021-03-05,richard.takaba,2021-04-01 15:59:11,0,Responsible Party,,0.0,,False,False,False,False,False,False,False,,False,0.0,False,False,False,False,0.0,False,False,False,False,False,,Confirmed Release,2021-03-04,,Anay Shende 
2624,9201102,210005,2021-03-29,2021-05-17,allison.hutto,2021-07-08 14:25:08,0,Responsible Party,,0.0,Leak Detection,False,False,False,False,False,False,False,,False,0.0,False,False,False,False,0.0,False,False,False,False,False,,Consolidated releases,2021-07-08,Tank,Allison Hutto 
2625,9102465,210006,2021-03-18,2021-04-14,Allison.Hutto,2021-04-16 14:17:36,0,Responsible Party,,0.0,Tank Removal,False,False,False,False,False,False,False,,False,0.0,False,False,False,False,0.0,False,False,False,False,False,,Site Cleanup Completed (NFA),2021-04-14,,Allison Hutto 
2631,9601644,210015,2021-06-08,2023-03-03,roxanne.kwan,2024-06-12 16:02:10,0,Responsible Party,Unknown,0.0,Tank Removal,False,False,False,False,False,False,False,,False,0.0,False,False,False,False,0.0,False,False,False,False,False,,Site Cleanup Completed (NFA),2024-05-29,Tank,Richard Takaba 
2632,9707994,210013,2021-05-17,2021-06-30,roxanne.kwan,2021-08-13 10:42:05,0,Responsible Party,,0.0,Tank Removal,False,False,False,False,False,False,False,,False,0.0,False,False,False,False,0.0,False,False,False,False,False,,Site Cleanup Completed (NFA),2021-07-02,,Miranda Fleisher 
2633,9102271,210011,2021-07-14,2021-06-30,roxanne.kwan,2024-12-04 15:46:51,0,Responsible Party,Other,0.0,Leak Detection,False,False,False,False,False,False,False,,False,0.0,False,False,False,False,0.0,False,False,False,False,False,,Case Transferred to HEER (DERA),2023-07-05,Piping,To Heer 
2634,9102271,210012,2021-05-07,,roxanne.kwan,2021-07-08 16:18:13,0,Responsible Party,,0.0,Other,False,False,False,False,False,False,False,,False,0.0,False,False,False,False,0.0,False,False,False,False,False,,Confirmed Release,2021-05-06,Piping,Richard Takaba 
2636,9102271,210014,2021-07-16,,roxanne.kwan,2024-12-04 15:47:16,0,Responsible Party,Corrosion,150.0,Off-site Discovery,False,False,False,False,False,False,False,,False,0.0,False,False,False,False,0.0,False,False,False,False,False,,Confirmed Release,2021-07-16,Piping,Richard Takaba 
2637,9102491,suspected release,2021-07-30,,Nicole.Okino,2022-10-31 08:13:39,0,Responsible Party,,0.0,Leak Detection,False,False,False,False,False,False,False,,False,0.0,False,False,False,False,0.0,False,False,False,False,False,,Disconfirmed Release,2022-10-24,Tank,Allison Hutto 
2638,9701679,suspected,2021-08-04,2021-08-06,roxanne.kwan,2021-09-24 08:33:38,0,Responsible Party,Unknown,0.0,Leak Detection,False,False,False,False,False,False,False,,False,0.0,False,False,False,False,0.0,False,False,False,False,False,,Suspected release,2021-08-04,Tank,suspected 
2639,9200126,suspect,2021-08-30,,roxanne.kwan,2021-09-14 07:34:30,0,Responsible Party,Unknown,0.0,Leak Detection,False,False,False,False,False,False,False,,False,0.0,False,False,False,False,0.0,False,False,False,False,False,,Disconfirmed Release - investigation ongoing,2021-09-14,Tank, 
2640,9201896,suspect,2021-08-18,,roxanne.kwan,2021-09-09 19:04:23,0,Responsible Party,,0.0,Leak Detection,False,False,False,False,False,False,False,,False,0.0,False,False,False,False,0.0,False,False,False,False,False,,Suspected release,2021-08-18,Tank,suspected 
2641,9202796,suspected,2021-09-24,,roxanne.kwan,2021-09-24 14:27:02,0,Responsible Party,,0.0,Other,False,False,False,False,False,False,False,,False,0.0,False,False,False,False,0.0,False,False,False,False,False,,Suspected release,2021-09-23,Piping,suspected 
2642,9500370,210016,2021-08-13,,roxanne.kwan,2022-04-28 17:41:43,0,Responsible Party,,0.0,Tank Removal,False,False,False,False,False,False,False,,False,0.0,False,False,False,False,0.0,False,False,False,False,False,,Confirmed Release,2021-08-13,Tank,Richard Takaba 
2643,9102001,220001,2021-10-08,,roxanne.kwan,2022-09-22 11:18:34,0,Responsible Party,Other,0.0,Tank Removal,False,False,False,False,False,False,False,,False,0.0,False,False,False,False,0.0,False,False,False,False,False,,LUST Cleanup Initiated,2022-03-30,Piping,Miranda Fleisher 
2648,9701796,220004,2022-02-15,2022-03-08,roxanne.kwan,2023-03-13 13:11:58,0,Responsible Party,Unknown,0.0,Tank Removal,False,False,False,False,False,False,False,,False,0.0,False,False,False,False,0.0,False,False,False,False,False,,Confirmed Release,2022-02-15,Piping,Allison Hutto 
2649,9201680,Suspected,2022-02-18,,Nicole.Okino,2022-06-29 14:29:45,0,,,0.0,,False,False,False,False,False,False,False,,False,0.0,False,False,False,False,0.0,False,False,False,False,False,,Disconfirmed Release,2022-06-16,, 
2650,9201864,220005,2022-04-05,,richard.takaba,2022-04-28 16:20:46,0,Responsible Party,Unknown,0.0,Other,False,False,False,False,False,False,False,,False,0.0,False,False,False,False,0.0,False,False,False,False,False,,Confirmed Release,2022-04-05,Tank,Richard Takaba 
2652,9708129,220006,2021-12-28,2022-05-10,richard.takaba,2022-06-08 16:40:57,0,Responsible Party,Overfill,1.0,Tank Removal,False,True,True,False,False,False,False,,False,0.0,False,False,False,False,0.0,False,False,False,False,False,,Site Cleanup Completed (NFA),2022-06-08,Tank,Richard Takaba 
2653,9708132,220007,2022-05-17,,richard.takaba,2022-09-19 11:04:43,0,Responsible Party,Unknown,0.0,Tank Removal,False,False,False,False,False,False,False,,False,0.0,False,False,False,False,0.0,False,False,False,False,False,,Site Cleanup Completed (NFA),2022-08-31,Tank,Richard Takaba 
2654,9708130,220008,2022-05-04,2022-06-28,roxanne.kwan,2022-07-20 09:00:18,0,Responsible Party,Phys/Mech Damage,0.0,Tank Removal,False,False,False,False,False,False,False,,False,0.0,False,False,False,False,0.0,False,False,False,False,False,,Site Cleanup Completed (NFA),2022-07-21,Tank,Richard Takaba 
2655,9707766,suspect,2022-06-30,,Nicole.Okino,2022-08-05 10:16:15,0,Responsible Party,,0.0,,False,False,False,False,False,False,False,,False,0.0,False,False,False,False,0.0,False,False,False,False,False,,Disconfirmed Release,2022-07-18,, 
2656,9101118,220009,2022-06-23,,richard.takaba,2023-08-21 15:40:40,0,Responsible Party,Corrosion,0.0,Other,False,False,False,False,False,False,False,,False,0.0,False,False,False,False,0.0,False,False,False,False,False,,Site Cleanup Completed (NFA),2023-05-26,Dispenser,Richard Takaba 
2660,9100055,220010,2019-09-25,,roxanne.kwan,2022-08-03 08:56:10,0,Responsible Party,,0.0,,False,False,False,False,False,False,False,,False,0.0,False,False,False,False,0.0,False,False,False,False,False,,Confirmed Release,2019-09-25,,Richard Takaba 
2661,9102062,220011,2022-07-29,,roxanne.kwan,2022-08-15 15:19:49,0,Responsible Party,Unknown,0.0,Tank Removal,False,False,False,False,False,False,False,,False,0.0,False,False,False,False,0.0,False,False,False,False,False,,Confirmed Release,2022-07-29,Unknown,Richard Takaba 
2662,9102384,suspected,2022-08-16,,roxanne.kwan,2023-08-25 13:44:14,0,Responsible Party,,0.0,,False,False,False,False,False,False,False,,False,0.0,False,False,False,False,0.0,False,False,False,False,False,,Disconfirmed Release,2022-08-16,,suspected 
2663,9102609,220012,2022-08-31,,roxanne.kwan,2023-04-10 15:08:39,0,Responsible Party,,0.0,Tank Removal,False,False,False,False,False,False,False,,False,0.0,False,False,False,False,0.0,False,False,False,False,False,,Site Cleanup Completed (NFA),2023-03-01,Dispenser,Miranda Fleisher 
2664,9202209,suspect,2022-09-08,,Nicole.Okino,2022-09-08 15:13:19,0,,,0.0,,False,False,False,False,False,False,False,,False,0.0,False,False,False,False,0.0,False,False,False,False,False,,Suspected release,2022-09-08,,roy Ilaga 
2665,9601320,suspected,2022-08-26,,roxanne.kwan,2022-09-29 15:21:22,0,,,0.0,,False,False,False,False,False,False,False,,False,0.0,False,False,False,False,0.0,False,False,False,False,False,,Suspected release,2022-08-26,,Jose Ruiz 
2675,9200113,suspected release,2022-10-18,,roxanne.kwan,2022-10-18 14:54:02,0,Responsible Party,,0.0,Leak Detection,False,False,False,False,False,False,False,,False,0.0,False,False,False,False,0.0,False,False,False,False,False,,Suspected release,2022-10-18,Tank,Nicole Okino 
2676,9701257,suspected,2022-10-11,,roxanne.kwan,2022-11-18 09:36:28,0,Responsible Party,,0.0,Leak Detection,False,False,False,False,False,False,False,,False,0.0,False,False,False,False,0.0,False,False,False,False,False,,Disconfirmed Release - investigation ongoing,2022-11-04,Tank,Nicole Okino 
2677,9100278,suspected,2022-11-15,,roxanne.kwan,2022-12-14 15:24:30,0,Responsible Party,Unknown,0.0,Leak Detection,False,False,False,False,False,False,False,,False,0.0,False,False,False,False,0.0,False,False,False,False,False,,Suspected release,2022-11-15,Tank,suspected 
2678,9101035,suspected,2022-12-06,,roxanne.kwan,2022-12-15 13:29:39,0,Responsible Party,,0.0,Leak Detection,False,False,False,False,False,False,False,,False,0.0,False,False,False,False,0.0,False,False,False,False,False,,Disconfirmed Release - investigation ongoing,2022-12-16,Tank, 
2679,9200335,230002,2021-12-13,2023-01-10,Allison.Hutto,2023-02-15 08:09:51,0,Responsible Party,,0.0,Other,False,False,False,False,False,False,False,,False,0.0,False,False,False,False,0.0,False,False,False,False,False,,Site Cleanup Completed (NFA),2023-02-15,Piping,Allison Hutto 
2680,9202993,230001,2022-09-12,,roxanne.kwan,2023-05-02 17:00:41,0,Responsible Party,Unknown,0.0,Other,False,False,False,False,False,False,False,,False,0.0,False,False,False,False,0.0,False,False,False,False,False,,Site Cleanup Completed (NFA),2023-01-17,Tank,Richard Takaba 
2681,9201510,Suspected,2023-01-10,2023-02-17,roxanne.kwan,2023-08-04 13:28:16,0,Responsible Party,,0.0,Leak Detection,False,False,False,False,False,False,False,,False,0.0,False,False,False,False,0.0,False,False,False,False,False,,Suspected release,2023-01-10,Tank,Allison Hutto 
2684,9603044,230003,2023-02-02,2023-02-02,richard.takaba,2023-02-22 14:56:56,0,Responsible Party,,0.0,Tank Removal,False,False,False,False,False,False,False,,False,0.0,False,False,False,False,0.0,False,False,False,False,False,,Confirmed Release,2021-06-10,Piping,Allison Hutto 
2686,9707194,230005,2023-03-01,2023-03-03,Allison.Hutto,2023-03-03 10:24:16,0,Responsible Party,,0.0,Tank Removal,False,False,False,False,False,False,False,,False,0.0,False,False,False,False,0.0,False,False,False,False,False,,LUST Cleanup Initiated,2019-04-09,Piping,Allison Hutto 
2687,9201938,230004,2023-03-03,2023-03-03,roxanne.kwan,2023-04-05 13:52:23,0,Responsible Party,Unknown,0.0,Tank Removal,False,False,False,False,False,False,False,,False,0.0,False,False,False,False,0.0,False,False,False,False,False,,Confirmed Release,2023-03-03,Tank,Richard Takaba 
2690,9708133,230006,2023-01-23,,roxanne.kwan,2024-05-31 08:57:59,0,Responsible Party,Unknown,0.0,Other,False,False,False,False,False,False,False,,False,0.0,False,False,False,False,0.0,False,False,False,False,False,,Site Cleanup Completed (NFA) with Restrictions,2024-05-30,Tank,Richard Takaba 
2691,9200159,230007,2023-03-08,2023-05-23,roxanne.kwan,2024-05-02 09:18:08,0,Responsible Party,Unknown,0.0,Other,False,False,False,False,False,False,False,,False,0.0,False,False,False,False,0.0,False,False,False,False,False,,Site Cleanup Completed (NFA),2024-05-01,Tank,Richard Takaba 
2692,9502484,suspected release,2023-04-04,,roxanne.kwan,2023-04-12 17:26:01,0,Responsible Party,,0.0,Leak Detection,False,False,False,False,False,False,False,,False,0.0,False,False,False,False,0.0,False,False,False,False,False,,Disconfirmed Release,2023-04-06,Piping,suspected 
2693,9100343,230008,2023-04-03,,roxanne.kwan,2023-04-25 14:29:29,0,Responsible Party,Unknown,0.0,Other,False,False,False,False,False,False,False,,False,0.0,False,False,False,False,0.0,False,False,False,False,False,,Confirmed Release,2023-03-30,Dispenser,Miranda Fleisher 
2694,9500675,suspected,2023-04-03,,roxanne.kwan,2023-04-25 15:17:34,0,Responsible Party,,0.0,,False,False,False,False,False,False,False,,False,0.0,False,False,False,False,0.0,False,False,False,False,False,,Suspected release,2023-04-02,,suspected 
2695,9101232,230009,2023-05-03,,roxanne.kwan,2023-05-04 11:27:43,0,Responsible Party,Unknown,0.0,Tank Removal,False,False,False,False,False,False,False,,False,0.0,False,False,False,False,0.0,False,False,False,False,False,,Confirmed Release,2023-05-02,Tank,Richard Takaba 
2696,9102052,suspected,2023-05-01,,roxanne.kwan,2023-05-10 17:32:44,0,Responsible Party,,0.0,Leak Detection,False,False,False,False,False,False,False,,False,0.0,False,False,False,False,0.0,False,False,False,False,False,,Suspected release,2023-03-24,Piping,suspected 
2697,9102384,susptected,2023-06-20,,roxanne.kwan,2023-06-22 16:43:08,0,Responsible Party,Unknown,0.0,Other,False,False,False,False,False,False,False,,False,0.0,False,False,False,False,0.0,False,False,False,False,False,,Suspected release,2023-06-05,Piping,suspected 
2698,9201510,230010,2023-07-28,,roxanne.kwan,2023-08-10 11:33:42,0,Responsible Party,Unknown,0.0,Tank Removal,False,False,False,False,False,False,False,,False,0.0,False,False,False,False,0.0,False,False,False,False,False,,Confirmed Release,2023-07-28,Dispenser,Richard Takaba 
2699,9101497,230011,2023-08-10,,roxanne.kwan,2023-10-20 15:58:39,0,Responsible Party,Unknown,0.0,Tank Removal,False,False,False,False,False,False,False,,False,0.0,False,False,False,False,0.0,False,False,False,False,False,,Site Cleanup Completed (NFA),2023-10-18,Dispenser,Miranda Fleisher 
2700,9201963,230012,2023-08-18,,roxanne.kwan,2023-08-24 13:13:18,0,Responsible Party,Unknown,0.0,Tank Removal,False,False,False,False,False,False,False,,False,0.0,False,False,False,False,0.0,False,False,False,False,False,,Confirmed Release,2023-08-18,Tank,Richard Takaba 
2701,9102083,230013,2023-08-22,,roxanne.kwan,2023-09-29 09:56:36,0,Responsible Party,Unknown,0.0,Tank Removal,False,False,False,False,False,False,False,,False,0.0,False,False,False,False,0.0,False,False,False,False,False,,Site Cleanup Completed (NFA) with Restrictions,2023-09-29,Tank,Thu Perry 
2702,9708140,230014,2023-05-22,,roxanne.kwan,2024-12-04 16:03:19,0,Responsible Party,Unknown,0.0,Other,False,False,False,False,False,False,False,,False,0.0,False,False,False,False,0.0,False,False,False,False,False,,Case Transferred to HEER (regulated),2023-05-22,Unknown,To Heer 
2703,9201721,240001,2023-10-25,2024-09-27,richard.takaba,2024-09-27 15:51:27,0,Responsible Party,Unknown,0.0,Other,False,False,False,False,False,False,False,,False,0.0,False,False,False,False,0.0,False,False,False,False,False,,LUST Cleanup Initiated,2024-02-26,Tank,Miranda Fleisher 
2704,9100040,suspected,2023-11-15,,roxanne.kwan,2023-11-17 14:34:07,0,Responsible Party,Unknown,0.0,Other,False,False,False,False,False,False,False,,False,0.0,False,False,False,False,0.0,False,False,False,False,False,,Suspected release,2023-11-10,Piping,suspected 
2705,9200243,suspected,2023-09-21,,roxanne.kwan,2024-01-08 12:30:56,0,Responsible Party,,0.0,Leak Detection,False,False,False,False,False,False,False,,False,0.0,False,False,False,False,0.0,False,False,False,False,False,,Disconfirmed Release - investigation ongoing,2024-01-03,Tank,suspected 
2706,9200921,suspected,2023-12-10,,roxanne.kwan,2023-12-19 15:06:53,0,Responsible Party,Unknown,1.0,Other,False,False,False,False,False,False,False,,False,0.0,False,False,False,False,0.0,False,False,False,False,False,,Suspected release,2023-12-08,Submersible Turbine Pump,suspected 
2707,9200024,240002,2024-01-22,,roxanne.kwan,2024-09-23 12:01:24,0,Responsible Party,Unknown,0.0,Tank Removal,False,False,False,False,False,False,False,,False,0.0,False,False,False,False,0.0,False,False,False,False,False,,Site Cleanup Completed (NFA),2024-09-24,Unknown,Richard Takaba 
2708,9707335,240003,2024-01-29,,roxanne.kwan,2024-03-08 15:44:47,0,Responsible Party,Unknown,0.0,Other,False,False,False,False,False,False,False,,False,0.0,False,False,False,False,0.0,False,False,False,False,False,,Confirmed Release,2023-12-28,Unknown,Richard Takaba 
2709,9201016,240004,2024-03-18,,roxanne.kwan,2024-09-26 14:06:18,0,Responsible Party,Unknown,0.0,Tank Removal,False,False,False,False,False,False,False,,False,0.0,False,False,False,False,0.0,False,False,False,False,False,,Confirmed Release,2024-03-18,Tank,Richard Takaba 
2710,9701796,suspected release,2024-04-17,,roxanne.kwan,2024-04-18 11:00:23,0,Responsible Party,Unknown,0.0,Leak Detection,False,False,False,False,False,False,False,,False,0.0,False,False,False,False,0.0,False,False,False,False,False,,Suspected release,2024-04-16,Tank,suspected 
2711,9102679,240005,2024-03-19,,roxanne.kwan,2024-06-17 15:46:59,0,Responsible Party,Unknown,0.0,Tank Removal,False,False,False,False,False,False,False,,False,0.0,False,False,False,False,0.0,False,False,False,False,False,,Confirmed Release,2024-03-19,Other,Richard Takaba 
2713,9701551,suspected,2024-04-10,,roxanne.kwan,2024-06-05 11:48:45,0,Responsible Party,,0.0,,False,False,False,False,False,False,False,,False,0.0,False,False,False,False,0.0,False,False,False,False,False,,Suspected release,2021-05-03,,suspected 
2714,9201224,240006,2024-06-04,,roxanne.kwan,2025-01-31 13:58:05,0,Responsible Party,Unknown,55.0,Leak Detection,False,False,False,False,False,False,False,,False,0.0,False,False,False,False,0.0,False,False,False,False,False,,Confirmed Release,2024-06-04,Tank,Richard Takaba 
2715,9700609,suspected,2022-01-15,,roxanne.kwan,2024-06-12 10:19:07,0,Responsible Party,Unknown,0.0,Other,False,False,False,False,False,False,False,,False,0.0,False,False,False,False,0.0,False,False,False,False,False,,Suspected release,2022-11-15,Tank,suspected 
2716,9100189,250002,2024-06-25,,roxanne.kwan,2024-10-14 15:11:30,0,Responsible Party,Unknown,0.0,Other,False,False,False,False,False,False,False,,False,0.0,False,False,False,False,0.0,False,False,False,False,False,,Confirmed Release,2024-10-03,Piping,Richard Takaba 
2717,9502218,suspected,2024-08-01,,roxanne.kwan,2024-10-21 15:25:30,0,Responsible Party,,0.0,Leak Detection,False,False,False,False,False,False,False,,False,0.0,False,False,False,False,0.0,False,False,False,False,False,,Disconfirmed Release,2024-10-22,,suspected 
2718,9200090,240007,2024-09-05,,roxanne.kwan,2024-09-20 11:17:55,0,Responsible Party,Overfill,0.0,Tank Removal,False,False,False,False,False,False,False,,False,0.0,False,False,False,False,0.0,False,False,False,False,False,,Confirmed Release,2024-08-30,Other,Richard Takaba 
2719,9708135,suspected,2024-10-04,,roxanne.kwan,2024-12-17 09:20:32,0,Responsible Party,Unknown,0.0,Leak Detection,False,False,False,False,False,False,False,,False,0.0,False,False,False,False,0.0,False,False,False,False,False,,Suspected release,2024-10-02,Piping,suspected release 
2720,9700618,250001,2024-10-01,,roxanne.kwan,2024-10-10 12:10:11,0,Responsible Party,Unknown,0.0,Other,False,False,False,False,False,False,False,,False,0.0,False,False,False,False,0.0,False,False,False,False,False,,Confirmed Release,2024-10-01,Tank,Richard Takaba 
2721,9200130,suspected release,2024-09-27,,roxanne.kwan,2024-10-15 15:56:28,0,Responsible Party,Unknown,0.0,Other,False,False,False,False,False,False,False,,False,0.0,False,False,False,False,0.0,False,False,False,False,False,,Suspected release,2024-09-27,Piping,suspected release 
2722,9701257,250004,2024-11-08,,roxanne.kwan,2024-11-22 14:23:26,0,Responsible Party,Unknown,0.0,Tank Removal,False,False,False,False,False,False,False,,False,0.0,False,False,False,False,0.0,False,False,False,False,False,,Confirmed Release,2024-06-18,Unknown,Richard Takaba 
2723,9101379,250003,2024-11-01,,roxanne.kwan,2024-12-03 15:54:27,0,Responsible Party,Other,0.0,Tank Removal,False,False,False,False,False,False,False,,False,0.0,False,False,False,False,0.0,False,False,False,False,False,,Confirmed Release,2024-11-01,Tank,Richard Takaba 
2724,9708145,250005,2024-12-19,,roxanne.kwan,2024-12-23 11:59:31,0,Responsible Party,Unknown,0.0,Other,False,False,False,False,False,False,False,,False,0.0,False,False,False,False,0.0,False,False,False,False,False,,Confirmed Release,2024-12-19,Tank,Richard Takaba 
1,9102104,950066,1993-04-05,,rkwan,2007-03-19 15:14:00,1,,,0.0,,False,False,False,False,False,False,False,,False,0.0,False,False,False,False,0.0,False,False,False,False,False,,Case Transferred to HEER (unregulated),2005-04-06,,To HEER 
2,9102903,940049,1993-12-30,,SUP,1995-02-28 00:00:00,2,,,0.0,,False,False,False,False,False,False,False,,False,0.0,False,False,False,False,0.0,False,False,False,False,False,,Site Cleanup Completed (NFA),1995-01-12,,Raymond Seid
3,9102382,900094,1990-07-27,,jruiz,2001-06-13 11:33:11,3,,,0.0,,False,False,False,False,False,False,False,,False,0.0,False,False,False,False,0.0,False,False,False,False,False,,Site Cleanup Completed (NFA),2001-08-29,,Jose Ruiz
4,9102758,930108,1990-06-30,,esadoyama,1997-09-12 12:44:02,4,,,0.0,,False,False,False,False,False,False,False,,False,0.0,False,False,False,False,0.0,False,False,False,False,False,,Site Cleanup Completed (NFA),1997-06-20,,Eric Sadoyama
5,9100920,900006,1989-10-16,,golmsted,2002-07-25 08:32:41,5,,,0.0,,False,False,False,False,False,False,False,,False,0.0,False,False,False,False,0.0,False,False,False,False,False,,Site Cleanup Completed (NFA),2003-10-20,,Richard Takaba
6,9501890,880008,1996-06-06,,esadoyama,1997-09-17 11:23:26,6,,,0.0,,False,False,False,False,False,False,False,,False,0.0,False,False,False,False,0.0,False,False,False,False,False,,Site Cleanup Completed (NFA),1999-03-23,,Jeffrey Ung
7,9500377,920044,1991-10-25,,SUP,1993-10-01 00:00:00,7,,,0.0,,False,False,False,False,False,False,False,,False,0.0,False,False,False,False,0.0,False,False,False,False,False,,Site Cleanup Completed (NFA),1993-08-23,,Not Assigned
8,9602934,940134,1994-05-12,,SUP,1994-05-26 00:00:00,8,,,0.0,,False,False,False,False,False,False,False,,False,0.0,False,False,False,False,0.0,False,False,False,False,False,,Site Cleanup Completed (NFA),1999-11-26,,Jeffrey Ung
9,9600486,890028,1989-08-21,,esadoyama,1997-05-08 08:42:26,9,,,0.0,,False,False,False,False,False,False,False,,False,0.0,False,False,False,False,0.0,False,False,False,False,False,,Disconfirmed Release,1997-05-22,,David Hodges
10,9102996,950018,1994-11-09,,esadoyama,1997-06-13 09:34:51,10,,,0.0,,False,False,False,False,False,False,False,,False,0.0,False,False,False,False,0.0,False,False,False,False,False,,Site Cleanup Completed (NFA),1997-03-06,,Eric Sadoyama
11,9200195,920097,1992-03-11,,SUP,1995-01-11 00:00:00,11,,,0.0,,False,False,False,False,False,False,False,,False,0.0,False,False,False,False,0.0,False,False,False,False,False,,Site Cleanup Completed (NFA),1994-01-07,,Eric Sadoyama
12,9101947,960018,1995-11-09,,RSK,1996-01-22 00:00:00,12,,,0.0,,False,False,False,False,False,False,False,,False,0.0,False,False,False,False,0.0,False,False,False,False,False,,Site Cleanup Completed (NFA),1998-04-23,,Steven Okoji
15,9501585,940038,1996-06-06,,vforeman,1996-06-06 09:33:36,15,,,0.0,,False,False,False,False,False,False,False,,False,0.0,False,False,False,False,0.0,False,False,False,False,False,,Site Cleanup Completed (NFA),1994-05-09,,Steven Okoji
16,9100873,940083,1993-12-06,,rtakaba,2009-07-16 14:46:58,16,Responsible Party,Leaking Tank and Piping,0.0,Tank Removal,False,False,False,False,True,True,True,,False,0.0,True,True,False,False,0.0,False,False,False,False,False,,Site Cleanup Completed (NFA),2009-07-14,Tank,Richard Takaba 
17,9101956,960021,1995-11-09,2013-09-09,jnagashima,2013-11-04 11:45:39,17,Responsible Party,Leaking Tank,0.0,Tank Removal,False,False,True,False,False,False,False,,False,0.0,True,False,False,False,0.0,False,False,False,False,False,,Site Cleanup Completed (NFA),2013-09-13,Unknown,Josh Nagashima 
18,9102943,940139,1994-02-18,2010-02-19,jnagashima,2010-02-19 15:56:26,18,Responsible Party,,0.0,,False,False,False,False,False,False,False,,False,0.0,True,False,False,False,0.0,False,False,False,False,False,,Site Cleanup Completed (NFA),2010-02-16,,Josh Nagashima 
19,9202153,880020,1988-05-27,,SUP,1992-03-16 00:00:00,19,,,0.0,,False,False,False,False,False,False,False,,False,0.0,False,False,False,False,0.0,False,False,False,False,False,,Site Cleanup Completed (NFA),2000-06-07,,Jose Ruiz
20,9202488,920165,1992-06-03,2009-02-25,dpark,2009-11-12 15:02:16,20,,Corrosion,0.0,Other,False,False,False,False,False,False,False,,False,0.0,False,False,False,False,0.0,False,False,False,False,False,,Site Cleanup Completed (NFA),2009-09-03,Tank,To HEER 
21,9102331,910034,1990-12-19,,SUP,1992-06-04 00:00:00,21,,,0.0,,False,False,False,False,False,False,False,,False,0.0,False,False,False,False,0.0,False,False,False,False,False,,Disconfirmed Release,1992-06-04,,Not Assigned
22,9601086,940028,1996-06-06,,esadoyama,1997-09-12 12:56:46,22,,,0.0,,False,False,False,False,False,False,False,,False,0.0,False,False,False,False,0.0,False,False,False,False,False,,Site Cleanup Completed (NFA),1997-09-09,,Jose Ruiz
23,9501583,940001,1993-10-15,,dpark,2007-04-23 13:55:36,23,,Leaking Tank,0.0,Tank Removal,False,False,False,False,True,True,False,,False,0.0,True,True,False,False,0.0,False,False,False,False,False,,Site Cleanup Completed (NFA),2007-04-17,Tank,Darren Park 
24,9707678,940090,1994-02-07,,RKWAN,1996-12-27 14:54:52,24,,,0.0,,False,False,False,False,False,False,False,,False,0.0,False,False,False,False,0.0,False,False,False,False,False,,Site Cleanup Completed (NFA),2001-12-27,,Shunsheng Fu
25,9100334,950095,1995-06-06,,CJR,1995-09-14 00:00:00,25,,,0.0,,False,False,False,False,False,False,False,,False,0.0,False,False,False,False,0.0,False,False,False,False,False,,Site Cleanup Completed (NFA),1995-08-21,,Roger Brewer
26,9602709,930026,1992-11-24,,rkwan,2007-03-19 10:00:15,26,,,0.0,,False,False,False,False,False,False,False,,False,0.0,False,False,False,False,0.0,False,False,False,False,False,,Case Transferred to HEER (unregulated),1998-03-13,,To HEER
27,9102819,940152,1994-05-17,,SUP,1994-07-01 00:00:00,27,,,0.0,,False,False,False,False,False,False,False,,False,0.0,False,False,False,False,0.0,False,False,False,False,False,,Site Cleanup Completed (NFA),1999-02-26,,Jeffrey Ung
28,9200846,940037,1993-08-19,,rkwan,2001-09-05 10:20:50,28,,,0.0,,False,False,False,False,False,False,False,,False,0.0,False,False,False,False,0.0,False,False,False,False,False,,Site Cleanup Completed (NFA),1995-08-31,,Not Assigned
29,9601639,950113,1991-05-15,,RKWAN,1997-10-08 12:07:23,29,,,0.0,,False,False,False,False,False,False,False,,False,0.0,False,False,False,False,0.0,False,False,False,False,False,,Site Cleanup Completed (NFA),1996-08-12,,Roger Brewer
30,9101034,880026,1988-12-02,,rtakaba,2006-05-22 15:02:52,30,,,0.0,,True,False,False,False,True,True,True,,False,0.0,True,True,False,False,0.0,False,False,False,False,False,,Site Cleanup Completed (NFA),2006-02-16,,Richard Takaba
31,9102835,940118,1994-03-30,,dpark,2007-03-22 13:14:20,31,,,0.0,,False,False,False,False,False,False,False,,False,0.0,True,True,False,False,0.0,False,False,False,False,False,,Site Cleanup Completed (NFA),2007-03-16,,Darren Park 
32,9101190,900072,1996-06-06,,vforeman,1996-06-06 09:33:36,32,,,0.0,,False,False,False,False,False,False,False,,False,0.0,False,False,False,False,0.0,False,False,False,False,False,,Site Cleanup Completed (NFA),1995-02-07,,Janet Sherrer
33,9202017,920053,1991-11-18,,sliu,2001-07-30 09:33:21,33,,,0.0,,False,False,False,False,False,False,False,,False,0.0,False,False,False,False,0.0,False,False,False,False,False,,Site Cleanup Completed (NFA),2001-06-19,,Shumin Liu
34,9102085,920035,1991-12-06,,roxanne.kwan,2023-10-24 14:50:39,34,,,0.0,,False,False,False,False,False,False,False,,False,0.0,False,False,False,False,0.0,False,False,False,False,False,,Case Transferred to HEER (unregulated),1993-03-22,,To HEER 
35,9501588,900024,1996-06-06,,rkwan,2001-07-11 15:52:24,35,,,0.0,,False,False,False,False,False,False,False,,False,0.0,False,False,False,False,0.0,False,False,False,False,False,,Site Cleanup Completed (NFA),2003-05-15,,Shunsheng Fu
36,9101791,890012,1989-03-30,,esadoyama,1997-08-12 13:55:49,36,,,0.0,,False,False,False,False,False,False,False,,False,0.0,False,False,False,False,0.0,False,False,False,False,False,,Site Cleanup Completed (NFA),1997-05-28,,David Hodges
37,9102303,940029,1993-11-29,,sliu,2001-07-30 10:27:59,37,,,0.0,,False,False,False,False,False,False,False,,False,0.0,False,False,False,False,0.0,False,False,False,False,False,,Site Cleanup Completed (NFA),2001-04-16,,Shumin Liu
38,9501832,900052,1996-06-06,,rtakaba,2007-10-22 16:37:57,38,,,0.0,,True,False,False,False,True,False,True,,False,0.0,True,False,False,False,0.0,False,False,False,False,False,,Site Cleanup Completed (NFA),2007-10-16,,Richard Takaba 
39,9700446,940094,1996-06-06,,esadoyama,1997-10-10 10:11:44,39,,,0.0,,False,False,False,False,False,False,False,,False,0.0,False,False,False,False,0.0,False,False,False,False,False,,Site Cleanup Completed (NFA),1997-07-31,,Steven Okoji
40,9202323,950091,1995-05-31,,CJR,1995-06-28 00:00:00,40,,,0.0,,False,False,False,False,False,False,False,,False,0.0,False,False,False,False,0.0,False,False,False,False,False,,Site Cleanup Completed (NFA),1997-11-03,,Lene Ichinotsubo
41,9200925,950082,1996-06-06,,rmaniulit,1999-06-09 15:17:53,41,,,0.0,,False,False,False,False,False,False,False,,False,0.0,False,False,False,False,0.0,False,False,False,False,False,,Site Cleanup Completed (NFA),1999-08-26,,Renato Maniulit
42,9102187,910009,1990-11-16,,rmaniulit,2000-09-06 10:23:34,42,,,0.0,,False,False,False,False,False,False,False,,False,0.0,False,False,False,False,0.0,False,False,False,False,False,,Site Cleanup Completed (NFA),2001-05-17,,Shunsheng Fu
43,9102199,940086,1994-02-07,,rkwan,2007-03-19 13:40:28,43,,,0.0,,False,False,False,False,False,False,False,,False,0.0,False,False,False,False,0.0,False,False,False,False,False,,Case Transferred to HEER (unregulated),1994-03-23,,To HEER 
44,9102844,940125,1994-03-30,,SUP,1994-11-09 00:00:00,44,,,0.0,,False,False,False,False,False,False,False,,False,0.0,False,False,False,False,0.0,False,False,False,False,False,,Disconfirmed Release,1996-05-21,,Jose Ruiz
45,9103083,960007,1995-10-05,,lnagatoshi,1996-07-02 10:31:22,45,,,0.0,,False,False,False,False,False,False,False,,False,0.0,False,False,False,False,0.0,False,False,False,False,False,,Site Cleanup Completed (NFA),1996-03-11,,Jose Ruiz
46,9201704,940026,1996-06-06,,vforeman,1996-06-06 09:33:36,46,,,0.0,,False,False,False,False,False,False,False,,False,0.0,False,False,False,False,0.0,False,False,False,False,False,,Site Cleanup Completed (NFA),1994-06-09,,Steven Okoji
47,9200912,920164,1992-05-05,,SUP,1995-01-13 00:00:00,47,,,0.0,,False,False,False,False,False,False,False,,False,0.0,False,False,False,False,0.0,False,False,False,False,False,,Site Cleanup Completed (NFA),1994-07-29,,Roger Brewer
48,9200522,910003,1990-11-08,,SUP,1995-01-12 00:00:00,48,,,0.0,,False,False,False,False,False,False,False,,False,0.0,False,False,False,False,0.0,False,False,False,False,False,,Site Cleanup Completed (NFA),1997-09-17,,Lene Ichinotsubo
49,9101392,960011,1995-08-25,,CJR,1995-12-07 00:00:00,49,,,0.0,,False,False,False,False,False,False,False,,False,0.0,False,False,False,False,0.0,False,False,False,False,False,,Site Cleanup Completed (NFA),2005-01-26,,Shunsheng Fu
2527,9100156,940039,1992-10-27,2021-03-08,Allison.Hutto,2021-04-01 10:24:06,50,Responsible Party,Leaking Tank and Piping,0.0,Tank Removal,False,False,False,False,False,True,True,,False,0.0,False,False,False,False,0.0,False,False,False,False,False,,Monitored Natural Attenuation,2002-11-19,Tank,Shunsheng Fu 
51,9101500,910068,1991-07-19,,SUP,1995-03-02 00:00:00,51,,,0.0,,False,False,False,False,False,False,False,,False,0.0,False,False,False,False,0.0,False,False,False,False,False,,Site Cleanup Completed (NFA),1993-11-17,,Raymond Seid
52,9202402,900107,1996-06-06,,esadoyama,1997-10-03 10:42:46,52,,,0.0,,False,False,False,False,False,False,False,,False,0.0,False,False,False,False,0.0,False,False,False,False,False,,Site Cleanup Completed (NFA),1997-10-20,,Lene Ichinotsubo
53,9102891,940176,1994-06-29,,esadoyama,1997-07-02 11:20:17,53,,,0.0,,False,False,False,False,False,False,False,,False,0.0,False,False,False,False,0.0,False,False,False,False,False,,Site Cleanup Completed (NFA),1997-07-30,,Steven Okoji
54,8000001,910043,1991-02-28,,SUP,1991-12-02 00:00:00,54,,,0.0,,False,False,False,False,False,False,False,,False,0.0,False,False,False,False,0.0,False,False,False,False,False,,Site Cleanup Completed (NFA),1997-07-25,,Jose Ruiz
55,9502621,930098,1996-06-06,,vforeman,1996-06-06 09:33:36,55,,,0.0,,False,False,False,False,False,False,False,,False,0.0,False,False,False,False,0.0,False,False,False,False,False,,Site Cleanup Completed (NFA),1997-10-20,,Jose Ruiz
56,9101387,920184,1992-07-20,,SUP,1994-12-27 00:00:00,56,,,0.0,,False,False,False,False,False,False,False,,False,0.0,False,False,False,False,0.0,False,False,False,False,False,,Site Cleanup Completed (NFA),1997-09-26,,David Hodges
57,9201208,900040,1996-06-06,,rtakaba,2001-12-03 10:53:55,57,,,0.0,,False,False,False,False,False,False,False,,False,0.0,False,False,False,False,0.0,False,False,False,False,False,,Site Cleanup Completed (NFA),2000-01-28,,Richard Takaba
58,9202359,950105,1995-06-16,,CJR,1995-07-11 00:00:00,58,,,0.0,,False,False,False,False,False,False,False,,False,0.0,False,False,False,False,0.0,False,False,False,False,False,,Site Cleanup Completed (NFA),2003-06-25,,Shunsheng Fu
59,9600011,940163,1994-06-30,,CJR,1995-09-21 00:00:00,59,,,0.0,,False,False,False,False,False,False,False,,False,0.0,False,False,False,False,0.0,False,False,False,False,False,,Site Cleanup Completed (NFA),1995-09-15,,Not Assigned
60,9200353,940195,1994-09-13,,RSK,1995-12-28 00:00:00,60,,,0.0,,False,False,False,False,False,False,False,,False,0.0,False,False,False,False,0.0,False,False,False,False,False,,Site Cleanup Completed (NFA),1995-12-18,,Roger Brewer
61,9600716,890017,1996-06-06,,rkwan,2007-03-27 14:12:39,61,,,0.0,,False,False,False,False,False,False,False,,False,0.0,False,False,False,False,0.0,False,False,False,False,False,,Site Cleanup Completed (NFA),1996-06-06,,Raymond Seid
62,9101375,940077,1994-02-01,,SUP,1994-12-28 00:00:00,62,,,0.0,,False,False,False,False,False,False,False,,False,0.0,False,False,False,False,0.0,False,False,False,False,False,,Site Cleanup Completed (NFA),1994-08-26,,David Hodges
63,9101769,920128,1992-04-03,,rtakaba,2006-05-22 15:07:55,63,,,0.0,,False,False,False,False,False,False,False,,False,0.0,False,False,False,False,0.0,False,False,False,False,False,,Site Cleanup Completed (NFA),1998-03-12,,Steven Okoji
64,9101883,940048,1993-12-20,,CJR,1995-05-24 00:00:00,64,,,0.0,,False,False,False,False,False,False,False,,False,0.0,False,False,False,False,0.0,False,False,False,False,False,,Site Cleanup Completed (NFA),1998-03-18,,Janet Sherrer
65,9103034,950081,1995-04-27,,rkwan,2011-08-22 13:40:24,65,,,0.0,,False,False,False,False,False,False,False,,False,0.0,False,False,False,False,0.0,False,False,False,False,False,,Site Cleanup Completed (NFA),2011-06-27,,To DERA 
66,9202950,950137,1995-07-14,,lnagatoshi,1996-07-09 15:28:28,67,,,0.0,,False,False,False,False,False,False,False,,False,0.0,False,False,False,False,0.0,False,False,False,False,False,,Site Cleanup Completed (NFA),2001-03-05,,Jose Ruiz
67,9101720,880012,1996-06-06,,esadoyama,1997-11-19 10:12:09,68,,,0.0,,False,False,False,False,False,False,False,,False,0.0,False,False,False,False,0.0,False,False,False,False,False,,Site Cleanup Completed (NFA),1994-12-28,,Raymond Seid
68,9201511,910072,1991-06-18,,,,69,,,0.0,,False,False,False,False,False,False,False,,False,0.0,False,False,False,False,0.0,False,False,False,False,False,,Site Cleanup Completed (NFA),1999-08-25,,Jose Ruiz
69,9102161,910079,1991-07-30,,SUP,1995-01-03 00:00:00,70,,,0.0,,False,False,False,False,False,False,False,,False,0.0,False,False,False,False,0.0,False,False,False,False,False,,Site Cleanup Completed (NFA),2001-04-18,,Shunsheng Fu
70,9700436,920132,1992-04-13,,SUP,1993-05-25 00:00:00,71,,,0.0,,False,False,False,False,False,False,False,,False,0.0,False,False,False,False,0.0,False,False,False,False,False,,Site Cleanup Completed (NFA),1993-05-19,,Not Assigned
71,9100079,940107,1993-12-20,,SUP,1994-11-28 00:00:00,72,,,0.0,,False,False,False,False,False,False,False,,False,0.0,False,False,False,False,0.0,False,False,False,False,False,,Site Cleanup Completed (NFA),1994-07-29,,Lene Ichinotsubo
72,9100291,940078,1994-02-08,,SUP,1994-12-05 00:00:00,73,,,0.0,,False,False,False,False,False,False,False,,False,0.0,False,False,False,False,0.0,False,False,False,False,False,,Site Cleanup Completed (NFA),1994-08-09,,Eric Sadoyama
73,9602173,900032,1990-01-17,,esadoyama,1997-05-08 09:48:35,74,,,0.0,,False,False,False,False,False,False,False,,False,0.0,False,False,False,False,0.0,False,False,False,False,False,,Disconfirmed Release,1997-05-16,,David Hodges
74,9102905,940112,1994-03-30,,jruiz,2001-06-13 11:11:03,75,,,0.0,,False,False,False,False,False,False,False,,False,0.0,False,False,False,False,0.0,False,False,False,False,False,,Site Cleanup Completed (NFA),2001-06-27,,Jose Ruiz
75,9101735,940165,1994-07-07,,SUP,1995-01-30 00:00:00,76,,,0.0,,False,False,False,False,False,False,False,,False,0.0,False,False,False,False,0.0,False,False,False,False,False,,Site Cleanup Completed (NFA),2001-06-01,,Shaobin Li
76,9201097,880014,1996-06-06,,esadoyama,1997-10-10 10:25:27,77,,,0.0,,False,False,False,False,False,False,False,,False,0.0,False,False,False,False,0.0,False,False,False,False,False,,Site Cleanup Completed (NFA),1999-02-01,,Richard Takaba
77,9202151,880001,1987-10-23,,esadoyama,1997-05-08 08:39:08,78,,,0.0,,False,False,False,False,False,False,False,,False,0.0,False,False,False,False,0.0,False,False,False,False,False,,Disconfirmed Release,1991-12-03,,David Hodges
78,9102914,940114,1994-05-20,,CJR,1996-01-08 00:00:00,79,,,0.0,,False,False,False,False,False,False,False,,False,0.0,False,False,False,False,0.0,False,False,False,False,False,,Site Cleanup Completed (NFA),1995-10-24,,Roger Brewer
79,9201389,910080,1991-08-01,,SUP,1992-12-09 00:00:00,80,,,0.0,,False,False,False,False,False,True,False,,False,0.0,False,True,False,False,0.0,False,False,False,False,False,,Site Cleanup Completed (NFA),2005-08-25,,Richard Takaba
80,9200513,910013,1991-01-09,,RKWAN,2002-07-31 13:51:38,81,,,0.0,,False,False,False,False,False,False,False,,False,0.0,False,False,False,False,0.0,False,False,False,False,False,,Site Cleanup Completed (NFA),1994-06-27,,Raymond Seid
81,9102299,920189,1992-08-03,,SUP,1992-12-10 00:00:00,82,,,0.0,,False,False,False,False,False,False,False,,False,0.0,False,False,False,False,0.0,False,False,False,False,False,,Site Cleanup Completed (NFA),2000-11-20,,Shunsheng Fu
82,9201863,950033,1996-06-06,,vforeman,1996-06-06 09:33:36,83,,,0.0,,False,False,False,False,False,False,False,,False,0.0,False,False,False,False,0.0,False,False,False,False,False,,Site Cleanup Completed (NFA),1998-04-02,,Jose Ruiz
83,9102841,960033,1996-01-12,,rkwan,2007-03-16 14:30:16,84,,,0.0,,False,False,False,False,False,False,False,,False,0.0,False,False,False,False,0.0,False,False,False,False,False,,Case Transferred to HEER (unregulated),1998-11-04,,To HEER 
84,9100916,910016,1991-01-28,,sli,2004-08-25 14:08:18,85,,,0.0,,False,False,False,False,False,False,False,,False,0.0,False,False,False,False,0.0,False,False,False,False,False,,Site Cleanup Completed (NFA),2005-04-27,,Shaobin Li
85,9201384,910077,1991-04-05,,SUP,1994-08-17 00:00:00,86,,,0.0,,False,False,False,False,False,False,False,,False,0.0,False,False,False,False,0.0,False,False,False,False,False,,Site Cleanup Completed (NFA),1997-07-31,,Lene Ichinotsubo
86,9202357,950078,1995-04-19,,golmsted,2002-07-25 08:17:21,87,,,0.0,,False,False,False,False,False,False,False,,False,0.0,False,False,False,False,0.0,False,False,False,False,False,,Site Cleanup Completed (NFA),2006-04-21,,Richard Takaba
87,9103100,950117,1995-07-19,,rkwan,1997-01-02 14:31:49,88,,,0.0,,False,False,False,False,False,False,False,,False,0.0,False,False,False,False,0.0,False,False,False,False,False,,Site Cleanup Completed (NFA),1997-01-29,,Jose Ruiz
88,9102612,930065,1993-03-08,,SUP,1995-03-02 00:00:00,89,,,0.0,,False,False,False,False,False,False,False,,False,0.0,False,False,False,False,0.0,False,False,False,False,False,,Site Cleanup Completed (NFA),1993-11-16,,Raymond Seid
89,9701762,910070,1991-07-05,,rkwan,2007-03-19 16:23:21,90,,,0.0,,False,False,False,False,False,False,False,,False,0.0,False,False,False,False,0.0,False,False,False,False,False,,Case Transferred to HEER (unregulated),1991-09-04,,To HEER 
90,9102251,940076,1996-06-06,,rkwan,2007-03-19 15:21:02,91,,,0.0,,False,False,False,False,False,False,False,,False,0.0,False,False,False,False,0.0,False,False,False,False,False,,Case Transferred to HEER (unregulated),1994-08-12,,To HEER 
91,9201696,960012,1995-11-16,,rtakaba,2001-12-03 11:50:28,92,,,0.0,,False,False,False,False,False,False,False,,False,0.0,False,False,False,False,0.0,False,False,False,False,False,,Site Cleanup Completed (NFA),2006-01-18,,Richard Takaba
92,9103028,960039,1996-01-19,,lnagatoshi,1996-07-16 10:59:00,93,,,0.0,,False,False,False,False,False,False,False,,False,0.0,False,False,False,False,0.0,False,False,False,False,False,,Site Cleanup Completed (NFA),1997-06-01,,Jeffrey Ung
93,9102570,920099,1991-11-25,,rkwan,2007-03-21 10:55:39,94,,,0.0,,False,False,False,False,False,False,False,,False,0.0,False,False,False,False,0.0,False,False,False,False,False,,Case Transferred to HEER (unregulated),1997-10-29,,To HEER 
94,9103025,950092,1995-05-31,,CJR,1995-07-05 00:00:00,95,,,0.0,,False,False,False,False,False,False,False,,False,0.0,False,False,False,False,0.0,False,False,False,False,False,,Site Cleanup Completed (NFA),2002-05-10,,Shunsheng Fu
95,9101899,900123,1990-02-02,,rmaniulit,1999-10-27 08:00:54,96,,,0.0,,False,False,False,False,False,False,False,,False,0.0,False,False,False,False,0.0,False,False,False,False,False,,Site Cleanup Completed (NFA),1999-10-27,,Renato Maniulit
96,9100035,920175,1992-08-14,2010-03-23,sfu,2010-04-01 14:22:34,97,Responsible Party,Leaking Tank and Piping,0.0,Other,True,False,False,False,True,True,True,,False,0.0,False,False,False,False,0.0,False,False,False,False,False,,Site Cleanup Completed (NFA),2010-03-29,Tank,Shunsheng Fu 
97,9202700,930006,1992-10-14,,CJR,1995-12-15 00:00:00,98,,,0.0,,False,False,False,False,False,False,False,,False,0.0,False,False,False,False,0.0,False,False,False,False,False,,Site Cleanup Completed (NFA),1995-11-28,,Roger Brewer
98,9100733,920034,1996-06-06,,vforeman,1996-06-06 09:33:36,99,,,0.0,,False,False,False,False,False,False,False,,False,0.0,False,False,False,False,0.0,False,False,False,False,False,,Site Cleanup Completed (NFA),1994-05-16,,Roger Brewer
99,9200115,930020,1992-11-02,,SUP,1995-01-10 00:00:00,100,,,0.0,,False,False,False,False,False,False,False,,False,0.0,False,False,False,False,0.0,False,False,False,False,False,,Site Cleanup Completed (NFA),1998-12-08,,Jose Ruiz
100,9202040,940133,1994-05-06,,SUP,1994-07-06 00:00:00,101,,,0.0,,False,False,False,False,False,False,False,,False,0.0,False,False,False,False,0.0,False,False,False,False,False,,Site Cleanup Completed (NFA),2002-02-22,,Shaobin Li
101,9101499,940084,1996-06-06,,vforeman,1996-06-06 09:33:36,102,,,0.0,,False,False,False,False,False,False,False,,False,0.0,False,False,False,False,0.0,False,False,False,False,False,,Site Cleanup Completed (NFA),1994-02-08,,Raymond Seid
102,9103044,950073,1995-04-03,,rtakaba,2001-12-03 11:30:12,103,,,0.0,,False,False,False,False,False,False,False,,False,0.0,False,False,False,False,0.0,False,False,False,False,False,,Site Cleanup Completed (NFA),2002-01-14,,Mark Sutterfield
103,9500669,890032,1996-06-06,,vforeman,1996-06-06 09:33:36,104,,,0.0,,False,False,False,False,False,False,False,,False,0.0,False,False,False,False,0.0,False,False,False,False,False,,Site Cleanup Completed (NFA),1999-10-14,,Renato Maniulit
104,9502763,930112,1993-07-28,,esadoyama,1997-10-16 13:36:15,105,,,0.0,,False,False,False,False,False,False,False,,False,0.0,False,False,False,False,0.0,False,False,False,False,False,,Site Cleanup Completed (NFA),2000-02-09,,Jose Ruiz
105,9100858,900093,1996-06-06,2015-01-05,rkwan,2015-01-16 15:22:11,106,Responsible Party,Leaking Tank and Piping,0.0,Off-site Discovery,False,True,False,False,True,False,True,,True,22.0,False,False,False,False,0.0,False,False,False,False,False,,Site Cleanup Completed with EHE/EHMP,2015-01-05,Tank,Shunsheng Fu 
106,9102738,930102,1993-07-12,,RSK,1995-03-21 00:00:00,107,,,0.0,,False,False,False,False,False,False,False,,False,0.0,False,False,False,False,0.0,False,False,False,False,False,,Site Cleanup Completed (NFA),1995-02-28,,Raymond Seid
107,9100044,950025,1996-06-06,,esadoyama,1999-03-04 08:19:10,109,,,0.0,,False,False,False,False,False,False,False,,False,0.0,False,False,False,False,0.0,False,False,False,False,False,,Site Cleanup Completed (NFA),2001-05-02,,Shunsheng Fu
108,9101997,910021,1990-10-01,,SUP,1995-01-03 00:00:00,110,,,0.0,,False,False,False,False,False,False,False,,False,0.0,False,False,False,False,0.0,False,False,False,False,False,,Site Cleanup Completed (NFA),1998-02-05,,Jose Ruiz
109,9701079,940055,1993-12-27,,rkwan,2007-03-19 16:20:07,111,,,0.0,,False,False,False,False,False,False,False,,False,0.0,False,False,False,False,0.0,False,False,False,False,False,,Case Transferred to HEER (unregulated),1994-12-19,,To HEER 
110,9301818,920022,1991-11-14,,CJR,1995-11-01 00:00:00,112,,,0.0,,False,False,False,False,False,False,False,,False,0.0,False,False,False,False,0.0,False,False,False,False,False,,Site Cleanup Completed (NFA),1995-10-06,,Roger Brewer
111,9101945,960016,1995-11-09,2013-09-05,jnagashima,2013-11-04 11:54:23,113,,,0.0,,False,False,False,False,False,False,False,,False,0.0,False,False,False,False,0.0,False,False,False,False,False,,Site Cleanup Completed (NFA),2013-09-13,,Josh Nagashima 
112,9102923,940131,1994-03-29,,SUP,1994-05-02 00:00:00,114,,,0.0,,False,False,False,False,False,False,False,,False,0.0,False,False,False,False,0.0,False,False,False,False,False,,Disconfirmed Release,1994-12-01,,Jose Ruiz
113,9102579,920110,1991-11-25,,rkwan,2011-06-23 14:35:35,115,,,0.0,,False,False,False,False,False,False,False,,False,0.0,False,False,False,False,0.0,False,False,False,False,False,,Site Cleanup Completed (NFA),2005-11-06,,To DERA 
114,9100352,930007,1992-10-16,,SUP,1994-12-20 00:00:00,116,,,0.0,,False,False,False,False,False,False,False,,False,0.0,False,False,False,False,0.0,False,False,False,False,False,,Site Cleanup Completed (NFA),1997-09-17,,Lene Ichinotsubo
115,9102403,920148,1992-04-06,,RKWAN,1996-12-02 11:25:20,117,,,0.0,,False,False,False,False,False,False,False,,False,0.0,False,False,False,False,0.0,False,False,False,False,False,,Site Cleanup Completed (NFA),1996-10-21,,Janet Sherrer
116,9602707,930021,1992-11-12,,SUP,1993-04-01 00:00:00,118,,,0.0,,False,False,False,False,False,False,False,,False,0.0,False,False,False,False,0.0,False,False,False,False,False,,Site Cleanup Completed (NFA),1997-11-03,,Eric Sadoyama
117,9701538,950003,1992-09-17,,sli,2009-02-18 08:21:24,119,,Leaking Tank,0.0,Tank Removal,False,False,False,False,False,False,False,,False,0.0,False,False,True,False,0.0,False,False,False,False,False,,Site Cleanup Completed (NFA),2008-10-30,Tank,Shaobin Li 
118,9402424,900128,1989-12-21,,roxanne.kwan,2020-08-18 16:37:41,120,Responsible Party,Leaking Tank,0.0,Tank Removal,False,False,False,False,False,False,False,,False,0.0,True,False,False,False,0.0,False,False,False,False,False,,Case Transferred to HW (unregulated),2008-05-30,Tank,Darren Park 
119,9102646,930047,1993-02-05,,SUP,1995-01-04 00:00:00,121,,,0.0,,False,False,False,False,False,False,False,,False,0.0,False,False,False,False,0.0,False,False,False,False,False,,Site Cleanup Completed (NFA),1993-05-17,,Not Assigned
120,9102306,920167,1992-06-02,,rtakaba,2002-02-05 13:59:35,122,,,0.0,,False,False,False,False,False,False,False,,False,0.0,False,False,False,False,0.0,False,False,False,False,False,,Site Cleanup Completed (NFA),2002-02-15,,Jose Ruiz
121,9202072,930008,1992-10-19,,SUP,1992-12-22 00:00:00,123,,,0.0,,False,False,False,False,False,False,False,,False,0.0,False,False,False,False,0.0,False,False,False,False,False,,Disconfirmed Release,1998-02-05,,Jose Ruiz
122,9100044,920187,1992-08-05,,rkwan,2010-07-27 11:00:07,124,,,0.0,,False,False,False,False,False,False,False,,False,0.0,False,False,False,False,0.0,False,False,False,False,False,,Site Cleanup Completed (NFA),2001-03-29,,Shunsheng Fu
123,9100174,930009,1992-10-19,,CJR,1995-09-20 00:00:00,125,,,0.0,,False,False,False,False,False,False,False,,False,0.0,False,False,False,False,0.0,False,False,False,False,False,,Site Cleanup Completed (NFA),1995-09-07,,Eric Sadoyama
124,9200840,920178,1992-08-17,,SUP,1995-01-12 00:00:00,126,,,0.0,,False,False,False,False,False,False,False,,False,0.0,False,False,False,False,0.0,False,False,False,False,False,,Site Cleanup Completed (NFA),1993-08-27,,Not Assigned
125,9200125,920162,1992-04-30,,rtakaba,1998-10-28 15:35:14,127,,,0.0,,False,False,False,False,False,False,False,,False,0.0,False,False,False,False,0.0,False,False,False,False,False,,Site Cleanup Completed (NFA),1998-11-03,,Richard Takaba
126,9100042,900023,1996-06-06,,vforeman,1996-06-06 09:33:36,128,,,0.0,,False,False,False,False,False,False,False,,False,0.0,False,False,False,False,0.0,False,False,False,False,False,,Site Cleanup Completed (NFA),2001-07-24,,Shaobin Li
127,9102325,920019,1991-11-05,,RSK,1996-02-06 00:00:00,129,,,0.0,,False,False,False,False,False,False,False,,False,0.0,False,False,False,False,0.0,False,False,False,False,False,,Site Cleanup Completed (NFA),1996-04-04,,Jose Ruiz
128,9100787,940183,1994-03-04,,lnagatoshi,1996-06-28 10:31:41,130,,,0.0,,False,False,False,False,False,False,False,,False,0.0,False,False,False,False,0.0,False,False,False,False,False,,Site Cleanup Completed (NFA),1996-03-11,,Eric Sadoyama
129,9201672,920001,1991-10-08,,SUP,1995-02-24 00:00:00,131,,,0.0,,False,False,False,False,False,False,False,,False,0.0,False,False,False,False,0.0,False,False,False,False,False,,Site Cleanup Completed (NFA),1994-12-22,,Roger Brewer
130,9102093,950069,1993-04-05,,RSK,1995-03-30 00:00:00,132,,,0.0,,False,False,False,False,False,False,False,,False,0.0,False,False,False,False,0.0,False,False,False,False,False,,Site Cleanup Completed (NFA),1999-12-09,,Jose Ruiz
131,9101378,900085,1996-06-06,,rkwan,2007-03-19 14:51:46,133,,,0.0,,False,False,False,False,False,False,False,,False,0.0,False,False,False,False,0.0,False,False,False,False,False,,Case Transferred to HEER (unregulated),1997-09-11,,To HEER
132,9100117,940177,1994-06-29,,SUP,1994-08-15 00:00:00,134,,,0.0,,False,False,False,False,False,False,False,,False,0.0,False,False,False,False,0.0,False,False,False,False,False,,Site Cleanup Completed (NFA),1997-07-30,,David Hodges
133,9202156,890010,1996-06-06,,vforeman,1996-06-06 09:33:36,135,,,0.0,,False,False,False,False,False,False,False,,False,0.0,False,False,False,False,0.0,False,False,False,False,False,,Site Cleanup Completed (NFA),1994-11-10,,Lene Ichinotsubo
134,9101065,930118,1993-08-04,,esadoyama,1997-11-26 11:44:41,136,,,0.0,,False,False,False,False,False,False,False,,False,0.0,False,False,False,False,0.0,False,False,False,False,False,,Site Cleanup Completed (NFA),1996-11-04,,Roger Brewer
135,9100520,900105,1990-09-28,,SUP,1994-12-06 00:00:00,137,,,0.0,,False,False,False,False,False,False,False,,False,0.0,False,False,False,False,0.0,False,False,False,False,False,,Site Cleanup Completed (NFA),2001-01-11,,Richard Takaba
136,9201883,940033,1993-11-29,,esadoyama,1997-10-03 11:31:25,138,,,0.0,,False,False,False,False,False,False,False,,False,0.0,False,False,False,False,0.0,False,False,False,False,False,,Site Cleanup Completed (NFA),1997-08-27,,Steven Okoji
137,9201535,950123,1995-08-14,,CJR,1996-02-20 00:00:00,139,,,0.0,,False,False,False,False,False,False,False,,False,0.0,False,False,False,False,0.0,False,False,False,False,False,,Site Cleanup Completed (NFA),1995-12-15,,Roger Brewer
138,9102297,920171,1992-07-01,,SUP,1992-07-17 00:00:00,140,,,0.0,,False,False,False,False,False,False,False,,False,0.0,False,False,False,False,0.0,False,False,False,False,False,,Site Cleanup Completed (NFA),1998-11-24,,David Hodges
139,9202321,950090,1995-05-31,,rkwan,2007-03-27 15:46:29,141,,,0.0,,False,False,False,False,False,False,False,,False,0.0,False,False,False,False,0.0,False,False,False,False,False,,Site Cleanup Completed (NFA),1997-11-07,,David Hodges
140,9702155,880023,1988-09-14,,rkwan,2007-09-11 09:21:53,142,,,0.0,,False,False,False,False,False,False,False,,False,0.0,False,False,False,False,0.0,False,False,False,False,False,,Site Cleanup Completed (NFA),1994-02-07,,TO HEER
141,9202028,910071,1991-06-25,,rkwan,2001-08-27 11:57:02,143,,,0.0,,False,False,False,False,False,False,False,,False,0.0,False,False,False,False,0.0,False,False,False,False,False,,Site Cleanup Completed (NFA),1994-12-27,,Raymond Seid
142,9702463,940021,1996-06-06,,rkwan,2007-03-27 15:42:53,144,,,0.0,,False,False,False,False,False,False,False,,False,0.0,False,False,False,False,0.0,False,False,False,False,False,,Site Cleanup Completed (NFA),1992-05-01,,Raymond Seid
143,9101716,890024,1996-06-06,,vforeman,1996-06-06 09:33:36,145,,,0.0,,False,False,False,False,False,False,False,,False,0.0,False,False,False,False,0.0,False,False,False,False,False,,Disconfirmed Release,1992-10-22,,Eric Sadoyama
144,9100235,880022,1996-06-06,2014-08-27,rkwan,2014-10-03 15:17:29,146,Responsible Party,Leaking Tank and Piping,0.0,Tank Removal,False,False,True,False,True,True,True,,False,0.0,True,True,False,False,0.0,False,False,False,False,False,,Site Cleanup Completed with EHE/EHMP,2014-09-02,Tank,Richard Takaba 
145,9202015,920055,1991-11-18,,sliu,2001-07-30 09:38:21,147,,,0.0,,False,False,False,False,False,False,False,,False,0.0,False,False,False,False,0.0,False,False,False,False,False,,Site Cleanup Completed (NFA),2001-06-07,,Shumin Liu
146,9101887,860001,1996-06-06,,vforeman,1996-06-06 09:33:36,148,,,0.0,,False,False,False,False,False,False,False,,False,0.0,False,False,False,False,0.0,False,False,False,False,False,,Site Cleanup Completed (NFA),1992-06-10,,Lene Ichinotsubo
147,9502725,930078,1993-07-14,,SUP,1993-07-16 00:00:00,149,,,0.0,,False,False,False,False,False,False,False,,False,0.0,False,False,False,False,0.0,False,False,False,False,False,,Site Cleanup Completed (NFA),1993-07-16,,Not Assigned
148,9101855,910040,1991-03-22,,rkwan,2007-03-19 14:53:50,150,,,0.0,,False,False,False,False,False,False,False,,False,0.0,False,False,False,False,0.0,False,False,False,False,False,,Case Transferred to HEER (unregulated),1994-11-17,,To HEER
149,9201986,920011,1996-06-06,,rkwan,2007-03-19 15:57:05,151,,,0.0,,False,False,False,False,False,False,False,,False,0.0,False,False,False,False,0.0,False,False,False,False,False,,Case Transferred to HEER (unregulated),1991-12-26,,To HEER 
150,9102505,920066,1992-02-03,,RSK,1995-12-28 00:00:00,152,,,0.0,,False,False,False,False,False,False,False,,False,0.0,False,False,False,False,0.0,False,False,False,False,False,,Site Cleanup Completed (NFA),1998-11-04,,David Hodges
151,9200092,940045,1996-06-06,,vforeman,1996-06-06 09:33:36,153,,,0.0,,False,False,False,False,False,False,False,,False,0.0,False,False,False,False,0.0,False,False,False,False,False,,Site Cleanup Completed (NFA),2001-10-22,,Shunsheng Fu
152,9101052,930043,1993-01-20,,rkwan,2011-06-08 16:35:34,154,,,0.0,,False,False,False,False,False,False,False,,False,0.0,False,False,False,False,0.0,False,False,False,False,False,,Site Cleanup Completed (NFA),2009-08-27,,To DERA 
153,9102168,900009,1989-11-16,,CJR,1995-04-12 00:00:00,155,,,0.0,,False,False,False,False,False,False,False,,False,0.0,False,False,False,False,0.0,False,False,False,False,False,,Site Cleanup Completed (NFA),1999-09-07,,Eric Sadoyama
154,9101276,900058,1996-06-06,,JRICHARDSON,2005-02-18 14:51:49,156,,,0.0,,False,False,False,False,False,False,False,,False,0.0,False,False,False,False,0.0,False,False,False,False,False,,Site Cleanup Completed (NFA),2000-04-19,,Renato Maniulit
155,9701077,950093,1995-05-23,,RSK,1995-12-06 00:00:00,157,,,0.0,,False,False,False,False,False,False,False,,False,0.0,False,False,False,False,0.0,False,False,False,False,False,,Site Cleanup Completed (NFA),1998-03-23,,Eric Sadoyama
156,9101773,900116,1996-06-06,,vforeman,1996-06-06 09:33:36,158,,,0.0,,False,False,False,False,False,False,False,,False,0.0,False,False,False,False,0.0,False,False,False,False,False,,Site Cleanup Completed (NFA),2000-05-17,,Jeffrey Ung
157,9101884,900026,1989-10-17,,RSK,1995-03-16 00:00:00,159,,,0.0,,False,False,False,False,False,False,False,,False,0.0,False,False,False,False,0.0,False,False,False,False,False,,Site Cleanup Completed (NFA),1998-11-27,,Eric Sadoyama
158,9101063,930087,1993-05-17,,SUP,1994-12-20 00:00:00,160,,,0.0,,False,False,False,False,False,False,False,,False,0.0,False,False,False,False,0.0,False,False,False,False,False,,Disconfirmed Release,1998-04-14,,Jose Ruiz
159,9202643,930004,1992-10-08,,SUP,1993-03-18 00:00:00,161,,,0.0,,False,False,False,False,False,False,False,,False,0.0,False,False,False,False,0.0,False,False,False,False,False,,Site Cleanup Completed (NFA),1993-02-24,,Not Assigned
160,9602961,940193,1994-09-02,,RSK,1995-12-06 00:00:00,162,,,0.0,,False,False,False,False,False,False,False,,False,0.0,False,False,False,False,0.0,False,False,False,False,False,,Site Cleanup Completed (NFA),1994-11-02,,Jose Ruiz
161,9102088,930030,1992-10-06,,RKWAN,2003-01-03 09:27:55,163,,,0.0,,False,False,False,False,False,False,False,,False,0.0,False,False,False,False,0.0,False,False,False,False,False,,Site Cleanup Completed (NFA),2003-02-12,,Jose Ruiz
162,9100041,930032,1992-09-28,,esadoyama,1997-08-01 08:54:07,164,,,0.0,,False,False,False,False,False,False,False,,False,0.0,False,False,False,False,0.0,False,False,False,False,False,,Site Cleanup Completed (NFA),1996-05-20,,Janet Sherrer
163,9200188,920190,1992-09-22,,esadoyama,1997-06-19 09:47:26,165,,,0.0,,False,False,False,False,False,False,False,,False,0.0,False,False,False,False,0.0,False,False,False,False,False,,Site Cleanup Completed (NFA),1993-11-05,,Steven Okoji
164,9102858,940096,1994-02-18,,SUP,1994-05-24 00:00:00,166,,,0.0,,False,False,False,False,False,False,False,,False,0.0,False,False,False,False,0.0,False,False,False,False,False,,Site Cleanup Completed (NFA),1998-05-18,,Jose Ruiz
165,9701131,880017,1988-05-18,,rkwan,2005-02-23 09:30:39,167,,,0.0,,False,False,False,False,False,False,False,,False,0.0,False,False,False,False,0.0,False,False,False,False,False,,Site Cleanup Completed (NFA),1995-10-11,,Richard Takaba
166,9602224,940100,1994-03-08,,SUP,1994-03-17 00:00:00,168,,,0.0,,False,False,False,False,False,False,False,,False,0.0,False,False,False,False,0.0,False,False,False,False,False,,Site Cleanup Completed (NFA),1994-03-10,,David Hodges
167,9101530,910004,1990-11-21,2011-05-18,rkwan,2011-05-18 16:04:02,169,,Leaking Tank,0.0,Tank Removal,True,False,False,False,True,False,False,,False,0.0,True,False,False,False,0.0,False,False,False,False,False,FREE PROD REMOVAL,Remedy Decision Pending (ongoing monitoring),2008-06-26,Tank,Shaobin Li 
168,9102503,920036,1991-12-11,,rkwan,2007-03-15 15:20:34,170,,,0.0,,False,False,False,False,False,False,False,,False,0.0,False,False,False,False,0.0,False,False,False,False,False,,Case Transferred to HEER (unregulated),1994-08-12,,To HEER 
169,9101711,940080,1994-02-08,,RSK,1995-03-14 00:00:00,171,,,0.0,,False,False,False,False,False,False,False,,False,0.0,False,False,False,False,0.0,False,False,False,False,False,,Site Cleanup Completed (NFA),1995-01-30,,Raymond Seid
170,9102792,930137,1996-06-06,,roxanne.kwan,2023-10-26 13:38:30,172,,,0.0,,False,False,False,False,False,False,False,,False,0.0,False,False,False,False,0.0,False,False,False,False,False,,Case Transferred to HEER (unregulated),1994-03-24,,To HEER 
171,9701795,940066,1994-01-24,,SUP,1994-11-09 00:00:00,173,,,0.0,,False,False,False,False,False,False,False,,False,0.0,False,False,False,False,0.0,False,False,False,False,False,,Site Cleanup Completed (NFA),1999-06-09,,Jeffrey Ung
172,9707569,910011,1990-11-30,,rmaniulit,2000-04-20 07:53:17,175,,,0.0,,False,False,False,False,False,False,False,,False,0.0,False,False,False,False,0.0,False,False,False,False,False,,Site Cleanup Completed (NFA),2000-04-17,,Renato Maniulit
173,9102410,910069,1991-07-12,,SUP,1994-03-24 00:00:00,176,,,0.0,,False,False,False,False,False,False,False,,False,0.0,False,False,False,False,0.0,False,False,False,False,False,,Site Cleanup Completed (NFA),1998-09-11,,David Hodges
174,9202895,960035,1994-04-05,,CJR,1996-02-12 00:00:00,177,,,0.0,,False,False,False,False,False,False,False,,False,0.0,False,False,False,False,0.0,False,False,False,False,False,,Site Cleanup Completed (NFA),1996-01-22,,Jose Ruiz
175,9501899,940101,1994-01-06,,SUP,1994-12-23 00:00:00,178,,,0.0,,False,False,False,False,False,False,False,,False,0.0,False,False,False,False,0.0,False,False,False,False,False,,Site Cleanup Completed (NFA),1994-11-30,,Raymond Seid
176,9601715,920160,1992-05-22,,SUP,1994-08-09 00:00:00,179,,,0.0,,False,False,False,False,False,False,False,,False,0.0,False,False,False,False,0.0,False,False,False,False,False,,Site Cleanup Completed (NFA),1994-08-09,,Eric Sadoyama
177,9101893,900035,1996-06-06,,esadoyama,1997-05-09 09:57:47,180,,,0.0,,False,False,False,False,False,False,False,,False,0.0,False,False,False,False,0.0,False,False,False,False,False,,Site Cleanup Completed (NFA),1998-12-09,,Lene Ichinotsubo
178,9201233,950021,1994-11-07,2021-04-26,Allison.Hutto,2021-04-27 07:46:42,181,Responsible Party,Leaking Tank and Piping,0.0,Tank Removal,False,False,False,False,True,True,True,,False,0.0,True,True,False,False,0.0,False,False,False,False,False,,Monitored Natural Attenuation,1999-03-25,Tank,Shunsheng Fu 
179,9200742,940146,1994-05-26,,CJR,1996-02-27 00:00:00,182,,,0.0,,False,False,False,False,False,False,False,,False,0.0,False,False,False,False,0.0,False,False,False,False,False,,Site Cleanup Completed (NFA),1998-09-01,,Jose Ruiz
180,9102886,950016,1994-11-01,,LNAGATOSHI,1996-08-13 13:56:02,183,,,0.0,,False,False,False,False,False,False,False,,False,0.0,False,False,False,False,0.0,False,False,False,False,False,,Site Cleanup Completed (NFA),1995-01-01,,Jose Ruiz
181,9503115,960031,1995-10-06,,rkwan,2007-03-19 16:12:58,184,,,0.0,,False,False,False,False,False,False,False,,False,0.0,False,False,False,False,0.0,False,False,False,False,False,,Case Transferred to HEER (unregulated),1997-10-20,,To HEER 
182,9200133,930053,1993-02-10,,golmsted,2002-07-25 08:34:49,185,,,0.0,,False,False,False,False,False,True,True,,False,0.0,False,True,False,False,0.0,False,False,False,False,False,,Site Cleanup Completed (NFA),2005-05-25,,Richard Takaba
183,9500382,930093,1993-06-07,,SUP,1993-10-01 00:00:00,186,,,0.0,,False,False,False,False,False,False,False,,False,0.0,False,False,False,False,0.0,False,False,False,False,False,,Site Cleanup Completed (NFA),1993-08-23,,Not Assigned
184,9702170,900016,1989-11-29,,rkwan,1999-06-28 08:33:16,187,,,0.0,,False,False,False,False,False,False,False,,False,0.0,False,False,False,False,0.0,False,False,False,False,False,,Site Cleanup Completed (NFA),2000-06-01,,Renato Maniulit
185,9100344,950001,1994-08-29,,SUP,1994-12-13 00:00:00,188,,,0.0,,False,False,False,False,False,False,False,,False,0.0,False,False,False,False,0.0,False,False,False,False,False,,Site Cleanup Completed (NFA),1994-10-18,,Roger Brewer
186,9103126,960029,1995-11-09,,CJR,1996-01-19 00:00:00,189,,,0.0,,False,False,False,False,False,False,False,,False,0.0,False,False,False,False,0.0,False,False,False,False,False,,Site Cleanup Completed (NFA),1997-12-22,,Steven Okoji
187,9100037,900119,1990-05-03,,CJR,1996-02-15 00:00:00,190,,,0.0,,False,False,False,False,False,False,False,,False,0.0,False,False,False,False,0.0,False,False,False,False,False,,Site Cleanup Completed (NFA),1998-10-30,,Eric Sadoyama
188,9102163,890036,1989-06-14,,CJR,1995-04-12 00:00:00,191,,,0.0,,False,False,False,False,False,False,False,,False,0.0,False,False,False,False,0.0,False,False,False,False,False,,Site Cleanup Completed (NFA),1993-08-11,,Eric Sadoyama
189,9102800,940014,1996-06-06,,esadoyama,1999-08-23 08:23:24,192,,,0.0,,False,False,False,False,False,False,False,,False,0.0,False,False,False,False,0.0,False,False,False,False,False,,Site Cleanup Completed (NFA),1999-09-27,,Renato Maniulit
190,9100150,900069,1996-06-06,,vforeman,1996-06-06 09:33:36,193,,,0.0,,False,False,False,False,False,False,False,,False,0.0,False,False,False,False,0.0,False,False,False,False,False,,Site Cleanup Completed (NFA),1995-10-24,,Eric Sadoyama
191,9101718,950111,1995-07-06,,CJR,1996-02-20 00:00:00,194,,,0.0,,False,False,False,False,False,False,False,,False,0.0,False,False,False,False,0.0,False,False,False,False,False,,Site Cleanup Completed (NFA),1995-10-24,,Eric Sadoyama
192,9100990,900048,1990-03-14,,rtakaba,2005-01-26 10:09:43,195,,,0.0,,False,False,False,False,False,False,False,,False,0.0,True,True,False,False,0.0,False,False,False,False,False,,Site Cleanup Completed (NFA),2005-05-27,,Chad Pritchard
193,9102249,940075,1996-06-06,,rkwan,2007-03-19 15:20:27,196,,,0.0,,False,False,False,False,False,False,False,,False,0.0,False,False,False,False,0.0,False,False,False,False,False,,Case Transferred to HEER (unregulated),1994-08-12,,To HEER 
194,9600471,950006,1994-10-19,,CJR,1995-06-09 00:00:00,197,,,0.0,,False,False,False,False,False,False,False,,False,0.0,False,False,False,False,0.0,False,False,False,False,False,,Site Cleanup Completed (NFA),1995-06-02,,Eric Sadoyama
195,9100286,930136,1996-06-06,,esadoyama,1997-09-15 10:54:37,198,,,0.0,,False,False,False,False,False,False,False,,False,0.0,False,False,False,False,0.0,False,False,False,False,False,,Site Cleanup Completed (NFA),1997-07-23,,Janet Sherrer
196,9402426,930036,1996-06-06,,vforeman,1996-06-06 09:33:36,199,,,0.0,,False,False,False,False,False,False,False,,False,0.0,False,False,False,False,0.0,False,False,False,False,False,,Site Cleanup Completed (NFA),2001-07-03,,Shunsheng Fu
197,9103098,950119,1996-06-06,,rkwan,1996-08-13 12:19:06,200,,,0.0,,False,False,False,False,False,False,False,,False,0.0,False,False,False,False,0.0,False,False,False,False,False,,Site Cleanup Completed (NFA),1996-09-10,,Roger Brewer
198,9102821,960032,1996-01-12,,esadoyama,1998-07-06 15:07:10,201,,,0.0,,False,False,False,False,False,False,False,,False,0.0,False,False,False,False,0.0,False,False,False,False,False,,Site Cleanup Completed (NFA),1999-01-05,,Jeffrey Ung
199,9102586,920103,1991-11-25,,rkwan,2007-03-19 15:43:30,202,,,0.0,,False,False,False,False,False,False,False,,False,0.0,False,False,False,False,0.0,False,False,False,False,False,,Case Transferred to HEER (unregulated),1991-11-26,,To HEER 
200,9100186,900081,1996-06-06,,vforeman,1996-06-06 09:33:36,203,,,0.0,,False,False,False,False,False,False,False,,False,0.0,False,False,False,False,0.0,False,False,False,False,False,,Site Cleanup Completed (NFA),2000-03-28,,Renato Maniulit
201,9701068,950108,1995-06-23,,CJR,1995-12-11 00:00:00,204,,,0.0,,False,False,False,False,False,False,False,,False,0.0,False,False,False,False,0.0,False,False,False,False,False,,Site Cleanup Completed (NFA),1995-10-25,,Roger Brewer
202,9601744,950055,1995-02-17,,esadoyama,1997-05-13 09:39:00,205,,,0.0,,False,False,False,False,False,False,False,,False,0.0,False,False,False,False,0.0,False,False,False,False,False,,Site Cleanup Completed (NFA),1996-11-04,,Jose Ruiz
203,9200072,940022,1996-06-06,,vforeman,1996-06-06 09:33:36,207,,,0.0,,False,False,False,False,False,False,False,,False,0.0,False,False,False,False,0.0,False,False,False,False,False,,Site Cleanup Completed (NFA),1995-03-31,,Roger Brewer
204,9602732,940081,1996-06-06,,rtakaba,2006-07-20 14:39:09,208,,,0.0,,False,False,False,False,False,False,False,,False,0.0,False,False,False,False,0.0,False,False,False,False,False,,Site Cleanup Completed (NFA),2006-07-27,,Richard Takaba
205,9200308,910051,1991-05-03,,sfu,2008-01-03 10:40:00,209,,,0.0,,False,False,False,False,False,False,False,,False,0.0,False,False,False,False,0.0,False,False,False,False,False,,Site Cleanup Completed (NFA),2007-12-03,,Shunsheng Fu 
206,9100757,890003,1988-09-08,,rmaniulit,1999-11-02 10:18:53,210,,,0.0,,False,False,False,False,False,False,False,,False,0.0,False,False,False,False,0.0,False,False,False,False,False,,Site Cleanup Completed (NFA),1999-11-04,,Renato Maniulit
207,9102568,920101,1991-11-25,,rkwan,2007-03-15 15:21:48,211,,,0.0,,False,False,False,False,False,False,False,,False,0.0,False,False,False,False,0.0,False,False,False,False,False,,Case Transferred to HEER (unregulated),2000-05-02,,To HEER 
208,9201811,900010,1996-06-06,,vforeman,1996-06-06 09:33:36,212,,,0.0,,False,False,False,False,False,False,False,,False,0.0,False,False,False,False,0.0,False,False,False,False,False,,Site Cleanup Completed (NFA),1990-01-29,,Jose Ruiz
210,9501862,900005,1989-10-11,,SUP,1995-02-07 00:00:00,214,,,0.0,,False,False,False,False,False,False,False,,False,0.0,False,False,False,False,0.0,False,False,False,False,False,,Site Cleanup Completed (NFA),1993-12-16,,Sheila Mackenzie
211,9102069,920133,1992-03-26,,lnagatoshi,1996-07-01 13:41:05,215,,,0.0,,False,False,False,False,False,False,False,,False,0.0,False,False,False,False,0.0,False,False,False,False,False,,Site Cleanup Completed (NFA),1996-02-26,,Eric Sadoyama
212,9102690,920179,1992-08-18,,esadoyama,1997-10-16 12:15:08,216,,,0.0,,False,False,False,False,False,False,False,,False,0.0,False,False,False,False,0.0,False,False,False,False,False,,Site Cleanup Completed (NFA),2001-04-17,,Jeffrey Ung
213,9200071,940178,1994-06-29,,RSK,1996-01-23 00:00:00,217,,,0.0,,False,False,False,False,False,False,False,,False,0.0,False,False,False,False,0.0,False,False,False,False,False,,Site Cleanup Completed (NFA),2001-12-26,,Shunsheng Fu
214,9100168,890018,1996-06-06,,sliu,2001-07-30 10:38:48,218,,,0.0,,False,False,False,False,False,False,False,,False,0.0,False,False,False,False,0.0,False,False,False,False,False,,Site Cleanup Completed (NFA),2001-01-17,,Shumin Liu
215,9702204,900122,1990-01-16,,SUP,1994-11-09 00:00:00,219,,,0.0,,False,False,False,False,False,False,False,,False,0.0,False,False,False,False,0.0,False,False,False,False,False,,Site Cleanup Completed (NFA),1994-10-31,,Lene Ichinotsubo
216,9600461,930038,1992-12-23,,SUP,1994-03-18 00:00:00,220,,,0.0,,False,False,False,False,False,False,False,,False,0.0,False,False,False,False,0.0,False,False,False,False,False,,Site Cleanup Completed (NFA),1994-03-03,,Not Assigned
217,9101439,950057,1995-02-27,,golmsted,2002-07-25 09:04:01,221,,,0.0,,False,False,False,False,False,False,False,,False,0.0,False,False,False,False,0.0,False,False,False,False,False,,Site Cleanup Completed (NFA),1997-07-02,,John Peard
218,9201478,910001,1990-10-17,,RSK,1995-11-16 00:00:00,222,,,0.0,,False,False,False,False,False,False,False,,False,0.0,False,False,False,False,0.0,False,False,False,False,False,,Site Cleanup Completed (NFA),1994-06-22,,Roger Brewer
219,9501296,920074,1992-02-18,,RSK,1995-04-25 00:00:00,223,,,0.0,,False,False,False,False,False,False,False,,False,0.0,False,False,False,False,0.0,False,False,False,False,False,,Site Cleanup Completed (NFA),1994-11-21,,Roger Brewer
220,9102921,940127,1994-04-06,,golmsted,2002-07-25 08:35:40,224,,,0.0,,False,False,False,False,False,False,False,,False,0.0,True,False,False,False,0.0,False,False,False,False,False,,Site Cleanup Completed (NFA),2006-05-03,,Richard Takaba
221,9102510,920015,1991-10-23,,SUP,1993-09-27 00:00:00,225,,,0.0,,False,False,False,False,False,False,False,,False,0.0,False,False,False,False,0.0,False,False,False,False,False,,Site Cleanup Completed (NFA),2001-10-23,,Jose Ruiz
222,9200976,900087,1996-06-06,,rkwan,1996-10-30 08:25:40,226,,,0.0,,False,False,False,False,False,False,False,,False,0.0,False,False,False,False,0.0,False,False,False,False,False,,Site Cleanup Completed (NFA),1999-08-27,,Renato Maniulit
223,9102478,920086,1992-02-21,,SUP,1995-01-04 00:00:00,227,,,0.0,,False,False,False,False,False,False,False,,False,0.0,False,False,False,False,0.0,False,False,False,False,False,,Site Cleanup Completed (NFA),2002-04-12,,Shunsheng Fu
224,9100747,940129,1994-04-25,,CJR,1995-12-07 00:00:00,228,,,0.0,,False,False,False,False,False,False,False,,False,0.0,False,False,False,False,0.0,False,False,False,False,False,,Site Cleanup Completed (NFA),1999-02-01,,Jose Ruiz
225,9100911,900080,1996-06-06,,esadoyama,1998-07-10 14:44:41,229,,,0.0,,False,False,False,False,False,False,False,,False,0.0,False,False,False,False,0.0,False,False,False,False,False,,Site Cleanup Completed (NFA),1998-02-12,,Jose Ruiz
226,9100302,930111,1993-07-26,2012-11-15,roxanne.kwan,2023-06-21 11:18:22,230,,Unknown,0.0,Tank Removal,False,False,False,False,False,False,False,,False,0.0,True,False,False,False,0.0,False,False,False,False,False,,Site Cleanup Completed (NFA),2023-06-21,Tank,Richard Takaba 
227,9601637,950106,1995-06-14,,rkwan,1996-09-16 15:50:16,231,,,0.0,,False,False,False,False,False,False,False,,False,0.0,False,False,False,False,0.0,False,False,False,False,False,,Site Cleanup Completed (NFA),1996-05-21,,Roger Brewer
228,9201014,880011,1996-06-06,2016-11-23,shaobin.li,2016-12-06 14:22:38,232,,Leaking Tank and Piping,0.0,Tank Removal,True,False,False,False,True,False,True,,False,0.0,True,False,False,False,0.0,False,False,True,False,False,"Free product removal, limited soil removal",Site Cleanup Completed with EHE/EHMP,2016-11-29,Unknown,Shaobin Li 
229,9102755,940017,1996-06-06,,rkwan,1997-01-02 14:41:42,233,,,0.0,,False,False,False,False,False,False,False,,False,0.0,False,False,False,False,0.0,False,False,False,False,False,,Site Cleanup Completed (NFA),1997-06-05,,Jose Ruiz
230,9101279,960001,1995-10-03,,esadoyama,1997-05-13 09:06:43,234,,,0.0,,False,False,False,False,False,False,False,,False,0.0,False,False,False,False,0.0,False,False,False,False,False,,Site Cleanup Completed (NFA),1996-04-03,,Eric Sadoyama
231,9100889,910063,1991-05-02,,SUP,1994-12-14 00:00:00,235,,,0.0,,False,False,False,False,False,False,False,,False,0.0,False,False,False,False,0.0,False,False,False,False,False,,Site Cleanup Completed (NFA),1998-11-18,,Richard Takaba
232,9102577,920112,1991-11-25,,rkwan,2007-03-19 15:31:57,236,,,0.0,,False,False,False,False,False,False,False,,False,0.0,False,False,False,False,0.0,False,False,False,False,False,,Case Transferred to HEER (unregulated),1997-10-17,,To HEER 
233,9601690,900086,1990-06-07,,RSK,1995-03-28 00:00:00,237,,,0.0,,False,False,False,False,False,False,False,,False,0.0,False,False,False,False,0.0,False,False,False,False,False,,Site Cleanup Completed (NFA),1995-01-30,,Raymond Seid
234,9102327,920095,1992-03-11,,SUP,1993-09-23 00:00:00,238,,,0.0,,False,False,False,False,False,False,False,,False,0.0,False,False,False,False,0.0,False,False,False,False,False,,Site Cleanup Completed (NFA),1998-12-08,,Jose Ruiz
235,9402422,900129,1990-05-31,,,,239,,,0.0,,False,False,False,False,False,False,False,,False,0.0,False,False,False,False,0.0,False,False,False,False,False,,Site Cleanup Completed (NFA),2001-08-28,,Shaobin Li
236,9100047,910048,1991-03-28,,esadoyama,1998-05-27 13:36:07,240,,,0.0,,False,False,False,False,False,False,False,,False,0.0,False,False,False,False,0.0,False,False,False,False,False,,Site Cleanup Completed (NFA),2002-02-08,,Shunsheng Fu
237,9100861,930055,1993-01-15,,esadoyama,1997-08-21 13:40:43,241,,,0.0,,False,False,False,False,False,False,False,,False,0.0,False,False,False,False,0.0,False,False,False,False,False,,Site Cleanup Completed (NFA),1997-08-28,,Eric Sadoyama
238,9100340,960004,1995-10-13,,esadoyama,1997-08-19 14:00:30,242,,,0.0,,False,False,False,False,False,False,False,,False,0.0,False,False,False,False,0.0,False,False,False,False,False,,Disconfirmed Release,1997-05-30,,Jose Ruiz
239,9201183,950107,1995-06-20,,esadoyama,1997-10-16 12:21:39,243,,,0.0,,False,False,False,False,False,False,False,,False,0.0,False,False,False,False,0.0,False,False,False,False,False,,Site Cleanup Completed (NFA),2001-12-11,,Shaobin Li
240,9102149,870001,1996-06-06,,esadoyama,1997-05-12 14:46:39,244,,,0.0,,False,False,False,False,False,False,False,,False,0.0,False,False,False,False,0.0,False,False,False,False,False,,Disconfirmed Release,1997-06-19,,Janet Sherrer
241,9200923,940053,1993-07-28,,rmaniulit,2000-01-25 13:37:02,245,,,0.0,,False,False,False,False,False,False,False,,False,0.0,False,False,False,False,0.0,False,False,False,False,False,,Site Cleanup Completed (NFA),2000-01-18,,Renato Maniulit
242,9702958,950009,1994-06-03,,CJR,1995-05-31 00:00:00,246,,,0.0,,False,False,False,False,False,False,False,,False,0.0,False,False,False,False,0.0,False,False,False,False,False,,Site Cleanup Completed (NFA),1995-05-10,,Jose Ruiz
243,9601040,920125,1992-03-11,,SUP,1993-09-14 00:00:00,247,,,0.0,,False,False,False,False,False,False,False,,False,0.0,False,False,False,False,0.0,False,False,False,False,False,,Site Cleanup Completed (NFA),1993-09-14,,Not Assigned
244,9601306,900109,1990-09-12,,SUP,1994-09-28 00:00:00,248,,,0.0,,False,False,False,False,False,False,False,,False,0.0,False,False,False,False,0.0,False,False,False,False,False,,Site Cleanup Completed (NFA),1998-01-21,,Steven Okoji
245,9100985,950112,1995-07-07,,CJR,1995-08-11 00:00:00,249,,,0.0,,False,False,False,False,False,False,False,,False,0.0,False,False,False,False,0.0,False,False,False,False,False,,Site Cleanup Completed (NFA),1995-07-14,,Jose Ruiz
246,9201116,950020,1994-11-11,,RKWAN,1996-11-29 15:56:29,250,,,0.0,,False,False,False,False,False,False,False,,False,0.0,False,False,False,False,0.0,False,False,False,False,False,,Site Cleanup Completed (NFA),1998-09-24,,Lene Ichinotsubo
247,9502454,920021,1991-11-13,,SUP,1994-02-17 00:00:00,251,,,0.0,,False,False,False,False,False,False,False,,False,0.0,False,False,False,False,0.0,False,False,False,False,False,,Site Cleanup Completed (NFA),1994-02-11,,Sheila Mackenzie
248,9600566,920129,1992-03-13,,SUP,1993-07-30 00:00:00,252,,,0.0,,False,False,False,False,False,False,False,,False,0.0,False,False,False,False,0.0,False,False,False,False,False,,Site Cleanup Completed (NFA),1993-07-30,,Not Assigned
249,9201536,950011,1996-06-06,,vforeman,1996-06-06 09:33:36,253,,,0.0,,False,False,False,False,False,False,False,,False,0.0,False,False,False,False,0.0,False,False,False,False,False,,Site Cleanup Completed (NFA),1994-11-22,,Roger Brewer
250,9101329,920169,1992-06-23,,SUP,1994-12-28 00:00:00,254,,,0.0,,False,False,False,False,False,False,False,,False,0.0,False,False,False,False,0.0,False,False,False,False,False,,Site Cleanup Completed (NFA),1999-03-04,,Jeffrey Ung
251,9100833,930023,1992-11-17,,rmaniulit,1999-09-24 07:38:35,255,,,0.0,,False,False,False,False,False,False,False,,False,0.0,False,False,False,False,0.0,False,False,False,False,False,,Site Cleanup Completed (NFA),1999-10-19,,Renato Maniulit
252,9100764,900050,1996-06-06,2009-02-26,dpark,2009-02-26 10:03:11,256,,,0.0,Tank Removal,True,False,False,False,True,False,False,,False,0.0,True,False,False,False,0.0,False,False,False,False,False,,Site Cleanup Completed with EHMP,2000-01-28,Tank,To HEER 
253,9200222,920193,1992-01-22,,SUP,1995-01-17 00:00:00,257,,,0.0,,False,False,False,False,False,False,False,,False,0.0,False,False,False,False,0.0,False,False,False,False,False,,Site Cleanup Completed (NFA),1994-12-05,,Jose Ruiz
254,9101098,890034,1989-04-13,,CJR,1995-09-15 00:00:00,258,,,0.0,,False,False,False,False,False,False,False,,False,0.0,False,False,False,False,0.0,False,False,False,False,False,,Site Cleanup Completed (NFA),1995-08-16,,Roger Brewer
255,9100852,920157,1992-05-12,2010-01-19,roxanne.kwan,2020-02-06 16:11:01,259,,Leaking Tank,0.0,Tank Removal,False,False,False,False,True,False,False,,False,0.0,True,False,False,False,0.0,False,False,False,False,False,,Site Cleanup Completed with EHE/EHMP,2018-08-07,Tank,To Heer 
256,9600453,950027,1994-11-29,,esadoyama,1997-09-29 14:12:17,260,,,0.0,,False,False,False,False,False,False,False,,False,0.0,False,False,False,False,0.0,False,False,False,False,False,,Site Cleanup Completed (NFA),1998-04-08,,Janet Sherrer
257,9100245,950008,1994-10-19,,RSK,1995-03-28 00:00:00,261,,,0.0,,False,False,False,False,False,False,False,,False,0.0,False,False,False,False,0.0,False,False,False,False,False,,Site Cleanup Completed (NFA),1994-12-22,,Steven Okoji
258,9102625,920146,1992-03-19,,rkwan,2007-03-19 15:44:51,262,,,0.0,,False,False,False,False,False,False,False,,False,0.0,False,False,False,False,0.0,False,False,False,False,False,,Case Transferred to HEER (unregulated),1996-04-16,,To HEER 
259,9100081,910029,1991-03-06,,CJR,1995-05-26 00:00:00,263,,,0.0,,False,False,False,False,False,False,False,,False,0.0,False,False,False,False,0.0,False,False,False,False,False,,Site Cleanup Completed (NFA),1995-05-11,,Roger Brewer
260,9100297,900015,1989-12-28,,sli,2008-05-29 09:39:40,264,,,0.0,,False,False,False,False,False,False,False,,False,0.0,False,False,False,False,0.0,False,False,False,False,False,,Site Cleanup Completed (NFA),2007-02-08,,Shaobin Li 
261,9600706,910026,1991-02-21,,esadoyama,1997-09-23 11:56:49,265,,,0.0,,False,False,False,False,False,False,False,,False,0.0,False,False,False,False,0.0,False,False,False,False,False,,Site Cleanup Completed (NFA),1997-10-29,,Eric Sadoyama
262,9100938,940008,1996-06-06,,vforeman,1996-06-06 09:33:36,266,,,0.0,,False,False,False,False,False,False,False,,False,0.0,False,False,False,False,0.0,False,False,False,False,False,,Site Cleanup Completed (NFA),1993-10-27,,Eric Sadoyama
263,9201141,900027,1989-11-03,2020-01-23,roxanne.kwan,2021-09-23 16:08:18,267,Responsible Party,Leaking Tank and Piping,0.0,Other,True,False,True,False,True,True,True,,False,0.0,True,False,False,False,0.0,False,False,True,False,False,"Vacuum Truck, Skimmers, Hand Bailing,Absorbent pads",Site Cleanup Completed (NFA) with Restrictions,2020-04-30,Tank,Allison Hutto 
264,9101379,910046,1991-03-28,2016-03-30,Josh.Nagashima,2016-04-20 09:22:51,268,,Leaking Tank,0.0,Tank Removal,True,False,False,False,True,False,False,,False,0.0,True,False,False,False,0.0,False,False,False,False,False,Soil Excavation and Remediation,Site Cleanup Completed with EHE/EHMP,2016-04-04,Tank,Josh Nagashima 
265,9501888,870002,1996-06-06,2015-01-22,sli,2015-02-05 14:50:51,269,,,0.0,,False,False,False,False,True,True,True,,False,0.0,True,True,False,False,0.0,False,False,False,False,False,,Site Cleanup Completed with EHE/EHMP,2015-01-30,,Shaobin Li 
266,9600578,930088,1993-07-06,,SUP,1994-07-15 00:00:00,270,,,0.0,,False,False,False,False,False,False,False,,False,0.0,False,False,False,False,0.0,False,False,False,False,False,,Site Cleanup Completed (NFA),1994-07-05,,Jose Ruiz
267,9601834,940040,1996-06-06,,vforeman,1996-06-06 09:33:36,271,,,0.0,,False,False,False,False,False,False,False,,False,0.0,False,False,False,False,0.0,False,False,False,False,False,,Site Cleanup Completed (NFA),1998-01-04,,Jose Ruiz
268,9101833,940194,1994-09-12,,RSK,1996-02-06 00:00:00,272,,,0.0,,False,False,False,False,False,False,False,,False,0.0,False,False,False,False,0.0,False,False,False,False,False,,Site Cleanup Completed (NFA),1998-09-21,,Eric Sadoyama
269,9100088,930122,1993-08-25,,esadoyama,1997-07-02 11:15:07,273,,,0.0,,False,False,False,False,False,False,False,,False,0.0,False,False,False,False,0.0,False,False,False,False,False,,Site Cleanup Completed (NFA),1997-07-30,,Steven Okoji
270,9200501,950104,1995-06-09,,RSK,1995-12-06 00:00:00,274,,,0.0,,False,False,False,False,False,False,False,,False,0.0,False,False,False,False,0.0,False,False,False,False,False,,Disconfirmed Release,1995-06-13,,Janet Sherrer
271,9202536,920155,1992-01-08,,rkwan,2001-10-02 14:27:27,275,,,0.0,,False,False,False,False,False,False,False,,False,0.0,False,False,False,False,0.0,False,False,False,False,False,,Site Cleanup Completed (NFA),1999-02-01,,Richard Takaba
272,9102375,930072,1991-06-04,,rtakaba,2002-02-08 13:53:26,276,,,0.0,,False,False,False,False,False,False,False,,False,0.0,False,False,False,False,0.0,False,False,False,False,False,,Site Cleanup Completed (NFA),2002-02-08,,Mark Sutterfield
273,9101376,900102,1990-08-29,,SUP,1994-12-28 00:00:00,277,,,0.0,,False,False,False,False,False,False,False,,False,0.0,False,False,False,False,0.0,False,False,False,False,False,,Site Cleanup Completed (NFA),1992-06-26,,Jose Ruiz
274,9201476,930115,1993-07-29,,rtakaba,2002-02-05 11:21:37,278,,,0.0,,False,False,False,False,False,False,False,,False,0.0,False,False,False,False,0.0,False,False,False,False,False,,Site Cleanup Completed (NFA),2002-06-26,,Jose Ruiz
275,9102058,960026,1995-12-04,2013-10-14,anay.shende,2020-10-21 15:34:29,279,Responsible Party,Leaking Tank,20000.0,Leak Detection,False,False,False,False,True,True,True,,False,0.0,True,True,False,False,0.0,False,False,False,False,True,ORC,Consolidated releases,2020-10-21,Tank,Anay Shende 
276,9102957,940162,1996-06-06,,vforeman,1996-06-06 09:33:36,280,,,0.0,,False,False,False,False,False,False,False,,False,0.0,False,False,False,False,0.0,False,False,False,False,False,,Site Cleanup Completed (NFA),1995-05-01,,Roger Brewer
277,9202550,920083,1991-11-18,,SUP,1994-05-23 00:00:00,281,,,0.0,,False,False,False,False,False,False,False,,False,0.0,False,False,False,False,0.0,False,False,False,False,False,,Site Cleanup Completed (NFA),1997-08-28,,Jose Ruiz
278,9501686,900073,1990-05-08,,rtakaba,2001-06-01 11:52:24,282,,,0.0,,False,False,False,False,False,False,False,,False,0.0,False,False,False,False,0.0,False,False,False,False,False,,Site Cleanup Completed (NFA),2001-10-19,,Mark Sutterfield
279,9708013,920121,1992-03-09,,SUP,1992-04-24 00:00:00,283,,,0.0,,False,False,False,False,False,False,False,,False,0.0,False,False,False,False,0.0,False,False,False,False,False,,Site Cleanup Completed (NFA),1998-11-25,,Jose Ruiz
280,9701526,930051,1993-02-08,,SUP,1993-06-29 00:00:00,284,,,0.0,,False,False,False,False,False,False,False,,False,0.0,False,False,False,False,0.0,False,False,False,False,False,,Site Cleanup Completed (NFA),1993-06-10,,Not Assigned
281,9700604,910084,1991-07-10,,esadoyama,1997-12-11 10:01:06,285,,,0.0,,False,False,False,False,False,False,False,,False,0.0,False,False,False,False,0.0,False,False,False,False,False,,Site Cleanup Completed (NFA),1993-07-23,,Not Assigned
282,9100237,930084,1993-04-12,,SUP,1994-12-02 00:00:00,286,,,0.0,,False,False,False,False,False,False,False,,False,0.0,False,False,False,False,0.0,False,False,False,False,False,,Site Cleanup Completed (NFA),1999-08-11,,Jose Ruiz
283,9102521,920084,1992-02-24,,SUP,1995-01-17 00:00:00,287,,,0.0,,False,False,False,False,False,False,False,,False,0.0,False,False,False,False,0.0,False,False,False,False,False,,Site Cleanup Completed (NFA),1994-08-24,,Eric Sadoyama
284,9103010,950046,1995-01-24,,RSK,1995-05-24 00:00:00,288,,,0.0,,False,False,False,False,False,False,False,,False,0.0,False,False,False,False,0.0,False,False,False,False,False,,Site Cleanup Completed (NFA),2002-07-05,,Shunsheng Fu
285,9707149,950064,1993-04-05,,rkwan,2007-03-19 15:52:02,289,,,0.0,,False,False,False,False,False,False,False,,False,0.0,False,False,False,False,0.0,False,False,False,False,False,,Case Transferred to HEER (unregulated),1995-04-06,,To HEER 
286,9102557,920092,1992-01-21,,RSK,1995-12-20 00:00:00,290,,,0.0,,False,False,False,False,False,False,False,,False,0.0,False,False,False,False,0.0,False,False,False,False,False,,Site Cleanup Completed (NFA),1996-07-22,,Steven Okoji
287,9200211,900038,1996-06-06,,lnagatoshi,1996-07-05 08:22:32,291,,,0.0,,False,False,False,False,False,False,False,,False,0.0,False,False,False,False,0.0,False,False,False,False,False,,Site Cleanup Completed (NFA),1996-11-21,,Eric Sadoyama
288,9201929,900042,1990-02-27,,esadoyama,1998-07-10 14:04:07,292,,,0.0,,False,False,False,False,False,False,False,,False,0.0,False,False,False,False,0.0,False,False,False,False,False,,Site Cleanup Completed (NFA),1999-11-16,,Jose Ruiz
289,9102595,920140,1992-01-08,,SUP,1993-09-17 00:00:00,293,,,0.0,,False,False,False,False,False,False,False,,False,0.0,False,False,False,False,0.0,False,False,False,False,False,,Site Cleanup Completed (NFA),1993-06-28,,Stanton Enomoto
290,9100792,930105,1993-07-16,,rkwan,1997-08-28 14:30:55,294,,,0.0,,False,False,False,False,False,False,False,,False,0.0,False,False,False,False,0.0,False,False,False,False,False,,Site Cleanup Completed (NFA),1999-06-01,,Richard Takaba
291,9102372,910067,1991-06-04,,rkwan,2007-03-16 13:48:55,295,,,0.0,,False,False,False,False,False,False,False,,False,0.0,False,False,False,False,0.0,False,False,False,False,False,,Case Transferred to HEER (unregulated),1998-08-26,,To HEER 
292,9101766,930048,1993-02-08,,rkwan,2007-03-16 12:35:31,296,,,0.0,,False,False,False,False,False,False,False,,False,0.0,False,False,False,False,0.0,False,False,False,False,False,,Case Transferred to HEER (unregulated),2002-09-12,,To HEER 
293,9102930,940161,1994-06-24,,rtakaba,2006-05-22 14:55:43,297,,,0.0,,False,False,False,False,False,False,False,,False,0.0,True,False,False,False,0.0,False,False,False,False,False,,Site Cleanup Completed (NFA),2005-08-23,,Richard Takaba
294,9600060,950058,1996-06-06,,vforeman,1996-06-06 09:33:36,298,,,0.0,,False,False,False,False,False,False,False,,False,0.0,False,False,False,False,0.0,False,False,False,False,False,,Site Cleanup Completed (NFA),1996-10-21,,Roger Brewer
295,9602615,940091,1993-11-12,,CJR,1995-12-15 00:00:00,299,,,0.0,,False,False,False,False,False,False,False,,False,0.0,False,False,False,False,0.0,False,False,False,False,False,,Site Cleanup Completed (NFA),1995-11-28,,Janet Sherrer
296,9101036,940197,1991-08-26,,SUP,1995-02-23 00:00:00,300,,,0.0,,False,False,False,False,False,False,False,,False,0.0,False,False,False,False,0.0,False,False,False,False,False,,Site Cleanup Completed (NFA),1995-01-06,,Jose Ruiz
297,9102847,940105,1994-03-18,,rkwan,2007-03-19 15:48:36,301,,,0.0,,False,False,False,False,False,False,False,,False,0.0,False,False,False,False,0.0,False,False,False,False,False,,Case Transferred to HEER (unregulated),1994-08-12,,To HEER 
298,9102064,950087,1995-05-22,,rkwan,2007-03-19 13:34:39,302,,,0.0,,False,False,False,False,False,False,False,,False,0.0,False,False,False,False,0.0,False,False,False,False,False,,Case Transferred to HEER (unregulated),1996-06-28,,To HEER 
299,9102703,930011,1996-06-06,2009-03-02,rkwan,2009-08-11 15:07:57,303,,Other,0.0,Tank Removal,False,False,False,False,False,False,False,,False,0.0,True,False,False,False,0.0,False,False,False,False,False,,Site Cleanup Completed (NFA),1995-03-31,Tank,To HEER 
300,9201843,900104,1990-04-23,,roxanne.kwan,2020-11-24 12:13:05,304,Responsible Party,,0.0,,False,False,False,False,False,False,False,,False,0.0,False,False,False,False,0.0,False,False,False,False,False,,Site Cleanup Completed (NFA),1998-11-02,,Eric Sadoyama
301,9500558,920038,1991-12-11,,rtakaba,2000-09-15 16:04:56,305,,,0.0,,False,False,False,False,False,False,False,,False,0.0,False,False,False,False,0.0,False,False,False,False,False,,Site Cleanup Completed (NFA),2001-04-05,,Shunsheng Fu
302,9501007,940198,1994-09-22,,esadoyama,1998-07-09 15:15:22,306,,,0.0,,False,False,False,False,False,False,False,,False,0.0,False,False,False,False,0.0,False,False,False,False,False,,Site Cleanup Completed (NFA),1998-10-12,,Eric Sadoyama
303,9201836,940047,1996-06-06,2013-05-24,Allison.Hutto,2020-09-04 07:22:33,307,,Leaking Tank and Piping,0.0,Tank Removal,False,False,False,False,False,False,False,,False,0.0,True,False,False,False,0.0,False,False,False,False,False,,LUST Cleanup Initiated,2013-02-26,Unknown,Allison Hutto 
304,9101111,870007,1996-06-06,,vforeman,1996-06-06 09:33:36,308,,,0.0,,False,False,False,False,False,False,False,,False,0.0,False,False,False,False,0.0,False,False,False,False,False,,Site Cleanup Completed (NFA),1994-07-06,,Eric Sadoyama
305,9102584,920105,1991-11-25,,rkwan,2007-03-19 16:07:52,309,,,0.0,,False,False,False,True,False,False,False,,False,0.0,False,False,False,False,0.0,False,False,False,False,False,,Case Transferred to HEER (unregulated),1991-11-25,,To HEER
306,9200175,940023,1996-06-06,,vforeman,1996-06-06 09:33:36,310,,,0.0,,False,False,False,False,False,False,False,,False,0.0,False,False,False,False,0.0,False,False,False,False,False,,Site Cleanup Completed (NFA),1999-08-11,,Jose Ruiz
307,9102573,920065,1991-11-25,,rkwan,2007-03-19 15:23:35,311,,,0.0,,False,False,False,False,False,False,False,,False,0.0,False,False,False,False,0.0,False,False,False,False,False,,Case Transferred to HEER (unregulated),1997-10-29,,To HEER 
308,9201207,920069,1992-01-23,,sfu,2008-09-25 15:19:29,312,Responsible Party,Leaking Tank,0.0,Leak Detection,False,False,False,False,False,True,True,,False,0.0,False,False,False,False,0.0,False,False,False,False,False,,Site Cleanup Completed with EHMP,2008-05-20,Tank,Shunsheng Fu 
309,9700004,930063,1993-03-08,,rkwan,2007-03-19 16:18:22,313,,,0.0,,False,False,False,False,False,False,False,,False,0.0,False,False,False,False,0.0,False,False,False,False,False,,Case Transferred to HEER (unregulated),1994-06-04,,To HEER 
310,9101427,930083,1993-04-19,2012-11-15,tperry,2013-03-11 07:44:06,315,Responsible Party,Leaking Tank,0.0,Tank Removal,False,False,False,False,False,True,True,,False,0.0,False,True,False,False,0.0,False,False,False,False,False,,Site Cleanup Completed (NFA),2012-12-06,Tank,Thu Perry 
311,9100185,950131,1995-09-04,,rmaniulit,1999-06-09 13:22:21,316,,,0.0,,False,False,False,False,False,False,False,,False,0.0,False,False,False,False,0.0,False,False,False,False,False,,Site Cleanup Completed (NFA),1999-10-26,,Renato Maniulit
312,9102888,940043,1993-12-13,,SUP,1995-01-06 00:00:00,317,,,0.0,,False,False,False,False,False,False,False,,False,0.0,False,False,False,False,0.0,False,False,False,False,False,,Site Cleanup Completed (NFA),1994-05-04,,Janet Sherrer
313,9601831,920045,1992-01-06,,SUP,1993-09-08 00:00:00,318,,,0.0,,False,False,False,False,False,False,False,,False,0.0,False,False,False,False,0.0,False,False,False,False,False,,Site Cleanup Completed (NFA),1993-08-27,,Not Assigned
314,9303005,950044,1995-01-17,,RSK,1995-03-21 00:00:00,319,,,0.0,,False,False,False,False,False,False,False,,False,0.0,False,False,False,False,0.0,False,False,False,False,False,,Site Cleanup Completed (NFA),1995-03-15,,Roger Brewer
315,9101176,930095,1993-06-09,2009-08-10,sfu,2009-09-23 10:59:04,320,Responsible Party,Leaking Piping,1100.0,Leak Detection,False,False,False,False,False,False,False,,False,0.0,True,True,False,False,0.0,False,False,False,False,False,,Site Cleanup Completed with EHMP,2009-08-13,Piping,Shunsheng Fu 
316,9100941,920134,1992-04-15,,CJR,1995-04-24 00:00:00,321,,,0.0,,False,False,False,False,False,False,False,,False,0.0,False,False,False,False,0.0,False,False,False,False,False,,Site Cleanup Completed (NFA),1995-03-29,,David Hodges
317,9100341,940104,1996-06-06,2017-03-26,shunsheng.fu,2017-05-17 11:34:30,322,Responsible Party,Leaking Tank and Piping,0.0,Off-site Discovery,False,False,False,False,True,True,True,,False,0.0,True,False,False,False,0.0,True,True,False,False,False,,Site Cleanup Completed with EHE/EHMP,2017-04-10,Tank,Shunsheng Fu 
318,9102177,900074,1990-05-21,,CJR,1996-02-28 00:00:00,323,,,0.0,,False,False,False,False,False,False,False,,False,0.0,False,False,False,False,0.0,False,False,False,False,False,,Site Cleanup Completed (NFA),1996-02-13,,Roger Brewer
319,9102154,880021,1988-08-15,,rkwan,2007-03-19 15:15:06,324,,,0.0,,False,False,False,False,False,False,False,,False,0.0,False,False,False,False,0.0,False,False,False,False,False,,Case Transferred to HEER (unregulated),1991-09-25,,To HEER 
320,9202092,920061,1992-01-07,,SUP,1992-03-02 00:00:00,325,,,0.0,,False,False,False,False,False,False,False,,False,0.0,False,False,False,False,0.0,False,False,False,False,False,,Site Cleanup Completed (NFA),1998-09-25,,Richard Takaba
321,9102054,920058,1991-12-03,,rtakaba,2001-05-22 13:48:07,326,,,0.0,,False,False,False,False,False,False,False,,False,0.0,False,False,False,False,0.0,False,False,False,False,False,,Site Cleanup Completed (NFA),2001-12-03,,Mark Sutterfield
322,9200933,900029,1996-06-06,,esadoyama,1997-07-02 15:57:48,327,,,0.0,,False,False,False,False,False,False,False,,False,0.0,False,False,False,False,0.0,False,False,False,False,False,,Site Cleanup Completed (NFA),1997-07-25,,Jose Ruiz
323,9102762,940018,1996-06-06,,golmsted,2000-02-28 12:30:37,328,,,0.0,,False,False,False,False,False,False,False,,False,0.0,False,False,False,False,0.0,False,False,False,False,False,,Site Cleanup Completed (NFA),2002-04-04,,Shunsheng Fu
324,9601085,950010,1994-10-17,,RKWAN,1996-11-27 14:41:53,329,,,0.0,,False,False,False,False,False,False,False,,False,0.0,False,False,False,False,0.0,False,False,False,False,False,,Site Cleanup Completed (NFA),1997-02-25,,Janet Sherrer
325,9600699,900022,1996-06-06,,rmaniulit,2000-08-14 14:14:42,330,,,0.0,,False,False,False,False,False,False,False,,False,0.0,False,False,False,False,0.0,False,False,False,False,False,,Disconfirmed Release,1990-06-13,,Renato Maniulit
326,9102001,900114,1996-06-06,,golmsted,2002-07-25 07:57:30,331,,,0.0,,False,False,False,False,False,False,False,,False,0.0,False,False,False,False,0.0,False,False,False,False,False,,Disconfirmed Release,2001-08-15,,John Peard
327,9400397,900121,1990-05-31,,rmaniulit,2000-01-19 10:19:52,332,,,0.0,,False,False,False,False,False,False,False,,False,0.0,False,False,False,False,0.0,False,False,False,False,False,,Disconfirmed Release,2000-01-19,,Renato Maniulit
328,9101950,960019,1995-11-09,2013-09-04,jnagashima,2013-11-04 11:50:05,333,Responsible Party,Leaking Tank,0.0,Tank Removal,False,False,False,False,False,False,False,,False,0.0,False,False,False,False,0.0,False,False,False,False,False,,Site Cleanup Completed (NFA),2013-09-13,Unknown,Josh Nagashima 
329,9600582,960028,1995-12-07,,esadoyama,1997-05-13 09:36:08,334,,,0.0,,False,False,False,False,False,False,False,,False,0.0,False,False,False,False,0.0,False,False,False,False,False,,Site Cleanup Completed (NFA),1996-10-30,,Jose Ruiz
330,9101175,900064,1996-06-06,,esadoyama,1997-05-12 14:12:04,335,,,0.0,,False,False,False,False,False,False,False,,False,0.0,False,False,False,False,0.0,False,False,False,False,False,,Site Cleanup Completed (NFA),1990-11-30,,Jose Ruiz
331,9102128,920116,1992-03-13,,SUP,1992-05-19 00:00:00,336,,,0.0,,False,False,False,False,False,False,False,,False,0.0,False,False,False,False,0.0,False,False,False,False,False,,Site Cleanup Completed (NFA),1998-03-11,,Jeffrey Ung
332,9501584,920182,1992-09-22,,rkwan,2007-05-23 16:10:55,337,,,0.0,,False,False,False,False,False,False,False,,False,0.0,False,False,False,False,0.0,False,False,False,False,False,,Site Cleanup Completed (NFA),1993-07-14,,Not Assigned 
333,9100289,940136,1994-05-17,,RSK,1995-03-24 00:00:00,338,,,0.0,,False,False,False,False,False,False,False,,False,0.0,False,False,False,False,0.0,False,False,False,False,False,,Site Cleanup Completed (NFA),1995-02-21,,Eric Sadoyama
334,9100500,950103,1995-06-09,,RSK,1995-12-06 00:00:00,339,,,0.0,,False,False,False,False,False,False,False,,False,0.0,False,False,False,False,0.0,False,False,False,False,False,,Site Cleanup Completed (NFA),1998-08-18,,Lene Ichinotsubo
335,9103105,950133,1995-09-08,,CJR,1996-02-26 00:00:00,340,,,0.0,,False,False,False,False,False,False,False,,False,0.0,False,False,False,False,0.0,False,False,False,False,False,,Site Cleanup Completed (NFA),1995-12-21,,Eric Sadoyama
336,9100812,910037,1991-02-22,,dpark,2008-10-28 10:22:17,341,Responsible Party,Leaking Tank,0.0,Tank Removal,True,False,False,False,True,True,True,,False,0.0,True,True,False,False,0.0,False,False,False,False,False,,Site Cleanup Completed (NFA),2008-09-16,Tank,Darren Park 
337,9601842,910031,1991-03-07,,SUP,1991-11-25 00:00:00,342,,,0.0,,False,False,False,False,False,False,False,,False,0.0,False,False,False,False,0.0,False,False,False,False,False,,Site Cleanup Completed (NFA),1998-12-29,,Richard Takaba
338,9100785,910032,1991-01-08,,rmaniulit,2000-08-23 14:34:45,343,,,0.0,,False,False,False,False,False,False,False,,False,0.0,False,False,False,False,0.0,False,False,False,False,False,,Site Cleanup Completed (NFA),2002-03-19,,Shunsheng Fu
339,9102575,920114,1991-11-25,,rkwan,2007-03-19 15:30:09,344,,,0.0,,False,False,False,False,False,False,False,,False,0.0,False,False,False,False,0.0,False,False,False,False,False,,Case Transferred to HEER (unregulated),1997-10-29,,To HEER 
340,9200944,890014,1996-06-06,,dpark,2008-08-26 15:17:40,345,,,0.0,,False,False,False,False,False,False,False,,False,0.0,False,False,False,False,0.0,False,False,False,False,False,,Site Cleanup Completed (NFA),2007-12-06,,To VRP 
341,9200113,920007,1991-07-09,,rkwan,2006-10-12 10:39:14,346,,,0.0,,False,False,False,False,False,False,False,,False,0.0,False,False,False,False,0.0,False,False,False,False,False,,Site Cleanup Completed (NFA),2005-06-22,,Haven Westerman
342,9700609,920090,1991-04-13,,SUP,1994-12-23 00:00:00,348,,,0.0,,False,False,False,False,False,False,False,,False,0.0,False,False,False,False,0.0,False,False,False,False,False,,Site Cleanup Completed (NFA),1994-11-21,,Roger Brewer
343,9100036,910049,1991-05-29,,SUP,1994-11-22 00:00:00,349,,,0.0,,False,False,False,False,False,False,False,,False,0.0,False,False,False,False,0.0,False,False,False,False,False,,Site Cleanup Completed (NFA),1994-09-15,,Eric Sadoyama
344,9600449,900012,1989-12-21,,SUP,1994-11-09 00:00:00,350,,,0.0,,False,False,False,False,False,False,False,,False,0.0,False,False,False,False,0.0,False,False,False,False,False,,Site Cleanup Completed (NFA),1994-09-27,,Eric Sadoyama
345,9601841,900125,1996-06-06,,esadoyama,1998-08-19 10:14:13,351,,,0.0,,False,False,False,False,False,False,False,,False,0.0,False,False,False,False,0.0,False,False,False,False,False,,Disconfirmed Release,1998-03-09,,Eric Sadoyama
346,9201764,900014,1996-06-06,,esadoyama,1998-10-15 10:38:31,352,,,0.0,,False,False,False,False,False,False,False,,False,0.0,False,False,False,False,0.0,False,False,False,False,False,,Site Cleanup Completed (NFA),1998-11-20,,Richard Takaba
347,9102813,940153,1994-05-17,,esadoyama,1997-10-10 12:12:37,353,,,0.0,,False,False,False,False,False,False,False,,False,0.0,False,False,False,False,0.0,False,False,False,False,False,,Site Cleanup Completed (NFA),2001-10-19,,Shaobin Li
348,9200331,910033,1991-03-07,,SUP,1994-03-29 00:00:00,354,,,0.0,,False,False,False,False,False,False,False,,False,0.0,False,False,False,False,0.0,False,False,False,False,False,,Site Cleanup Completed (NFA),1994-03-23,,Raymond Seid
349,9102301,930042,1993-01-27,,rkwan,2011-10-03 10:16:43,355,,,0.0,,False,False,False,False,False,False,False,,False,0.0,False,False,False,False,0.0,False,False,False,False,False,,Site Cleanup Completed with EHMP,2009-06-02,,To DERA 
350,9102088,920037,1991-11-05,,SUP,1992-03-25 00:00:00,356,,,0.0,,False,False,False,False,False,False,False,,False,0.0,False,False,False,False,0.0,False,False,False,False,False,,Disconfirmed Release,1992-03-24,,Not Assigned
351,9100097,910027,1991-03-06,,SUP,1995-02-15 00:00:00,357,,,0.0,,False,False,False,False,False,False,False,,False,0.0,False,False,False,False,0.0,False,False,False,False,False,,Site Cleanup Completed (NFA),1995-02-07,,Eric Sadoyama
352,9202319,950130,1995-08-29,,esadoyama,1998-01-27 13:19:09,358,,,0.0,,False,False,False,False,False,False,False,,False,0.0,False,False,False,False,0.0,False,False,False,False,False,,Site Cleanup Completed (NFA),1997-12-22,,Steven Okoji
353,9602750,930079,1993-04-29,,esadoyama,1997-10-16 12:22:53,359,,,0.0,,False,False,False,False,False,False,False,,False,0.0,False,False,False,False,0.0,False,False,False,False,False,,Site Cleanup Completed (NFA),1997-11-17,,Lene Ichinotsubo
354,9103012,950109,1996-06-06,,vforeman,1996-06-06 09:33:36,360,,,0.0,,False,False,False,False,False,False,False,,False,0.0,False,False,False,False,0.0,False,False,False,False,False,,Site Cleanup Completed (NFA),1997-02-20,,Janet Sherrer
355,9701967,900113,1996-06-06,,esadoyama,1998-10-09 14:39:01,361,,,0.0,,False,False,False,False,False,False,False,,False,0.0,False,False,False,False,0.0,False,False,False,False,False,,Site Cleanup Completed (NFA),1998-12-29,,Lene Ichinotsubo
356,9101514,900045,1990-03-12,,roxanne.kwan,2023-10-24 13:25:57,362,,,0.0,,False,False,False,False,False,False,False,,False,0.0,False,False,False,False,0.0,False,False,False,False,False,,Case Transferred to HEER (DERA),1997-09-24,,To DERA 
357,9102984,940196,1994-09-08,,rkwan,2007-03-19 15:49:51,363,,,0.0,,False,False,False,False,False,False,False,,False,0.0,False,False,False,False,0.0,False,False,False,False,False,,Case Transferred to HEER (unregulated),1994-12-23,,To HEER 
358,9201366,900112,1996-06-06,,vforeman,1996-06-06 09:33:36,364,,,0.0,,False,False,False,False,False,False,False,,False,0.0,False,False,False,False,0.0,False,False,False,False,False,,Disconfirmed Release,1992-11-27,,Not Assigned
359,9102546,920077,1995-02-19,,SUP,1995-01-04 00:00:00,365,,,0.0,,False,False,False,False,False,False,False,,False,0.0,False,False,False,False,0.0,False,False,False,False,False,,Site Cleanup Completed (NFA),1998-12-09,,Jose Ruiz
360,9501848,940042,1996-06-06,,vforeman,1996-06-06 09:33:36,366,,,0.0,,False,False,False,False,False,False,False,,False,0.0,False,False,False,False,0.0,False,False,False,False,False,,Site Cleanup Completed (NFA),1998-06-16,,Jose Ruiz
361,9102376,940011,1996-06-06,,esadoyama,1999-08-23 08:20:10,367,,,0.0,,False,False,False,False,False,False,False,,False,0.0,False,False,False,False,0.0,False,False,False,False,False,,Site Cleanup Completed (NFA),2003-06-25,,Shunsheng Fu
362,9201816,920120,1992-03-24,,rkwan,2007-03-19 09:48:20,368,,,0.0,,False,False,False,False,False,False,False,,False,0.0,False,False,False,False,0.0,False,False,False,False,False,,Site Cleanup Completed (NFA),1994-08-02,,To HEER
363,9501383,940046,1996-06-06,,vforeman,1996-06-06 09:33:36,369,,,0.0,,False,False,False,False,False,False,False,,False,0.0,False,False,False,False,0.0,False,False,False,False,False,,Site Cleanup Completed (NFA),1994-10-07,,Raymond Seid
364,9100804,930019,1992-10-10,,rtakaba,2007-10-22 16:11:23,370,,,0.0,,False,False,False,False,True,True,True,,False,0.0,False,True,False,False,0.0,False,False,False,False,False,,Site Cleanup Completed (NFA),2007-09-13,,Richard Takaba 
365,9601689,910008,1990-12-24,,SUP,1995-01-30 00:00:00,372,,,0.0,,False,False,False,False,False,False,False,,False,0.0,False,False,False,False,0.0,False,False,False,False,False,,Site Cleanup Completed (NFA),1994-12-28,,Eric Sadoyama
366,9100855,910020,1991-02-04,,CJR,1995-07-26 00:00:00,373,,,0.0,,False,False,False,False,False,False,False,,False,0.0,False,False,False,False,0.0,False,False,False,False,False,,Site Cleanup Completed (NFA),1992-09-17,,Not Assigned
367,9102384,940170,1994-07-26,,RSK,1995-09-06 00:00:00,374,,,0.0,,False,False,False,False,False,False,False,,False,0.0,False,False,False,False,0.0,False,False,False,False,False,,Site Cleanup Completed (NFA),1999-12-06,,Richard Takaba
368,9202310,950134,1996-06-06,,vforeman,1996-06-06 09:33:36,375,,,0.0,,False,False,False,False,False,False,False,,False,0.0,False,False,False,False,0.0,False,False,False,False,False,,Site Cleanup Completed (NFA),1997-10-01,,Jose Ruiz
369,9602474,930128,1993-08-30,,rkwan,2014-09-09 08:34:50,376,,,0.0,,False,False,False,False,False,False,False,,False,0.0,False,False,False,False,0.0,False,False,False,False,False,,Case Transferred to HEER (unregulated),1993-12-16,,To HEER 
370,9100957,920118,1992-02-27,,rtakaba,2000-12-04 13:19:24,377,,,0.0,,False,False,False,False,False,False,False,,False,0.0,False,False,False,False,0.0,False,False,False,False,False,,Site Cleanup Completed (NFA),2001-11-13,,Shumin Liu
371,9601626,950120,1995-08-03,,esadoyama,1997-09-12 13:08:51,378,,,0.0,,False,False,False,False,False,False,False,,False,0.0,False,False,False,False,0.0,False,False,False,False,False,,Site Cleanup Completed (NFA),1999-02-22,,David Hodges
372,9101959,960037,1996-01-19,,RSK,1996-03-04 00:00:00,379,,,0.0,,False,False,False,False,False,False,False,,False,0.0,False,False,False,False,0.0,False,False,False,False,False,,Site Cleanup Completed (NFA),1997-06-01,,Jeffrey Ung
373,9602946,940154,1994-05-14,,SUP,1994-07-01 00:00:00,380,,,0.0,,False,False,False,False,False,False,False,,False,0.0,False,False,False,False,0.0,False,False,False,False,False,,Site Cleanup Completed (NFA),1999-03-23,,Jeffrey Ung
374,9101481,940180,1994-03-08,,CJR,1995-04-10 00:00:00,381,,,0.0,,False,False,False,False,False,False,False,,False,0.0,False,False,False,False,0.0,False,False,False,False,False,,Site Cleanup Completed (NFA),1994-08-16,,Eric Sadoyama
375,9201206,900120,1990-05-15,,sfu,2008-01-03 10:43:01,382,,,0.0,,False,False,False,False,False,False,False,,False,0.0,False,False,False,False,0.0,False,False,False,False,False,,Site Cleanup Completed (NFA),2007-11-30,,Shunsheng Fu 
376,9102399,900039,1996-06-06,2012-07-14,rkwan,2012-07-13 11:26:25,383,Responsible Party,Leaking Tank and Piping,0.0,Tank Removal,False,False,False,False,True,True,True,,False,0.0,True,False,False,False,0.0,False,False,False,False,False,EPMP,Site Cleanup Completed with EHMP,2011-11-04,Tank,Shunsheng Fu 
377,9100818,900106,1990-09-20,,CJR,1995-06-01 00:00:00,384,,,0.0,,False,False,False,False,False,False,False,,False,0.0,False,False,False,False,0.0,False,False,False,False,False,,Site Cleanup Completed (NFA),1991-11-11,,Rhonda Goyke
378,9101266,920073,1992-02-18,,esadoyama,1997-05-20 14:43:50,385,,,0.0,,False,False,False,False,False,False,False,,False,0.0,False,False,False,False,0.0,False,False,False,False,False,,Site Cleanup Completed (NFA),1997-06-10,,Steven Okoji
379,9101544,930134,1993-09-13,,esadoyama,1998-09-25 13:56:23,386,,,0.0,,False,False,False,False,False,False,False,,False,0.0,False,False,False,False,0.0,False,False,False,False,False,,Site Cleanup Completed (NFA),1999-12-06,,Richard Takaba
380,9100086,930123,1996-06-06,,sliu,2001-07-30 10:30:59,387,,,0.0,,False,False,False,False,False,False,False,,False,0.0,False,False,False,False,0.0,False,False,False,False,False,,Site Cleanup Completed (NFA),2001-03-14,,Shumin Liu
381,9200943,920025,1991-12-12,,SUP,1991-11-24 00:00:00,388,,,0.0,,False,False,False,False,False,False,False,,False,0.0,False,False,False,False,0.0,False,False,False,False,False,,Site Cleanup Completed (NFA),2001-10-19,,Shaobin Li
382,9102007,920031,1991-10-24,,SUP,1994-08-04 00:00:00,389,,,0.0,,False,False,False,False,False,False,False,,False,0.0,False,False,False,False,0.0,False,False,False,False,False,,Site Cleanup Completed (NFA),1994-08-04,,Roger Brewer
383,9102812,950037,1994-12-28,,rkwan,2007-03-19 15:47:16,390,,,0.0,,False,False,False,False,False,False,False,,False,0.0,False,False,False,False,0.0,False,False,False,False,False,,Case Transferred to HEER (unregulated),1995-01-12,,To HEER
384,9101167,930117,1993-05-11,,esadoyama,1998-07-10 14:45:34,391,,,0.0,,False,False,False,False,False,False,False,,False,0.0,False,False,False,False,0.0,False,False,False,False,False,,Site Cleanup Completed (NFA),1998-04-14,,Sheila Mackenzie
385,9102721,930045,1993-02-04,,SUP,1995-01-09 00:00:00,392,,,0.0,,False,False,False,False,False,False,False,,False,0.0,False,False,False,False,0.0,False,False,False,False,False,,Site Cleanup Completed (NFA),1996-05-14,,Jose Ruiz
386,9103030,950124,1995-08-22,,esadoyama,1998-08-05 15:47:17,393,,,0.0,,False,False,False,False,False,False,False,,False,0.0,False,False,False,False,0.0,False,False,False,False,False,,Site Cleanup Completed (NFA),1998-07-22,,Lene Ichinotsubo
387,9201123,950038,1994-12-27,,SUP,1995-02-16 00:00:00,394,,,0.0,,False,False,False,False,False,False,False,,False,0.0,False,False,False,False,0.0,False,False,False,False,False,,Site Cleanup Completed (NFA),1999-04-07,,Renato Maniulit
388,9202033,920151,1992-03-20,,rkwan,2001-02-16 10:36:34,395,,,0.0,,False,False,False,False,False,False,False,,False,0.0,False,False,False,False,0.0,False,False,False,False,False,,Site Cleanup Completed (NFA),1996-07-22,,Roger Brewer
389,9201508,940150,1994-05-17,,rkwan,2001-08-09 14:56:40,396,,,0.0,,False,False,False,False,False,False,False,,False,0.0,False,False,False,False,0.0,False,False,False,False,False,,Site Cleanup Completed (NFA),2000-01-10,,Jeffrey Ung
390,9102096,950052,1995-03-07,2010-08-03,dpark,2010-08-03 10:24:46,397,Responsible Party,Leaking Tank,0.0,Tank Removal,False,False,True,False,True,True,True,2007-10-24,False,0.0,True,True,False,False,0.0,False,False,False,False,False,,Site Cleanup Completed (NFA),2010-03-29,Tank,Darren Park 
391,9500547,940157,1994-06-14,,RSK,1995-03-29 00:00:00,398,,,0.0,,False,False,False,False,False,False,False,,False,0.0,False,False,False,False,0.0,False,False,False,False,False,,Site Cleanup Completed (NFA),1994-12-28,,Raymond Seid
392,9601628,930044,1993-02-01,,SUP,1993-08-19 00:00:00,399,,,0.0,,False,False,False,False,False,False,False,,False,0.0,False,False,False,False,0.0,False,False,False,False,False,,Site Cleanup Completed (NFA),1993-08-19,,Not Assigned
393,9102602,920143,1991-10-24,,SUP,1993-12-10 00:00:00,400,,,0.0,,False,False,False,False,False,False,False,,False,0.0,False,False,False,False,0.0,False,False,False,False,False,,Site Cleanup Completed (NFA),1993-12-06,,Stanton Enomoto
394,9200622,950034,1996-06-06,,vforeman,1996-06-06 09:33:36,401,,,0.0,,False,False,False,False,False,False,False,,False,0.0,False,False,False,False,0.0,False,False,False,False,False,,Site Cleanup Completed (NFA),1996-07-12,,Jose Ruiz
395,9202189,910010,1990-12-27,,jnagashima,2011-12-01 11:06:17,402,,Leaking Tank,1000.0,Off-site Discovery,True,False,False,False,True,False,False,,False,0.0,True,False,False,False,0.0,False,False,False,False,False,,Site Cleanup Completed with EHMP,2008-10-31,Tank,Josh Nagashima 
396,9200998,920018,1991-11-05,,rkwan,2011-08-22 13:38:39,403,,,0.0,,False,False,False,False,False,False,False,,False,0.0,False,False,False,False,0.0,False,False,False,False,False,,Site Cleanup Completed (NFA),2011-06-27,,To DERA 
397,9102227,940072,1996-06-06,,roxanne.kwan,2023-10-25 15:12:28,404,,,0.0,,False,False,False,False,False,False,False,,False,0.0,False,False,False,False,0.0,False,False,False,False,False,,Case Transferred to HEER (unregulated),1994-08-12,,To HEER 
398,9202537,920048,1991-12-31,,RSK,1996-01-26 00:00:00,405,,,0.0,,False,False,False,False,False,False,False,,False,0.0,False,False,False,False,0.0,False,False,False,False,False,,Disconfirmed Release,1996-12-30,,Eric Sadoyama
399,9102247,940116,1994-04-13,,rkwan,2010-06-15 16:33:32,406,,,0.0,,False,False,False,False,False,False,False,,False,0.0,False,False,False,False,0.0,False,False,False,False,False,,Site Cleanup Completed (NFA),2004-02-05,,Jeffrey Ung 
400,9602486,940092,1996-06-06,,vforeman,1996-06-06 09:33:36,407,,,0.0,,False,False,False,False,False,False,False,,False,0.0,False,False,False,False,0.0,False,False,False,False,False,,Site Cleanup Completed (NFA),1994-03-02,,Eric Sadoyama
401,9101398,930073,1993-04-12,2010-03-08,sfu,2010-04-01 14:15:26,408,Responsible Party,Leaking Tank and Piping,0.0,Tank Removal,False,False,False,False,False,True,True,2006-12-01,False,0.0,False,False,False,False,0.0,False,False,False,False,False,,Site Cleanup Completed (NFA),2010-03-15,Tank,Shunsheng Fu 
402,9100075,940155,1994-05-26,,RSK,1996-01-23 00:00:00,409,,,0.0,,False,False,False,False,False,False,False,,False,0.0,False,False,False,False,0.0,False,False,False,False,False,,Site Cleanup Completed (NFA),1999-05-17,,Renato Maniulit
403,9100868,900053,1996-06-06,,rkwan,2007-03-19 14:08:57,410,,,0.0,,False,False,False,False,False,False,False,,False,0.0,False,False,False,False,0.0,False,False,False,False,False,,Case Transferred to HEER (unregulated),1997-08-12,,To HEER
404,9202975,940169,1994-07-22,,SUP,1994-12-22 00:00:00,411,,,0.0,,False,False,False,False,False,False,False,,False,0.0,False,False,False,False,0.0,False,False,False,False,False,,Site Cleanup Completed (NFA),1994-12-08,,Lene Ichinotsubo
405,9100670,920135,1992-04-14,,rkwan,2007-03-19 13:59:20,412,,,0.0,,False,False,False,False,False,False,False,,False,0.0,False,False,False,False,0.0,False,False,False,False,False,,Case Transferred to HEER (unregulated),1994-08-12,,To HEER 
406,9200293,930138,1993-10-04,2009-06-19,jnagashima,2009-06-19 10:02:06,413,,Leaking Tank and Piping,0.0,Tank Removal,False,False,False,False,True,False,True,,False,0.0,True,False,False,False,0.0,False,False,False,False,False,,Site Cleanup Completed (NFA),2009-06-17,Unknown,Josh Nagashima 
407,9602701,930014,1992-10-22,,CJR,1995-06-13 00:00:00,414,,,0.0,,False,False,False,False,False,False,False,,False,0.0,False,False,False,False,0.0,False,False,False,False,False,,Site Cleanup Completed (NFA),1995-05-31,,Eric Sadoyama
408,9102997,950014,1994-11-04,,SUP,1995-02-27 00:00:00,415,,,0.0,,False,False,False,False,False,False,False,,False,0.0,False,False,False,False,0.0,False,False,False,False,False,,Site Cleanup Completed (NFA),2001-12-11,,Jose Ruiz
409,9102582,920107,1991-11-25,,rkwan,2007-03-19 13:42:33,416,,,0.0,,False,False,False,False,False,False,False,,False,0.0,False,False,False,False,0.0,False,False,False,False,False,,Case Transferred to HEER (unregulated),1998-07-16,,To HEER 
410,9702838,940103,1996-06-06,,lnagatoshi,1996-07-19 08:56:33,417,,,0.0,,False,False,False,False,False,False,False,,False,0.0,False,False,False,False,0.0,False,False,False,False,False,,Site Cleanup Completed (NFA),1996-06-27,,Jose Ruiz
411,9101210,900043,1996-06-06,,RKWAN,1999-10-13 16:54:23,418,,,0.0,,False,False,False,False,False,False,False,,False,0.0,False,False,False,False,0.0,False,False,False,False,False,,Site Cleanup Completed (NFA),2001-07-05,,Shaobin Li
412,9200364,950089,1994-02-14,,rkwan,1996-08-13 11:56:44,419,,,0.0,,False,False,False,False,False,False,False,,False,0.0,False,False,False,False,0.0,False,False,False,False,False,,Site Cleanup Completed (NFA),1996-11-04,,Jose Ruiz
413,9601318,950032,1994-12-16,,RKWAN,1996-10-22 14:26:27,420,,,0.0,,False,False,False,False,False,False,False,,False,0.0,False,False,False,False,0.0,False,False,False,False,False,,Site Cleanup Completed (NFA),1997-06-02,,Janet Sherrer
414,9103103,950127,1995-08-23,,CJR,1996-02-20 00:00:00,421,,,0.0,,False,False,False,False,False,False,False,,False,0.0,False,False,False,False,0.0,False,False,False,False,False,,Site Cleanup Completed (NFA),1995-12-28,,Eric Sadoyama
415,9201760,920091,1992-03-05,,SUP,1994-08-02 00:00:00,422,,,0.0,,False,False,False,False,False,False,False,,False,0.0,False,False,False,False,0.0,False,False,False,False,False,,Site Cleanup Completed (NFA),1999-01-20,,Jose Ruiz
416,9501906,920030,1991-12-14,,SUP,1992-09-09 00:00:00,423,,,0.0,,False,False,False,False,False,False,False,,False,0.0,False,False,False,False,0.0,False,False,False,False,False,,Disconfirmed Release,1992-09-08,,Not Assigned
417,9102086,920026,1991-11-18,,dpark,2007-12-14 12:44:00,424,Responsible Party,Leaking Tank,0.0,Tank Removal,False,False,False,False,False,False,False,,False,0.0,True,True,False,False,0.0,False,False,False,False,False,,Site Cleanup Completed (NFA),2007-12-07,Tank,Darren Park 
418,9401388,900130,1991-01-31,,rmaniulit,2000-09-07 10:54:40,425,,,0.0,,False,False,False,False,False,False,False,,False,0.0,False,False,False,False,0.0,False,False,False,False,False,,Site Cleanup Completed (NFA),2001-01-19,,Shunsheng Fu
419,9200202,950054,1995-02-16,,RSK,1995-09-27 00:00:00,426,,,0.0,,False,False,False,False,False,False,False,,False,0.0,False,False,False,False,0.0,False,False,False,False,False,,Site Cleanup Completed (NFA),1996-10-21,,Roger Brewer
420,9101210,940166,1994-07-07,,rkwan,2005-06-16 07:15:57,427,,,0.0,,False,False,False,False,False,False,False,,False,0.0,False,False,False,False,0.0,False,False,False,False,False,,Site Cleanup Completed (NFA),2001-07-06,,Shaobin Li
421,9100017,920166,1992-03-27,2011-01-04,sfu,2011-01-19 10:46:55,428,Responsible Party,Leaking Tank and Piping,0.0,Tank Removal,True,False,False,False,True,True,True,,False,0.0,False,True,False,False,0.0,False,False,True,False,False,over-excavation,Site Cleanup Completed (NFA),2011-01-12,Tank,Shunsheng Fu 
422,9102759,930109,1990-06-30,,esadoyama,1997-09-12 12:45:22,429,,,0.0,,False,False,False,False,False,False,False,,False,0.0,False,False,False,False,0.0,False,False,False,False,False,,Site Cleanup Completed (NFA),1997-06-20,,Eric Sadoyama
423,9100991,960014,1995-01-17,,CJR,1996-01-08 00:00:00,430,,,0.0,,False,False,False,False,False,False,False,,False,0.0,False,False,False,False,0.0,False,False,False,False,False,,Disconfirmed Release,1998-06-01,,Jose Ruiz
2538,9102123,950072,1993-04-05,2017-12-14,roxanne.kwan,2017-12-14 17:30:55,431,,Unknown,0.0,Tank Removal,False,False,False,False,True,False,True,,False,0.0,True,False,True,False,0.0,False,False,False,False,False,,Monitored Natural Attenuation,2017-10-04,Unknown,Shaobin Li 
425,9600710,950071,1995-03-30,,rkwan,1996-10-22 16:06:57,432,,,0.0,,False,False,False,False,False,False,False,,False,0.0,False,False,False,False,0.0,False,False,False,False,False,,Site Cleanup Completed (NFA),1996-10-25,,Janet Sherrer
426,9700610,940098,1996-06-06,,vforeman,1996-06-06 09:33:36,433,,,0.0,,False,False,False,False,False,False,False,,False,0.0,False,False,False,False,0.0,False,False,False,False,False,,Site Cleanup Completed (NFA),1995-05-25,,Roger Brewer
427,9700606,940020,1996-06-06,,esadoyama,1997-10-10 10:49:40,434,,,0.0,,False,False,False,False,False,False,False,,False,0.0,False,False,False,False,0.0,False,False,False,False,False,,Site Cleanup Completed (NFA),2000-10-10,,Shaobin Li
428,9201918,900057,1996-06-06,,esadoyama,1997-05-12 14:07:51,436,,,0.0,,False,False,False,False,False,False,False,,False,0.0,False,False,False,False,0.0,False,False,False,False,False,,Site Cleanup Completed (NFA),1998-10-30,,Eric Sadoyama
429,9702406,910047,1991-03-01,,SUP,1993-09-21 00:00:00,437,,,0.0,,False,False,False,False,False,False,False,,False,0.0,False,False,False,False,0.0,False,False,False,False,False,,Site Cleanup Completed (NFA),1997-09-02,,David Hodges
430,9102188,910005,1990-11-23,,SUP,1995-01-04 00:00:00,438,,,0.0,,False,False,False,False,False,False,False,,False,0.0,False,False,False,False,0.0,False,False,False,False,False,,Site Cleanup Completed (NFA),1994-07-07,,Raymond Seid
431,9200491,920130,1992-03-13,,SUP,1995-01-12 00:00:00,439,,,0.0,,False,False,False,False,False,False,False,,False,0.0,False,False,False,False,0.0,False,False,False,False,False,,Site Cleanup Completed (NFA),1998-01-23,,Jose Ruiz
432,9202526,930085,1993-04-30,,rkwan,2005-02-23 08:58:27,440,,,0.0,,False,False,False,False,False,False,False,,False,0.0,False,False,False,False,0.0,False,False,False,False,False,,Site Cleanup Completed (NFA),2004-06-24,,Shunsheng Fu
433,9102524,920028,1991-12-02,,golmsted,1999-11-04 11:21:33,441,,,0.0,,False,False,False,False,False,False,False,,False,0.0,False,False,False,False,0.0,False,False,False,False,False,,Site Cleanup Completed (NFA),2005-04-27,,Shunsheng Fu
434,9500844,950085,1995-05-19,,CJR,1995-06-13 00:00:00,442,,,0.0,,False,False,False,False,False,False,False,,False,0.0,False,False,False,False,0.0,False,False,False,False,False,,Site Cleanup Completed (NFA),1995-06-01,,Roger Brewer
435,9200839,910041,1991-03-13,,CJR,1995-06-02 00:00:00,443,,,0.0,,False,False,False,False,False,False,False,,False,0.0,False,False,False,False,0.0,False,False,False,False,False,,Site Cleanup Completed (NFA),1995-04-11,,Roger Brewer
436,9102671,930135,1996-06-06,,vforeman,1996-06-06 09:33:36,444,,,0.0,,False,False,False,False,False,False,False,,False,0.0,False,False,False,False,0.0,False,False,False,False,False,,Site Cleanup Completed (NFA),1993-09-23,,Not Assigned
437,9101496,890013,1996-06-06,,rkwan,2001-05-03 09:02:32,445,,,0.0,,False,False,False,False,False,False,False,,False,0.0,False,False,False,False,0.0,False,False,False,False,False,,Site Cleanup Completed (NFA),1998-11-24,,Richard Takaba
438,9100170,950022,1996-06-06,,esadoyama,1997-08-19 14:07:56,446,,,0.0,,False,False,False,False,False,False,False,,False,0.0,False,False,False,False,0.0,False,False,False,False,False,,Site Cleanup Completed (NFA),1995-01-11,,Eric Sadoyama
439,9102304,940030,1996-06-06,,sliu,2001-07-30 10:22:12,447,,,0.0,,False,False,False,False,False,False,False,,False,0.0,False,False,False,False,0.0,False,False,False,False,False,,Site Cleanup Completed (NFA),2001-04-16,,Shumin Liu
440,9202986,960005,1995-10-17,,rtakaba,2006-07-31 17:01:24,448,,,0.0,,False,False,False,False,False,False,False,,False,0.0,False,False,False,False,0.0,False,False,False,False,False,,Site Cleanup Completed (NFA),2006-11-09,,Darren Park
441,9500431,950062,1995-03-21,,rkwan,2000-12-12 15:47:35,449,,,0.0,,False,False,False,False,False,False,False,,False,0.0,False,False,False,False,0.0,False,False,False,False,False,,Disconfirmed Release,1997-09-15,,David Hodges
442,9202164,900002,1989-12-18,,rkwan,2012-12-07 10:24:53,450,,,0.0,,False,False,False,False,False,False,False,,False,0.0,False,False,False,False,0.0,False,False,False,False,False,,Site Cleanup Completed (NFA),1994-08-04,,Thu Perry 
443,9103029,960022,1995-11-09,,RSK,1996-01-22 00:00:00,451,,,0.0,,False,False,False,False,False,False,False,,False,0.0,False,False,False,False,0.0,False,False,False,False,False,,Site Cleanup Completed (NFA),1998-04-23,,Steven Okoji
444,9100038,890005,1996-06-06,,sli,2007-08-09 14:04:07,452,,,0.0,,False,False,False,False,True,True,True,,False,0.0,True,False,False,False,0.0,True,True,False,False,False,exavation,Site Cleanup Completed (NFA),2005-03-02,,Shaobin Li
445,9602944,940148,1994-05-27,,esadoyama,1997-10-10 12:10:02,453,,,0.0,,False,False,False,False,False,False,False,,False,0.0,False,False,False,False,0.0,False,False,False,False,False,,Site Cleanup Completed (NFA),2000-04-26,,Shaobin Li
446,9101462,900111,1996-06-06,,esadoyama,1998-09-16 08:55:59,454,,,0.0,,False,False,False,False,False,False,False,,False,0.0,False,False,False,False,0.0,False,False,False,False,False,,Site Cleanup Completed (NFA),2004-05-28,,Shunsheng Fu
447,9200033,960006,1995-10-19,,rtakaba,2008-02-11 16:58:11,455,,,0.0,,False,False,False,False,True,True,True,,False,0.0,False,True,False,False,0.0,False,False,False,False,False,,Site Cleanup Completed (NFA),2008-01-29,,Richard Takaba 
448,9500770,900068,1992-04-20,2010-09-29,sli,2014-01-28 15:24:42,456,,Leaking Tank and Piping,0.0,Tank Removal,True,False,False,False,True,True,False,,False,0.0,True,False,False,False,0.0,False,False,True,True,False,"free product recovery, in-situ bioremediation,",Site Cleanup Completed with EHE/EHMP,2010-10-12,Tank,Shaobin Li 
449,9502695,950086,1995-04-27,,rkwan,2007-03-27 15:47:38,457,,,0.0,,False,False,False,False,False,False,False,,False,0.0,False,False,False,False,0.0,False,False,False,False,False,,Site Cleanup Completed (NFA),1997-10-28,,David Hodges
450,9702798,940035,1993-10-14,,CJR,1996-01-23 00:00:00,458,,,0.0,,False,False,False,False,False,False,False,,False,0.0,False,False,False,False,0.0,False,False,False,False,False,,Site Cleanup Completed (NFA),1995-12-28,,Eric Sadoyama
451,9200116,940065,1996-06-06,,roxanne.kwan,2022-09-29 15:06:42,459,Responsible Party,,0.0,,False,False,False,False,False,False,False,,False,0.0,False,False,False,False,0.0,False,False,False,False,False,,Site Cleanup Completed (NFA),1997-07-30,,Steven Okoji
452,9600560,920094,1992-03-03,,SUP,1993-07-30 00:00:00,460,,,0.0,,False,False,False,False,False,False,False,,False,0.0,False,False,False,False,0.0,False,False,False,False,False,,Site Cleanup Completed (NFA),1993-07-30,,Not Assigned
453,9100119,890027,1989-07-21,,SUP,1994-12-01 00:00:00,461,,,0.0,,False,False,False,False,False,False,False,,False,0.0,False,False,False,False,0.0,False,False,False,False,False,,Site Cleanup Completed (NFA),1992-11-13,,Pierette Arroyo
454,9201183,930070,1993-03-22,,RSK,1995-04-25 00:00:00,462,,,0.0,,False,False,False,False,False,False,False,,False,0.0,False,False,False,False,0.0,False,False,False,False,False,,Site Cleanup Completed (NFA),1994-03-24,,Eric Sadoyama
455,9100169,920150,1992-03-20,,esadoyama,1998-09-23 14:18:06,463,,,0.0,,False,False,False,False,False,False,False,,False,0.0,False,False,False,False,0.0,False,False,False,False,False,,Site Cleanup Completed (NFA),1999-12-08,,Renato Maniulit
456,9502619,920152,1992-05-06,,esadoyama,1997-12-22 09:15:36,464,,,0.0,,False,False,False,False,False,False,False,,False,0.0,False,False,False,False,0.0,False,False,False,False,False,,Site Cleanup Completed (NFA),1997-10-20,,Jose Ruiz
457,9500374,930046,1993-02-02,,SUP,1993-03-30 00:00:00,465,,,0.0,,False,False,False,False,False,False,False,,False,0.0,False,False,False,False,0.0,False,False,False,False,False,,Site Cleanup Completed (NFA),2001-03-20,,Jose Ruiz
458,9202522,930018,1992-08-31,,SUP,1993-07-29 00:00:00,466,,,0.0,,False,False,False,False,False,False,False,,False,0.0,False,False,False,False,0.0,False,False,False,False,False,,Site Cleanup Completed (NFA),1996-07-26,,Not Assigned
459,9202175,900049,1990-03-12,2011-09-07,sli,2014-01-28 11:15:02,467,,Leaking Tank and Piping,0.0,Tank Removal,False,False,False,False,True,False,False,,False,0.0,True,False,False,False,0.0,False,False,False,False,False,,Site Cleanup Completed with EHE/EHMP,2011-09-22,Unknown,Shaobin Li 
460,9100342,900103,1990-08-31,,esadoyama,1997-09-12 12:48:31,468,,,0.0,,False,False,False,False,False,False,False,,False,0.0,False,False,False,False,0.0,False,False,False,False,False,,Site Cleanup Completed (NFA),1999-05-12,,Lene Ichinotsubo
461,9100056,900079,1996-06-06,,esadoyama,1997-05-12 14:23:05,469,,,0.0,,False,False,False,False,False,False,False,,False,0.0,False,False,False,False,0.0,False,False,False,False,False,,Site Cleanup Completed (NFA),1998-01-20,,Jose Ruiz
462,9103035,950083,1995-05-03,,rkwan,2007-03-19 15:50:27,470,,,0.0,,False,False,False,False,False,False,False,,False,0.0,False,False,False,False,0.0,False,False,False,False,False,,Case Transferred to HEER (unregulated),1997-07-23,,To HEER 
463,9101549,930094,1993-05-10,,CJR,1995-11-07 00:00:00,471,,,0.0,,False,False,False,False,False,False,False,,False,0.0,False,False,False,False,0.0,False,False,False,False,False,,Site Cleanup Completed (NFA),2006-04-21,,Shunsheng Fu
464,9202159,890023,1989-06-22,,rmaniulit,1999-11-18 15:29:54,472,,,0.0,,False,False,False,False,False,False,False,,False,0.0,False,False,False,False,0.0,False,False,False,False,False,,Site Cleanup Completed (NFA),1999-11-02,,Renato Maniulit
465,9101190,930082,1993-04-22,,SUP,1995-02-15 00:00:00,473,,,0.0,,False,False,False,False,False,False,False,,False,0.0,False,False,False,False,0.0,False,False,False,False,False,,Disconfirmed Release,1993-04-26,,Scott Lewis
466,9102001,940200,1994-09-27,2017-10-31,roxanne.kwan,2018-08-28 15:57:30,474,Responsible Party,Leaking Piping,6000.0,Leak Detection,False,False,False,False,True,True,True,,False,0.0,True,True,False,False,0.0,False,False,False,False,False,,Consolidated releases,2018-08-20,Piping,Randall Heu 
467,9600587,960010,1995-10-24,,CJR,1996-02-21 00:00:00,475,,,0.0,,False,False,False,False,False,False,False,,False,0.0,False,False,False,False,0.0,False,False,False,False,False,,Site Cleanup Completed (NFA),1998-09-25,,Richard Takaba
468,9100734,930086,1993-07-16,,SUP,1994-12-12 00:00:00,476,,,0.0,,False,False,False,False,False,False,False,,False,0.0,False,False,False,False,0.0,False,False,False,False,False,,Site Cleanup Completed (NFA),1994-05-24,,Raymond Seid
469,9102171,900019,1996-06-06,,rmaniulit,1999-07-26 11:03:21,477,,,0.0,,False,False,False,False,False,False,False,,False,0.0,False,False,False,False,0.0,False,False,False,False,False,,Disconfirmed Release,1999-08-06,,Renato Maniulit
470,9101799,920180,1992-08-25,,rmaniulit,2000-02-15 14:50:11,478,,,0.0,,False,False,False,False,False,False,False,,False,0.0,False,False,False,False,0.0,False,False,False,False,False,,Site Cleanup Completed (NFA),2002-06-10,,Shunsheng Fu
471,9201503,910073,1991-06-18,,rkwan,2007-03-20 16:25:33,479,,,0.0,,False,False,False,False,False,False,False,,False,0.0,False,False,False,False,0.0,False,False,False,False,False,,Site Cleanup Completed (NFA),1999-08-11,,To HEER
2537,9200782,900097,1990-08-10,2015-03-05,roxanne.kwan,2016-04-28 11:05:23,480,,Unknown,0.0,Tank Removal,False,False,False,False,True,False,False,,False,0.0,True,False,False,False,0.0,False,False,False,False,False,injection of ORC,Monitored Natural Attenuation,2010-01-26,Tank,Deena Kam 
473,9102915,940115,1994-04-13,,golmsted,2003-08-25 09:03:58,481,,,0.0,,False,False,False,False,False,False,False,,False,0.0,False,True,False,False,0.0,False,False,False,False,False,,Site Cleanup Completed (NFA),2004-04-01,,Randall Heu
474,9200514,920076,1992-02-04,,esadoyama,1998-09-18 15:16:57,482,,,0.0,,False,False,False,False,False,False,False,,False,0.0,False,False,False,False,0.0,False,False,False,False,False,,Site Cleanup Completed (NFA),2001-09-20,,Shunsheng Fu
475,9100258,930050,1993-02-08,,CJR,1996-02-27 00:00:00,483,,,0.0,,False,False,False,False,False,False,False,,False,0.0,False,False,False,False,0.0,False,False,False,False,False,,Site Cleanup Completed (NFA),1999-05-11,,Richard Takaba
476,9500769,940140,1994-05-19,,rkwan,2008-06-02 10:29:12,484,,,0.0,,False,False,False,False,False,False,False,,False,0.0,False,False,False,False,0.0,False,False,False,False,False,,Site Cleanup Completed (NFA),1997-10-28,,David Hodges
477,9101229,880013,1996-06-06,,vforeman,1996-06-06 09:33:36,485,,,0.0,,False,False,False,False,False,False,False,,False,0.0,False,False,False,False,0.0,False,False,False,False,False,,Site Cleanup Completed (NFA),1994-12-27,,Raymond Seid
478,9202152,880005,1988-02-04,,esadoyama,1997-05-12 14:58:55,486,,,0.0,,False,False,False,False,False,False,False,,False,0.0,False,False,False,False,0.0,False,False,False,False,False,,Disconfirmed Release,1992-01-03,,Eric Sadoyama
479,9102600,920142,1991-11-25,,SUP,1993-09-17 00:00:00,487,,,0.0,,False,False,False,False,False,False,False,,False,0.0,False,False,False,False,0.0,False,False,False,False,False,,Site Cleanup Completed (NFA),1993-06-28,,Stanton Enomoto
480,9100015,910092,1991-09-05,,rkwan,2013-10-03 11:03:43,488,,,0.0,,False,False,False,False,False,False,False,,False,0.0,False,False,False,False,0.0,False,False,False,False,False,,Site Cleanup Completed (NFA),1995-03-08,,Roger Brewer
481,9102148,900098,1996-06-06,,vforeman,1996-06-06 09:33:36,489,,,0.0,,False,False,False,False,False,False,False,,False,0.0,False,False,False,False,0.0,False,False,False,False,False,,Site Cleanup Completed (NFA),1999-08-12,,Jose Ruiz
482,9102571,920098,1991-11-25,,rkwan,2007-03-21 10:55:14,490,,,0.0,,False,False,False,False,False,False,False,,False,0.0,False,False,False,False,0.0,False,False,False,False,False,,Case Transferred to HEER (unregulated),1997-10-17,,To HEER 
483,9101230,910050,1991-03-28,,SUP,1994-12-28 00:00:00,491,,,0.0,,False,False,False,False,False,False,False,,False,0.0,False,False,False,False,0.0,False,False,False,False,False,,Site Cleanup Completed (NFA),1993-06-22,,Rhonda Goyke
484,9201507,890030,1996-06-06,2009-04-23,roxanne.kwan,2023-10-27 12:15:54,492,Responsible Party,Leaking Tank,0.0,Tank Removal,True,False,False,False,True,False,True,,False,0.0,True,False,False,False,0.0,False,False,False,False,False,,Case Transferred to HEER (regulated),2008-05-20,Tank,Darren Park 
485,9202358,950080,1995-04-24,,CJR,1995-06-02 00:00:00,493,,,0.0,,False,False,False,False,False,False,False,,False,0.0,False,False,False,False,0.0,False,False,False,False,False,,Site Cleanup Completed (NFA),2000-01-20,,Shaobin Li
487,9202535,920046,1991-12-13,,sliu,2001-08-16 14:52:23,495,,,0.0,,False,False,False,False,False,False,False,,False,0.0,False,False,False,False,0.0,False,False,False,False,False,,Site Cleanup Completed (NFA),1996-07-23,,Roger Brewer
488,9400773,900013,1996-06-06,,rtakaba,2006-07-31 17:02:58,496,,,0.0,,False,False,False,False,False,False,False,,False,0.0,False,True,False,False,0.0,False,False,False,False,False,,Site Cleanup Completed (NFA),2006-09-15,,Darren Park
489,9201775,900115,1996-06-06,,vforeman,1996-06-06 09:33:36,497,,,0.0,,False,False,False,False,False,False,False,,False,0.0,False,False,False,False,0.0,False,False,False,False,False,,Disconfirmed Release,1994-05-23,,Eric Sadoyama
490,9200711,920060,1992-01-16,,esadoyama,1997-09-15 10:54:11,498,,,0.0,,False,False,False,False,False,False,False,,False,0.0,False,False,False,False,0.0,False,False,False,False,False,,Site Cleanup Completed (NFA),2001-09-20,,Shaobin Li
491,9102467,910091,1991-09-27,,SUP,1993-09-15 00:00:00,499,,,0.0,,False,False,False,False,False,False,False,,False,0.0,False,False,False,False,0.0,False,False,False,False,False,,Site Cleanup Completed (NFA),1992-06-01,,Sheila Mackenzie
492,9102827,940141,1994-05-20,,esadoyama,1997-10-10 12:16:02,500,,,0.0,,False,False,False,False,False,False,False,,False,0.0,False,False,False,False,0.0,False,False,False,False,False,,Site Cleanup Completed (NFA),1999-10-08,,Shaobin Li
493,9102515,920050,1992-01-16,,SUP,1995-01-05 00:00:00,501,,,0.0,,False,False,False,False,False,False,False,,False,0.0,False,False,False,False,0.0,False,False,False,False,False,,Site Cleanup Completed (NFA),1999-12-13,,Richard Takaba
494,9100664,930119,1993-08-05,,SUP,1994-12-12 00:00:00,502,,,0.0,,False,False,False,False,False,False,False,,False,0.0,False,False,False,False,0.0,False,False,False,False,False,,Site Cleanup Completed (NFA),1994-07-06,,Eric Sadoyama
495,9103024,950056,1995-02-21,,CJR,1995-05-01 00:00:00,503,,,0.0,,False,False,False,False,False,False,False,,False,0.0,False,False,False,False,0.0,False,False,False,False,False,,Site Cleanup Completed (NFA),1996-07-29,,Steven Okoji
496,9500007,950017,1994-11-10,2013-02-26,roxanne.kwan,2016-10-07 14:40:07,504,Responsible Party,Leaking Tank,0.0,Leak Detection,True,False,False,False,True,False,False,,False,0.0,True,False,False,False,0.0,False,False,True,False,False,free product recovery& excavation of impacted soil,Site Cleanup Completed with EHE/EHMP,2011-08-18,Tank,Shaobin Li 
497,9102815,960034,1996-01-12,,esadoyama,1997-06-13 09:47:26,505,,,0.0,,False,False,False,False,False,False,False,,False,0.0,False,False,False,False,0.0,False,False,False,False,False,,Site Cleanup Completed (NFA),1997-02-19,,Janet Sherrer
498,9503099,950128,1995-08-22,,CJR,1996-02-21 00:00:00,506,,,0.0,,False,False,False,False,False,False,False,,False,0.0,False,False,False,False,0.0,False,False,False,False,False,,Site Cleanup Completed (NFA),1996-07-05,,Jose Ruiz
499,9100118,930104,1993-06-25,,rkwan,2010-10-11 09:36:15,507,,,0.0,,False,False,False,False,False,False,False,,False,0.0,False,False,False,False,0.0,False,False,False,False,False,,Site Cleanup Completed with EHMP,1993-07-16,,Not Assigned 
500,9600469,950088,1995-01-19,,sli,2000-01-24 14:43:02,508,,,0.0,,False,False,False,False,False,False,False,,False,0.0,False,False,False,False,0.0,False,False,False,False,False,,Site Cleanup Completed (NFA),2002-03-19,,Shaobin Li
501,9303121,960015,1995-11-20,,esadoyama,1997-07-02 17:42:42,509,,,0.0,,False,False,False,False,False,False,False,,False,0.0,False,False,False,False,0.0,False,False,False,False,False,,Site Cleanup Completed (NFA),1997-07-31,,Steven Okoji
502,9501591,890026,1996-06-06,,esadoyama,1997-09-29 14:08:25,510,,,0.0,,False,False,False,False,False,False,False,,False,0.0,False,False,False,False,0.0,False,False,False,False,False,,Site Cleanup Completed (NFA),1998-03-11,,Janet Sherrer
503,9200924,900101,1990-09-06,,SUP,1994-12-22 00:00:00,511,,,0.0,,False,False,False,False,False,False,False,,False,0.0,False,False,False,False,0.0,False,False,False,False,False,,Site Cleanup Completed (NFA),1994-11-18,,Raymond Seid
504,9200120,930100,1993-06-15,,SUP,1995-01-10 00:00:00,512,,,0.0,,False,False,False,False,False,False,False,,False,0.0,False,False,False,False,0.0,False,False,False,False,False,,Site Cleanup Completed (NFA),1993-12-21,,Eric Sadoyama
505,9102084,920024,1991-11-05,,roxanne.kwan,2023-10-17 10:04:47,513,Responsible Party,,0.0,,False,False,False,False,False,False,False,,False,0.0,False,False,False,False,0.0,False,False,False,False,False,,Case Transferred to HEER (unregulated),1999-03-03,,To Heer 
506,9102728,930060,1993-03-03,2009-12-10,sli,2014-01-28 11:08:37,514,,Unknown,0.0,Tank Removal,False,False,False,False,True,False,True,,False,0.0,True,False,False,False,0.0,False,False,False,False,False,,Site Cleanup Completed with EHE/EHMP,2009-12-23,Unknown,Shaobin Li 
507,9501300,950110,1995-06-27,,CJR,1995-08-17 00:00:00,515,,,0.0,,False,False,False,False,False,False,False,,False,0.0,False,False,False,False,0.0,False,False,False,False,False,,Site Cleanup Completed (NFA),1995-08-02,,Roger Brewer
508,9101211,880018,1996-06-06,,rkwan,2004-10-07 15:02:46,516,,,0.0,,False,False,False,False,False,False,False,,False,0.0,False,False,False,False,0.0,False,False,False,False,False,,Site Cleanup Completed (NFA),1999-08-26,,Renato Maniulit
509,9102121,950068,1993-04-05,,RSK,1995-03-30 00:00:00,517,,,0.0,,False,False,False,False,False,False,False,,False,0.0,False,False,False,False,0.0,False,False,False,False,False,,Site Cleanup Completed (NFA),1997-10-20,,Jose Ruiz
510,9200765,920078,1992-02-19,,SUP,1994-08-02 00:00:00,518,,,0.0,,False,False,False,False,False,False,False,,False,0.0,False,False,False,False,0.0,False,False,False,False,False,,Site Cleanup Completed (NFA),1994-08-02,,Janet Sherrer
511,9502764,930113,1993-07-28,,jruiz,2001-11-08 07:33:34,519,,,0.0,,False,False,False,False,False,False,False,,False,0.0,False,False,False,False,0.0,False,False,False,False,False,,Site Cleanup Completed (NFA),2001-11-08,,Jose Ruiz
512,9102580,920109,1991-11-25,,rkwan,2011-06-22 16:33:38,520,,,0.0,,False,False,False,False,False,False,False,,False,0.0,False,False,False,False,0.0,False,False,False,False,False,,Site Cleanup Completed (NFA),2005-11-06,,To DERA 
513,9201884,940025,1993-11-23,,esadoyama,1999-01-14 09:23:57,521,,,0.0,,False,False,False,False,False,False,False,,False,0.0,False,False,False,False,0.0,False,False,False,False,False,,Site Cleanup Completed (NFA),2006-07-24,,Shunsheng Fu
514,9200825,900082,1996-06-06,,esadoyama,1997-10-10 10:19:25,522,,,0.0,,False,False,False,False,False,False,False,,False,0.0,False,False,False,False,0.0,False,False,False,False,False,,Site Cleanup Completed (NFA),1997-07-31,,David Hodges
515,9101921,900018,1996-06-06,,vforeman,1996-06-06 09:33:36,524,,,0.0,,False,False,False,False,False,False,False,,False,0.0,False,False,False,False,0.0,False,False,False,False,False,,Site Cleanup Completed (NFA),1995-08-31,,Not Assigned
516,9302990,950005,1994-10-12,,esadoyama,1997-10-16 13:56:08,525,,,0.0,,False,False,False,False,False,False,False,,False,0.0,False,False,False,False,0.0,False,False,False,False,False,,Site Cleanup Completed (NFA),1999-12-10,,Jose Ruiz
517,9200515,940062,1996-06-06,,vforeman,1996-06-06 09:33:36,527,,,0.0,,False,False,False,False,False,False,False,,False,0.0,False,False,False,False,0.0,False,False,False,False,False,,Site Cleanup Completed (NFA),1998-03-12,,Steven Okoji
518,9101237,910023,1989-10-26,2014-07-09,rtakaba,2015-02-25 12:55:36,528,Responsible Party,Leaking Tank,0.0,Other,True,True,False,False,True,True,True,,False,0.0,True,True,False,False,0.0,False,False,True,False,False,MPE pilot test done,Site Cleanup Completed with EHE/EHMP,2014-07-23,Tank,Richard Takaba 
519,9101946,960017,1995-11-09,,LNAGATOSHI,1996-08-26 14:53:11,529,,,0.0,,False,False,False,False,False,False,False,,False,0.0,False,False,False,False,0.0,False,False,False,False,False,,Site Cleanup Completed (NFA),1998-04-23,,Steven Okoji
520,9102818,940147,1994-05-27,,SUP,1994-07-01 00:00:00,530,,,0.0,,False,False,False,False,False,False,False,,False,0.0,False,True,False,False,0.0,False,False,False,False,False,,Site Cleanup Completed (NFA),2004-04-08,,Shaobin Li
521,9101955,960020,1995-11-09,,RSK,1996-01-22 00:00:00,531,,,0.0,,False,False,False,False,False,False,False,,False,0.0,False,False,False,False,0.0,False,False,False,False,False,,Site Cleanup Completed (NFA),1998-04-23,,Steven Okoji
522,9101220,890001,1996-06-06,,rkwan,2007-03-23 09:12:20,532,,,0.0,,False,False,False,False,False,False,False,,False,0.0,False,False,False,False,0.0,False,False,False,False,False,,Disconfirmed Release,1987-11-10,,Jose Ruiz
523,9102942,940138,1994-02-18,,esadoyama,1997-09-24 12:09:35,533,,,0.0,,False,False,False,False,False,False,False,,False,0.0,False,False,False,False,0.0,False,False,False,False,False,,Site Cleanup Completed (NFA),1996-10-08,,Jose Ruiz
524,9202428,940007,1996-06-06,,dpark,2007-04-27 15:32:55,534,,Leaking Tank,0.0,Tank Removal,True,False,False,False,True,True,True,2001-11-05,False,0.0,True,True,False,False,0.0,False,False,False,False,False,,Site Cleanup Completed (NFA),2007-04-23,Tank,Darren Park 
525,9103110,950135,1995-09-15,,CJR,1995-09-20 00:00:00,535,,,0.0,,False,False,False,False,False,False,False,,False,0.0,False,False,False,False,0.0,False,False,False,False,False,,Site Cleanup Completed (NFA),1998-02-05,,Jose Ruiz
526,9101180,890004,1996-06-06,,vforeman,1996-06-06 09:33:36,536,,,0.0,,False,False,False,False,False,False,False,,False,0.0,False,False,False,False,0.0,False,False,False,False,False,,Site Cleanup Completed (NFA),1996-03-11,,Roger Brewer
527,9602708,930025,1992-11-24,,rkwan,2007-03-19 13:49:58,537,,,0.0,,False,False,False,False,False,False,False,,False,0.0,False,False,False,False,0.0,False,False,False,False,False,,Case Transferred to HEER (unregulated),1998-03-13,,To HEER
528,9102012,920016,1991-10-23,,rkwan,2007-03-19 14:59:01,538,,,0.0,,False,False,False,False,False,False,False,,False,0.0,False,False,False,False,0.0,False,False,False,False,False,,Case Transferred to HEER (unregulated),1997-09-26,,To HEER 
529,9500379,940059,1996-06-06,,rtakaba,2001-06-01 11:51:51,539,,,0.0,,False,False,False,False,False,False,False,,False,0.0,False,False,False,False,0.0,False,False,False,False,False,,Site Cleanup Completed (NFA),2001-12-03,,Mark Sutterfield
530,9600720,960024,1996-06-06,,vforeman,1996-06-06 09:33:36,540,,,0.0,,False,False,False,False,False,False,False,,False,0.0,False,False,False,False,0.0,False,False,False,False,False,,Site Cleanup Completed (NFA),1998-11-04,,Jose Ruiz
531,9101980,910024,1990-02-13,,rkwan,2007-05-23 16:08:28,541,,,0.0,,False,False,False,False,False,False,False,,False,0.0,False,False,False,False,0.0,False,False,False,False,False,,Site Cleanup Completed (NFA),1991-07-22,,Jose Ruiz 
532,9100264,910061,1991-04-30,,esadoyama,1997-10-10 11:12:06,542,,,0.0,,False,False,False,False,False,False,False,,False,0.0,False,False,False,False,0.0,False,False,False,False,False,,Site Cleanup Completed (NFA),1997-07-31,,Jose Ruiz
533,9101093,930125,1996-06-06,,rkwan,2007-03-19 14:13:37,543,,,0.0,,False,False,False,False,False,False,False,,False,0.0,False,False,False,False,0.0,False,False,False,False,False,,Case Transferred to HEER (unregulated),1998-09-28,,To HEER
534,9101513,920051,1991-11-18,,CJR,1995-12-05 00:00:00,544,,,0.0,,False,False,False,False,False,False,False,,False,0.0,False,False,False,False,0.0,False,False,False,False,False,,Site Cleanup Completed (NFA),1994-07-22,,Roger Brewer
535,9202016,920054,1991-11-18,,SUP,1994-05-26 00:00:00,545,,,0.0,,False,False,False,False,False,False,False,,False,0.0,False,False,False,False,0.0,False,False,False,False,False,,Site Cleanup Completed (NFA),1994-05-26,,Roger Brewer
536,9100022,920138,1992-04-20,,esadoyama,1997-11-26 11:43:32,546,,,0.0,,False,False,False,False,False,False,False,,False,0.0,False,False,False,False,0.0,False,False,False,False,False,,Site Cleanup Completed (NFA),1996-10-21,,Not Assigned
537,9201467,910089,1991-09-25,,SUP,1994-09-02 00:00:00,547,,,0.0,,False,False,False,False,False,False,False,,False,0.0,False,False,False,False,0.0,False,False,False,False,False,,Site Cleanup Completed (NFA),1999-03-10,,Renato Maniulit
538,9201157,890037,1989-04-20,,golmsted,2000-02-28 13:05:05,548,,,0.0,,False,False,False,False,False,False,False,,False,0.0,False,False,False,False,0.0,False,False,False,False,False,,Site Cleanup Completed (NFA),2000-10-27,,Shaobin Li
539,9101225,950050,1995-01-25,,esadoyama,1998-09-23 08:53:49,549,,,0.0,,False,False,False,False,False,False,False,,False,0.0,False,False,False,False,0.0,False,False,False,False,False,,Site Cleanup Completed (NFA),1995-08-31,,Not Assigned
540,9601678,940099,1994-03-04,,CJR,1995-12-11 00:00:00,550,,,0.0,,False,False,False,False,False,False,False,,False,0.0,False,False,False,False,0.0,False,False,False,False,False,,Site Cleanup Completed (NFA),1995-11-07,,Roger Brewer
541,9101020,950043,1995-01-09,,jruiz,2001-06-13 11:55:17,551,,,0.0,,False,False,False,False,False,False,False,,False,0.0,False,False,False,False,0.0,False,False,False,False,False,,Site Cleanup Completed (NFA),2002-06-19,,Jose Ruiz
542,9102751,940064,1996-06-06,,vforeman,1996-06-06 09:33:36,552,,,0.0,,False,False,False,False,False,False,False,,False,0.0,False,False,False,False,0.0,False,False,False,False,False,,Site Cleanup Completed (NFA),1995-10-02,,Roger Brewer
543,9100210,910053,1991-02-04,,lnagatoshi,1996-07-26 15:35:06,553,,,0.0,,False,False,False,False,False,False,False,,False,0.0,False,False,False,False,0.0,False,False,False,False,False,,Site Cleanup Completed (NFA),1999-03-09,,Richard Takaba
544,9201501,920124,1992-03-31,,SUP,1992-05-19 00:00:00,554,,,0.0,,False,False,False,False,False,False,False,,False,0.0,False,False,False,False,0.0,False,False,False,False,False,,Site Cleanup Completed (NFA),2000-11-06,,Shunsheng Fu
545,9600652,920188,1992-06-29,,CCLARK,1997-04-16 11:23:19,555,,,0.0,,False,False,False,False,False,False,False,,False,0.0,False,False,False,False,0.0,False,False,False,False,False,,Site Cleanup Completed (NFA),1996-09-20,,Janet Sherrer
546,9502644,920153,1992-05-04,,SUP,1995-03-02 00:00:00,556,,,0.0,,False,False,False,False,False,False,False,,False,0.0,False,False,False,False,0.0,False,False,False,False,False,,Site Cleanup Completed (NFA),1994-11-21,,Raymond Seid
547,9102381,950074,1995-04-13,,rtakaba,2006-08-01 15:35:25,558,,,0.0,,False,False,False,False,False,False,False,,False,0.0,False,False,False,False,0.0,False,False,False,False,False,,Site Cleanup Completed (NFA),2006-12-08,,Darren Park
548,9201048,920013,1991-10-30,,rkwan,2007-09-26 08:55:20,559,,,0.0,,False,False,False,False,False,False,False,,False,0.0,False,False,False,False,0.0,False,False,False,False,False,,Site Cleanup Completed (NFA),2002-12-02,,Jose Ruiz 
549,9601777,920126,1992-04-03,,rkwan,2007-03-23 10:04:44,560,,,0.0,,False,False,False,False,False,False,False,,False,0.0,False,False,False,False,0.0,False,False,False,False,False,,Disconfirmed Release,1993-04-12,,Richard Takaba 
550,9102995,950031,1994-12-12,2014-05-28,roxanne.kwan,2023-11-30 11:45:08,561,Responsible Party,Leaking Tank and Piping,0.0,Tank Removal,True,False,False,False,True,True,True,,False,0.0,False,False,False,False,0.0,False,False,False,False,False,,Case Transferred to HEER (regulated),2014-07-22,Tank,Shunsheng Fu 
551,9100906,940191,1994-08-26,,SUP,1994-09-28 00:00:00,562,,,0.0,,False,False,False,False,False,False,False,,False,0.0,False,False,False,False,0.0,False,False,False,False,False,,Site Cleanup Completed (NFA),1996-02-26,,Not Assigned
552,9102647,930059,1993-02-18,,SUP,1995-01-04 00:00:00,563,,,0.0,,False,False,False,False,False,False,False,,False,0.0,False,False,False,False,0.0,False,False,False,False,False,,Site Cleanup Completed (NFA),1997-10-17,,Steven Okoji
553,9102169,900011,1989-11-22,,esadoyama,1998-02-17 08:14:21,564,,,0.0,,False,False,False,False,False,False,False,,False,0.0,False,False,False,False,0.0,False,False,False,False,False,,Site Cleanup Completed (NFA),1999-11-05,,David Hodges
554,9101236,880002,1996-06-06,,rkwan,2012-01-30 14:31:00,565,,,0.0,,False,False,False,False,False,False,False,,False,0.0,False,False,False,False,0.0,False,False,False,False,False,,Site Cleanup Completed (NFA),2002-04-26,,Jose Ruiz 
555,9101979,900124,1990-05-17,,rmaniulit,1999-10-26 13:20:02,566,,,0.0,,False,False,False,False,False,False,False,,False,0.0,False,False,False,False,0.0,False,False,False,False,False,,Site Cleanup Completed (NFA),1999-10-27,,Renato Maniulit
556,9201898,900062,1990-02-20,,SUP,1992-09-28 00:00:00,567,,,0.0,,False,False,False,False,False,False,False,,False,0.0,False,False,False,False,0.0,False,False,False,False,False,,Site Cleanup Completed (NFA),1992-09-09,,Stanton Enomoto
557,9102420,910065,1991-06-03,,esadoyama,1997-09-15 10:42:18,568,,,0.0,,False,False,False,False,False,False,False,,False,0.0,False,False,False,False,0.0,False,False,False,False,False,,Site Cleanup Completed (NFA),2000-02-29,,Jose Ruiz
558,9101504,920056,1991-10-24,,CJR,1995-12-01 00:00:00,569,,,0.0,,False,False,False,False,False,False,False,,False,0.0,False,False,False,False,0.0,False,False,False,False,False,,Site Cleanup Completed (NFA),1999-02-11,,Jeffrey Ung
559,9102446,930005,1992-09-09,,SUP,1995-01-05 00:00:00,570,,,0.0,,False,False,False,False,False,False,False,,False,0.0,False,False,False,False,0.0,False,False,False,False,False,,Site Cleanup Completed (NFA),1993-08-27,,Not Assigned
560,9501802,960045,1994-11-16,,RKWAN,2000-05-26 13:55:36,571,,,0.0,,False,False,False,False,False,False,False,,False,0.0,False,False,False,False,0.0,False,False,False,False,False,,Site Cleanup Completed (NFA),1996-04-26,,Roger Brewer
561,9202165,900003,1989-10-06,,rkwan,2007-03-19 15:58:48,572,,,0.0,,False,False,False,False,False,False,False,,False,0.0,False,False,False,False,0.0,False,False,False,False,False,,Case Transferred to HEER (unregulated),1989-12-11,,To HEER 
562,9601371,920067,1992-02-05,,SUP,1994-08-26 00:00:00,573,,,0.0,,False,False,False,False,False,False,False,,False,0.0,False,False,False,False,0.0,False,False,False,False,False,,Site Cleanup Completed (NFA),1997-07-31,,Lene Ichinotsubo
563,9101450,930133,1996-06-06,,vforeman,1996-06-06 09:33:36,574,,,0.0,,False,False,False,False,False,False,False,,False,0.0,False,False,False,False,0.0,False,False,False,False,False,,Site Cleanup Completed (NFA),1993-09-09,,Not Assigned
564,9102859,940095,1994-02-18,,SUP,1994-05-24 00:00:00,575,,,0.0,,False,False,False,False,False,False,False,,False,0.0,False,False,False,False,0.0,False,False,False,False,False,,Site Cleanup Completed (NFA),1996-08-05,,Jose Ruiz
565,9100783,920145,1992-04-01,,rmaniulit,2000-06-21 09:05:34,576,,,0.0,,False,False,False,False,False,False,False,,False,0.0,False,False,False,False,0.0,False,False,False,False,False,,Site Cleanup Completed (NFA),2000-06-22,,Renato Maniulit
566,9101814,940111,1996-06-06,,rkwan,2005-11-30 10:29:15,577,,,0.0,,False,False,False,False,False,False,False,,False,0.0,False,False,False,False,0.0,False,False,False,False,False,,Site Cleanup Completed (NFA),2005-08-12,,Chad Pritchard
567,9100158,910087,1991-08-23,,sli,2000-05-31 13:48:29,578,,,0.0,,False,False,False,False,False,True,False,,False,0.0,False,False,False,False,0.0,False,False,False,False,False,,Site Cleanup Completed (NFA),2000-07-06,,Shaobin Li
568,9102412,930039,1996-06-06,,vforeman,1996-06-06 09:33:36,579,,,0.0,,False,False,False,False,False,False,False,,False,0.0,False,False,False,False,0.0,False,False,False,False,False,,Disconfirmed Release,1993-01-06,,Not Assigned
569,9502529,950015,1994-12-08,,CJR,1995-05-31 00:00:00,580,,,0.0,,False,False,False,False,False,False,False,,False,0.0,False,False,False,False,0.0,False,False,False,False,False,,Site Cleanup Completed (NFA),1995-05-16,,Roger Brewer
570,9101675,910035,1991-01-25,,rtakaba,2001-12-03 10:44:55,581,,,0.0,,False,False,False,False,False,False,False,,False,0.0,False,False,False,False,0.0,False,False,False,False,False,,Site Cleanup Completed (NFA),2002-06-04,,Richard Takaba
571,9501697,930067,1993-03-17,,esadoyama,1997-08-28 14:39:32,582,,,0.0,,False,False,False,False,False,False,False,,False,0.0,False,False,False,False,0.0,False,False,False,False,False,,Site Cleanup Completed (NFA),1998-09-25,,Richard Takaba
572,9102887,950012,1994-11-02,,CJR,1995-12-08 00:00:00,583,,,0.0,,False,False,False,False,False,False,False,,False,0.0,False,False,False,False,0.0,False,False,False,False,False,,Site Cleanup Completed (NFA),1995-10-27,,Roger Brewer
573,9200982,960025,1995-11-29,,rtakaba,2006-05-22 15:32:24,584,,,0.0,,False,False,False,False,False,False,False,,False,0.0,False,False,False,False,0.0,False,False,False,False,False,,Site Cleanup Completed (NFA),2003-11-07,,Richard Takaba
574,9200199,920039,1991-11-20,,RSK,1995-12-13 00:00:00,585,,,0.0,,False,False,False,False,False,False,False,,False,0.0,False,False,False,False,0.0,False,False,False,False,False,,Site Cleanup Completed (NFA),1998-04-01,,Jose Ruiz
575,9701553,910042,1991-03-07,,rkwan,2007-03-19 16:22:38,586,,,0.0,,False,False,False,False,False,False,False,,False,0.0,False,False,False,False,0.0,False,False,False,False,False,,Case Transferred to HEER (unregulated),1997-10-29,,To HEER 
576,9701551,940192,1994-09-07,,rkwan,2000-06-02 14:53:34,587,,,0.0,,False,False,False,False,False,False,False,,False,0.0,False,False,False,False,0.0,False,False,False,False,False,,Site Cleanup Completed (NFA),2001-04-19,,Jose Ruiz
577,9102692,930076,1993-04-02,,SUP,1995-01-05 00:00:00,588,,,0.0,,False,False,False,False,False,False,False,,False,0.0,False,False,False,False,0.0,False,False,False,False,False,,Site Cleanup Completed (NFA),1999-11-26,,David Hodges
578,9702794,940003,1996-06-06,,vforeman,1996-06-06 09:33:36,590,,,0.0,,False,False,False,False,False,False,False,,False,0.0,False,False,False,False,0.0,False,False,False,False,False,,Site Cleanup Completed (NFA),1994-04-06,,Roger Brewer
579,9101426,940056,1996-06-06,,rkwan,1996-10-11 08:40:32,591,,,0.0,,False,False,False,False,False,False,False,,False,0.0,False,False,False,False,0.0,False,False,False,False,False,,Site Cleanup Completed (NFA),2000-06-27,,Jose Ruiz
580,9200231,930035,1992-12-09,2009-02-12,dpark,2009-02-12 15:58:24,592,Responsible Party,Leaking Tank,0.0,Tank Removal,False,False,False,False,True,True,False,,False,0.0,True,True,False,False,0.0,False,False,False,False,False,,Site Cleanup Completed (NFA),2009-02-04,Tank,Darren Park 
581,9701792,890022,1988-04-24,,SUP,1995-02-28 00:00:00,593,,,0.0,,False,False,False,False,False,False,False,,False,0.0,False,False,False,False,0.0,False,False,False,False,False,,Site Cleanup Completed (NFA),1999-11-16,,Jose Ruiz
582,9200311,900020,1996-06-06,,esadoyama,1997-04-30 11:05:21,594,,,0.0,,False,False,False,False,False,False,False,,False,0.0,False,False,False,False,0.0,False,False,False,False,False,,Site Cleanup Completed (NFA),1996-09-20,,Jose Ruiz
583,9100929,920004,1991-10-10,,SUP,1994-12-19 00:00:00,595,,,0.0,,False,False,False,False,False,False,False,,False,0.0,False,False,False,False,0.0,False,False,False,False,False,,Site Cleanup Completed (NFA),1994-08-01,,Eric Sadoyama
584,9100336,920158,1992-04-30,,SUP,1994-12-08 00:00:00,596,,,0.0,,False,False,False,False,False,False,False,,False,0.0,False,False,False,False,0.0,False,False,False,False,False,,Site Cleanup Completed (NFA),1993-05-11,,Not Assigned
585,9101987,930132,1996-06-06,,vforeman,1996-06-06 09:33:36,597,,,0.0,,False,False,False,False,False,False,False,,False,0.0,False,False,False,False,0.0,False,False,False,False,False,,Site Cleanup Completed (NFA),1993-09-08,,Raymond Seid
586,9100103,930015,1992-09-29,,rkwan,2002-09-24 11:34:51,598,,,0.0,,False,False,False,False,False,False,False,,False,0.0,False,False,False,False,0.0,False,False,False,False,False,,Site Cleanup Completed (NFA),2002-10-22,,Richard Takaba
587,9103026,950126,1995-08-22,,sli,2009-01-12 11:55:36,599,,Leaking Tank and Piping,0.0,Tank Removal,False,False,False,False,False,False,False,,False,0.0,False,False,False,False,0.0,False,False,False,False,False,,Site Cleanup Completed (NFA),2008-12-17,Tank,Shaobin Li 
588,9100786,930101,1993-07-15,,esadoyama,1997-09-12 13:02:13,600,,,0.0,,False,False,False,False,False,False,False,,False,0.0,False,False,False,False,0.0,False,False,False,False,False,,Site Cleanup Completed (NFA),1997-07-03,,Eric Sadoyama
589,9200020,920071,1992-02-11,2014-09-05,sli,2014-10-02 07:59:12,601,,Unknown,0.0,Other,False,False,False,False,False,True,True,,False,0.0,True,False,False,False,0.0,False,False,False,False,False,,Site Cleanup Completed with EHE/EHMP,2014-09-05,Unknown,Shaobin Li 
590,9100758,900061,1996-06-06,,esadoyama,1997-10-10 12:07:31,602,,,0.0,,False,False,False,False,False,False,False,,False,0.0,False,False,False,False,0.0,False,False,False,False,False,,Site Cleanup Completed (NFA),1998-09-23,,Jose Ruiz
591,9202356,950077,1995-04-19,,sliu,2001-11-13 11:32:21,603,,,0.0,,False,False,False,False,False,False,False,,False,0.0,False,False,False,False,0.0,False,False,False,False,False,,Site Cleanup Completed (NFA),2001-11-05,,Shumin Liu
592,9100867,920057,1992-01-10,2013-05-24,jnagashima,2013-07-05 09:54:43,604,Responsible Party,Leaking Tank and Piping,0.0,Tank Removal,False,False,False,False,True,False,False,,False,0.0,True,False,False,False,0.0,False,False,False,False,False,,Site Cleanup Completed with EHMP,2013-06-21,Unknown,Josh Nagashima 
593,9600704,920176,1992-08-14,,esadoyama,1997-11-17 16:36:23,605,,,0.0,,False,False,False,False,False,False,False,,False,0.0,False,False,False,False,0.0,False,False,False,False,False,,Site Cleanup Completed (NFA),1998-10-30,,Eric Sadoyama
594,9100154,920081,1992-02-27,,SUP,1994-10-21 00:00:00,606,,,0.0,,False,False,False,False,False,False,False,,False,0.0,False,False,False,False,0.0,False,False,False,False,False,,Site Cleanup Completed (NFA),1994-06-22,,Roger Brewer
595,9100307,910052,1991-04-24,,sli,2008-05-29 09:04:44,607,,Unknown,0.0,Tank Removal,False,False,False,False,True,False,False,,False,0.0,True,False,False,False,0.0,False,False,False,False,False,,Site Cleanup Completed (NFA),2008-05-21,Unknown,Shaobin Li 
596,9100938,930071,1993-01-04,,rmaniulit,1999-05-05 07:40:37,608,,,0.0,,False,False,False,False,False,False,False,,False,0.0,False,False,False,False,0.0,False,False,False,False,False,,Site Cleanup Completed (NFA),1999-05-07,,Renato Maniulit
597,9103027,960038,1996-01-19,,lnagatoshi,1996-07-16 11:20:17,610,,,0.0,,False,False,False,False,False,False,False,,False,0.0,False,False,False,False,0.0,False,False,False,False,False,,Site Cleanup Completed (NFA),1997-06-01,,Jeffrey Ung
598,9502699,930091,1993-06-02,,SUP,1993-06-30 00:00:00,611,,,0.0,,False,False,False,False,False,False,False,,False,0.0,False,False,False,False,0.0,False,False,False,False,False,,Site Cleanup Completed (NFA),1996-09-19,,Not Assigned
599,9100973,900046,1990-03-13,,rtakaba,2005-01-26 10:09:08,612,,,0.0,,False,False,False,False,True,True,True,,False,0.0,True,True,False,False,0.0,False,False,False,False,False,,Site Cleanup Completed (NFA),2005-08-12,,Chad Pritchard
600,9602981,940184,1994-08-18,,CJR,1996-02-28 00:00:00,613,,,0.0,,False,False,False,False,False,False,False,,False,0.0,False,False,False,False,0.0,False,False,False,False,False,,Site Cleanup Completed (NFA),1996-02-13,,Eric Sadoyama
601,9100530,880004,1996-06-06,2011-05-18,jnagashima,2011-06-09 15:37:25,614,Responsible Party,Unknown,0.0,Tank Removal,False,True,False,True,False,False,False,,False,0.0,False,False,False,False,0.0,False,False,False,False,False,,Site Cleanup Completed (NFA),2011-06-03,Unknown,Josh Nagashima 
602,9100784,940130,1994-03-24,,golmsted,2002-07-25 08:36:09,615,,,0.0,,False,False,False,False,False,False,False,,False,0.0,False,False,False,False,0.0,False,False,False,False,False,,Site Cleanup Completed (NFA),2003-07-21,,Richard Takaba
603,9103090,920100,1991-11-25,,rkwan,2007-03-16 14:35:52,616,,,0.0,,False,False,False,False,False,False,False,,False,0.0,False,False,False,False,0.0,False,False,False,False,False,,Case Transferred to HEER (unregulated),1997-10-29,,To HEER 
604,9102333,940135,1994-06-14,,rkwan,2010-05-10 15:45:59,617,,,0.0,,False,False,False,False,False,False,False,,False,0.0,False,False,False,False,0.0,False,False,False,False,False,,Case Transferred to HEER (unregulated),1994-07-18,,Shunsheng Fu 
605,9100877,940036,1996-06-06,,vforeman,1996-06-06 09:33:36,618,,,0.0,,False,False,False,False,False,False,False,,False,0.0,False,False,False,False,0.0,False,False,False,False,False,,Site Cleanup Completed (NFA),1995-10-17,,Eric Sadoyama
606,9100313,950079,1995-04-25,,rmaniulit,2000-07-03 15:02:53,619,,,0.0,,False,False,False,False,False,False,False,,False,0.0,False,False,False,False,0.0,False,False,False,False,False,,Site Cleanup Completed (NFA),2000-07-07,,Renato Maniulit
607,9500393,950075,1995-04-20,,CJR,1996-02-27 00:00:00,620,,,0.0,,False,False,False,False,False,False,False,,False,0.0,False,False,False,False,0.0,False,False,False,False,False,,Site Cleanup Completed (NFA),1998-01-21,,Steven Okoji
608,9100272,930022,1992-11-20,,RSK,1995-04-25 00:00:00,621,,,0.0,,False,False,False,False,False,False,False,,False,0.0,False,False,False,False,0.0,False,False,False,False,False,,Site Cleanup Completed (NFA),1993-10-11,,Sheila Mackenzie
609,9201728,900108,1996-06-06,,roxanne.kwan,2020-02-13 14:28:15,622,,Unknown,0.0,Other,False,False,False,False,False,False,False,,False,0.0,True,False,False,False,0.0,False,False,False,False,False,,Site Cleanup Completed with EHE/EHMP,2018-12-24,Unknown,To VRP 
610,9101369,930107,1993-07-23,,CJR,1995-09-15 00:00:00,623,,,0.0,,False,False,False,False,False,False,False,,False,0.0,False,False,False,False,0.0,False,False,False,False,False,,Site Cleanup Completed (NFA),1995-08-31,,Eric Sadoyama
611,9102075,920059,1991-12-05,,esadoyama,1998-12-08 10:56:04,624,,,0.0,,False,False,False,False,False,False,False,,False,0.0,False,False,False,False,0.0,False,False,False,False,False,,Site Cleanup Completed (NFA),1998-02-05,,Steven Okoji
612,9100795,920049,1991-12-20,,SUP,1994-12-08 00:00:00,625,,,0.0,,False,False,False,False,False,False,False,,False,0.0,False,False,False,False,0.0,False,False,False,False,False,,Site Cleanup Completed (NFA),2002-02-15,,Shunsheng Fu
613,9102052,920131,1992-04-08,2009-08-19,dpark,2009-08-19 15:02:22,626,Responsible Party,Leaking Tank,0.0,Tank Removal,False,False,False,False,True,True,True,2004-11-12,False,0.0,True,True,True,False,0.0,False,False,False,False,False,,Site Cleanup Completed (NFA),2009-06-17,Tank,Darren Park 
614,9201171,900051,1990-03-05,2009-08-25,rtakaba,2009-10-07 11:29:15,627,Responsible Party,Leaking Tank and Piping,0.0,Tank Removal,True,False,False,False,True,True,True,,False,0.0,True,True,False,False,0.0,False,False,False,False,False,,Site Cleanup Completed (NFA),2009-09-01,Tank,Richard Takaba 
615,9202645,920154,1992-04-27,,SUP,1993-04-13 00:00:00,628,,,0.0,,False,False,False,False,False,False,False,,False,0.0,False,False,False,False,0.0,False,False,False,False,False,,Disconfirmed Release,1993-04-13,,Not Assigned
616,9701089,940093,1994-03-02,,esadoyama,1997-12-11 10:07:06,629,,,0.0,,False,False,False,False,False,False,False,,False,0.0,False,False,False,False,0.0,False,False,False,False,False,,Site Cleanup Completed (NFA),1994-06-09,,Raymond Seid
617,9101030,910012,1990-12-21,,SUP,1994-12-19 00:00:00,630,,,0.0,,False,False,False,False,False,False,False,,False,0.0,False,False,False,False,0.0,False,False,False,False,False,,Site Cleanup Completed (NFA),1993-07-28,,Sheila Mackenzie
618,9102051,930002,1992-10-01,,SUP,1992-10-23 00:00:00,631,,,0.0,,False,False,False,False,False,False,False,,False,0.0,False,False,False,False,0.0,False,False,False,False,False,,Site Cleanup Completed (NFA),1999-08-11,,Jose Ruiz
619,9602933,940168,1994-07-12,,lnagatoshi,1996-07-02 08:06:40,632,,,0.0,,False,False,False,False,False,False,False,,False,0.0,False,False,False,False,0.0,False,False,False,False,False,,Site Cleanup Completed (NFA),1996-02-13,,David Hodges
620,9100309,900037,1996-06-06,,esadoyama,1997-05-09 10:05:02,633,,,0.0,,False,False,False,False,False,False,False,,False,0.0,False,False,False,False,0.0,False,False,False,False,False,,Site Cleanup Completed (NFA),1997-09-26,,Lene Ichinotsubo
621,9102922,940128,1994-04-06,,SUP,1994-11-09 00:00:00,634,,,0.0,,False,False,False,False,False,False,False,,False,0.0,False,False,False,False,0.0,False,False,False,False,False,,Site Cleanup Completed (NFA),1999-08-26,,Jeffrey Ung
622,9100045,890031,1996-06-06,,rkwan,2008-03-27 13:54:13,635,,,0.0,,False,False,False,False,False,True,False,,False,0.0,False,False,False,False,0.0,False,False,False,False,False,,Site Cleanup Completed (NFA),2006-07-13,,Shaobin Li 
623,9701354,940010,1996-06-06,,rmaniulit,2000-06-20 09:25:02,636,,,0.0,,False,False,False,False,False,False,False,,False,0.0,False,False,False,False,0.0,False,False,False,False,False,,Site Cleanup Completed (NFA),2000-06-13,,Renato Maniulit
624,9101196,900065,1990-04-11,,esadoyama,1997-05-12 14:13:02,637,,,0.0,,False,False,False,False,False,False,False,,False,0.0,False,False,False,False,0.0,False,False,False,False,False,,Site Cleanup Completed (NFA),1999-11-12,,Jose Ruiz
625,9200966,900047,1996-06-06,,rmaniulit,2000-08-10 15:15:51,638,,,0.0,,False,False,False,False,False,False,False,,False,0.0,False,False,False,False,0.0,False,False,False,False,False,,Site Cleanup Completed (NFA),2000-08-14,,Renato Maniulit
626,9101957,920191,1992-09-21,,rmaniulit,1999-06-08 13:32:34,639,,,0.0,,False,False,False,False,False,False,False,,False,0.0,False,False,False,False,0.0,False,False,False,False,False,,Site Cleanup Completed (NFA),1999-05-28,,Renato Maniulit
627,9101954,940085,1994-02-07,,rkwan,2014-10-08 08:46:50,640,,,0.0,,False,False,False,False,False,False,False,,False,0.0,False,False,False,False,0.0,False,False,False,False,False,,Case Transferred to HEER (unregulated),1994-03-28,,To HEER 
628,9708008,940058,1993-06-06,,roxanne.kwan,2019-05-29 12:22:48,641,,,0.0,,False,False,False,False,False,False,False,,False,0.0,False,False,False,False,0.0,False,False,False,False,False,,Site Cleanup Completed (NFA),2001-10-25,,Shunsheng Fu
629,9201827,920042,1991-12-27,,esadoyama,1997-09-12 13:04:24,642,,,0.0,,False,False,False,False,False,False,False,,False,0.0,False,False,False,False,0.0,False,False,False,False,False,,Site Cleanup Completed (NFA),1997-07-02,,David Hodges
630,9101519,950041,1996-06-06,,vforeman,1996-06-06 09:33:36,643,,,0.0,,False,False,False,False,False,False,False,,False,0.0,False,False,False,False,0.0,False,False,False,False,False,,Site Cleanup Completed (NFA),1994-03-14,,Roger Brewer
631,9102578,920111,1991-11-25,,rkwan,2007-03-19 15:32:34,644,,,0.0,,False,False,False,False,False,False,False,,False,0.0,False,False,False,False,0.0,False,False,False,False,False,,Case Transferred to HEER (unregulated),1997-10-17,,To HEER 
632,9603107,960002,1995-10-03,2004-07-28,sfu,2010-01-14 13:00:51,645,Responsible Party,Leaking Tank and Piping,0.0,Tank Removal,False,False,False,False,False,False,False,,False,0.0,False,False,False,False,0.0,False,False,False,False,False,,Site Cleanup Completed (NFA),2009-12-16,Tank,Shunsheng Fu 
633,9100251,910015,1991-01-02,,SUP,1994-12-05 00:00:00,646,,,0.0,,False,False,False,False,False,False,False,,False,0.0,False,False,False,False,0.0,False,False,False,False,False,,Site Cleanup Completed (NFA),1994-08-08,,Eric Sadoyama
634,9101390,940067,1996-06-06,,vforeman,1996-06-06 09:33:36,647,,,0.0,,False,False,False,False,False,False,False,,False,0.0,False,False,False,False,0.0,False,False,False,False,False,,Site Cleanup Completed (NFA),1999-06-08,,Richard Takaba
635,9102328,920096,1992-03-11,2010-10-20,dpark,2010-10-20 14:07:24,648,Responsible Party,Leaking Tank,0.0,Tank Removal,False,False,False,False,False,False,False,,False,0.0,True,True,False,False,0.0,False,False,False,False,False,,Site Cleanup Completed (NFA),2007-06-07,Tank,Darren Park 
636,9701722,910064,1991-02-26,,SUP,1995-01-17 00:00:00,649,,,0.0,,False,False,False,False,False,False,False,,False,0.0,False,False,False,False,0.0,False,False,False,False,False,,Site Cleanup Completed (NFA),2002-04-10,,Jose Ruiz
637,9100114,930074,1993-03-19,,esadoyama,1997-11-10 12:09:11,650,,,0.0,,False,False,False,False,False,False,False,,False,0.0,False,False,False,False,0.0,False,False,False,False,False,,Site Cleanup Completed (NFA),2000-09-05,,Richard Takaba
638,9102617,920136,1992-04-14,,rkwan,2007-03-19 15:44:04,651,,,0.0,,False,False,False,False,False,False,False,,False,0.0,False,False,False,False,0.0,False,False,False,False,False,,Case Transferred to HEER (unregulated),1992-07-15,,To HEER 
639,9201374,920156,1992-05-11,,SUP,1993-09-17 00:00:00,652,,,0.0,,False,False,False,False,False,False,False,,False,0.0,False,False,False,False,0.0,False,False,False,False,False,,Site Cleanup Completed (NFA),1993-01-27,,Not Assigned
640,9500668,940009,1993-11-08,,esadoyama,1997-12-11 10:00:33,653,,,0.0,,False,False,False,False,False,False,False,,False,0.0,False,False,False,False,0.0,False,False,False,False,False,,Site Cleanup Completed (NFA),1996-04-24,,Not Assigned
641,9100890,900007,1996-06-06,,rmaniulit,2000-01-28 10:24:39,654,,,0.0,,False,False,False,False,False,False,False,,False,0.0,False,False,False,False,0.0,False,False,False,False,False,,Site Cleanup Completed (NFA),2000-02-09,,Renato Maniulit
642,9207013,930052,1993-01-22,,rtakaba,2005-04-14 14:24:50,655,,,0.0,,False,False,False,False,False,False,False,,False,0.0,False,False,False,False,0.0,False,False,False,False,False,,Site Cleanup Completed (NFA),2005-05-25,,Chad Pritchard
643,9102150,870005,1996-06-06,,esadoyama,1998-08-27 19:21:09,656,,,0.0,,False,False,False,False,False,False,False,,False,0.0,False,False,False,False,0.0,False,False,False,False,False,,Disconfirmed Release,1998-08-27,,Eric Sadoyama
644,9102744,930075,1993-04-16,,rkwan,2007-03-16 14:27:57,657,,,0.0,,False,False,False,False,False,False,False,,False,0.0,False,False,False,False,0.0,False,False,False,False,False,,Case Transferred to HEER (unregulated),1999-02-18,,To HEER 
645,9201688,900036,1996-06-06,,esadoyama,1997-10-03 10:42:21,658,,,0.0,,False,False,False,False,False,False,False,,False,0.0,False,False,False,False,0.0,False,False,False,False,False,,Site Cleanup Completed (NFA),1997-10-20,,Lene Ichinotsubo
766,9601821,920017,1991-10-26,,RSK,1995-03-21 00:00:00,782,,,0.0,,False,False,False,False,False,False,False,,False,0.0,False,False,False,False,0.0,False,False,False,False,False,,Site Cleanup Completed (NFA),1993-11-23,,Raymond Seid
646,9201029,890008,1996-06-06,2017-03-26,shunsheng.fu,2017-05-17 11:38:56,659,Responsible Party,Leaking Piping,0.0,Other,False,False,False,False,True,True,True,,False,0.0,False,False,False,False,0.0,False,False,False,False,False,,Site Cleanup Completed with EHE/EHMP,2017-04-10,Piping,Shunsheng Fu 
647,9101100,910002,1990-10-29,,esadoyama,1997-12-11 10:05:39,660,,,0.0,,False,False,False,False,False,False,False,,False,0.0,False,False,False,False,0.0,False,False,False,False,False,,Site Cleanup Completed (NFA),1992-12-02,,Sheila Mackenzie
648,9101770,890009,1996-06-06,,rmaniulit,2000-02-14 16:26:39,661,,,0.0,,False,False,False,False,False,False,False,,False,0.0,False,False,False,False,0.0,False,False,False,False,False,,Site Cleanup Completed (NFA),2000-06-22,,Renato Maniulit
649,9600152,920063,1992-02-04,,CJR,1995-12-08 00:00:00,662,,,0.0,,False,False,False,False,False,False,False,,False,0.0,False,False,False,False,0.0,False,False,False,False,False,,Site Cleanup Completed (NFA),1995-10-27,,Roger Brewer
650,9102825,940158,1994-05-09,,SUP,1994-11-09 00:00:00,663,,,0.0,,False,False,False,False,False,False,False,,False,0.0,False,False,False,False,0.0,False,False,False,False,False,,Site Cleanup Completed (NFA),1998-08-18,,Lene Ichinotsubo
651,9102418,910060,1991-04-17,,rtakaba,1999-08-17 15:48:48,664,,,0.0,,False,False,False,False,False,False,False,,False,0.0,False,False,False,False,0.0,False,False,False,False,False,,Site Cleanup Completed (NFA),1999-08-24,,Richard Takaba
652,9601648,960027,1995-12-05,,esadoyama,1997-05-13 09:37:41,665,,,0.0,,False,False,False,False,False,False,False,,False,0.0,False,False,False,False,0.0,False,False,False,False,False,,Site Cleanup Completed (NFA),1996-09-25,,Jose Ruiz
653,9100087,940137,1996-06-06,,vforeman,1996-06-06 09:33:36,666,,,0.0,,False,False,False,False,False,False,False,,False,0.0,False,False,False,False,0.0,False,False,False,False,False,,Site Cleanup Completed (NFA),1999-01-06,,Eric Sadoyama
654,9102240,920123,1992-03-04,,roxanne.kwan,2019-10-16 16:04:42,667,,,0.0,,False,False,False,False,False,False,False,,False,0.0,False,False,False,False,0.0,False,False,False,False,False,,Site Cleanup Completed (NFA),2013-02-19,,To DERA 
655,9102388,940012,1996-06-06,2015-12-28,sfu,2016-02-03 10:52:40,668,Responsible Party,Leaking Tank and Piping,0.0,Tank Removal,False,False,False,False,False,False,False,,False,0.0,True,True,False,False,0.0,False,False,False,False,False,,Site Cleanup Completed with EHE/EHMP,2016-01-29,Tank,Shunsheng Fu 
656,9100525,920006,1991-10-16,,RSK,1995-03-28 00:00:00,669,,,0.0,,False,False,False,False,False,False,False,,False,0.0,False,False,False,False,0.0,False,False,False,False,False,,Site Cleanup Completed (NFA),1994-12-27,,Raymond Seid
657,9100275,890020,1996-06-06,,vforeman,1996-06-06 09:33:36,670,,,0.0,,False,False,False,False,False,False,False,,False,0.0,False,False,False,False,0.0,False,False,False,False,False,,Site Cleanup Completed (NFA),1999-07-20,,Jeffrey Ung
658,9300555,920029,1991-11-26,,rtakaba,2000-09-15 16:03:19,671,,,0.0,,False,False,False,False,False,False,False,,False,0.0,False,False,False,False,0.0,False,False,False,False,False,,Site Cleanup Completed (NFA),2002-06-04,,Shunsheng Fu
659,9102397,940015,1996-06-06,,rmaniulit,1999-09-08 10:53:02,672,,,0.0,,False,False,False,False,False,False,False,,False,0.0,False,False,False,False,0.0,False,False,False,False,False,,Disconfirmed Release,1998-08-03,,Renato Maniulit
660,9600708,940057,1996-06-06,,rtakaba,2006-05-22 14:47:26,673,,,0.0,,False,False,False,False,False,False,False,,False,0.0,False,False,False,False,0.0,False,False,False,False,False,,Site Cleanup Completed (NFA),2000-06-19,,Jeffrey Ung
661,9101396,910006,1990-11-05,,SUP,1994-12-29 00:00:00,674,,,0.0,,False,False,False,False,False,False,False,,False,0.0,False,False,False,False,0.0,False,False,False,False,False,,Site Cleanup Completed (NFA),1999-08-24,,Eric Sadoyama
662,9600479,900025,1996-06-06,,esadoyama,1998-09-09 14:40:12,675,,,0.0,,False,False,False,False,False,False,False,,False,0.0,False,False,False,False,0.0,False,False,False,False,False,,Disconfirmed Release,1994-01-14,,Charley Langer
663,9101540,910038,1991-01-30,,sli,2014-01-28 09:43:32,676,,Unknown,500.0,Tank Removal,True,False,False,False,True,True,False,,False,0.0,True,True,False,False,0.0,False,False,True,False,False,Free Product removal,Site Cleanup Completed with EHE/EHMP,2007-09-18,Unknown,Shaobin Li 
664,9600472,900063,1996-06-06,,esadoyama,1997-05-12 14:11:14,677,,,0.0,,False,False,False,False,False,False,False,,False,0.0,False,False,False,False,0.0,False,False,False,False,False,,Site Cleanup Completed (NFA),1998-02-01,,Jose Ruiz
665,9601312,940171,1994-08-02,,rkwan,2002-01-30 13:58:38,678,,,0.0,,False,False,False,False,False,False,False,,False,0.0,False,False,False,False,0.0,False,False,False,False,False,,Site Cleanup Completed (NFA),1997-09-05,,Steven Okoji
666,9201103,880006,1988-02-23,,CJR,1995-12-13 00:00:00,679,,,0.0,,False,False,False,False,False,False,False,,False,0.0,False,False,False,False,0.0,False,False,False,False,False,,Site Cleanup Completed (NFA),1995-10-27,,Roger Brewer
667,9101772,900117,1996-06-06,,rtakaba,2006-05-22 15:07:06,680,,,0.0,,False,False,False,False,False,False,False,,False,0.0,False,False,False,False,0.0,False,False,False,False,False,,Site Cleanup Completed (NFA),1991-07-01,,David Hodges
668,9201033,940061,1996-06-06,,vforeman,1996-06-06 09:33:36,681,,,0.0,,False,False,False,False,False,False,False,,False,0.0,False,False,False,False,0.0,False,False,False,False,False,,Site Cleanup Completed (NFA),1995-02-07,,Raymond Seid
669,9100337,930096,1993-05-20,,rkwan,2005-04-04 16:50:14,682,,,0.0,,False,False,False,False,False,True,True,,False,0.0,False,False,False,False,0.0,False,False,False,False,False,,Site Cleanup Completed (NFA),2005-09-21,,Shunsheng Fu
670,9100789,930016,1992-10-30,2016-09-06,roxanne.kwan,2017-09-26 15:00:57,683,Responsible Party,Leaking Tank and Piping,0.0,Tank Removal,False,False,False,False,True,True,True,,False,0.0,False,False,False,False,0.0,False,False,False,False,False,,Site Assessment Ongoing,2016-09-06,Tank,Randall Heu 
671,9600701,870004,1996-06-06,,rtakaba,2001-06-01 11:53:21,684,,,0.0,,False,False,False,False,False,False,False,,False,0.0,False,False,False,False,0.0,False,False,False,False,False,,Disconfirmed Release,2001-07-13,,Mark Sutterfield
672,9100901,900056,1996-06-06,,esadoyama,1997-05-09 10:22:27,685,,,0.0,,False,False,False,False,False,False,False,,False,0.0,False,False,False,False,0.0,False,False,False,False,False,,Disconfirmed Release,1993-06-30,,Lene Ichinotsubo
674,9102082,920043,1991-12-18,,SUP,1992-03-02 00:00:00,687,,,0.0,,False,False,False,False,False,False,False,,False,0.0,False,False,False,False,0.0,False,False,False,False,False,,Site Cleanup Completed (NFA),1997-08-27,,Jose Ruiz
675,9201816,940016,1993-04-13,,rkwan,2007-03-19 09:48:48,688,,,0.0,,False,False,False,False,False,False,False,,False,0.0,False,False,False,False,0.0,False,False,False,False,False,,Site Cleanup Completed (NFA),1994-11-23,,To HEER
676,9300556,950070,1995-03-30,,CJR,1995-04-28 00:00:00,689,,,0.0,,False,False,False,False,False,False,False,,False,0.0,False,False,False,False,0.0,False,False,False,False,False,,Site Cleanup Completed (NFA),1997-07-02,,Janet Sherrer
677,9601886,930103,1993-03-17,,rkwan,2007-03-27 15:30:33,690,,,0.0,,False,False,False,False,False,False,False,,False,0.0,False,False,False,False,0.0,False,False,False,False,False,,Site Cleanup Completed (NFA),1993-07-15,,Jose Ruiz
678,9102902,940106,1994-03-08,,esadoyama,1998-12-09 08:43:25,691,,,0.0,,False,False,False,False,False,False,False,,False,0.0,False,False,False,False,0.0,False,False,False,False,False,,Disconfirmed Release,1996-05-20,,Jose Ruiz
679,9100314,960013,1996-06-06,,rkwan,2003-08-25 08:47:57,692,,,0.0,,False,False,False,False,False,False,False,,False,0.0,False,False,False,False,0.0,False,False,False,False,False,,Site Cleanup Completed (NFA),1997-01-29,,Jose Ruiz
680,9101719,930017,1992-10-20,,rtakaba,2002-02-05 15:28:16,693,,,0.0,,False,False,False,False,False,False,False,,False,0.0,False,False,False,False,0.0,False,False,False,False,False,,Site Cleanup Completed (NFA),2002-10-18,,Richard Takaba
681,9500106,880009,1996-06-06,,sfu,2007-05-01 15:15:23,694,,,0.0,,False,False,False,False,True,True,True,,False,0.0,True,False,False,False,0.0,False,False,False,False,False,,Site Cleanup Completed (NFA),2007-03-06,,Shunsheng Fu
682,9701681,950053,1995-11-30,,SUP,1995-03-01 00:00:00,695,,,0.0,,False,False,False,False,False,False,False,,False,0.0,False,False,False,False,0.0,False,False,False,False,False,,Site Cleanup Completed (NFA),1997-10-20,,Steven Okoji
683,9101867,950035,1996-06-06,,esadoyama,1999-05-17 10:22:25,696,,,0.0,,False,False,False,False,False,False,False,,False,0.0,False,False,False,False,0.0,False,False,False,False,False,,Site Cleanup Completed (NFA),2000-06-27,,Jose Ruiz
684,9101032,910076,1991-08-02,,rkwan,1996-12-20 16:22:29,697,,,0.0,,False,False,False,False,False,False,False,,False,0.0,False,False,False,False,0.0,False,False,False,False,False,,Site Cleanup Completed (NFA),1997-06-12,,Jose Ruiz
685,9100809,930064,1993-03-10,,SUP,1994-12-09 00:00:00,698,,,0.0,,False,False,False,False,False,False,False,,False,0.0,False,False,False,False,0.0,False,False,False,False,False,,Site Cleanup Completed (NFA),1996-09-16,,Not Assigned
686,9200329,950028,1996-06-06,,rmaniulit,2000-07-17 15:27:23,699,,,0.0,,False,False,False,False,False,False,False,,False,0.0,False,False,False,False,0.0,False,False,False,False,False,,Site Cleanup Completed (NFA),2000-07-19,,Renato Maniulit
687,9500373,890029,1989-08-10,,RSK,1995-03-14 00:00:00,700,,,0.0,,False,False,False,False,False,False,False,,False,0.0,False,False,False,False,0.0,False,False,False,False,False,,Site Cleanup Completed (NFA),1995-02-28,,Raymond Seid
688,9702543,950114,1995-07-20,,rmaniulit,2000-06-07 09:00:11,701,,,0.0,,False,False,False,False,False,False,False,,False,0.0,False,False,False,False,0.0,False,False,False,False,False,,Site Cleanup Completed (NFA),2000-06-07,,Renato Maniulit
2536,9601316,900127,1990-03-22,2004-07-28,Allison.Hutto,2020-09-04 10:14:51,702,Responsible Party,Leaking Tank and Piping,0.0,Tank Removal,False,False,False,False,False,False,False,,False,0.0,False,False,False,False,0.0,False,False,False,False,False,MNA,Consolidated releases,2020-09-04,Tank,Allison Hutto 
690,9102949,940159,1994-04-12,,esadoyama,1997-09-09 14:07:21,703,,,0.0,,False,False,False,False,False,False,False,,False,0.0,False,False,False,False,0.0,False,False,False,False,False,,Site Cleanup Completed (NFA),1997-09-02,,Eric Sadoyama
691,9201477,930116,1993-07-29,,SUP,1994-08-09 00:00:00,705,,,0.0,,False,False,False,False,False,False,False,,False,0.0,False,False,False,False,0.0,False,False,False,False,False,,Site Cleanup Completed (NFA),1994-08-08,,Jose Ruiz
692,9100229,940143,1994-05-22,,rmaniulit,2000-02-10 15:28:10,706,,,0.0,,False,False,False,False,False,False,False,,False,0.0,False,False,False,False,0.0,False,False,False,False,False,,Site Cleanup Completed (NFA),2000-02-04,,Renato Maniulit
693,9501619,880010,1996-06-06,,vforeman,1996-06-06 09:33:36,707,,,0.0,,False,False,False,False,False,False,False,,False,0.0,False,False,False,False,0.0,False,False,False,False,False,,Site Cleanup Completed (NFA),1997-08-27,,Steven Okoji
694,9103011,950045,1995-01-25,,rtakaba,2002-03-13 12:07:43,708,,,0.0,,False,False,False,False,False,False,False,,False,0.0,False,False,False,False,0.0,False,False,False,False,False,,Site Cleanup Completed (NFA),2002-03-22,,Richard Takaba
695,9201179,940142,1994-05-23,,esadoyama,1998-12-08 14:15:29,709,,,0.0,,False,False,False,False,False,False,False,,False,0.0,False,False,False,False,0.0,False,False,False,False,False,,Site Cleanup Completed (NFA),1999-08-17,,Richard Takaba
696,9102162,890035,1989-07-13,,rkwan,2007-03-19 15:15:42,710,,,0.0,,False,False,False,False,False,False,False,,False,0.0,False,False,False,False,0.0,False,False,False,False,False,,Case Transferred to HEER (unregulated),1992-06-01,,To HEER 
697,9101447,940167,1994-07-07,,rkwan,2000-10-25 13:46:47,711,,,0.0,,False,False,False,False,False,False,False,,False,0.0,False,False,False,False,0.0,False,False,False,False,False,,Site Cleanup Completed (NFA),2001-10-05,,Shaobin Li
698,9102126,950059,1995-03-03,,CJR,1995-05-18 00:00:00,713,,,0.0,,False,False,False,False,False,False,False,,False,0.0,False,False,False,False,0.0,False,False,False,False,False,,Site Cleanup Completed (NFA),1999-10-20,,Jeffrey Ung
699,9103041,950065,1993-04-05,,RSK,1995-03-30 00:00:00,714,,,0.0,,False,False,False,False,False,False,False,,False,0.0,False,False,False,False,0.0,False,False,False,False,False,,Site Cleanup Completed (NFA),1997-10-20,,Lene Ichinotsubo
700,9102441,930130,1993-09-03,,RSK,1995-10-02 00:00:00,715,,,0.0,,False,False,False,False,False,False,False,,False,0.0,False,False,False,False,0.0,False,False,False,False,False,,Site Cleanup Completed (NFA),1994-08-18,,Eric Sadoyama
701,9103033,950129,1995-08-24,,lnagatoshi,1996-07-12 16:00:51,716,,,0.0,,False,False,False,False,False,False,False,,False,0.0,False,False,False,False,0.0,False,False,False,False,False,,Site Cleanup Completed (NFA),1998-04-17,,Lene Ichinotsubo
702,9102596,920141,1991-10-07,,SUP,1993-12-01 00:00:00,717,,,0.0,,False,False,False,False,False,False,False,,False,0.0,False,False,False,False,0.0,False,False,False,False,False,,Site Cleanup Completed (NFA),1993-11-29,,Stanton Enomoto
703,9700685,870006,1996-06-06,,vforeman,1996-06-06 09:33:36,718,,,0.0,,False,False,False,False,False,False,False,,False,0.0,False,False,False,False,0.0,False,False,False,False,False,,Site Cleanup Completed (NFA),1993-11-01,,Eric Sadoyama
704,9102450,920070,1992-02-07,,rmaniulit,2000-04-18 07:53:34,719,,,0.0,,False,False,False,False,False,False,False,,False,0.0,False,False,False,False,0.0,False,False,False,False,False,,Site Cleanup Completed (NFA),2000-04-20,,Renato Maniulit
705,9201033,950136,1995-09-19,,esadoyama,1997-07-14 09:11:31,720,,,0.0,,False,False,False,False,False,False,False,,False,0.0,False,False,False,False,0.0,False,False,False,False,False,,Site Cleanup Completed (NFA),1998-09-08,,Jeffrey Ung
706,9202431,920177,1992-08-13,,SUP,1994-06-09 00:00:00,721,,,0.0,,False,False,False,False,False,False,False,,False,0.0,False,False,False,False,0.0,False,False,False,False,False,,Site Cleanup Completed (NFA),1994-06-09,,Raymond Seid
707,9202043,910055,1991-04-01,,,,722,,,0.0,,False,False,False,False,False,False,False,,False,0.0,False,False,False,False,0.0,False,False,False,False,False,,Disconfirmed Release,1996-03-22,,Roger Brewer
708,9101948,900092,1990-07-23,,CJR,1995-08-21 00:00:00,723,,,0.0,,False,False,False,False,False,False,False,,False,0.0,False,False,False,False,0.0,False,False,False,False,False,,Site Cleanup Completed (NFA),1999-05-04,,Renato Maniulit
709,9103002,950048,1995-01-18,,RSK,1995-03-14 00:00:00,724,,,0.0,,False,False,False,False,False,False,False,,False,0.0,False,False,False,False,0.0,False,False,False,False,False,,Site Cleanup Completed (NFA),1999-08-26,,Renato Maniulit
710,9502166,900004,1996-06-06,,vforeman,1996-06-06 09:33:36,725,,,0.0,,False,False,False,False,False,False,False,,False,0.0,False,False,False,False,0.0,False,False,False,False,False,,Disconfirmed Release,1993-09-21,,Eric Sadoyama
711,9102920,940121,1994-03-30,,sli,1999-11-29 09:39:52,726,,,0.0,,False,False,False,False,False,False,False,,False,0.0,False,False,False,False,0.0,False,False,False,False,False,,Site Cleanup Completed (NFA),1999-12-21,,Shaobin Li
712,9100801,890011,1996-06-06,2018-03-27,shunsheng.fu,2018-05-21 14:25:10,727,Responsible Party,Leaking Tank,0.0,Other,True,False,True,False,False,False,True,,False,0.0,False,False,False,False,0.0,False,False,False,False,False,,Site Cleanup Completed with EHE/EHMP,2018-04-10,Tank,Shunsheng Fu 
713,9101471,940113,1994-04-08,,rmaniulit,2000-03-10 15:28:05,728,,,0.0,,False,False,False,False,False,False,False,,False,0.0,False,False,False,False,0.0,False,False,False,False,False,,Site Cleanup Completed (NFA),2000-03-17,,Renato Maniulit
714,9201510,920183,1992-09-14,2012-03-05,tperry,2012-05-10 10:01:28,729,Responsible Party,Leaking Tank,0.0,Leak Detection,False,False,False,False,False,False,False,,False,0.0,True,False,False,False,0.0,False,False,False,False,False,,Site Cleanup Completed with EHMP,2012-03-21,Tank,Thu Perry 
715,9100832,930001,1992-09-30,,SUP,1994-12-14 00:00:00,730,,,0.0,,False,False,False,False,False,True,True,,False,0.0,False,False,False,False,0.0,False,False,False,False,False,,Site Cleanup Completed (NFA),2005-06-30,,Shunsheng Fu
716,9102704,930012,1996-06-06,,rtakaba,2001-12-03 11:43:31,731,,,0.0,,False,False,False,False,False,False,False,,False,0.0,False,False,False,False,0.0,False,False,False,False,False,,Site Cleanup Completed (NFA),2003-10-06,,Richard Takaba
717,9202427,910039,1991-03-20,,SUP,1994-09-02 00:00:00,732,,,0.0,,False,False,False,False,False,False,False,,False,0.0,False,False,False,False,0.0,False,False,False,False,False,,Site Cleanup Completed (NFA),1999-01-14,,Jose Ruiz
718,9201774,920127,1992-04-03,,rtakaba,2006-05-22 14:52:07,733,,,0.0,,False,False,False,False,False,False,False,,False,0.0,False,False,False,False,0.0,False,False,False,False,False,,Disconfirmed Release,1993-04-12,,Not Assigned
719,9102585,920104,1991-11-25,,rkwan,2007-03-19 15:42:55,734,,,0.0,,False,False,False,False,False,False,False,,False,0.0,False,False,False,False,0.0,False,False,False,False,False,,Case Transferred to HEER (unregulated),1991-11-25,,To HEER 
720,9100917,950004,1994-10-13,,RSK,1996-02-05 00:00:00,735,,,0.0,,False,False,False,False,False,False,False,,False,0.0,False,False,False,False,0.0,False,False,False,False,False,,Site Cleanup Completed (NFA),1995-10-25,,Roger Brewer
721,9101891,870010,1996-06-06,,vforeman,1996-06-06 09:33:36,736,,,0.0,,False,False,False,False,False,False,False,,False,0.0,False,False,False,False,0.0,False,False,False,False,False,,Site Cleanup Completed (NFA),1994-12-07,,Roger Brewer
722,9600590,920079,1992-02-19,,rmaniulit,1999-08-27 10:18:23,737,,,0.0,,False,False,False,False,False,False,False,,False,0.0,False,False,False,False,0.0,False,False,False,False,False,,Site Cleanup Completed (NFA),1999-09-23,,Renato Maniulit
723,9100028,930033,1992-09-29,,CJR,1996-01-08 00:00:00,738,,,0.0,,False,False,False,False,False,False,False,,False,0.0,False,False,False,False,0.0,False,False,False,False,False,,Site Cleanup Completed (NFA),1995-10-02,,Roger Brewer
724,9200739,930054,1992-04-24,,esadoyama,1999-03-05 09:21:57,739,,,0.0,,False,False,False,False,False,False,False,,False,0.0,False,False,False,False,0.0,False,False,False,False,False,,Site Cleanup Completed (NFA),2002-03-05,,Shunsheng Fu
806,9101104,950039,1994-12-27,,rkwan,2007-03-19 14:17:38,822,,,0.0,,False,False,False,False,False,False,False,,False,0.0,False,False,False,False,0.0,False,False,False,False,False,,Case Transferred to HEER (unregulated),2003-09-10,,To HEER
725,9500543,920075,1992-02-05,2009-11-06,sli,2014-01-28 11:22:30,740,Responsible Party,Unknown,0.0,Tank Removal,False,False,False,False,True,False,False,,False,0.0,True,False,False,False,0.0,False,False,False,False,False,,Site Cleanup Completed with EHE/EHMP,2009-11-17,Unknown,Shaobin Li 
726,9102567,920102,1991-11-25,,rkwan,2007-03-21 10:54:28,741,,,0.0,,False,False,False,False,False,False,False,,False,0.0,False,False,False,False,0.0,False,False,False,False,False,,Case Transferred to HEER (unregulated),1991-11-25,,To HEER 
727,9201022,880007,1996-06-06,,vforeman,1996-06-06 09:33:36,742,,,0.0,,False,False,False,False,False,False,False,,False,0.0,False,False,False,False,0.0,False,False,False,False,False,,Site Cleanup Completed (NFA),1997-11-03,,Steven Okoji
728,9601610,960003,1994-03-21,,RSK,1996-01-23 00:00:00,743,,,0.0,,False,False,False,False,False,False,False,,False,0.0,False,False,False,False,0.0,False,False,False,False,False,,Site Cleanup Completed (NFA),1996-02-26,,Eric Sadoyama
729,9600456,900118,1990-09-19,,SUP,1993-11-24 00:00:00,744,,,0.0,,False,False,False,False,False,False,False,,False,0.0,False,False,False,False,0.0,False,False,False,False,False,,Site Cleanup Completed (NFA),1993-11-23,,Sheila Mackenzie
730,9102181,900084,1990-06-13,,SUP,1994-11-18 00:00:00,745,,,0.0,,False,False,False,False,False,False,False,,False,0.0,False,False,False,False,0.0,False,False,False,False,False,,Site Cleanup Completed (NFA),1994-09-26,,Eric Sadoyama
731,9102464,920003,1991-10-14,,RSK,1995-04-25 00:00:00,746,,,0.0,,False,False,False,False,False,False,False,,False,0.0,False,False,False,False,0.0,False,False,False,False,False,,Site Cleanup Completed (NFA),1994-11-10,,Eric Sadoyama
732,9700628,910022,1991-01-24,,SUP,1992-01-03 00:00:00,747,,,0.0,,False,False,False,False,False,False,False,,False,0.0,False,False,False,False,0.0,False,False,False,False,False,,Site Cleanup Completed (NFA),1992-01-03,,Rhonda Goyke
733,9102689,920181,1992-08-24,,esadoyama,1999-09-08 09:32:20,748,,,0.0,,False,False,False,False,False,False,False,,False,0.0,False,False,False,False,0.0,False,False,False,False,False,,Site Cleanup Completed (NFA),1996-08-14,,Jose Ruiz
734,9101829,950002,1994-10-11,,RSK,1995-11-13 00:00:00,749,,,0.0,,False,False,False,False,False,False,False,,False,0.0,False,False,False,False,0.0,False,False,False,False,False,,Site Cleanup Completed (NFA),1996-05-14,,Jose Ruiz
735,9100991,900095,1990-07-27,,CJR,1995-11-22 00:00:00,750,,,0.0,,False,False,False,False,False,False,False,,False,0.0,False,False,False,False,0.0,False,False,False,False,False,,Disconfirmed Release,1990-07-27,,Not Assigned
736,9100247,930097,1993-06-14,,esadoyama,1997-11-21 08:52:39,751,,,0.0,,False,False,False,False,False,False,False,,False,0.0,False,False,False,False,0.0,False,False,False,False,False,,Site Cleanup Completed (NFA),1995-10-11,,Eric Sadoyama
737,9101028,910014,1990-10-22,,SUP,1994-12-19 00:00:00,752,,,0.0,,False,False,False,False,False,False,False,,False,0.0,False,False,False,False,0.0,False,False,False,False,False,,Site Cleanup Completed (NFA),1999-08-11,,Jose Ruiz
738,9601615,930089,1993-05-16,,SUP,1994-03-07 00:00:00,753,,,0.0,,False,False,False,False,False,False,False,,False,0.0,False,False,False,False,0.0,False,False,False,False,False,,Site Cleanup Completed (NFA),1994-02-25,,Jose Ruiz
739,9101438,950060,1995-02-21,,esadoyama,1999-08-25 14:28:07,754,,,0.0,,False,False,False,False,False,False,False,,False,0.0,False,False,False,False,0.0,False,False,False,False,False,,Site Cleanup Completed (NFA),1999-12-13,,Richard Takaba
740,9102814,940144,1994-05-23,,rkwan,2007-03-16 14:29:19,755,,,0.0,,False,False,False,False,False,False,False,,False,0.0,False,False,False,False,0.0,False,False,False,False,False,,Case Transferred to HEER (unregulated),2003-07-30,,To HEER 
741,9601632,950026,1996-06-06,,vforeman,1996-06-06 09:33:36,756,,,0.0,,False,False,False,False,False,False,False,,False,0.0,False,False,False,False,0.0,False,False,False,False,False,,Site Cleanup Completed (NFA),1994-12-05,,Roger Brewer
742,9202893,940079,1994-02-01,,CJR,1995-12-15 00:00:00,757,,,0.0,,False,False,False,False,False,False,False,,False,0.0,False,False,False,False,0.0,False,False,False,False,False,,Site Cleanup Completed (NFA),1995-11-08,,Steven Okoji
743,9701561,940097,1996-06-06,,esadoyama,1997-12-16 14:09:34,758,,,0.0,,False,False,False,False,False,False,False,,False,0.0,False,False,False,False,0.0,False,False,False,False,False,,Disconfirmed Release,1997-11-18,,Jose Ruiz
744,9102108,950067,1993-04-05,,roxanne.kwan,2023-10-25 13:56:59,759,,,0.0,,True,False,False,False,True,False,False,,False,0.0,True,False,False,False,0.0,False,False,False,False,False,,Case Transferred to HEER (unregulated),2004-09-09,,To HEER 
745,9201776,920174,1992-08-13,,rtakaba,2006-05-22 14:57:04,760,,,0.0,,False,False,False,False,False,False,False,,False,0.0,False,False,False,False,0.0,False,False,False,False,False,,Site Cleanup Completed (NFA),1996-04-16,,Not Assigned
746,9102681,940132,1994-06-07,,lnagatoshi,1996-07-30 15:20:47,761,,,0.0,,False,False,False,False,False,False,False,,False,0.0,False,False,False,False,0.0,False,False,False,False,False,,Site Cleanup Completed (NFA),1996-07-05,,Jose Ruiz
747,9100743,910058,1991-05-31,,CJR,1996-02-27 00:00:00,762,,,0.0,,False,False,False,False,False,False,False,,False,0.0,False,False,False,False,0.0,False,False,False,False,False,,Site Cleanup Completed (NFA),1997-11-19,,Steven Okoji
748,9300545,890021,1996-06-06,,esadoyama,1997-05-13 09:31:31,763,,,0.0,,False,False,False,False,False,False,False,,False,0.0,False,False,False,False,0.0,False,False,False,False,False,,Site Cleanup Completed (NFA),1996-10-30,,Janet Sherrer
749,9500407,950049,1995-01-24,,SUP,1995-02-08 00:00:00,764,,,0.0,,False,False,False,False,False,False,False,,False,0.0,False,False,False,False,0.0,False,False,False,False,False,,Site Cleanup Completed (NFA),1996-07-05,,Jose Ruiz
750,9100305,910066,1991-04-29,,SUP,1994-12-08 00:00:00,765,,,0.0,,False,False,False,False,False,False,False,,False,0.0,False,False,False,False,0.0,False,False,False,False,False,,Site Cleanup Completed (NFA),1998-07-22,,Lene Ichinotsubo
751,9600596,890016,1996-06-06,,vforeman,1996-06-06 09:33:36,766,,,0.0,,False,False,False,False,False,False,False,,False,0.0,False,False,False,False,0.0,False,False,False,False,False,,Site Cleanup Completed (NFA),1994-08-09,,Raymond Seid
753,9102131,900031,1996-06-06,,esadoyama,1997-05-08 08:45:59,768,,,0.0,,False,False,False,False,False,False,False,,False,0.0,False,False,False,False,0.0,False,False,False,False,False,,Site Cleanup Completed (NFA),1997-07-31,,David Hodges
754,9102576,920113,1991-11-25,,rkwan,2007-03-19 15:30:54,769,,,0.0,,False,False,False,False,False,False,False,,False,0.0,False,False,False,False,0.0,False,False,False,False,False,,Case Transferred to HEER (unregulated),1997-10-17,,To HEER 
755,9200018,910025,1991-03-14,,RSK,1996-02-12 00:00:00,770,,,0.0,,False,False,False,False,False,False,False,,False,0.0,False,False,False,False,0.0,False,False,False,False,False,,Site Cleanup Completed (NFA),1996-01-29,,Jose Ruiz
756,9100246,890007,1996-06-06,,esadoyama,1997-12-17 15:47:04,771,,,0.0,,False,False,False,False,False,False,False,,False,0.0,False,False,False,False,0.0,False,False,False,False,False,,Site Cleanup Completed (NFA),1997-07-31,,Steven Okoji
757,9601617,920072,1992-01-31,,esadoyama,1997-09-12 13:46:34,772,,,0.0,,False,False,False,False,False,False,False,,False,0.0,False,False,False,False,0.0,False,False,False,False,False,,Site Cleanup Completed (NFA),1998-09-24,,Lene Ichinotsubo
758,9503014,950121,1995-08-02,,rtakaba,2001-06-01 11:53:00,773,,,0.0,,False,False,False,False,False,False,False,,False,0.0,False,False,False,False,0.0,False,False,False,False,False,,Site Cleanup Completed (NFA),2002-01-14,,Mark Sutterfield
759,9101726,940069,1996-06-06,,rkwan,2007-03-19 14:52:37,774,,,0.0,,False,False,False,False,False,False,False,,False,0.0,False,False,False,False,0.0,False,False,False,False,False,,Case Transferred to HEER (unregulated),1994-08-12,,To HEER
760,9102976,940189,1994-09-01,,CJR,1995-05-26 00:00:00,775,,,0.0,,False,False,False,False,False,False,False,,False,0.0,False,False,False,False,0.0,False,False,False,False,False,,Site Cleanup Completed (NFA),1995-05-10,,Roger Brewer
761,9101949,910019,1990-12-21,,rkwan,2007-03-19 14:55:52,777,,,0.0,,False,False,False,False,False,False,False,,False,0.0,False,False,False,False,0.0,False,False,False,False,False,,Case Transferred to HEER (unregulated),1995-08-31,,To HEER 
762,9101143,940199,1994-09-27,,RSK,1996-02-08 00:00:00,778,,,0.0,,False,False,False,False,False,False,False,,False,0.0,False,False,False,False,0.0,False,False,False,False,False,,Site Cleanup Completed (NFA),1999-02-03,,Jeffrey Ung
763,9600705,910018,1991-02-04,,,,779,,,0.0,,False,False,False,False,False,False,False,,False,0.0,False,False,False,False,0.0,False,False,False,False,False,,Site Cleanup Completed (NFA),1998-02-05,,Jose Ruiz
764,9601707,890033,1996-06-06,,rkwan,2007-03-20 16:00:44,780,,,0.0,,False,False,False,False,False,False,False,,False,0.0,False,False,False,False,0.0,False,False,False,False,False,,Case Transferred to HEER (unregulated),1992-05-13,,To HEER
765,9100228,890006,1996-06-06,2009-03-25,rtakaba,2009-04-03 16:05:16,781,Responsible Party,Leaking Tank,2000.0,Tank Removal,True,False,True,False,True,True,True,,False,0.0,True,True,False,False,0.0,False,False,False,False,False,,Site Cleanup Completed (NFA),2009-03-25,Tank,Richard Takaba 
767,9100328,940190,1994-08-29,,rmaniulit,2000-06-29 08:06:39,783,,,0.0,,False,False,False,False,False,False,False,,False,0.0,False,False,False,False,0.0,False,False,False,False,False,,Site Cleanup Completed (NFA),2000-07-07,,Renato Maniulit
768,9101545,930124,1993-08-25,,CJR,1995-06-14 00:00:00,784,,,0.0,,False,False,False,False,False,False,False,,False,0.0,False,False,False,False,0.0,False,False,False,False,False,,Site Cleanup Completed (NFA),2000-06-09,,Richard Takaba
769,9101519,940027,1996-06-06,,vforeman,1996-06-06 09:33:36,785,,,0.0,,False,False,False,False,False,False,False,,False,0.0,False,False,False,False,0.0,False,False,False,False,False,,Site Cleanup Completed (NFA),1993-01-08,,Scott Lewis
770,9102096,950076,1995-04-21,2010-08-03,dpark,2010-08-03 10:25:05,786,Responsible Party,Leaking Tank,0.0,Tank Removal,False,False,True,False,True,True,True,2007-10-24,False,0.0,True,True,False,False,0.0,False,False,False,False,False,,Site Cleanup Completed (NFA),2010-03-29,Tank,Darren Park 
771,9102307,940032,1996-06-06,,sliu,2001-07-30 10:17:50,787,,,0.0,,False,False,False,False,False,False,False,,False,0.0,False,False,False,False,0.0,False,False,False,False,False,,Site Cleanup Completed (NFA),2001-04-23,,Shumin Liu
772,9102395,940013,1996-06-06,,rkwan,2007-03-15 15:19:37,788,,,0.0,,False,False,False,False,False,False,False,,False,0.0,False,False,False,False,0.0,False,False,False,False,False,,Case Transferred to HEER (unregulated),2003-05-15,,To HEER 
773,9102901,950007,1994-10-12,,lnagatoshi,1996-07-01 14:00:51,789,,,0.0,,False,False,False,False,False,False,False,,False,0.0,False,False,False,False,0.0,False,False,False,False,False,,Site Cleanup Completed (NFA),1995-08-31,,Jose Ruiz
774,9100915,910078,1991-07-15,,RSK,1995-11-03 00:00:00,790,,,0.0,,False,False,False,False,False,False,False,,False,0.0,False,False,False,False,0.0,False,False,False,False,False,,Site Cleanup Completed (NFA),1996-05-13,,Eric Sadoyama
775,9702180,900083,1990-06-19,,SUP,1993-04-05 00:00:00,791,,,0.0,,False,False,False,False,False,False,False,,False,0.0,False,False,False,False,0.0,False,False,False,False,False,,Site Cleanup Completed (NFA),1999-08-11,,Jose Ruiz
776,9103032,960023,1995-11-09,2014-07-30,jnagashima,2014-09-15 14:33:12,792,,Leaking Tank,0.0,Tank Removal,False,False,False,False,False,False,False,,False,0.0,True,False,False,False,0.0,False,False,False,False,False,,Site Cleanup Completed with EHE/EHMP,2014-08-21,Tank,Josh Nagashima 
777,9100934,930056,1993-02-17,,SUP,1994-12-13 00:00:00,793,,,0.0,,False,False,False,False,False,False,False,,False,0.0,False,False,False,False,0.0,False,False,False,False,False,,Site Cleanup Completed (NFA),1994-10-07,,Steven Okoji
778,9101919,900071,1996-06-06,,vforeman,1996-06-06 09:33:36,794,,,0.0,,False,False,False,False,False,False,False,,False,0.0,False,False,False,False,0.0,False,False,False,False,False,,Site Cleanup Completed (NFA),1993-09-08,,Not Assigned
779,9100080,910028,1991-03-06,,CJR,1995-11-01 00:00:00,795,,,0.0,,False,False,False,False,False,False,False,,False,0.0,False,False,False,False,0.0,False,False,False,False,False,,Site Cleanup Completed (NFA),1995-10-06,,Roger Brewer
780,9700896,900126,1990-06-27,,rtakaba,2001-06-01 11:54:40,796,,,0.0,,False,False,False,False,False,False,False,,False,0.0,False,False,False,False,0.0,False,False,False,False,False,,Site Cleanup Completed (NFA),2001-08-02,,Mark Sutterfield
781,9102160,890025,1989-07-12,,esadoyama,1997-10-21 09:44:38,797,,,0.0,,False,False,False,False,False,False,False,,False,0.0,False,False,False,False,0.0,False,False,False,False,False,,Site Cleanup Completed (NFA),1993-04-12,,Raymond Seid
782,9202167,900008,1989-11-14,,SUP,1993-09-22 00:00:00,798,,,0.0,,False,False,False,False,False,False,False,,False,0.0,False,False,False,False,0.0,False,False,False,False,False,,Site Cleanup Completed (NFA),1997-12-22,,Jose Ruiz
783,9100196,950115,1995-07-21,,CJR,1996-02-26 00:00:00,799,,,0.0,,False,False,False,False,False,False,False,,False,0.0,False,False,False,False,0.0,False,False,False,False,False,,Site Cleanup Completed (NFA),2002-09-25,,Shunsheng Fu
784,9100224,960030,1995-12-05,,rkwan,2011-08-15 15:55:13,800,,,0.0,,False,False,False,False,False,False,True,,False,0.0,True,False,True,False,0.0,False,False,False,False,False,,Site Cleanup Completed (NFA),2011-06-01,,To VRP 
785,9202010,920023,1991-10-23,,SUP,1994-05-26 00:00:00,801,,,0.0,,False,False,False,False,False,False,False,,False,0.0,False,False,False,False,0.0,False,False,False,False,False,,Site Cleanup Completed (NFA),1994-05-26,,Roger Brewer
786,9501254,920163,1992-05-19,,SUP,1992-06-01 00:00:00,802,,,0.0,,False,False,False,False,False,False,False,,False,0.0,False,False,False,False,0.0,False,False,False,False,False,,Site Cleanup Completed (NFA),1997-11-10,,Steven Okoji
787,9102083,950118,1995-07-25,2013-09-05,jnagashima,2013-11-04 11:39:35,803,Responsible Party,Leaking Tank,0.0,Tank Removal,False,False,False,False,False,False,False,,False,0.0,True,False,False,False,0.0,False,False,False,False,False,,Site Cleanup Completed with EHMP,2013-09-11,Tank,Josh Nagashima 
788,9600709,920168,1992-06-25,,CJR,1995-11-06 00:00:00,804,,,0.0,,False,False,False,False,False,False,False,,False,0.0,False,False,False,False,0.0,False,False,False,False,False,,Site Cleanup Completed (NFA),1995-10-02,,Roger Brewer
789,9708013,940088,1994-02-15,,SUP,1994-02-24 00:00:00,805,,,0.0,,False,False,False,False,False,False,False,,False,0.0,False,False,False,False,0.0,False,False,False,False,False,,Site Cleanup Completed (NFA),1998-11-25,,Jose Ruiz
790,9101826,930013,1996-06-06,,rtakaba,2001-12-03 11:42:16,806,,,0.0,,False,False,False,False,False,False,False,,False,0.0,False,False,False,False,0.0,False,False,False,False,False,,Site Cleanup Completed (NFA),2003-10-06,,Richard Takaba
791,9102947,940156,1994-06-04,,rtakaba,2006-02-21 16:47:41,807,,,0.0,,True,False,False,False,True,False,False,,False,0.0,False,False,False,False,0.0,False,False,False,False,False,,Site Cleanup Completed (NFA),2006-03-08,,Richard Takaba
792,9102650,930027,1992-11-25,,rkwan,2000-09-08 09:29:05,808,,,0.0,,False,False,False,False,False,False,False,,False,0.0,False,False,False,False,0.0,False,False,False,False,False,,Site Cleanup Completed (NFA),1997-09-03,,Lene Ichinotsubo
793,9100031,920008,1991-10-25,,CJR,1996-02-08 00:00:00,809,,,0.0,,False,False,False,False,False,False,False,,False,0.0,False,False,False,False,0.0,False,False,False,False,False,,Site Cleanup Completed (NFA),1999-03-10,,Eric Sadoyama
795,9100300,940002,1996-06-06,,vforeman,1996-06-06 09:33:36,811,,,0.0,,False,False,False,False,False,False,False,,False,0.0,False,False,False,False,0.0,False,False,False,False,False,,Disconfirmed Release,1999-04-22,,Richard Takaba
796,9100799,890002,1996-06-06,2009-08-24,dpark,2009-08-24 14:09:19,812,Responsible Party,Leaking Tank,0.0,Tank Removal,True,False,False,False,True,False,True,,False,,True,False,False,False,0.0,False,False,False,False,False,,Site Cleanup Completed (NFA),2009-02-04,Tank,Darren Park 
797,9500914,930066,1993-03-17,,esadoyama,1997-12-22 08:13:51,813,,,0.0,,False,False,False,False,False,False,False,,False,0.0,False,False,False,False,0.0,False,False,False,False,False,,Site Cleanup Completed (NFA),1997-09-26,,David Hodges
798,9101837,930057,1993-03-02,,RSK,1996-03-04 00:00:00,814,,,0.0,,False,False,False,False,False,False,False,,False,0.0,False,False,False,False,0.0,False,False,False,False,False,,Site Cleanup Completed (NFA),1998-10-06,,Eric Sadoyama
799,9100763,900059,1996-06-06,,rkwan,2007-03-20 15:58:30,815,,,0.0,,True,False,False,False,False,False,True,,False,0.0,True,False,False,False,0.0,False,False,False,False,False,,Case Transferred to HEER (unregulated),2004-11-17,,To HEER 
800,9200025,910007,1990-12-14,2010-03-23,roxanne.kwan,2018-07-26 15:25:58,816,Responsible Party,Leaking Tank,0.0,Tank Removal,False,False,False,False,True,False,True,,False,0.0,True,False,False,False,0.0,False,False,False,False,False,,Site Cleanup Completed (NFA),2010-03-29,Tank,Josh Nagashima 
801,9103031,950125,1995-08-22,,lnagatoshi,1996-07-12 15:15:50,817,,,0.0,,False,False,False,False,False,False,False,,False,0.0,False,False,False,False,0.0,False,False,False,False,False,,Site Cleanup Completed (NFA),1998-07-22,,Lene Ichinotsubo
802,9201209,950132,1996-06-06,2016-05-18,roxanne.kwan,2023-04-05 14:04:26,818,Responsible Party,Leaking Tank and Piping,0.0,Tank Removal,True,False,False,False,True,False,False,,False,0.0,True,False,False,False,0.0,False,False,False,True,True,"ORC- Advanced, RegenOx",Site Cleanup Completed with EHE/EHMP,2018-09-27,Unknown,Randall Heu 
803,9700445,940186,1994-08-17,,rkwan,2007-03-19 16:19:11,819,,,0.0,,False,False,False,False,False,False,False,,False,0.0,False,False,False,False,0.0,False,False,False,False,False,,Case Transferred to HEER (unregulated),1997-10-17,,To HEER 
804,9102991,950040,1994-12-29,,CJR,1995-04-21 00:00:00,820,,,0.0,,False,False,False,False,False,False,False,,False,0.0,False,False,False,False,0.0,False,False,False,False,False,,Site Cleanup Completed (NFA),1997-07-31,,Jose Ruiz
805,9601041,950024,1994-11-23,,RSK,1995-09-28 00:00:00,821,,,0.0,,False,False,False,False,False,False,False,,False,0.0,False,False,False,False,0.0,False,False,False,False,False,,Site Cleanup Completed (NFA),1995-03-31,,Roger Brewer
807,9302563,930029,1992-12-09,,SUP,1993-10-01 00:00:00,823,,,0.0,,False,False,False,False,False,False,False,,False,0.0,False,False,False,False,0.0,False,False,False,False,False,,Site Cleanup Completed (NFA),1997-09-17,,Jeffrey Ung
808,9101003,910074,1991-06-18,,SUP,1994-05-13 00:00:00,824,,,0.0,,False,False,False,False,False,False,False,,False,0.0,False,False,False,False,0.0,False,False,False,False,False,,Disconfirmed Release,1996-04-15,,Lene Ichinotsubo
809,9202035,940124,1994-03-30,,rkwan,2001-02-15 12:48:43,825,,,0.0,,False,False,False,False,False,False,False,,False,0.0,False,False,False,False,0.0,False,False,False,False,False,,Site Cleanup Completed (NFA),1998-11-23,,Jeffrey Ung
810,9102594,920139,1991-07-25,,SUP,1993-12-23 00:00:00,826,,,0.0,,False,False,False,False,False,False,False,,False,0.0,False,False,False,False,0.0,False,False,False,False,False,,Site Cleanup Completed (NFA),1993-12-20,,Stanton Enomoto
811,9201835,940041,1996-06-06,,rtakaba,2001-05-22 13:53:30,827,,,0.0,,False,False,False,False,False,False,False,,False,0.0,False,False,False,False,0.0,False,False,False,False,False,,Site Cleanup Completed (NFA),2001-08-29,,Mark Sutterfield
812,9202421,940145,1994-05-23,,rkwan,2000-04-26 11:02:38,828,,,0.0,,False,False,False,False,False,False,False,,False,0.0,False,False,False,False,0.0,False,False,False,False,False,,Site Cleanup Completed (NFA),1999-10-08,,Shaobin Li
813,9101278,910059,1991-07-02,,esadoyama,1997-10-16 14:23:20,829,,,0.0,,False,False,False,False,False,False,False,,False,0.0,False,False,False,False,0.0,False,False,False,False,False,,Site Cleanup Completed (NFA),1993-10-25,,Jose Ruiz
814,9100316,950036,1994-12-22,,esadoyama,1997-07-14 09:11:11,830,,,0.0,,False,False,False,False,False,False,False,,False,0.0,False,False,False,False,0.0,False,False,False,False,False,,Site Cleanup Completed (NFA),1997-10-17,,Steven Okoji
815,9102556,920093,1992-01-21,,SUP,1992-12-10 00:00:00,831,,,0.0,,False,False,False,False,False,False,False,,False,0.0,False,False,False,False,0.0,False,False,False,False,False,,Site Cleanup Completed (NFA),1996-09-20,,Jose Ruiz
816,9600712,940188,1994-08-24,,RSK,1995-09-05 00:00:00,832,,,0.0,,False,False,False,False,False,False,False,,False,0.0,False,False,False,False,0.0,False,False,False,False,False,,Site Cleanup Completed (NFA),1994-12-30,,Eric Sadoyama
817,9502432,910086,1991-09-03,,esadoyama,1997-12-11 10:02:14,833,,,0.0,,False,False,False,False,False,False,False,,False,0.0,False,False,False,False,0.0,False,False,False,False,False,,Site Cleanup Completed (NFA),1994-07-18,,Roger Brewer
818,9201435,930034,1992-12-10,,rkwan,2007-03-19 15:56:11,834,,,0.0,,False,False,False,False,False,False,False,,False,0.0,False,False,False,False,0.0,False,False,False,False,False,,Case Transferred to HEER (unregulated),1994-11-17,,To HEER 
819,9202019,920087,1991-11-18,,rkwan,1997-10-01 16:34:58,835,,,0.0,,False,False,False,False,False,False,False,,False,0.0,False,False,False,False,0.0,False,False,False,False,False,,Site Cleanup Completed (NFA),1997-10-20,,Steven Okoji
820,9200502,940087,1994-02-07,,rkwan,1996-12-02 15:51:13,836,,,0.0,,False,False,False,False,False,False,False,,False,0.0,False,False,False,False,0.0,False,False,False,False,False,,Site Cleanup Completed (NFA),1997-02-14,,Janet Sherrer
821,9102929,940160,1994-06-24,,SUP,1994-07-07 00:00:00,837,,,0.0,,False,False,False,False,False,False,False,,False,0.0,False,False,False,False,0.0,False,False,False,False,False,,Site Cleanup Completed (NFA),1999-06-08,,Renato Maniulit
822,9201702,910083,1991-07-09,,CJR,1996-02-13 00:00:00,838,,,0.0,,False,False,False,False,False,False,False,,False,0.0,False,False,False,False,0.0,False,False,False,False,False,,Site Cleanup Completed (NFA),1996-01-12,,Steven Okoji
823,9200098,940063,1996-06-06,2019-03-02,roxanne.kwan,2019-03-13 17:45:50,839,Responsible Party,Leaking Tank,0.0,Tank Removal,False,False,False,False,True,False,True,,False,0.0,True,False,True,False,0.0,True,False,False,False,False,,Soil Vapor Sampling,2017-04-21,Tank,Randall Heu 
824,9102179,900078,1990-05-30,,rkwan,2001-11-02 10:56:32,840,,,0.0,,False,False,False,False,False,False,False,,False,0.0,False,False,False,False,0.0,False,False,False,False,False,,Disconfirmed Release,2002-07-10,,Jose Ruiz
825,9102300,930024,1992-11-24,,rkwan,2011-07-26 11:15:27,841,,,0.0,,False,False,False,False,False,False,False,,False,0.0,False,False,False,False,0.0,False,False,False,False,False,,Site Cleanup Completed (NFA),2011-06-27,,To DERA 
826,9102603,920144,1992-01-06,,rtakaba,2006-05-22 15:37:46,842,,,0.0,,False,False,False,False,False,False,False,,False,0.0,False,False,False,False,0.0,False,False,False,False,False,,Site Cleanup Completed (NFA),1993-12-06,,Stanton Enomoto
827,9101505,940119,1994-03-30,,CJR,1995-12-01 00:00:00,843,,,0.0,,False,False,False,False,False,False,False,,False,0.0,False,False,False,False,0.0,False,False,False,False,False,,Site Cleanup Completed (NFA),1999-11-29,,Shaobin Li
828,9102228,940073,1996-06-06,,roxanne.kwan,2023-10-25 15:29:31,844,,,0.0,,False,False,False,False,False,False,False,,False,0.0,False,False,False,False,0.0,False,False,False,False,False,,Case Transferred to HEER (unregulated),1994-08-12,,To HEER 
829,9100189,870009,1996-06-06,,esadoyama,1997-05-08 08:38:18,845,,,0.0,,False,False,False,False,False,False,False,,False,0.0,False,False,False,False,0.0,False,False,False,False,False,,Site Cleanup Completed (NFA),1996-08-05,,David Hodges
830,9101425,900044,1996-06-06,2009-09-24,rtakaba,2009-10-07 11:37:25,846,Responsible Party,Leaking Tank,0.0,Tank Removal,False,False,False,False,True,True,True,,False,0.0,True,True,False,False,0.0,False,True,False,False,False,,Site Cleanup Completed (NFA),2009-10-01,Tank,Richard Takaba 
831,9201144,940024,1996-06-06,,LNAGATOSHI,1996-08-20 15:03:58,847,,,0.0,,False,False,False,False,False,False,False,,False,0.0,False,False,False,False,0.0,False,False,False,False,False,,Site Cleanup Completed (NFA),1996-02-13,,Roger Brewer
832,9200068,940175,1994-08-10,,RSK,1996-02-23 00:00:00,848,,,0.0,,False,False,False,False,False,False,False,,False,0.0,False,False,False,False,0.0,False,False,False,False,False,,Site Cleanup Completed (NFA),1998-04-01,,Jose Ruiz
833,9101119,870008,1996-06-06,,vforeman,1996-06-06 09:33:36,849,,,0.0,,False,False,False,False,False,False,False,,False,0.0,False,False,False,False,0.0,False,False,False,False,False,,Site Cleanup Completed (NFA),1994-12-27,,Raymond Seid
834,9603001,950023,1994-11-21,,rkwan,2007-03-19 16:17:31,850,,,0.0,,False,False,False,False,False,False,False,,False,0.0,False,False,False,False,0.0,False,False,False,False,False,,Case Transferred to HEER (unregulated),1997-08-25,,To HEER 
835,9102977,950122,1995-08-08,,esadoyama,1999-03-05 09:01:34,851,,,0.0,,False,False,False,False,False,False,False,,False,0.0,False,False,False,False,0.0,False,False,False,False,False,,Site Cleanup Completed (NFA),2002-05-10,,Shunsheng Fu
836,9100893,910017,1991-01-30,,CJR,1996-02-27 00:00:00,852,,,0.0,,False,False,False,False,False,False,False,,False,0.0,False,False,False,False,0.0,False,False,False,False,False,,Site Cleanup Completed (NFA),1996-02-13,,Lene Ichinotsubo
837,9102965,940173,1994-08-06,,rtakaba,2006-01-30 14:26:28,853,,,0.0,,False,False,False,False,False,False,False,,False,0.0,False,False,False,False,0.0,False,False,False,False,False,,Site Cleanup Completed (NFA),2005-08-30,,Richard Takaba
838,9601042,940164,1994-07-05,,SUP,1995-02-09 00:00:00,854,,,0.0,,False,False,False,False,False,False,False,,False,0.0,False,False,False,False,0.0,False,False,False,False,False,,Site Cleanup Completed (NFA),1994-11-21,,Roger Brewer
839,9600480,940182,1994-04-25,,SUP,1994-09-15 00:00:00,855,,,0.0,,False,False,False,False,False,False,False,,False,0.0,False,False,False,False,0.0,False,False,False,False,False,,Site Cleanup Completed (NFA),1994-08-18,,Eric Sadoyama
840,9102583,920106,1991-11-25,,rkwan,2007-03-19 13:37:57,856,,,0.0,,False,False,False,False,False,False,False,,False,0.0,False,False,False,False,0.0,False,False,False,False,False,,Case Transferred to HEER (unregulated),1999-10-15,,To HEER 
841,9201763,900001,1996-06-06,,esadoyama,1998-04-21 15:50:45,857,,,0.0,,False,False,False,False,False,False,False,,False,0.0,False,False,False,False,0.0,False,False,False,False,False,,Site Cleanup Completed (NFA),1993-12-14,,Raymond Seid
842,9600580,940050,1996-06-06,,esadoyama,1997-10-16 12:19:58,858,,,0.0,,False,False,False,False,False,False,False,,False,0.0,False,False,False,False,0.0,False,False,False,False,False,,Site Cleanup Completed (NFA),1998-01-23,,Lene Ichinotsubo
843,9102200,910036,1991-02-05,,SUP,1995-01-04 00:00:00,859,,,0.0,,False,False,False,False,False,False,False,,False,0.0,False,False,False,False,0.0,False,False,False,False,False,,Site Cleanup Completed (NFA),2003-02-10,,Jose Ruiz
844,9202322,930068,1993-03-03,,roxanne.kwan,2023-10-23 11:33:30,860,,,0.0,,False,False,False,False,False,False,False,,False,0.0,False,False,False,False,0.0,False,False,False,False,False,,Case Transferred to HEER (unregulated),1997-10-29,,To HEER 
845,9701243,880019,1996-06-06,,esadoyama,1997-10-10 10:28:15,861,,,0.0,,False,False,False,False,False,False,False,,False,0.0,False,False,False,False,0.0,False,False,False,False,False,,Site Cleanup Completed (NFA),1999-05-13,,Richard Takaba
885,9601943,920005,1991-10-16,,SUP,1991-11-25 00:00:00,901,,,0.0,,False,False,False,False,False,False,False,,False,0.0,False,False,False,False,0.0,False,False,False,False,False,,Site Cleanup Completed (NFA),1999-01-20,,David Hodges
846,9101391,950047,1995-01-23,2022-11-17,Allison.Hutto,2023-01-05 09:12:31,862,Responsible Party,Leaking Tank and Piping,0.0,Tank Removal,False,False,True,False,True,True,True,,False,0.0,True,True,False,False,0.0,False,False,False,False,False,,LUST Cleanup Initiated,2020-01-29,Tank,Allison Hutto 
847,9101356,930106,1990-06-30,,esadoyama,1997-09-12 12:42:59,863,,,0.0,,False,False,False,False,False,False,False,,False,0.0,False,False,False,False,0.0,False,False,False,False,False,,Site Cleanup Completed (NFA),1997-06-20,,Eric Sadoyama
848,9101150,920064,1996-06-06,,rkwan,1999-03-04 12:33:17,864,,,0.0,,False,False,False,False,False,False,False,,False,0.0,False,False,False,False,0.0,False,False,False,False,False,,Site Cleanup Completed (NFA),2000-02-11,,Jeffrey Ung
849,9601320,930099,1996-06-06,,vforeman,1996-06-06 09:33:36,865,,,0.0,,False,False,False,False,False,False,False,,False,0.0,False,False,False,False,0.0,False,False,False,False,False,,Site Cleanup Completed (NFA),2002-06-19,,Jose Ruiz
850,9502448,920122,1992-03-30,,rkwan,2002-07-25 10:04:20,866,,,0.0,,False,False,False,False,False,False,False,,False,0.0,False,False,False,False,0.0,False,False,False,False,False,,Site Cleanup Completed (NFA),2006-10-16,,Shunsheng Fu
851,9102572,920068,1991-11-25,,rkwan,2008-10-30 11:37:09,867,,,0.0,,False,False,False,False,False,False,False,,False,0.0,False,False,False,False,0.0,False,False,False,False,False,,Site Cleanup Completed (NFA),1998-11-23,,To HEER 
852,9500956,900017,1996-06-06,,vforeman,1996-06-06 09:33:36,868,,,0.0,,False,False,False,False,False,False,False,,False,0.0,False,False,False,False,0.0,False,False,False,False,False,,Site Cleanup Completed (NFA),1999-08-26,,Renato Maniulit
853,9500422,920014,1991-11-01,2011-01-31,sfu,2011-02-16 14:33:28,869,Responsible Party,Leaking Tank and Piping,0.0,Tank Removal,False,False,False,False,False,False,True,,False,0.0,True,False,False,False,0.0,False,False,False,False,False,,Site Cleanup Completed (NFA),2011-02-11,Tank,Shunsheng Fu 
854,9100048,920185,1992-07-15,,esadoyama,1999-03-04 08:18:41,870,,,0.0,,False,False,False,False,False,False,False,,False,0.0,False,False,False,False,0.0,False,False,False,False,False,,Site Cleanup Completed (NFA),2001-10-09,,Shunsheng Fu
855,9102062,920062,1991-11-25,,rkwan,2007-03-19 15:01:18,871,,,0.0,,False,False,False,False,False,False,False,,False,0.0,False,False,False,False,0.0,False,False,False,False,False,,Case Transferred to HEER (unregulated),1997-10-17,,To HEER 
856,9202565,930127,1993-07-16,,SUP,1993-11-23 00:00:00,872,,,0.0,,False,False,False,False,False,False,False,,False,0.0,False,False,False,False,0.0,False,False,False,False,False,,Site Cleanup Completed (NFA),2000-06-24,,Richard Takaba
857,9200145,910062,1991-04-22,,rkwan,2011-07-26 09:42:30,873,,,0.0,,False,False,False,False,False,False,False,,False,0.0,False,False,False,False,0.0,False,False,False,False,False,,Site Cleanup Completed (NFA),1994-03-03,,Roger Brewer 
858,9102760,930110,1990-06-30,,RSK,1995-10-10 00:00:00,874,,,0.0,,False,False,False,False,False,False,False,,False,0.0,False,False,False,False,0.0,False,False,False,False,False,,Site Cleanup Completed (NFA),1997-06-20,,Roger Brewer
859,9101004,940123,1994-04-04,,CJR,1995-11-24 00:00:00,875,,,0.0,,False,False,False,False,False,False,False,,False,0.0,False,False,False,False,0.0,False,False,False,False,False,,Site Cleanup Completed (NFA),1998-11-23,,Jeffrey Ung
860,9102059,950019,1994-11-21,,RSK,1996-01-22 00:00:00,876,,,0.0,,False,False,False,False,False,False,False,,False,0.0,False,False,False,False,0.0,False,False,False,False,False,,Site Cleanup Completed (NFA),1996-07-01,,Jose Ruiz
861,9100217,920186,1992-07-15,,esadoyama,1998-01-23 10:02:54,877,,,0.0,,False,False,False,False,False,False,False,,False,0.0,False,False,False,False,0.0,False,False,False,False,False,,Site Cleanup Completed (NFA),1995-03-14,,Roger Brewer
862,9702733,930062,1993-02-22,,SUP,1994-01-24 00:00:00,878,,,0.0,,False,False,False,False,False,False,False,,False,0.0,False,False,False,False,0.0,False,False,False,False,False,,Site Cleanup Completed (NFA),1998-09-29,,Lene Ichinotsubo
863,9507014,930058,1993-02-25,,rkwan,2007-03-27 15:17:24,879,,,0.0,,False,False,False,False,False,False,False,,False,0.0,False,False,False,False,0.0,False,False,False,False,False,,Site Cleanup Completed (NFA),1993-03-15,,not assigned
864,9100746,940172,1996-06-06,,roxanne.kwan,2016-03-23 10:31:13,880,,,0.0,,False,False,False,False,False,False,False,,False,0.0,False,False,False,False,0.0,False,False,False,False,False,,Site Cleanup Completed (NFA),1994-08-12,,Rebecca Sciulli 
865,9102752,940019,1996-06-06,,vforeman,1996-06-06 09:33:36,881,,,0.0,,False,False,False,False,False,False,False,,False,0.0,False,False,False,False,0.0,False,False,False,False,False,,Site Cleanup Completed (NFA),1993-11-15,,Jose Ruiz
866,9602222,950030,1994-12-01,,SUP,1995-02-16 00:00:00,882,,,0.0,,False,False,False,False,False,False,False,,False,0.0,False,False,False,False,0.0,False,False,False,False,False,,Site Cleanup Completed (NFA),1995-01-11,,Raymond Seid
867,9201973,900067,1996-06-06,,esadoyama,1997-05-12 14:13:48,883,,,0.0,,False,False,False,False,False,False,False,,False,0.0,False,False,False,False,0.0,False,False,False,False,False,,Site Cleanup Completed (NFA),2003-04-02,,Jose Ruiz
868,9201203,900066,1990-04-12,,RSK,1995-12-28 00:00:00,884,,,0.0,,False,False,False,False,False,False,False,,False,0.0,False,False,False,False,0.0,False,False,False,False,False,,Site Cleanup Completed (NFA),1995-12-15,,Steven Okoji
869,9600564,930031,1992-11-13,,SUP,1993-07-30 00:00:00,885,,,0.0,,False,False,False,False,False,False,False,,False,0.0,False,False,False,False,0.0,False,False,False,False,False,,Site Cleanup Completed (NFA),1993-07-30,,Not Assigned
870,9200534,860002,1996-06-06,,esadoyama,1997-05-12 14:43:39,886,,,0.0,,False,False,False,False,False,False,False,,False,0.0,False,False,False,False,0.0,False,False,False,False,False,,Site Cleanup Completed (NFA),1997-06-27,,Janet Sherrer
871,9201459,910044,1991-01-10,,SUP,1995-02-09 00:00:00,887,,,0.0,,False,False,False,False,False,False,False,,False,0.0,False,False,False,False,0.0,False,False,False,False,False,,Site Cleanup Completed (NFA),1995-01-25,,Eric Sadoyama
872,9202178,900076,1990-01-11,,sli,2014-01-28 11:14:21,888,,,0.0,,False,False,False,False,False,False,False,,False,0.0,False,False,False,False,0.0,False,False,False,False,False,,Case Transferred to HEER (unregulated),1991-12-26,,To HEER 
873,9302429,910085,1991-09-13,2013-09-10,sfu,2013-11-13 14:35:36,889,,,0.0,Tank Removal,False,False,False,False,False,False,False,,False,0.0,False,False,False,False,0.0,False,False,False,False,False,,Site Cleanup Completed (NFA),2013-10-10,,Shunsheng Fu 
874,9202211,930041,1993-01-22,,SUP,1993-02-19 00:00:00,890,,,0.0,,False,False,False,False,False,False,False,,False,0.0,False,False,False,False,0.0,False,False,False,False,False,,Site Cleanup Completed (NFA),2000-11-13,,Jose Ruiz
875,9102462,920012,1991-10-25,2009-02-26,rkwan,2010-06-16 13:19:58,891,,Unknown,0.0,Tank Removal,True,False,False,False,True,False,False,,False,0.0,True,False,False,False,0.0,False,False,False,False,False,,Site Cleanup Completed (NFA),1993-07-28,Tank,To HEER 
876,9101021,920159,1992-05-07,,CJR,1995-11-24 00:00:00,892,,,0.0,,False,False,False,False,False,False,False,,False,0.0,False,False,False,False,0.0,False,False,False,False,False,,Site Cleanup Completed (NFA),1996-04-03,,Eric Sadoyama
877,9202019,920052,1991-11-18,,rkwan,1997-10-01 16:29:36,893,,,0.0,,False,False,False,False,False,False,False,,False,0.0,False,False,False,False,0.0,False,False,False,False,False,,Site Cleanup Completed (NFA),1997-10-20,,Steven Okoji
878,9102574,920115,1991-11-25,,rkwan,2007-03-16 13:53:22,894,,,0.0,,False,False,False,False,False,False,False,,False,0.0,False,False,False,False,0.0,False,False,False,False,False,,Case Transferred to HEER (unregulated),1991-11-25,,To HEER 
879,9200754,920161,1996-06-06,,vforeman,1996-06-06 09:33:36,895,,,0.0,,False,False,False,False,False,False,False,,False,0.0,False,False,False,False,0.0,False,False,False,False,False,,Site Cleanup Completed (NFA),2002-10-21,,Jose Ruiz
880,9102050,900054,1996-06-06,,dpark,2007-03-06 16:14:55,896,,,0.0,,False,False,False,False,False,False,False,,False,0.0,False,False,False,False,0.0,False,False,False,False,False,,Site Cleanup Completed (NFA),2007-03-06,,Darren Park 
881,9203020,950063,1995-03-21,,RSK,1995-04-07 00:00:00,897,,,0.0,,False,False,False,False,False,False,False,,False,0.0,False,False,False,False,0.0,False,False,False,False,False,,Site Cleanup Completed (NFA),2002-03-11,,Shunsheng Fu
882,9100958,900021,1996-06-06,,rkwan,2007-03-19 14:10:12,898,,,0.0,,False,False,False,False,False,False,False,,False,0.0,False,False,False,False,0.0,False,False,False,False,False,,Case Transferred to HEER (unregulated),1998-03-11,,To HEER
883,9502682,930028,1992-11-27,,RSK,1995-11-03 00:00:00,899,,,0.0,,False,False,False,False,False,False,False,,False,0.0,False,False,False,False,0.0,False,False,False,False,False,,Site Cleanup Completed (NFA),1995-03-01,,Roger Brewer
884,9101700,950013,1994-11-03,,SUP,1995-01-30 00:00:00,900,,,0.0,,False,False,False,False,False,False,False,,False,0.0,False,False,False,False,0.0,False,False,False,False,False,,Site Cleanup Completed (NFA),1999-06-10,,Jose Ruiz
886,9701695,900077,1996-06-06,,rkwan,1996-08-01 12:00:42,902,,,0.0,,False,False,False,False,False,False,False,,False,0.0,False,False,False,False,0.0,False,False,False,False,False,,Site Cleanup Completed (NFA),2000-05-25,,Shaobin Li
887,9102305,940031,1996-06-06,,sliu,2001-07-30 10:19:59,903,,,0.0,,False,False,False,False,False,False,False,,False,0.0,False,False,False,False,0.0,False,False,False,False,False,,Site Cleanup Completed (NFA),2001-04-23,,Shumin Liu
888,9102158,890019,1996-06-06,,RKWAN,1996-09-30 09:05:52,904,,,0.0,,False,False,False,False,False,False,False,,False,0.0,False,False,False,False,0.0,False,False,False,False,False,,Site Cleanup Completed (NFA),1997-02-20,,Jose Ruiz
889,9201910,900060,1996-06-06,,jruiz,2001-06-13 11:13:41,905,,,0.0,,False,False,False,False,False,False,False,,False,0.0,False,False,False,False,0.0,False,False,False,False,False,,Site Cleanup Completed (NFA),2001-11-08,,Jose Ruiz
890,9101765,930069,1993-02-03,,rkwan,2003-01-22 14:52:42,906,,,0.0,,False,False,False,False,False,False,False,,False,0.0,False,False,False,False,0.0,False,False,False,False,False,,Site Cleanup Completed (NFA),1997-09-18,,Lene Ichinotsubo
891,9301422,920089,1992-03-02,,SUP,1992-09-28 00:00:00,907,,,0.0,,False,False,False,False,False,False,False,,False,0.0,False,False,False,False,0.0,False,False,False,False,False,,Site Cleanup Completed (NFA),1999-08-11,,Not Assigned
892,9101334,930040,1993-01-13,,rtakaba,2001-06-01 11:41:42,909,,,0.0,,False,False,False,False,False,False,False,,False,0.0,False,False,False,False,0.0,False,False,False,False,False,,Site Cleanup Completed (NFA),2001-12-03,,Mark Sutterfield
893,9100173,920032,1991-12-05,,SUP,1994-12-22 00:00:00,910,,,0.0,,False,False,False,False,False,False,False,,False,0.0,False,False,False,False,0.0,False,False,False,False,False,,Site Cleanup Completed (NFA),1994-11-21,,Raymond Seid
894,9202518,920027,1991-11-25,,SUP,1995-03-02 00:00:00,911,,,0.0,,False,False,False,False,False,False,False,,False,0.0,False,False,False,False,0.0,False,False,False,False,False,,Site Cleanup Completed (NFA),1994-03-28,,Raymond Seid
895,9602945,940149,1994-05-27,,esadoyama,1997-09-29 14:09:21,912,,,0.0,,False,False,False,False,False,False,False,,False,0.0,False,False,False,False,0.0,False,False,False,False,False,,Site Cleanup Completed (NFA),1999-01-14,,Jeffrey Ung
896,9600455,910045,1990-12-12,,rmaniulit,2000-09-01 14:48:56,913,,,0.0,,False,False,False,False,False,False,False,,False,0.0,False,False,False,False,0.0,False,False,False,False,False,,Site Cleanup Completed (NFA),2000-09-06,,Renato Maniulit
897,9503008,950051,1995-02-03,,rtakaba,2001-06-01 11:52:44,914,,,0.0,,False,False,False,False,False,False,False,,False,0.0,False,False,False,False,0.0,False,False,False,False,False,,Site Cleanup Completed (NFA),2001-07-12,,Mark Sutterfield
898,9102230,920009,1991-10-28,,rkwan,2007-03-19 15:19:49,915,,,0.0,,False,False,False,False,False,False,False,,False,0.0,False,False,False,False,0.0,False,False,False,False,False,,Case Transferred to HEER (unregulated),1994-08-12,,To HEER 
899,9302217,940187,1994-09-02,,sli,2006-08-07 15:13:20,916,,,0.0,,False,False,False,False,False,False,False,,False,0.0,False,False,False,False,0.0,False,False,False,False,False,,Site Cleanup Completed (NFA),2006-12-21,,Shaobin Li
900,9502466,910082,1991-09-16,,rkwan,2006-04-03 14:02:48,917,,,0.0,,False,False,False,False,False,False,False,,False,0.0,False,False,False,False,0.0,False,False,False,False,False,,Site Cleanup Completed (NFA),1997-01-02,,Jose Ruiz
901,9100107,920137,1992-04-20,,RSK,1995-03-29 00:00:00,918,,,0.0,,False,False,False,False,False,False,False,,False,0.0,False,False,False,False,0.0,False,False,False,False,False,,Site Cleanup Completed (NFA),1995-01-06,,Raymond Seid
902,9502695,940179,1994-08-11,,CJR,1995-05-18 00:00:00,919,,,0.0,,False,False,False,False,False,False,False,,False,0.0,False,False,False,False,0.0,False,False,False,False,False,,Site Cleanup Completed (NFA),1995-04-28,,Roger Brewer
903,9202742,930077,1993-04-05,,SUP,1993-12-07 00:00:00,920,,,0.0,,False,False,False,False,False,False,False,,False,0.0,False,False,False,False,0.0,False,False,False,False,False,,Site Cleanup Completed (NFA),1993-11-30,,Not Assigned
904,9100206,900033,1996-06-06,,vforeman,1996-06-06 09:33:36,921,,,0.0,,False,False,False,False,False,False,False,,False,0.0,False,False,False,False,0.0,False,False,False,False,False,,Site Cleanup Completed (NFA),1993-10-18,,Not Assigned
905,9101958,960036,1996-01-19,,RSK,1996-03-04 00:00:00,922,,,0.0,,False,False,False,False,False,False,False,,False,0.0,False,False,False,False,0.0,False,False,False,False,False,,Site Cleanup Completed (NFA),1997-06-01,,Jeffrey Ung
906,9101430,920119,1991-09-27,,sli,2008-05-29 11:11:20,923,,Leaking Tank and Piping,0.0,Tank Removal,False,False,False,False,False,False,False,,False,0.0,True,False,False,False,0.0,False,False,False,False,False,,Site Cleanup Completed (NFA),2007-05-11,Unknown,Shaobin Li 
907,9200123,940185,1994-08-23,,RSK,1995-03-14 00:00:00,924,,,0.0,,False,False,False,False,False,False,False,,False,0.0,False,False,False,False,0.0,False,False,False,False,False,,Site Cleanup Completed (NFA),2001-12-12,,Shunsheng Fu
908,9501297,920172,1992-07-09,,esadoyama,1997-10-16 13:34:40,925,,,0.0,,False,False,False,False,False,False,False,,False,0.0,False,False,False,False,0.0,False,False,False,False,False,,Site Cleanup Completed (NFA),1999-10-13,,Shaobin Li
909,9200112,920020,1991-11-07,,rtakaba,2000-09-15 16:04:30,926,,,0.0,,False,False,False,False,False,False,False,,False,0.0,False,False,False,False,0.0,False,False,False,False,False,,Site Cleanup Completed (NFA),2001-01-04,,Shunsheng Fu
910,9600588,960009,1995-10-23,,lnagatoshi,1996-07-12 11:46:20,927,,,0.0,,False,False,False,False,False,False,False,,False,0.0,False,False,False,False,0.0,False,False,False,False,False,,Site Cleanup Completed (NFA),1996-09-19,,Not Assigned
911,9101212,880003,1996-06-06,,rkwan,2005-01-19 09:13:55,928,,,0.0,,False,False,False,False,False,False,False,,False,0.0,False,False,False,False,0.0,False,False,False,False,False,,Site Cleanup Completed (NFA),1994-12-27,,Raymond Seid
912,9100891,930131,1993-06-08,,CJR,1995-05-02 00:00:00,929,,,0.0,,False,False,False,False,False,False,False,,False,0.0,False,False,False,False,0.0,False,False,False,False,False,,Site Cleanup Completed (NFA),1995-04-20,,Steven Okoji
913,9102013,940120,1994-03-30,,rkwan,2007-03-19 15:00:02,930,,,0.0,,False,False,False,False,False,False,False,,False,0.0,False,False,False,False,0.0,False,False,False,False,False,,Case Transferred to HEER (unregulated),1994-11-17,,To HEER 
914,9202509,920033,1991-12-09,,rkwan,2002-02-25 14:39:10,931,,,0.0,,False,False,False,False,False,False,False,,False,0.0,False,False,False,False,0.0,False,False,False,False,False,,Site Cleanup Completed (NFA),2000-02-29,,Jose Ruiz
915,9100740,930010,1992-10-20,,rkwan,2007-03-19 14:03:24,932,,,0.0,,False,False,False,False,False,False,False,,False,0.0,False,False,False,False,0.0,False,False,False,False,False,,Case Transferred to HEER (unregulated),1992-10-20,,To HEER 
916,9102203,920010,1991-10-28,,roxanne.kwan,2023-10-25 11:28:35,933,,,0.0,,False,False,False,False,False,False,False,,False,0.0,False,False,False,False,0.0,False,False,False,False,False,,Case Transferred to HEER (unregulated),1994-08-12,,To HEER 
917,9102588,930121,1993-01-06,,rkwan,2007-03-27 15:33:25,934,,,0.0,,False,False,False,False,False,False,False,,False,0.0,False,False,False,False,0.0,False,False,False,False,False,,Site Cleanup Completed (NFA),1996-11-14,,Jose Ruiz
918,9201193,930080,1993-04-14,,SUP,1993-05-04 00:00:00,935,,,0.0,,False,False,False,False,False,False,False,,False,0.0,False,False,False,False,0.0,False,False,False,False,False,,Disconfirmed Release,1993-04-26,,Not Assigned
919,9202196,900099,1996-06-06,,vforeman,1996-06-06 09:33:36,936,,,0.0,,False,False,False,False,False,False,False,,False,0.0,False,False,False,False,0.0,False,False,False,False,False,,Site Cleanup Completed (NFA),1993-08-23,,Rhonda Goyke
920,9202527,920040,1991-12-20,,rmaniulit,2000-04-26 14:13:24,937,,,0.0,,False,False,False,False,False,False,False,,False,0.0,False,False,False,False,0.0,False,False,False,False,False,,Site Cleanup Completed (NFA),2000-05-05,,Renato Maniulit
921,9100510,940102,1994-03-04,,SUP,1995-03-02 00:00:00,938,,,0.0,,False,False,False,False,False,False,False,,False,0.0,False,False,False,False,0.0,False,False,False,False,False,,Site Cleanup Completed (NFA),1994-11-10,,Lene Ichinotsubo
922,9100788,920192,1992-03-25,,rkwan,2007-03-21 10:52:16,939,,,0.0,,False,False,False,False,False,False,False,,False,0.0,False,False,False,False,0.0,False,False,False,False,False,,Case Transferred to HEER (unregulated),1993-01-11,,To HEER 
923,9101355,900100,1990-05-04,,dpark,2008-08-26 11:20:33,940,Responsible Party,Unknown,0.0,Tank Removal,True,False,False,False,True,True,True,,False,0.0,False,True,False,False,0.0,False,False,False,False,False,,Site Cleanup Completed (NFA),2008-08-08,Unknown,Darren Park 
924,9100955,940060,1996-06-06,,rkwan,1997-08-28 14:31:46,941,,,0.0,,False,False,False,False,False,False,False,,False,0.0,False,False,False,False,0.0,False,False,False,False,False,,Site Cleanup Completed (NFA),1999-06-01,,Richard Takaba
925,9102916,940117,1994-04-01,,rkwan,2007-03-19 15:49:17,942,,,0.0,,False,False,False,False,False,False,False,,False,0.0,False,False,False,False,0.0,False,False,False,False,False,,Case Transferred to HEER (unregulated),1994-11-17,,To HEER 
926,9101199,900055,1996-06-06,,esadoyama,1997-10-16 12:33:27,943,,,0.0,,False,False,False,False,False,False,False,,False,0.0,False,False,False,False,0.0,False,False,False,False,False,,Site Cleanup Completed (NFA),2001-07-13,,Shaobin Li
927,9200027,910088,1991-09-17,2011-04-14,sfu,2011-05-18 15:19:30,944,Responsible Party,Leaking Tank,3368.0,Leak Detection,False,False,False,False,True,True,True,,False,0.0,False,False,False,False,0.0,False,False,False,True,False,,Site Cleanup Completed with EHMP,2011-04-19,Tank,Shunsheng Fu 
928,9502548,920147,1992-04-21,,RSK,1995-03-14 00:00:00,945,,,0.0,,False,False,False,False,False,False,False,,False,0.0,False,False,False,False,0.0,False,False,False,False,False,,Site Cleanup Completed (NFA),1995-03-01,,Roger Brewer
929,9102676,920170,1992-05-10,,SUP,1995-01-05 00:00:00,946,,,0.0,,False,False,False,False,False,False,False,,False,0.0,False,False,False,False,0.0,False,False,False,False,False,,Site Cleanup Completed (NFA),1998-09-22,,Lene Ichinotsubo
930,9100284,940082,1994-02-01,,rkwan,2007-03-15 08:38:41,947,,,0.0,,False,False,False,False,False,False,False,,False,0.0,False,False,False,False,0.0,False,False,False,False,False,,Site Cleanup Completed (NFA),1996-11-07,,To HEER
931,9102885,940034,1996-06-06,,RKWAN,2003-07-14 16:07:12,949,,,0.0,,False,False,False,False,False,False,False,,False,0.0,False,False,False,False,0.0,False,False,False,False,False,,Site Cleanup Completed (NFA),2001-11-05,,Mark Sutterfield
932,9100241,930049,1993-02-05,,CJR,1996-02-27 00:00:00,950,,,0.0,,False,False,False,False,False,True,True,,False,0.0,False,False,False,False,0.0,False,False,False,False,False,,Site Cleanup Completed (NFA),2005-07-14,,Shunsheng Fu
933,9202536,920047,1991-12-13,,rtakaba,2000-12-04 13:17:20,951,,,0.0,,False,False,False,False,False,False,False,,False,0.0,False,False,False,False,0.0,False,False,False,False,False,,Site Cleanup Completed (NFA),1997-11-03,,Shumin Liu
934,9102226,940071,1996-06-06,,roxanne.kwan,2024-01-31 16:05:27,952,,,0.0,,False,False,False,False,False,False,False,,False,0.0,False,False,False,False,0.0,False,False,False,False,False,,Case Transferred to HEER (unregulated),1994-08-12,,To HEER 
935,9200878,920173,1992-08-08,,SUP,1994-09-30 00:00:00,953,,,0.0,,False,False,False,False,False,False,False,,False,0.0,False,False,False,False,0.0,False,False,False,False,False,,Site Cleanup Completed (NFA),1994-09-15,,Raymond Seid
936,9100059,950097,1995-06-07,,esadoyama,1997-07-02 08:20:27,954,,,0.0,,False,False,False,False,False,False,False,,False,0.0,False,False,False,False,0.0,False,False,False,False,False,,Disconfirmed Release,1995-06-07,,Eric Sadoyama
937,9601694,900075,1996-06-06,,vforeman,1996-06-06 09:33:36,955,,,0.0,,False,False,False,False,False,False,False,,False,0.0,False,False,False,False,0.0,False,False,False,False,False,,Site Cleanup Completed (NFA),2002-04-10,,Jose Ruiz
938,9202693,930003,1992-10-02,,SUP,1992-10-23 00:00:00,956,,,0.0,,False,False,False,False,False,False,False,,False,0.0,False,False,False,False,0.0,False,False,False,False,False,,Site Cleanup Completed (NFA),1992-12-08,,Jose Ruiz
939,9101221,880016,1996-06-06,,rkwan,2015-04-22 09:33:44,957,,,0.0,,False,False,False,False,False,False,False,,False,0.0,False,False,False,False,0.0,False,False,False,False,False,,Site Cleanup Completed (NFA),1994-12-27,,Raymond Seid
940,9201241,880015,1996-06-06,,vforeman,1996-06-06 09:33:36,958,,,0.0,,False,False,False,False,False,False,False,,False,0.0,False,False,False,False,0.0,False,False,False,False,False,,Site Cleanup Completed (NFA),1994-12-27,,Raymond Seid
941,9601137,930081,1993-04-22,,rkwan,2005-11-30 10:30:08,959,,,0.0,,False,False,False,False,False,False,False,,False,0.0,False,False,False,False,0.0,False,False,False,False,False,,Site Cleanup Completed (NFA),1993-10-29,,Not Assigned
942,9101953,900096,1996-06-06,2019-03-02,Allison.Hutto,2021-01-26 14:25:23,960,Responsible Party,Leaking Tank,0.0,Other,False,False,True,False,True,False,False,,False,0.0,True,False,False,False,0.0,False,False,False,False,False,,LUST Cleanup Initiated,2019-03-02,Tank,Allison Hutto 
943,9501008,920149,1992-04-07,,CJR,1995-09-14 00:00:00,961,,,0.0,,False,False,False,False,False,False,False,,False,0.0,False,False,False,False,0.0,False,False,False,False,False,,Site Cleanup Completed (NFA),1995-08-31,,Lene Ichinotsubo
944,9201889,870003,1996-06-06,,rtakaba,2001-06-01 11:49:41,962,,,0.0,,False,False,False,False,False,False,False,,False,0.0,False,False,False,False,0.0,False,False,False,False,False,,Site Cleanup Completed (NFA),2001-07-12,,Mark Sutterfield
945,9701856,900070,1996-06-06,,rkwan,1996-10-30 08:50:26,963,,,0.0,,False,False,False,False,False,False,False,,False,0.0,False,False,False,False,0.0,False,False,False,False,False,,Site Cleanup Completed (NFA),1999-03-30,,Jeffrey Ung
946,9600595,920080,1992-02-19,,CJR,1995-06-06 00:00:00,964,,,0.0,,False,False,False,False,False,False,False,,False,0.0,False,False,False,False,0.0,False,False,False,False,False,,Site Cleanup Completed (NFA),1995-05-10,,Eric Sadoyama
947,9100285,900028,1996-06-06,,vforeman,1996-06-06 09:33:36,965,,,0.0,,False,False,False,False,False,False,False,,False,0.0,False,False,False,False,0.0,False,False,False,False,False,,Site Cleanup Completed (NFA),1998-09-24,,Richard Takaba
948,9102172,900030,1990-01-12,,CJR,1995-08-11 00:00:00,966,,,0.0,,False,False,False,False,False,False,False,,False,0.0,False,False,False,False,0.0,False,False,False,False,False,,Site Cleanup Completed (NFA),1995-03-15,,Roger Brewer
949,9202430,930129,1993-03-25,,rkwan,2007-03-27 15:36:22,967,,,0.0,,False,False,False,False,False,False,False,,False,0.0,False,False,False,False,0.0,False,False,False,False,False,,Site Cleanup Completed (NFA),1993-08-31,,Raymond Seid
950,9102963,940174,1994-08-06,,rtakaba,2006-01-30 14:25:05,968,,,0.0,,False,False,False,False,False,False,False,,False,0.0,False,False,False,False,0.0,False,False,False,False,False,,Site Cleanup Completed (NFA),2005-08-30,,Richard Takaba
951,9202656,940089,1994-01-01,,SUP,1994-03-07 00:00:00,969,,,0.0,,False,False,False,False,False,False,False,,False,0.0,False,False,False,False,0.0,False,False,False,False,False,,Disconfirmed Release,1998-02-05,,Jose Ruiz
952,9500401,900034,1996-06-06,,roxanne.kwan,2023-10-27 14:10:25,970,,,0.0,,False,False,False,False,False,False,False,,False,0.0,False,False,False,False,0.0,False,False,False,False,False,,Case Transferred to HEER (unregulated),1995-11-28,,To HEER 
953,9502481,930126,1996-06-06,,jruiz,2001-06-13 11:18:56,971,,,0.0,,False,False,False,False,False,False,False,,False,0.0,False,False,False,False,0.0,False,False,False,False,False,,Site Cleanup Completed (NFA),2005-08-23,,Richard Takaba
954,9102581,920108,1991-11-25,,rkwan,2003-10-01 15:49:39,972,,,0.0,,False,False,False,False,False,False,False,,False,0.0,False,False,False,False,0.0,False,False,False,False,False,,Site Cleanup Completed (NFA),1998-11-23,,To DERA
955,9102451,920002,1991-09-24,,RSK,1995-03-21 00:00:00,973,,,0.0,,False,False,False,False,False,False,False,,False,0.0,False,False,False,False,0.0,False,False,False,False,False,,Site Cleanup Completed (NFA),1995-03-01,,Eric Sadoyama
956,9103082,950084,1995-05-05,,CJR,1995-09-20 00:00:00,974,,,0.0,,False,False,False,False,False,False,False,,False,0.0,False,False,False,False,0.0,False,False,False,False,False,,Site Cleanup Completed (NFA),1996-04-26,,Roger Brewer
957,9700442,940006,1996-06-06,,rkwan,2005-09-09 13:12:53,975,,,0.0,,False,False,False,False,False,True,True,,False,0.0,False,True,False,False,0.0,False,False,False,False,False,,Site Cleanup Completed (NFA),2004-12-22,,Randall Heu
958,9502765,930114,1993-07-28,,SUP,1994-01-14 00:00:00,976,,,0.0,,False,False,False,False,False,False,False,,False,0.0,False,False,False,False,0.0,False,False,False,False,False,,Site Cleanup Completed (NFA),1997-10-20,,Steven Okoji
959,9600591,960069,1996-06-12,,RKWAN,1996-06-12 10:26:28,977,,,0.0,,False,False,False,False,False,False,False,,False,0.0,False,False,False,False,0.0,False,False,False,False,False,,Site Cleanup Completed (NFA),1999-06-28,,Richard Takaba
960,9500768,960047,1996-07-12,,rmaniulit,2000-05-03 16:05:18,978,,,0.0,,False,False,False,False,False,False,False,,False,0.0,False,False,False,False,0.0,False,False,False,False,False,,Site Cleanup Completed (NFA),2000-05-09,,Renato Maniulit
961,9101454,960064,1996-07-16,,RKWAN,1996-08-19 10:57:07,979,,,0.0,,False,False,False,False,False,False,False,,False,0.0,False,False,False,False,0.0,False,False,False,False,False,,Site Cleanup Completed (NFA),1997-12-22,,Steven Okoji
962,9102516,960073,1996-07-16,,lnagatoshi,1996-07-16 13:14:33,980,,,0.0,,False,False,False,False,False,False,False,,False,0.0,False,False,False,False,0.0,False,False,False,False,False,,Site Cleanup Completed (NFA),1996-09-25,,Not Assigned
963,9202045,960066,1996-07-16,,lnagatoshi,1996-07-16 14:42:10,981,,,0.0,,False,False,False,False,False,False,False,,False,0.0,False,False,False,False,0.0,False,False,False,False,False,,Site Cleanup Completed (NFA),2000-09-28,,Richard Takaba
964,9102834,960061,1996-07-16,,lnagatoshi,1996-07-16 14:59:18,982,,,0.0,,False,False,False,False,False,False,False,,False,0.0,False,False,False,False,0.0,False,False,False,False,False,,Site Cleanup Completed (NFA),1998-07-28,,Jeffrey Ung
965,9103037,960062,1996-07-18,,lnagatoshi,1996-07-18 13:54:58,983,,,0.0,,False,False,False,False,False,False,False,,False,0.0,False,False,False,False,0.0,False,False,False,False,False,,Site Cleanup Completed (NFA),1996-05-21,,Jose Ruiz
966,9101514,960042,1994-02-03,,roxanne.kwan,2023-10-24 13:28:07,984,,,0.0,,False,False,False,False,False,False,False,,False,0.0,False,False,False,False,0.0,False,False,False,False,False,,Case Transferred to HEER (DERA),1997-09-24,,To DERA 
967,9707073,960071,1996-07-30,,RKWAN,1996-07-30 11:39:05,989,,,0.0,,False,False,False,False,False,False,False,,False,0.0,False,False,False,False,0.0,False,False,False,False,False,,Site Cleanup Completed (NFA),1997-06-12,,Jose Ruiz
968,9200366,960067,1996-08-01,,rkwan,1996-08-01 12:07:00,990,,,0.0,,False,False,False,False,False,False,False,,False,0.0,False,False,False,False,0.0,False,False,False,False,False,,Site Cleanup Completed (NFA),1998-12-30,,Eric Sadoyama
969,9200506,960077,1996-08-02,,RKWAn,1996-09-18 15:11:28,991,,,0.0,,False,False,False,False,False,False,False,,False,0.0,False,False,False,False,0.0,False,False,False,False,False,,Site Cleanup Completed (NFA),1998-03-19,,Steven Okoji
970,9707075,960085,1996-08-13,,esadoyama,1999-03-05 09:16:52,994,,,0.0,,False,False,False,False,False,False,False,,False,0.0,False,False,False,False,0.0,False,False,False,False,False,,Site Cleanup Completed (NFA),2000-03-17,,Renato Maniulit
971,9200926,960086,1996-08-13,,system admin,1997-04-16 10:12:14,995,,,0.0,,False,False,False,False,False,False,False,,False,0.0,False,False,False,False,0.0,False,False,False,False,False,,Site Cleanup Completed (NFA),1998-09-09,,Jose Ruiz
972,9101720,960076,1996-08-14,,esadoyama,1999-03-03 11:35:57,997,,,0.0,,False,False,False,False,False,False,False,,False,0.0,False,False,False,False,0.0,False,False,False,False,False,,Site Cleanup Completed (NFA),1999-04-20,,Renato Maniulit
973,9600729,960050,1996-08-15,,LNAGATOSHI,1996-08-15 08:34:03,998,,,0.0,,False,False,False,False,False,False,False,,False,0.0,False,False,False,False,0.0,False,False,False,False,False,,Site Cleanup Completed (NFA),1996-04-04,,Jose Ruiz
974,9100525,960080,1996-08-19,,esadoyama,1997-10-29 14:12:35,999,,,0.0,,False,False,False,False,False,False,False,,False,0.0,False,False,False,False,0.0,False,False,False,False,False,,Site Cleanup Completed (NFA),1997-10-29,,Eric Sadoyama
975,9100209,960059,1996-08-19,,roxanne.kwan,2019-04-03 15:11:15,1001,Responsible Party,,0.0,,False,False,False,False,False,False,False,,False,0.0,False,False,False,False,0.0,False,False,False,False,False,,Site Cleanup Completed (NFA),2006-10-02,,To VRP 
976,9201661,960060,1996-08-23,,rkwan,1996-10-22 17:04:04,1002,,,0.0,,False,False,False,False,False,False,False,,False,0.0,False,False,False,False,0.0,False,False,False,False,False,,Site Cleanup Completed (NFA),1998-02-05,,Jose Ruiz
977,9201477,960078,1996-08-23,,esadoyama,1997-05-13 09:29:39,1003,,,0.0,,False,False,False,False,False,False,False,,False,0.0,False,False,False,False,0.0,False,False,False,False,False,,Site Cleanup Completed (NFA),1996-11-14,,Jose Ruiz
978,9100041,960074,1996-08-23,,esadoyama,1997-08-01 08:55:28,1004,,,0.0,,False,False,False,False,False,False,False,,False,0.0,False,False,False,False,0.0,False,False,False,False,False,,Site Cleanup Completed (NFA),1998-12-09,,Jeffrey Ung
979,9200025,960090,1996-08-23,,lnagatoshi,1996-08-23 15:15:42,1005,,,0.0,,False,False,False,False,False,False,False,,False,0.0,False,False,False,False,0.0,False,False,False,False,False,,Site Cleanup Completed (NFA),1997-09-11,,Jeffrey Ung
980,9400557,960052,1996-08-26,,LNAGATOSHI,1996-08-26 15:23:19,1006,,,0.0,,False,False,False,False,False,False,False,,False,0.0,False,False,False,False,0.0,False,False,False,False,False,,Site Cleanup Completed (NFA),1996-08-02,,Jose Ruiz
981,9202319,960065,1996-08-26,,esadoyama,1998-01-27 13:16:11,1007,,,0.0,,False,False,False,False,False,False,False,,False,0.0,False,False,False,False,0.0,False,False,False,False,False,,Site Cleanup Completed (NFA),1997-02-20,,Jose Ruiz
982,9501254,960087,1996-08-27,,esadoyama,1997-10-29 12:08:23,1008,,,0.0,,False,False,False,False,False,False,False,,False,0.0,False,False,False,False,0.0,False,False,False,False,False,,Site Cleanup Completed (NFA),1998-09-25,,Richard Takaba
983,9702547,960084,1996-08-27,,esadoyama,1998-07-17 19:28:55,1009,,,0.0,,False,False,False,False,False,False,False,,False,0.0,False,False,False,False,0.0,False,False,False,False,False,,Site Cleanup Completed (NFA),2000-06-23,,Shaobin Li
984,9501596,960043,1996-08-28,,esadoyama,1997-09-29 12:35:51,1010,,,0.0,,False,False,False,False,False,False,False,,False,0.0,False,False,False,False,0.0,False,False,False,False,False,,Site Cleanup Completed (NFA),1997-05-07,,Jose Ruiz
985,9103157,960056,1996-08-28,,rkwan,1996-12-20 16:58:04,1011,,,0.0,,False,False,False,False,False,False,False,,False,0.0,False,False,False,False,0.0,False,False,False,False,False,,Site Cleanup Completed (NFA),1997-01-30,,Jose Ruiz
986,9102919,960057,1994-03-30,2009-09-15,sfu,2011-02-17 14:26:36,1013,Responsible Party,Leaking Tank and Piping,0.0,Tank Removal,False,False,False,False,False,False,False,,False,0.0,True,True,False,False,0.0,False,False,False,False,False,,Site Assessment Completed (delineated),2009-05-01,Tank,Shunsheng Fu 
987,9707096,960051,1996-09-05,,rkwan,1996-12-02 15:03:38,1014,,,0.0,,False,False,False,False,False,False,False,,False,0.0,False,False,False,False,0.0,False,False,False,False,False,,Site Cleanup Completed (NFA),1996-10-25,,Jose Ruiz
988,9102244,960092,1996-09-05,,sliu,2001-10-29 13:21:38,1015,,,0.0,,False,False,False,False,False,False,False,,False,0.0,False,False,False,False,0.0,False,False,False,False,False,,Site Cleanup Completed (NFA),2001-10-16,,Shumin Liu
989,9707097,960055,1996-09-05,,LNAGATOSHI,1996-09-05 16:01:55,1016,,,0.0,,False,False,False,False,False,False,False,,False,0.0,False,False,False,False,0.0,False,False,False,False,False,,Site Cleanup Completed (NFA),1996-07-15,,Not Assigned
990,9200221,960095,1996-09-10,,rkwan,2006-09-07 16:51:47,1017,,,0.0,,False,False,False,False,False,False,False,,False,0.0,False,False,False,False,0.0,False,False,False,False,False,,Site Cleanup Completed (NFA),1996-09-19,,Jose Ruiz
991,9200921,960088,1996-09-18,,esadoyama,1997-06-13 09:40:12,1019,,,0.0,,False,False,False,False,False,False,False,,False,0.0,False,False,False,False,0.0,False,False,False,False,False,,Site Cleanup Completed (NFA),1997-02-19,,Jose Ruiz
992,9601650,960098,1996-09-20,,rkwan,2007-03-19 09:59:40,1021,,,0.0,,False,False,False,False,False,False,False,,False,0.0,False,False,False,False,0.0,False,False,False,False,False,,Case Transferred to HEER (unregulated),1997-06-01,,To HEER
993,9102991,960094,1996-09-23,,RKWAN,1996-10-07 17:18:47,1022,,,0.0,,False,False,False,False,False,False,False,,False,0.0,False,False,False,False,0.0,False,False,False,False,False,,Site Cleanup Completed (NFA),1997-07-31,,Jose Ruiz
994,9600702,960089,1996-09-24,,system admin,1997-04-16 12:19:20,1023,,,0.0,,False,False,False,False,False,False,False,,False,0.0,False,False,False,False,0.0,False,False,False,False,False,,Site Cleanup Completed (NFA),1998-10-01,,David Hodges
995,9707088,960093,1996-09-27,,esadoyama,1997-07-02 16:00:51,1025,,,0.0,,False,False,False,False,False,False,False,,False,0.0,False,False,False,False,0.0,False,False,False,False,False,,Site Cleanup Completed (NFA),2000-06-16,,Jeffrey Ung
996,9707100,960097,1996-10-07,,rkwan,1996-10-29 17:00:45,1026,,,0.0,,False,False,False,False,False,True,True,,False,0.0,False,True,False,False,0.0,False,False,False,False,False,,Site Cleanup Completed (NFA),1996-10-23,,Jose Ruiz
997,9600009,960099,1996-10-07,,esadoyama,1997-07-31 12:05:50,1027,,,0.0,,False,False,False,False,False,False,False,,False,0.0,False,False,False,False,0.0,False,False,False,False,False,,Site Cleanup Completed (NFA),1998-08-18,,Lene Ichinotsubo
998,9600659,960079,1996-10-07,,rkwan,1996-10-30 08:39:09,1028,,,0.0,,False,False,False,False,False,False,False,,False,0.0,False,False,False,False,0.0,False,False,False,False,False,,Site Cleanup Completed (NFA),2001-02-12,,Jeffrey Ung
999,9101188,960072,1996-10-07,,jung,2000-11-22 14:55:34,1029,,,0.0,,False,False,False,False,False,False,False,,False,0.0,False,False,False,False,0.0,False,False,False,False,False,,Site Cleanup Completed (NFA),2001-03-09,,Jeffrey Ung
1000,9102236,960105,1996-10-07,,rkwan,2007-03-27 15:53:24,1030,,,0.0,,False,False,False,False,False,False,False,,False,0.0,False,False,False,False,0.0,False,False,False,False,False,,Site Cleanup Completed (NFA),1998-05-14,,Jeffrey Ung
1001,9102232,960104,1996-10-07,,esadoyama,1998-04-24 13:11:52,1031,,,0.0,,False,False,False,False,False,False,False,,False,0.0,False,False,False,False,0.0,False,False,False,False,False,,Site Cleanup Completed (NFA),1997-03-01,,Jeffrey Ung
1002,9100897,960103,1996-10-07,,esadoyama,1998-04-24 13:11:22,1032,,,0.0,,False,False,False,False,False,False,False,,False,0.0,False,False,False,False,0.0,False,False,False,False,False,,Site Cleanup Completed (NFA),1998-05-14,,Jeffrey Ung
1003,9102503,960102,1996-10-07,,rkwan,2007-03-15 15:21:07,1033,,,0.0,,False,False,False,False,False,False,False,,False,0.0,False,False,False,False,0.0,False,False,False,False,False,,Case Transferred to HEER (unregulated),2002-08-15,,To HEER 
1004,9101110,970009,1996-10-11,,rkwan,2000-07-12 10:56:09,1034,,,0.0,,False,False,False,False,False,False,False,,False,0.0,False,False,False,False,0.0,False,False,False,False,False,,Site Cleanup Completed (NFA),1999-11-04,,Richard Takaba
1044,9707166,970060,1997-03-19,,esadoyama,1997-06-27 09:56:26,1089,,,0.0,,False,False,False,False,False,False,False,,False,0.0,False,False,False,False,0.0,False,False,False,False,False,,Site Cleanup Completed (NFA),1997-09-26,,Jose Ruiz
1005,9700824,970011,1996-10-22,2013-06-12,sli,2014-06-20 09:11:21,1035,,Unknown,0.0,Tank Removal,False,False,False,False,True,False,True,,False,0.0,False,True,False,False,0.0,False,False,False,False,False,,Site Cleanup Completed with EHE/EHMP,2014-06-13,Unknown,Shaobin Li 
1006,9600105,960044,1996-10-22,,rkwan,1996-10-22 15:40:14,1036,,,0.0,,False,False,False,False,False,False,False,,False,0.0,False,False,False,False,0.0,False,False,False,False,False,,Site Cleanup Completed (NFA),2001-08-13,,Shunsheng Fu
1007,9102451,970002,1996-10-22,,rkwan,1996-12-02 16:15:45,1037,,,0.0,,False,False,False,False,False,False,False,,False,0.0,False,False,False,False,0.0,False,False,False,False,False,,Site Cleanup Completed (NFA),1997-02-10,,Eric Sadoyama
1008,9102003,970001,1996-10-22,,RKWAN,2002-11-14 10:24:22,1038,,,0.0,,False,False,False,False,False,False,False,,False,0.0,False,False,False,False,0.0,False,False,False,False,False,,Site Cleanup Completed (NFA),2003-01-16,,Jose Ruiz
1009,9707103,970004,1996-10-22,2010-04-09,sfu,2010-08-24 10:33:17,1039,Responsible Party,Leaking Tank,0.0,Tank Removal,False,False,False,False,True,False,True,,False,0.0,False,False,False,False,0.0,False,False,False,False,False,,Site Cleanup Completed with EHMP,2010-04-16,Tank,Shunsheng Fu 
1010,9201177,970008,1996-10-23,,rkwan,1996-10-23 11:50:07,1040,,,0.0,,False,False,False,False,False,False,False,,False,0.0,False,False,False,False,0.0,False,False,False,False,False,,Site Cleanup Completed (NFA),1999-08-17,,Richard Takaba
1011,9202046,970007,1996-10-29,2013-10-14,Allison.Hutto,2020-09-04 07:29:16,1041,,Leaking Tank,0.0,Tank Removal,False,False,False,False,False,False,False,,False,0.0,True,False,False,False,0.0,False,False,False,False,False,,Monitored Natural Attenuation,2009-09-24,Tank,Allison Hutto 
1012,9101691,970012,1996-11-01,,sfu,2008-09-19 11:18:35,1042,Responsible Party,Leaking Tank and Piping,0.0,Tank Removal,False,False,False,False,False,False,False,,False,0.0,False,False,False,False,0.0,False,False,False,False,False,,Site Cleanup Completed with EHMP,2008-01-22,Tank,Shunsheng Fu 
1013,9200304,970010,1996-11-06,,rkwan,1996-11-06 10:31:13,1043,,,0.0,,False,False,False,False,False,False,False,,False,0.0,False,False,False,False,0.0,False,False,False,False,False,,Site Cleanup Completed (NFA),1999-05-07,,Richard Takaba
1014,9100017,970015,1996-12-02,,rmaniulit,2000-02-04 08:28:08,1045,,,0.0,,False,False,False,False,False,False,False,,False,0.0,False,False,False,False,0.0,False,False,False,False,False,,Site Cleanup Completed (NFA),2000-07-07,,Renato Maniulit
1015,9601312,970016,1996-12-02,,golmsted,2003-08-25 10:24:53,1046,,,0.0,,False,False,False,False,False,False,False,,False,0.0,False,False,False,False,0.0,False,False,False,False,False,,Site Cleanup Completed (NFA),2004-06-29,,Randall Heu
1016,9707113,970022,1996-12-02,,rkwan,1996-12-20 15:28:02,1047,,,0.0,,False,False,False,False,False,False,False,,False,0.0,False,False,False,False,0.0,False,False,False,False,False,,Site Cleanup Completed (NFA),1997-06-02,,Janet Sherrer
1017,9100535,970023,1996-12-03,,RKWAN,1996-12-03 12:10:10,1048,,,0.0,,False,False,False,False,False,False,False,,False,0.0,False,False,False,False,0.0,False,False,False,False,False,,Site Cleanup Completed (NFA),1998-09-24,,Richard Takaba
1018,9501890,960091,1996-12-19,,rkwan,1996-12-19 16:36:13,1049,,,0.0,,False,False,False,False,False,False,False,,False,0.0,False,False,False,False,0.0,False,False,False,False,False,,Site Cleanup Completed (NFA),1997-03-17,,Janet Sherrer
1019,9500398,960046,1996-12-20,,esadoyama,1998-07-10 14:00:41,1050,,,0.0,,False,False,False,False,False,False,False,,False,0.0,False,False,False,False,0.0,False,False,False,False,False,,Site Cleanup Completed (NFA),1996-08-19,,Jose Ruiz
1020,9102498,970027,1996-12-20,,esadoyama,1998-09-09 16:01:46,1051,,,0.0,,False,False,False,False,False,False,False,,False,0.0,False,False,False,False,0.0,False,False,False,False,False,,Site Cleanup Completed (NFA),1998-11-27,,Eric Sadoyama
2057,9100003,970020,1996-12-20,,golmsted,2002-07-25 08:37:45,1053,,,0.0,,False,False,False,False,False,False,False,,False,0.0,False,False,False,False,0.0,False,False,False,False,False,,Site Cleanup Completed (NFA),2003-05-16,,Richard Takaba
1022,9202032,970019,1996-12-20,,rkwan,1996-12-20 15:19:58,1054,,,0.0,,False,False,False,False,False,False,False,,False,0.0,False,False,False,False,0.0,False,False,False,False,False,,Site Cleanup Completed (NFA),1999-07-20,,Richard Takaba
1023,9200149,970021,1996-12-20,,esadoyama,1997-09-12 13:30:32,1055,,,0.0,,False,False,False,False,False,False,False,,False,0.0,False,False,False,False,0.0,False,False,False,False,False,,Site Cleanup Completed (NFA),1997-07-02,,Janet Sherrer
1024,9102076,970029,1996-12-24,,rkwan,1996-12-24 09:27:57,1056,,,0.0,,False,False,False,False,False,False,False,,False,0.0,False,False,False,False,0.0,False,False,False,False,False,,Site Cleanup Completed (NFA),1998-09-24,,Richard Takaba
1025,9202039,970030,1996-12-24,,rtakaba,2002-02-05 15:03:36,1057,,,0.0,,False,False,False,False,False,False,False,,False,0.0,False,False,False,False,0.0,False,False,False,False,False,,Site Cleanup Completed (NFA),2002-10-21,,Jose Ruiz
1026,9102843,970031,1996-12-24,,sli,2002-02-28 11:24:00,1058,,,0.0,,False,False,False,False,False,False,False,,False,0.0,False,False,False,False,0.0,False,False,False,False,False,,Site Cleanup Completed (NFA),2002-04-04,,Shaobin Li
1027,9707264,970032,1996-12-24,,sli,2002-02-28 15:47:19,1059,,,0.0,,False,False,False,False,False,False,False,,False,0.0,False,False,False,False,0.0,False,False,False,False,False,,Site Cleanup Completed (NFA),2002-03-19,,Shaobin Li
1028,9102839,970033,1996-12-24,,rtakaba,2002-02-05 14:57:25,1060,,,0.0,,False,False,False,False,False,False,False,,False,0.0,False,False,False,False,0.0,False,False,False,False,False,,Site Cleanup Completed (NFA),1998-11-18,,Jose Ruiz
1029,9707145,970034,1996-12-24,,esadoyama,1997-10-10 12:20:57,1061,,,0.0,,False,False,False,False,False,False,False,,False,0.0,False,False,False,False,0.0,False,False,False,False,False,,Site Cleanup Completed (NFA),1998-07-28,,Jeffrey Ung
1030,9707156,970035,1997-01-08,,CCLARK,1997-01-22 14:24:59,1062,,,0.0,,False,False,False,False,False,False,False,,False,0.0,False,False,False,False,0.0,False,False,False,False,False,,Site Cleanup Completed (NFA),2000-05-03,,Jeffrey Ung
1031,9100753,970039,1997-01-21,,CCLARK,1997-01-22 11:11:59,1063,,,0.0,,False,False,False,False,False,False,False,,False,0.0,False,False,False,False,0.0,False,False,False,False,False,,Site Cleanup Completed (NFA),1999-06-17,,Jeffrey Ung
1032,9707134,970025,1997-01-22,,CCLARK,1997-04-30 14:17:13,1064,,,0.0,,False,False,False,False,False,False,False,,False,0.0,False,False,False,False,0.0,False,False,False,False,False,,Site Cleanup Completed (NFA),1997-07-31,,Jose Ruiz
1033,9601623,970028,1997-01-22,,esadoyama,1997-08-19 14:08:48,1065,,,0.0,,False,False,False,False,False,False,False,,False,0.0,False,False,False,False,0.0,False,False,False,False,False,,Site Cleanup Completed (NFA),1997-05-28,,Lene Ichinotsubo
1034,9201466,970041,1997-01-23,,esadoyama,1999-02-16 13:34:50,1067,,,0.0,,False,False,False,False,False,False,False,,False,0.0,False,False,False,False,0.0,False,False,False,False,False,,Site Cleanup Completed (NFA),1999-08-27,,Renato Maniulit
1035,9102842,970026,1997-01-28,,esadoyama,1997-11-26 11:41:58,1070,,,0.0,,False,False,False,False,False,False,False,,False,0.0,False,False,False,False,0.0,False,False,False,False,False,,Site Cleanup Completed (NFA),2002-03-08,,Shaobin Li
1036,9201102,970040,1997-01-31,2016-11-23,roxanne.kwan,2018-08-28 15:23:18,1071,Responsible Party,Leaking Tank and Piping,0.0,Other,True,False,False,False,True,False,True,,False,0.0,False,False,False,False,0.0,False,False,False,False,False,,Consolidated releases,2018-08-28,Tank,Shunsheng Fu 
1037,9501749,970036,1997-02-05,,cclark,1997-02-05 14:48:58,1072,,,0.0,,False,False,False,False,False,False,False,,False,0.0,False,False,False,False,0.0,False,False,False,False,False,,Site Cleanup Completed (NFA),1997-07-31,,Jose Ruiz
1038,9501594,970017,1997-02-10,,rkwan,2005-11-30 10:44:21,1073,,,0.0,,False,False,False,False,False,False,False,,False,0.0,False,False,False,False,0.0,False,False,False,False,False,,Site Cleanup Completed (NFA),1997-07-31,,Jose Ruiz
1039,9101673,970045,1997-02-11,,sli,2000-08-03 14:26:19,1074,,,0.0,,False,False,False,False,False,False,False,,False,0.0,False,False,False,False,0.0,False,False,False,False,False,,Site Cleanup Completed (NFA),2001-01-04,,Shaobin Li
1040,9200922,970037,1997-02-14,,esadoyama,1997-07-02 15:53:47,1075,,,0.0,,False,False,False,False,False,False,False,,False,0.0,False,False,False,False,0.0,False,False,False,False,False,,Site Cleanup Completed (NFA),1997-07-31,,Steven Okoji
2528,9500431,970047,1997-02-19,2009-02-09,rkwan,2011-01-26 13:52:56,1079,,,0.0,,False,False,False,False,False,False,False,,False,0.0,False,False,False,False,0.0,False,False,False,False,False,,Monitored Natural Attenuation,2002-07-22,,Shunsheng Fu 
1042,9100995,970038,1997-03-12,,CCLARK,1997-03-12 13:29:20,1080,,,0.0,,False,False,False,False,False,False,False,,False,0.0,False,False,False,False,0.0,False,False,False,False,False,,Site Cleanup Completed (NFA),2000-06-15,,Jeffrey Ung
1043,9502466,970006,1997-03-17,,CCLARK,1997-03-17 11:38:15,1081,,,0.0,,False,False,False,False,False,False,False,,False,0.0,False,False,False,False,0.0,False,False,False,False,False,,Site Cleanup Completed (NFA),1997-01-02,,Jose Ruiz
1045,9101513,970024,1996-11-08,,CCLARK,1997-04-09 15:17:49,1091,,,0.0,,False,False,False,False,False,False,False,,False,0.0,False,False,False,False,0.0,False,False,False,False,False,,Site Cleanup Completed (NFA),2002-09-11,,Shaobin Li
1046,9200796,970054,1997-04-16,,esadoyama,1997-04-16 15:41:55,1093,,,0.0,,False,False,False,False,False,False,False,,False,0.0,False,False,False,False,0.0,False,False,False,False,False,,Site Cleanup Completed (NFA),1997-05-06,,Jose Ruiz
1047,9600586,960048,1997-04-17,,CCLARK,1997-04-17 10:08:12,1094,,,0.0,,False,False,False,False,False,False,False,,False,0.0,False,False,False,False,0.0,False,False,False,False,False,,Site Cleanup Completed (NFA),1996-06-01,,Jose Ruiz
1048,9707146,970052,1997-04-17,,esadoyama,1997-07-14 09:12:13,1095,,,0.0,,False,False,False,False,False,False,False,,False,0.0,False,False,False,False,0.0,False,False,False,False,False,,Site Cleanup Completed (NFA),1998-02-23,,Jeffrey Ung
1049,9200143,970079,1997-05-08,,esadoyama,1997-06-27 09:11:34,1096,,,0.0,,False,False,False,False,False,False,False,,False,0.0,False,False,False,False,0.0,False,False,False,False,False,,Site Cleanup Completed (NFA),1997-05-12,,Jose Ruiz
1050,9103014,970005,1997-06-13,,esadoyama,1998-09-04 13:09:06,1098,,,0.0,,False,False,False,False,False,False,False,,False,0.0,False,False,False,False,0.0,False,False,False,False,False,,Site Cleanup Completed (NFA),1997-03-14,,Janet Sherrer
1051,9100279,970083,1997-06-13,,esadoyama,1997-06-13 10:42:19,1099,,,0.0,,False,False,False,False,False,False,False,,False,0.0,False,False,False,False,0.0,False,False,False,False,False,,Site Cleanup Completed (NFA),1997-07-02,,Eric Sadoyama
1052,9601312,970051,1997-06-26,,rtakaba,2002-02-05 15:07:46,1100,,,0.0,,False,False,False,False,False,False,False,,False,0.0,False,False,False,False,0.0,False,False,False,False,False,,Site Cleanup Completed (NFA),2002-02-15,,Shunsheng Fu
1053,9201228,970044,1997-06-26,,esadoyama,1997-06-26 09:16:00,1101,,,0.0,,False,False,False,False,False,False,False,,False,0.0,False,False,False,False,0.0,False,False,False,False,False,,Site Cleanup Completed (NFA),1997-10-20,,Steven Okoji
1054,9601134,970046,1997-06-26,,esadoyama,1997-06-26 09:33:12,1102,,,0.0,,False,False,False,False,False,False,False,,False,0.0,False,False,False,False,0.0,False,False,False,False,False,,Disconfirmed Release,1998-09-24,,Lene Ichinotsubo
1055,9102390,970049,1997-06-26,,esadoyama,1998-07-10 19:47:38,1103,,,0.0,,False,False,False,False,False,False,False,,False,0.0,False,False,False,False,0.0,False,False,False,False,False,,Site Cleanup Completed (NFA),2000-11-08,,Shaobin Li
1056,9601627,970050,1997-06-26,,esadoyama,1997-10-10 10:15:48,1104,,,0.0,,False,False,False,False,False,False,False,,False,0.0,False,False,False,False,0.0,False,False,False,False,False,,Site Cleanup Completed (NFA),1997-09-17,,Steven Okoji
1057,9200030,970057,1997-06-27,,rkwan,2002-05-20 10:20:37,1106,,,0.0,,False,False,False,False,False,False,False,,False,0.0,False,False,False,False,0.0,False,False,False,False,False,,Site Cleanup Completed (NFA),1997-03-20,,Jose Ruiz
1058,9101098,970053,1997-06-27,,esadoyama,1997-07-03 13:32:48,1107,,,0.0,,False,False,False,False,False,False,False,,False,0.0,False,False,False,False,0.0,False,False,False,False,False,,Site Cleanup Completed (NFA),1998-08-01,,Jose Ruiz
1059,9100228,970058,1997-06-27,2009-03-25,rtakaba,2009-04-03 16:06:18,1108,Responsible Party,Leaking Tank,2000.0,Tank Removal,True,False,True,False,True,True,True,,False,0.0,True,True,False,False,0.0,False,False,False,False,False,,Site Cleanup Completed (NFA),2009-03-25,Tank,Richard Takaba 
1060,9100752,970059,1997-06-27,,esadoyama,1997-07-02 16:00:03,1109,,,0.0,,False,False,False,False,False,False,False,,False,0.0,False,False,False,False,0.0,False,False,False,False,False,,Site Cleanup Completed (NFA),1999-02-08,,Jeffrey Ung
1061,9101462,970056,1997-06-27,,rkwan,2001-09-05 15:02:34,1110,,,0.0,,False,False,False,False,False,True,True,,False,0.0,False,False,False,False,0.0,False,False,False,False,False,,Site Cleanup Completed (NFA),2004-05-28,,Shunsheng Fu
1062,9501838,970084,1997-06-27,,esadoyama,1997-06-27 08:21:57,1111,,,0.0,,False,False,False,False,False,False,False,,False,0.0,False,False,False,False,0.0,False,False,False,False,False,,Site Cleanup Completed (NFA),1998-11-25,,Jose Ruiz
1063,9201509,970082,1997-06-27,,esadoyama,1997-06-27 08:45:59,1112,,,0.0,,False,False,False,False,False,False,False,,False,0.0,False,False,False,False,0.0,False,False,False,False,False,,Site Cleanup Completed (NFA),1999-10-08,,Shaobin Li
1064,9201502,970081,1997-06-27,,esadoyama,1997-06-27 08:55:47,1113,,,0.0,,False,False,False,False,False,False,False,,False,0.0,False,False,False,False,0.0,False,False,False,False,False,,Site Cleanup Completed (NFA),1999-10-08,,Shaobin Li
1065,9102836,970080,1997-06-27,,esadoyama,1997-06-27 09:07:18,1114,,,0.0,,False,False,False,False,False,False,False,,False,0.0,False,False,False,False,0.0,False,False,False,False,False,,Site Cleanup Completed (NFA),1999-08-26,,Jeffrey Ung
1066,9201209,970071,1997-06-27,2016-05-18,roxanne.kwan,2023-04-05 14:04:12,1115,Responsible Party,Unknown,0.0,Tank Removal,True,False,False,False,True,False,False,,False,0.0,True,False,False,False,0.0,False,False,False,True,True,"ORC- Advanced, RegenOx",Consolidated releases,2018-07-25,Unknown,Randall Heu 
1067,9100496,970065,1997-06-27,,esadoyama,1997-06-27 09:20:11,1116,,,0.0,,False,False,False,False,False,False,False,,False,0.0,False,False,False,False,0.0,False,False,False,False,False,,Site Cleanup Completed (NFA),1998-09-25,,Jeffrey Ung
1068,9101003,970067,1997-06-27,,esadoyama,1997-06-27 09:26:14,1117,,,0.0,,False,False,False,False,False,False,False,,False,0.0,False,False,False,False,0.0,False,False,False,False,False,,Site Cleanup Completed (NFA),1999-10-05,,Shaobin Li
1069,9707170,970066,1997-06-27,,rtakaba,2001-06-01 11:45:42,1118,,,0.0,,False,False,False,False,False,False,False,,False,0.0,False,False,False,False,0.0,False,False,False,False,False,,Site Cleanup Completed (NFA),2001-11-05,,Mark Sutterfield
1070,9201508,970069,1997-06-27,,rkwan,2001-08-09 14:57:01,1119,,,0.0,,False,False,False,False,False,False,False,,False,0.0,False,False,False,False,0.0,False,False,False,False,False,,Site Cleanup Completed (NFA),2000-01-10,,Jeffrey Ung
1071,9600104,970063,1997-06-27,,esadoyama,1997-06-27 09:35:23,1120,,,0.0,,False,False,False,False,False,False,False,,False,0.0,False,False,False,False,0.0,False,False,False,False,False,,Site Cleanup Completed (NFA),1997-06-06,,Jose Ruiz
1072,9100888,970061,1997-06-27,,esadoyama,1997-07-02 19:08:16,1121,,,0.0,,False,False,False,False,False,False,False,,False,0.0,False,False,False,False,0.0,False,False,False,False,False,,Site Cleanup Completed (NFA),2001-10-01,,Jose Ruiz
1073,9100831,970062,1997-06-27,,esadoyama,1997-06-27 09:59:15,1122,,,0.0,,False,False,False,False,False,False,False,,False,0.0,False,False,False,False,0.0,False,False,False,False,False,,Site Cleanup Completed (NFA),1997-09-26,,Jose Ruiz
1074,9102920,970072,1997-06-27,,esadoyama,1997-06-27 10:05:18,1123,,,0.0,,False,False,False,False,False,False,False,,False,0.0,False,False,False,False,0.0,False,False,False,False,False,,Site Cleanup Completed (NFA),1999-12-21,,Shaobin Li
1075,9101514,970073,1997-04-14,,roxanne.kwan,2023-10-24 13:28:52,1124,,,0.0,,False,False,False,False,False,False,False,,False,0.0,False,False,False,False,0.0,False,False,False,False,False,,Case Transferred to HEER (DERA),1997-09-24,,To DERA 
1076,9201508,970074,1997-06-27,,rkwan,2001-08-09 14:57:26,1125,,,0.0,,False,False,False,False,False,False,False,,False,0.0,False,False,False,False,0.0,False,False,False,False,False,,Site Cleanup Completed (NFA),2000-07-19,,Jeffrey Ung
1077,9101505,990036,1997-05-06,2012-12-18,jnagashima,2013-01-03 09:31:22,1129,Responsible Party,Leaking Tank,0.0,Tank Removal,False,True,False,False,True,False,False,,False,0.0,True,False,False,False,0.0,False,False,False,False,False,,Site Cleanup Completed with EHMP,2012-12-21,Tank,Josh Nagashima 
1078,9601133,970106,1997-07-02,,esadoyama,1998-02-18 15:45:50,1130,,,0.0,,False,False,False,False,False,False,False,,False,0.0,False,False,False,False,0.0,False,False,False,False,False,,Site Cleanup Completed (NFA),1999-02-01,,Richard Takaba
1079,9707171,970107,1997-07-02,,esadoyama,1997-07-02 18:28:26,1131,,,0.0,,False,False,False,False,False,False,False,,False,0.0,False,False,False,False,0.0,False,False,False,False,False,,Site Cleanup Completed (NFA),1997-09-25,,Steven Okoji
1080,9200134,970105,1997-07-07,,esadoyama,1997-07-07 14:22:31,1132,,,0.0,,False,False,False,False,False,False,False,,False,0.0,False,False,False,False,0.0,False,False,False,False,False,,Site Cleanup Completed (NFA),1997-07-18,,Jose Ruiz
1081,9100880,970103,1997-07-15,,esadoyama,1997-09-12 12:31:51,1134,,,0.0,,False,False,False,False,False,False,False,,False,0.0,False,False,False,False,0.0,False,False,False,False,False,,Site Cleanup Completed (NFA),1998-10-20,,Jose Ruiz
1082,9707180,960054,1997-07-28,,esadoyama,1998-09-03 16:28:44,1135,,,0.0,,False,False,False,False,False,False,False,,False,0.0,False,False,False,False,0.0,False,False,False,False,False,,Site Cleanup Completed (NFA),2000-06-24,,Richard Takaba
1083,9707142,960058,1997-07-28,,esadoyama,1999-02-18 14:23:49,1136,,,0.0,,False,False,False,False,False,False,False,,False,0.0,False,False,False,False,0.0,False,False,False,False,False,,Site Cleanup Completed (NFA),1996-08-12,,Jose Ruiz
1084,9100879,970114,1997-07-28,,rtakaba,2002-02-05 15:26:22,1137,,,0.0,,True,False,False,False,False,True,True,,False,0.0,False,True,False,False,0.0,False,False,False,False,False,,Site Cleanup Completed (NFA),2005-10-20,,Richard Takaba
1085,9707896,960075,1997-07-28,,esadoyama,1997-10-16 13:22:01,1138,,,0.0,,False,False,False,False,False,False,False,,False,0.0,False,False,False,False,0.0,False,False,False,False,False,,Site Cleanup Completed (NFA),1997-09-25,,Steven Okoji
1086,9100023,960081,1997-07-28,,rmaniulit,1999-12-14 14:44:44,1139,,,0.0,,False,False,False,False,False,False,False,,False,0.0,False,False,False,False,0.0,False,False,False,False,False,,Site Cleanup Completed (NFA),2003-08-04,,Shunsheng Fu
1087,9101533,960083,1997-07-28,,esadoyama,1999-02-16 13:12:56,1140,,,0.0,,False,False,False,False,False,False,False,,False,0.0,False,False,False,False,0.0,False,False,False,False,False,,Site Cleanup Completed (NFA),2003-04-30,,Shunsheng Fu
1088,9201018,970116,1997-08-07,,esadoyama,1997-09-08 13:24:16,1142,,,0.0,,False,False,False,False,False,False,False,,False,0.0,False,False,False,False,0.0,False,False,False,False,False,,Site Cleanup Completed (NFA),1997-09-30,,Janet Sherrer
1089,9102736,930092,1997-08-11,,rkwan,2007-03-20 16:05:29,1145,,,0.0,,False,False,False,False,False,False,False,,False,0.0,False,False,False,False,0.0,False,False,False,False,False,,Site Cleanup Completed (NFA),2006-04-21,,Shunsheng Fu
1090,9100197,970087,1997-08-12,,esadoyama,1997-12-16 14:19:53,1146,,,0.0,,False,False,False,False,False,False,False,,False,0.0,False,False,False,False,0.0,False,False,False,False,False,,Site Cleanup Completed (NFA),1997-05-27,,Jose Ruiz
1091,9701885,970077,1997-08-14,,esadoyama,1997-08-14 16:01:17,1147,,,0.0,,False,False,False,False,False,False,False,,False,0.0,False,False,False,False,0.0,False,False,False,False,False,,Site Cleanup Completed (NFA),1997-09-03,,Steven Okoji
1092,9102591,970086,1997-08-19,2010-08-30,sli,2014-01-28 10:51:33,1148,,Leaking Tank and Piping,0.0,Tank Removal,False,False,False,False,False,False,False,,False,0.0,True,True,False,False,0.0,False,False,True,False,False,,Site Cleanup Completed with EHE/EHMP,2010-09-28,Tank,Shaobin Li 
1093,9101194,970122,1997-08-25,2011-12-15,richard.takaba,2019-07-01 15:49:42,1149,,Unknown,0.0,Tank Removal,True,False,False,False,True,False,False,,False,0.0,True,False,False,False,0.0,False,False,False,False,False,,Site Assessment Ongoing,2019-06-01,Unknown,Allison Hutto 
1094,9101255,970055,1997-08-25,,esadoyama,1997-08-25 16:01:41,1150,,,0.0,,False,False,False,False,False,False,False,,False,0.0,False,False,False,False,0.0,False,False,False,False,False,,Site Cleanup Completed (NFA),1999-04-12,,Renato Maniulit
1095,9707158,970124,1997-08-28,,esadoyama,1997-08-28 11:04:28,1151,,,0.0,,False,False,False,False,False,False,False,,False,0.0,False,False,False,False,0.0,False,False,False,False,False,,Site Cleanup Completed (NFA),1997-09-17,,Eric Sadoyama
1096,9501126,970125,1997-08-28,,rmaniulit,2000-08-28 10:30:57,1152,,,0.0,,False,False,False,False,False,False,False,,False,0.0,False,False,False,False,0.0,False,False,False,False,False,,Site Cleanup Completed (NFA),2004-06-10,,Shunsheng Fu
1097,9101106,970126,1997-08-28,,esadoyama,1997-08-28 17:06:47,1153,,,0.0,,False,False,False,False,False,False,False,,False,0.0,False,False,False,False,0.0,False,False,False,False,False,,Site Cleanup Completed (NFA),1997-09-11,,Eric Sadoyama
1098,9601614,970089,1997-08-29,,jpeard,2002-11-22 08:53:01,1154,,,0.0,,False,False,False,False,False,False,False,,False,0.0,False,False,False,False,0.0,False,False,False,False,False,,Site Cleanup Completed (NFA),2002-11-14,,John Peard
1099,9601794,970088,1997-08-29,,rtakaba,2002-02-05 15:09:26,1155,,,0.0,,False,False,False,False,False,False,False,,False,0.0,False,False,False,False,0.0,False,False,False,False,False,,Site Cleanup Completed (NFA),2002-05-13,,Jose Ruiz
1100,9101798,970128,1997-09-04,,esadoyama,1999-03-05 09:15:00,1156,,,0.0,,False,False,False,False,False,False,False,,False,0.0,False,False,False,False,0.0,False,False,False,False,False,,Site Cleanup Completed (NFA),2000-01-28,,Renato Maniulit
1101,9707143,970119,1997-09-08,,rkwan,2006-10-12 10:38:13,1157,,,0.0,,True,False,False,False,False,False,False,,False,0.0,False,True,False,False,0.0,False,False,False,False,False,,Site Cleanup Completed (NFA),2005-06-22,,Haven Westerman
1102,9707193,970131,1997-09-09,,esadoyama,1997-12-16 10:22:37,1158,,,0.0,,False,False,False,False,False,False,False,,False,0.0,False,False,False,False,0.0,False,False,False,False,False,,Site Cleanup Completed (NFA),1998-04-23,,Steven Okoji
1103,9707172,970135,1997-09-12,,esadoyama,1997-09-12 11:57:28,1159,,,0.0,,False,False,False,False,False,False,False,,False,0.0,False,False,False,False,0.0,False,False,False,False,False,,Site Cleanup Completed (NFA),1999-12-27,,David Hodges
1104,9707109,970018,1997-09-12,,esadoyama,1997-09-12 13:14:43,1160,,,0.0,,False,False,False,False,False,False,False,,False,0.0,False,False,False,False,0.0,False,False,False,False,False,,Site Cleanup Completed (NFA),1998-09-29,,Lene Ichinotsubo
1105,9500411,970113,1997-09-15,,esadoyama,1997-12-10 12:13:30,1161,,,0.0,,False,False,False,False,False,False,False,,False,0.0,False,False,False,False,0.0,False,False,False,False,False,,Site Cleanup Completed (NFA),2001-02-13,,Jeffrey Ung
1106,9202767,970112,1997-07-15,,rkwan,2005-09-01 10:59:48,1162,,,0.0,,False,False,False,False,False,False,False,,False,0.0,False,False,False,False,0.0,False,False,False,False,False,,Site Cleanup Completed (NFA),2003-11-24,,Jose Ruiz
1107,9201512,970110,1997-07-15,,rtakaba,2001-12-05 09:02:34,1163,,,0.0,,False,False,False,False,False,False,False,,False,0.0,False,False,False,False,0.0,False,False,False,False,False,,Site Cleanup Completed (NFA),2001-12-27,,Mark Sutterfield
1108,9102844,970109,1997-09-15,,esadoyama,1997-09-15 11:05:33,1164,,,0.0,,False,False,False,False,False,False,False,,False,0.0,False,False,False,False,0.0,False,False,False,False,False,,Site Cleanup Completed (NFA),1997-10-31,,Jose Ruiz
1109,9200862,970111,1997-09-15,,rkwan,2005-02-23 09:06:19,1165,,,0.0,,False,False,False,False,False,False,False,,False,0.0,False,False,False,False,0.0,False,False,False,False,False,,Site Cleanup Completed (NFA),1999-01-21,,Richard Takaba
1110,9707178,970127,1997-08-29,,rkwan,2006-10-12 10:39:38,1166,,,0.0,,False,False,False,False,False,True,False,,False,0.0,False,True,False,False,0.0,False,False,False,False,False,,Site Cleanup Completed (NFA),2005-06-22,,Haven Westerman
1111,9102053,970123,1997-08-27,2009-02-04,rtakaba,2009-04-03 15:55:13,1167,,,0.0,,False,False,False,False,False,False,False,,False,0.0,False,False,False,False,0.0,False,False,False,False,False,,Site Cleanup Completed (NFA),2009-02-04,,Richard Takaba 
1112,9707188,970129,1997-09-23,,esadoyama,1999-08-24 11:41:51,1168,,,0.0,,False,False,False,False,False,False,False,,False,0.0,False,False,False,False,0.0,False,False,False,False,False,,Site Cleanup Completed (NFA),1998-11-23,,To DERA
1113,9700634,970075,1997-09-29,,sli,2004-10-26 10:32:36,1169,,,0.0,,False,False,False,False,False,False,False,,False,0.0,False,False,False,False,0.0,False,False,False,False,False,,Site Cleanup Completed (NFA),2005-01-13,,Shaobin Li
1114,9102347,970090,1997-09-29,,sfu,2008-11-14 14:58:39,1171,Responsible Party,Leaking Tank and Piping,0.0,Tank Removal,False,False,False,False,True,True,True,,False,0.0,False,False,False,False,0.0,False,False,False,False,False,,Site Cleanup Completed (NFA),2008-10-22,Tank,Shunsheng Fu 
1115,9200883,970121,1997-10-03,,esadoyama,1997-10-03 11:28:43,1172,,,0.0,,False,False,False,False,False,False,False,,False,0.0,False,False,False,False,0.0,False,False,False,False,False,,Site Cleanup Completed (NFA),1998-06-09,,Jeffrey Ung
1116,9202074,970118,1997-10-03,,rkwan,2007-03-19 15:57:41,1174,,,0.0,,False,False,False,False,False,False,False,,False,0.0,False,False,False,False,0.0,False,False,False,False,False,,Case Transferred to HEER (unregulated),1997-08-13,,To HEER 
1117,9101249,970117,1997-10-03,,esadoyama,1997-10-03 12:14:33,1175,,,0.0,,False,False,False,False,False,False,False,,False,0.0,False,False,False,False,0.0,False,False,False,False,False,,Site Cleanup Completed (NFA),1998-01-26,,Steven Okoji
1118,9707176,970108,1997-10-03,,esadoyama,1999-02-04 09:04:05,1176,,,0.0,,False,False,False,False,False,False,False,,False,0.0,False,False,False,False,0.0,False,False,False,False,False,,Site Cleanup Completed (NFA),1999-02-09,,David Hodges
1119,9200188,970104,1997-10-10,,esadoyama,1997-10-10 10:40:32,1177,,,0.0,,False,False,False,False,False,False,False,,False,0.0,False,False,False,False,0.0,False,False,False,False,False,,Site Cleanup Completed (NFA),1998-09-24,,Richard Takaba
1120,9101200,970115,1997-10-10,,rtakaba,2001-05-22 13:42:54,1178,,,0.0,,False,False,False,False,False,False,False,,False,0.0,False,False,False,False,0.0,False,False,False,False,False,,Site Cleanup Completed (NFA),2001-11-26,,Mark Sutterfield
1121,9200034,970136,1997-10-10,,rkwan,2005-11-22 09:39:59,1179,,,0.0,,False,False,False,False,False,False,True,,False,0.0,True,False,False,False,0.0,False,False,False,False,False,,Site Cleanup Completed (NFA),2002-01-14,,Mark Sutterfield
1122,9707189,980008,1997-10-29,,rkwan,2003-10-01 15:51:10,1180,,,0.0,,False,False,False,False,False,False,False,,False,0.0,False,False,False,False,0.0,False,False,False,False,False,,Site Cleanup Completed (NFA),1998-11-23,,To DERA
1123,9100267,980018,1997-11-24,,sli,2000-01-12 09:49:40,1182,,,0.0,,False,False,False,False,False,False,False,,False,0.0,False,False,False,False,0.0,False,False,False,False,False,,Site Cleanup Completed (NFA),2000-01-20,,Shaobin Li
1124,9707212,980019,1997-11-24,,rkwan,2000-11-27 13:55:05,1183,,,0.0,,False,False,False,False,False,False,False,,False,0.0,False,False,False,False,0.0,False,False,False,False,False,,Site Cleanup Completed (NFA),2002-06-13,,Shaobin Li
1125,9700621,970120,1997-12-16,,rtakaba,2000-12-06 15:28:37,1184,,,0.0,,False,False,False,False,False,False,False,,False,0.0,False,False,False,False,0.0,False,False,False,False,False,,Site Cleanup Completed (NFA),2000-11-20,,Richard Takaba
1126,9502520,970064,1998-01-07,,esadoyama,1998-01-07 08:20:20,1189,,,0.0,,False,False,False,False,False,False,False,,False,0.0,False,False,False,False,0.0,False,False,False,False,False,,Site Cleanup Completed (NFA),1998-01-21,,Steven Okoji
1127,9100032,980023,1998-01-07,2013-06-10,rtakaba,2013-10-18 13:25:22,1190,Responsible Party,Leaking Piping,0.0,Other,False,True,False,False,True,True,True,,True,1.0,True,True,False,False,0.0,False,True,False,False,True,ozonolysis,Site Cleanup Completed with EHE,2013-07-26,Piping,Richard Takaba 
1128,9600013,980027,1998-01-22,,rtakaba,2001-05-22 13:57:29,1191,,,0.0,,False,False,False,False,False,False,False,,False,0.0,False,False,False,False,0.0,False,False,False,False,False,,Site Cleanup Completed (NFA),2001-12-27,,Mark Sutterfield
1129,9707216,980040,1998-01-22,,rtakaba,2006-08-01 15:52:42,1192,,,0.0,,False,False,False,False,False,False,False,,False,0.0,False,False,False,False,0.0,False,False,False,False,False,,Site Cleanup Completed (NFA),2006-08-22,,Darren Park
1130,9100348,980039,1998-01-22,,esadoyama,1998-01-22 15:40:31,1193,,,0.0,,False,False,False,False,False,False,False,,False,0.0,False,False,False,False,0.0,False,False,False,False,False,,Site Cleanup Completed (NFA),1998-01-29,,Steven Okoji
1131,9100849,980041,1998-01-26,,esadoyama,1998-09-04 13:10:46,1195,,,0.0,,False,False,False,False,False,False,False,,False,0.0,False,False,False,False,0.0,False,False,False,False,False,,Site Cleanup Completed (NFA),1997-09-09,,Not Assigned
1132,9102058,980036,1998-01-27,2013-10-14,anay.shende,2020-10-21 15:36:07,1196,Responsible Party,Leaking Tank,20000.0,Leak Detection,False,False,False,False,True,True,True,,False,0.0,True,True,False,False,0.0,False,False,False,False,True,ORC,Consolidated releases,2020-10-21,Tank,Anay Shende 
1133,9101115,980031,1998-01-27,,rtakaba,2001-05-22 13:42:17,1197,,,0.0,,False,False,False,False,False,False,False,,False,0.0,False,False,False,False,0.0,False,False,False,False,False,,Site Cleanup Completed (NFA),1999-04-01,,Mark Sutterfield
1134,9201193,980012,1998-01-27,,esadoyama,1998-03-30 13:31:40,1199,,,0.0,,False,False,False,False,False,False,False,,False,0.0,False,False,False,False,0.0,False,False,False,False,False,,Site Cleanup Completed (NFA),2001-12-27,,Jose Ruiz
2274,9100767,980043,1998-01-29,2011-05-17,jnagashima,2011-05-25 09:53:04,1200,LUST Trust Fund,Leaking Tank,0.0,Tank Removal,False,False,False,False,True,False,False,,False,0.0,False,True,False,False,0.0,False,False,False,False,False,,Site Cleanup Completed (NFA),2011-02-14,Tank,Josh Nagashima 
1136,9100200,980037,1998-02-02,,esadoyama,1998-02-02 13:24:04,1201,,,0.0,,False,False,False,False,False,False,False,,False,0.0,False,False,False,False,0.0,False,False,False,False,False,,Site Cleanup Completed (NFA),2002-09-18,,Jose Ruiz
1137,9201366,970085,1998-02-05,,sli,2001-11-01 15:17:25,1202,,,0.0,,False,False,False,False,False,False,False,,False,0.0,False,False,False,False,0.0,False,False,False,False,False,,Site Cleanup Completed (NFA),2001-12-05,,Shaobin Li
1138,9707256,980053,1998-02-20,,rkwan,2008-08-05 09:46:50,1203,,,0.0,,False,False,False,False,False,False,False,,False,0.0,False,False,False,False,0.0,False,False,False,False,False,,Site Cleanup Completed (NFA),2002-08-01,,To VRP 
1139,9101448,980013,1998-02-20,,rtakaba,2002-02-05 15:27:57,1204,,,0.0,,False,False,False,False,False,False,False,,False,0.0,False,False,False,False,0.0,False,False,False,False,False,,Site Cleanup Completed (NFA),2003-04-24,,Richard Takaba
1140,9201381,980029,1998-02-20,,esadoyama,1998-02-20 12:15:50,1205,,,0.0,,False,False,False,False,False,False,False,,False,0.0,False,False,False,False,0.0,False,False,False,False,False,,Site Cleanup Completed (NFA),1998-01-29,,Jose Ruiz
1141,9100277,970139,1998-02-20,,rkwan,2001-10-02 10:24:22,1206,,,0.0,,False,False,False,False,False,False,False,,False,0.0,False,False,False,False,0.0,False,False,False,False,False,,Site Cleanup Completed (NFA),1998-12-22,,Mark Sutterfield
1142,9707243,980035,1998-02-20,,esadoyama,1998-02-20 13:12:00,1207,,,0.0,,False,False,False,False,False,False,False,,False,0.0,False,False,False,False,0.0,False,False,False,False,False,,Site Cleanup Completed (NFA),1998-09-04,,Jose Ruiz
1143,9707242,980032,1998-02-20,,esadoyama,1998-02-20 13:35:03,1208,,,0.0,,False,False,False,False,False,False,False,,False,0.0,False,False,False,False,0.0,False,False,False,False,False,,Site Cleanup Completed (NFA),1998-09-08,,Jose Ruiz
1144,9201860,980028,1998-02-20,,esadoyama,1998-02-20 13:48:44,1209,,,0.0,,False,False,False,False,False,False,False,,False,0.0,False,False,False,False,0.0,False,False,False,False,False,,Site Cleanup Completed (NFA),2000-04-20,,Jose Ruiz
1145,9202025,980061,1998-02-24,,rmaniulit,1999-10-01 14:20:27,1210,,,0.0,,False,False,False,False,False,False,False,,False,0.0,False,False,False,False,0.0,False,False,False,False,False,,Site Cleanup Completed (NFA),2000-07-18,,Renato Maniulit
1146,9707228,980038,1998-03-03,,esadoyama,1998-03-03 13:34:15,1213,,,0.0,,False,False,False,False,False,False,False,,False,0.0,False,False,False,False,0.0,False,False,False,False,False,,Site Cleanup Completed (NFA),1998-02-01,,Jose Ruiz
1147,9101337,980062,1998-03-03,,rtakaba,2000-09-15 16:02:54,1214,,,0.0,,False,False,False,False,False,False,False,,False,0.0,False,False,False,False,0.0,False,False,False,False,False,,Site Cleanup Completed (NFA),2002-01-14,,Shunsheng Fu
1148,9707015,980063,1998-03-04,2018-12-17,roxanne.kwan,2018-12-17 11:45:16,1215,Responsible Party,Leaking Tank and Piping,0.0,Tank Removal,False,False,False,False,True,False,True,,False,0.0,True,False,False,False,0.0,False,False,False,False,False,,Consolidated releases,2018-08-28,Tank,Shunsheng Fu 
1149,9200024,980016,1998-03-11,,esadoyama,1998-03-11 14:37:21,1216,,,0.0,,False,False,False,False,False,False,False,,False,0.0,False,False,False,False,0.0,False,False,False,False,False,,Site Cleanup Completed (NFA),1998-07-24,,Jose Ruiz
1150,9500370,980049,1998-03-11,,dpark,2009-06-18 10:48:58,1217,Responsible Party,Leaking Tank,0.0,Tank Removal,False,False,False,False,True,False,True,,False,0.0,True,True,False,False,0.0,False,False,False,False,False,,Site Cleanup Completed (NFA),2009-06-15,Tank,Darren Park 
1151,9200016,980051,1998-02-17,,esadoyama,1998-03-12 16:26:08,1219,,,0.0,,False,False,False,False,False,False,False,,False,0.0,False,False,False,False,0.0,False,False,False,False,False,,Site Cleanup Completed (NFA),2000-01-24,,Jose Ruiz
1152,9200016,980052,1998-02-17,,esadoyama,1998-03-12 16:27:07,1220,,,0.0,,False,False,False,False,False,False,False,,False,0.0,False,False,False,False,0.0,False,False,False,False,False,,Site Cleanup Completed (NFA),2000-01-24,,Jose Ruiz
1153,9102812,970091,1998-03-13,,rkwan,2002-04-11 10:11:04,1221,,,0.0,,False,False,False,False,False,False,False,,False,0.0,False,False,False,False,0.0,False,False,False,False,False,,Site Cleanup Completed (NFA),2002-05-07,,Shunsheng Fu
1154,9103068,970097,1998-03-13,,rkwan,2002-01-30 16:25:08,1222,,,0.0,,False,False,False,False,False,False,False,,False,0.0,False,False,False,False,0.0,False,False,False,False,False,,Site Cleanup Completed (NFA),2000-01-25,,Richard Takaba
1155,9103068,970100,1998-03-13,,rkwan,2002-01-30 16:17:44,1223,,,0.0,,False,False,False,False,False,False,False,,False,0.0,False,False,False,False,0.0,False,False,False,False,False,,Site Cleanup Completed (NFA),2000-01-31,,Richard Takaba
1156,9103068,970099,1998-03-13,,rkwan,2002-01-30 15:46:57,1224,,,0.0,,False,False,False,False,False,False,False,,False,0.0,False,False,False,False,0.0,False,False,False,False,False,,Site Cleanup Completed (NFA),1998-03-18,,Steven Okoji
1157,9103049,970096,1998-03-16,,esadoyama,1998-03-16 08:13:26,1225,,,0.0,,False,False,False,False,False,False,False,,False,0.0,False,False,False,False,0.0,False,False,False,False,False,,Site Cleanup Completed (NFA),1998-03-18,,Steven Okoji
1158,9202041,970098,1998-03-16,,esadoyama,1998-03-16 08:16:01,1226,,,0.0,,False,False,False,False,False,False,False,,False,0.0,False,False,False,False,0.0,False,False,False,False,False,,Site Cleanup Completed (NFA),1998-03-18,,Steven Okoji
1159,9103047,980044,1998-03-16,,esadoyama,1998-03-16 08:21:50,1227,,,0.0,,False,False,False,False,False,False,False,,False,0.0,False,False,False,False,0.0,False,False,False,False,False,,Site Cleanup Completed (NFA),2000-07-26,,Richard Takaba
1160,9602708,980045,1998-03-18,,esadoyama,1998-03-18 10:12:36,1228,,,0.0,,False,False,False,False,False,False,False,,False,0.0,False,False,False,False,0.0,False,False,False,False,False,,Site Cleanup Completed (NFA),1998-03-18,,Steven Okoji
1161,9102076,980046,1998-03-18,,esadoyama,1998-03-18 14:03:25,1229,,,0.0,,False,False,False,False,False,False,False,,False,0.0,False,False,False,False,0.0,False,False,False,False,False,,Site Cleanup Completed (NFA),2000-07-26,,Richard Takaba
1162,9200345,980026,1998-03-20,,esadoyama,1998-03-20 09:21:46,1230,,,0.0,,False,False,False,False,False,False,False,,False,0.0,False,False,False,False,0.0,False,False,False,False,False,,Site Cleanup Completed (NFA),1998-01-02,,Jose Ruiz
1163,9601692,980025,1997-12-17,,esadoyama,1998-03-20 14:31:38,1231,,,0.0,,False,False,False,False,False,False,False,,False,0.0,False,False,False,False,0.0,False,False,False,False,False,,Site Cleanup Completed (NFA),1998-04-01,,Jose Ruiz
1164,9202720,970013,1998-03-25,,rmaniulit,1999-08-19 14:05:02,1232,,,0.0,,False,False,False,False,False,False,False,,False,0.0,False,False,False,False,0.0,False,False,False,False,False,,Site Cleanup Completed (NFA),1999-08-27,,Renato Maniulit
1165,9201192,980011,1998-03-25,,sfu,2007-05-01 15:31:33,1233,,,0.0,,False,False,False,False,True,False,True,,False,0.0,True,False,False,False,0.0,False,False,False,False,False,,Site Cleanup Completed (NFA),2007-01-30,,Shunsheng Fu
1166,9101185,980077,1998-03-30,,rtakaba,2005-01-25 10:43:35,1235,,,0.0,,False,False,False,False,False,False,False,,False,0.0,False,False,False,False,0.0,False,False,False,False,False,,Site Cleanup Completed (NFA),2005-08-10,,Chad Pritchard
1167,9201723,980080,1998-03-31,2013-01-10,jnagashima,2013-01-29 11:42:23,1236,Responsible Party,Leaking Tank and Piping,0.0,Tank Removal,False,False,False,False,True,True,True,,False,0.0,True,False,False,False,0.0,False,False,False,False,False,over-excavation,Site Cleanup Completed (NFA),2013-01-16,Tank,Josh Nagashima 
1168,9601403,980072,1998-04-01,,rtakaba,2005-01-06 16:24:10,1237,,,0.0,,False,False,False,False,False,False,False,,False,0.0,False,False,False,False,0.0,False,False,False,False,False,,Site Cleanup Completed (NFA),2005-07-26,,Haven Westerman
1169,9101808,980024,1998-04-01,,rtakaba,2005-01-26 10:29:26,1238,,,0.0,,True,False,False,False,True,False,True,,False,0.0,True,False,False,False,0.0,False,False,False,False,False,,Site Cleanup Completed (NFA),2005-05-12,,Chad Pritchard
1170,9102139,980082,1998-04-01,2016-11-21,Allison.Hutto,2020-09-04 08:26:06,1239,Responsible Party,Leaking Tank,0.0,Tank Removal,False,False,True,False,True,True,True,2009-05-21,False,0.0,True,True,False,False,0.0,False,False,False,False,False,,Monitored Natural Attenuation,2016-11-29,Tank,Allison Hutto 
1171,9701555,980083,1998-04-06,,esadoyama,1998-04-06 11:31:12,1241,,,0.0,,False,False,False,False,False,False,False,,False,0.0,False,False,False,False,0.0,False,False,False,False,False,,Site Cleanup Completed (NFA),1998-04-07,,Eric Sadoyama
1172,9202030,980070,1998-04-06,,esadoyama,1998-04-06 11:51:05,1242,,,0.0,,False,False,False,False,False,False,False,,False,0.0,False,False,False,False,0.0,False,False,False,False,False,,Site Cleanup Completed (NFA),2000-07-10,,Jose Ruiz
1173,9202999,980085,1998-04-06,,sfu,2008-05-13 15:32:35,1243,,,0.0,,False,False,False,False,False,False,False,,False,0.0,False,False,False,False,0.0,False,False,False,False,False,,Site Cleanup Completed (NFA),2008-05-06,,Shunsheng Fu 
1174,9707264,980090,1998-04-08,,esadoyama,1998-04-08 15:10:56,1245,,,0.0,,False,False,False,False,False,False,False,,False,0.0,False,False,False,False,0.0,False,False,False,False,False,,Site Cleanup Completed (NFA),1998-09-25,,Richard Takaba
1175,9100316,980069,1998-04-08,,esadoyama,1998-04-08 15:49:25,1246,,,0.0,,False,False,False,False,False,False,False,,False,0.0,False,False,False,False,0.0,False,False,False,False,False,,Site Cleanup Completed (NFA),2001-03-05,,Jose Ruiz
1176,9102881,980091,1998-04-08,,rtakaba,2001-05-22 13:49:43,1247,,,0.0,,False,False,False,False,False,False,False,,False,0.0,False,False,False,False,0.0,False,False,False,False,False,,Site Cleanup Completed (NFA),2000-11-11,,Mark Sutterfield
1177,9602875,980092,1998-04-08,,rkwan,2008-05-20 09:24:46,1248,,,0.0,,False,False,False,False,False,False,False,,False,0.0,True,False,True,False,0.0,False,False,False,False,False,,Case Transferred to HEER (unregulated),2004-05-14,,To HEER 
1178,9101445,980021,1998-04-09,,esadoyama,1998-04-09 12:29:47,1249,,,0.0,,False,False,False,False,False,False,False,,False,0.0,False,False,False,False,0.0,False,False,False,False,False,,Site Cleanup Completed (NFA),1999-02-26,,Richard Takaba
1179,9102564,980096,1998-04-15,,esadoyama,1998-04-15 13:35:41,1251,,,0.0,,False,False,False,False,False,False,False,,False,0.0,False,False,False,False,0.0,False,False,False,False,False,,Site Cleanup Completed (NFA),1998-12-28,,Eric Sadoyama
1180,9707248,980099,1998-04-21,,rtakaba,2002-02-05 14:59:23,1252,,,0.0,,False,False,False,False,False,False,False,,False,0.0,False,False,False,False,0.0,False,False,False,False,False,,Site Cleanup Completed (NFA),2003-04-02,,Jose Ruiz
1181,9600598,980009,1998-04-22,,esadoyama,1998-04-22 08:28:20,1253,,,0.0,,False,False,False,False,False,False,False,,False,0.0,False,False,False,False,0.0,False,False,False,False,False,,Site Cleanup Completed (NFA),1998-04-08,,Jose Ruiz
1182,9501005,980104,1998-04-24,,esadoyama,1998-07-17 20:28:35,1254,,,0.0,,False,False,False,False,False,False,False,,False,0.0,False,False,False,False,0.0,False,False,False,False,False,,Site Cleanup Completed (NFA),2003-09-15,,Richard Takaba
1183,9103068,980106,1998-04-28,,rkwan,2002-01-30 16:04:15,1255,,,0.0,,False,False,False,False,False,False,False,,False,0.0,False,False,False,False,0.0,False,False,False,False,False,,Site Cleanup Completed (NFA),2000-07-26,,Richard Takaba
1184,9707272,970014,1998-04-28,,esadoyama,1998-04-28 16:27:44,1256,,,0.0,,False,False,False,False,False,False,False,,False,0.0,False,False,False,False,0.0,False,False,False,False,False,,Site Cleanup Completed (NFA),1998-08-05,,Eric Sadoyama
1185,9102856,960041,1998-04-29,,esadoyama,1998-04-29 13:39:37,1257,,,0.0,,False,False,False,False,False,False,False,,False,0.0,False,False,False,False,0.0,False,False,False,False,False,,Site Cleanup Completed (NFA),2001-11-08,,Jose Ruiz
1186,9707154,960070,1998-04-29,,rkwan,2007-03-16 14:39:41,1258,,,0.0,,False,False,False,False,False,False,False,,False,0.0,False,False,False,False,0.0,False,False,False,False,False,,Case Transferred to HEER (unregulated),2002-07-08,,To HEER 
1187,9500769,980105,1998-04-29,,esadoyama,1998-04-29 14:50:18,1259,,,0.0,,False,False,False,False,False,False,False,,False,0.0,False,False,False,False,0.0,False,False,False,False,False,,Site Cleanup Completed (NFA),1999-02-04,,Jose Ruiz
1188,9201184,980103,1998-04-29,,esadoyama,1999-03-04 08:22:14,1260,,,0.0,,False,False,False,False,False,False,False,,False,0.0,False,False,False,False,0.0,False,False,False,False,False,,Site Cleanup Completed (NFA),2002-04-29,,Shunsheng Fu
1189,9707105,980102,1998-04-29,,esadoyama,1998-04-29 14:53:30,1261,,,0.0,,False,False,False,False,False,False,False,,False,0.0,False,False,False,False,0.0,False,False,False,False,False,,Site Cleanup Completed (NFA),2002-02-06,,Shunsheng Fu
1190,9100886,980101,1998-04-29,,sfu,2007-05-01 14:44:27,1262,,,0.0,,False,False,False,False,False,True,True,,False,0.0,False,False,False,False,0.0,False,False,False,False,False,,Site Cleanup Completed (NFA),2007-05-05,,Shunsheng Fu
1191,9707460,980100,1998-04-29,,rmaniulit,1999-08-19 08:35:36,1263,,,0.0,,False,False,False,False,False,False,False,,False,0.0,False,False,False,False,0.0,False,False,False,False,False,,Site Cleanup Completed (NFA),1999-08-26,,Renato Maniulit
1192,9100264,980098,1998-04-29,,esadoyama,1998-04-29 15:05:20,1264,,,0.0,,False,False,False,False,False,False,False,,False,0.0,False,False,False,False,0.0,False,False,False,False,False,,Site Cleanup Completed (NFA),1998-09-22,,Lene Ichinotsubo
1193,9100834,980097,1998-04-29,,esadoyama,1998-04-29 15:07:31,1265,,,0.0,,False,False,False,False,False,False,False,,False,0.0,False,False,False,False,0.0,False,False,False,False,False,,Site Cleanup Completed (NFA),1998-07-22,,Lene Ichinotsubo
1194,9500374,980095,1998-04-29,,esadoyama,1998-04-29 15:08:39,1266,,,0.0,,False,False,False,False,False,False,False,,False,0.0,False,False,False,False,0.0,False,False,False,False,False,,Site Cleanup Completed (NFA),2001-03-20,,Jose Ruiz
1195,9102845,980094,1998-04-29,,esadoyama,1998-04-29 15:10:20,1267,,,0.0,,False,False,False,False,False,False,False,,False,0.0,False,False,False,False,0.0,False,False,False,False,False,,Site Cleanup Completed (NFA),1999-08-26,,Richard Takaba
1196,9102114,980093,1998-04-29,,esadoyama,1998-04-29 15:15:07,1268,,,0.0,,False,False,False,False,False,False,False,,False,0.0,False,False,False,False,0.0,False,False,False,False,False,,Site Cleanup Completed (NFA),1999-11-26,,David Hodges
1197,9601223,980089,1998-04-29,,esadoyama,1998-04-29 15:16:39,1269,,,0.0,,False,False,False,False,False,False,False,,False,0.0,False,False,False,False,0.0,False,False,False,False,False,,Site Cleanup Completed (NFA),1998-12-15,,Jose Ruiz
1198,9101805,980088,1998-04-29,,rkwan,2003-08-26 14:28:05,1270,,,0.0,,False,False,False,False,False,False,False,,False,0.0,False,False,False,False,0.0,False,False,False,False,False,,Site Cleanup Completed (NFA),2002-02-20,,Mark Sutterfield
1199,9102762,980081,1998-04-29,,golmsted,2000-02-28 12:33:40,1271,,,0.0,,False,False,False,False,False,False,False,,False,0.0,False,False,False,False,0.0,False,False,False,False,False,,Site Cleanup Completed (NFA),2002-03-21,,Shunsheng Fu
1200,9601292,980079,1998-04-29,,esadoyama,1998-04-29 15:26:20,1272,,,0.0,,False,False,False,False,False,False,False,,False,0.0,False,False,False,False,0.0,False,False,False,False,False,,Site Cleanup Completed (NFA),1998-04-13,,Janet Sherrer
1201,9601292,980078,1998-04-29,,esadoyama,1998-04-29 15:25:46,1273,,,0.0,,False,False,False,False,False,False,False,,False,0.0,False,False,False,False,0.0,False,False,False,False,False,,Site Cleanup Completed (NFA),1998-04-13,,Janet Sherrer
1202,9201262,980076,1998-04-29,,esadoyama,1998-04-29 15:27:39,1274,,,0.0,,False,False,False,False,False,False,False,,False,0.0,False,False,False,False,0.0,False,False,False,False,False,,Site Cleanup Completed (NFA),1998-09-24,,Lene Ichinotsubo
1203,9201502,980075,1998-04-29,,esadoyama,1998-04-29 15:31:59,1275,,,0.0,,False,False,False,False,False,False,False,,False,0.0,False,False,False,False,0.0,False,False,False,False,False,,Site Cleanup Completed (NFA),1999-10-13,,Shaobin Li
1204,9700613,980073,1998-04-29,,esadoyama,1998-04-29 15:37:07,1276,,,0.0,,False,False,False,False,False,False,False,,False,0.0,False,False,False,False,0.0,False,False,False,False,False,,Site Cleanup Completed (NFA),1998-09-25,,Richard Takaba
1205,9500541,980071,1998-04-29,,rtakaba,2001-05-22 13:54:59,1277,,,0.0,,False,False,False,False,False,False,False,,False,0.0,False,False,False,False,0.0,False,False,False,False,False,,Site Cleanup Completed (NFA),2001-10-09,,Mark Sutterfield
1206,9103101,980068,1998-04-29,,rkwan,2007-03-27 15:55:20,1278,,,0.0,,False,False,False,False,False,False,False,,False,0.0,False,False,False,False,0.0,False,False,False,False,False,,Site Cleanup Completed (NFA),1998-05-14,,Jose Ruiz
1207,9101846,980067,1998-04-29,,esadoyama,1998-04-29 15:44:20,1279,,,0.0,,False,False,False,False,False,False,False,,False,0.0,False,False,False,False,0.0,False,False,False,False,False,,Site Cleanup Completed (NFA),1998-03-13,,Janet Sherrer
1208,9101090,980066,1998-04-29,,esadoyama,1998-04-29 15:46:02,1280,,,0.0,,False,False,False,False,False,False,False,,False,0.0,False,False,False,False,0.0,False,False,False,False,False,,Site Cleanup Completed (NFA),1998-03-13,,Janet Sherrer
1209,9600574,980065,1998-04-29,,esadoyama,1998-04-29 15:47:44,1281,,,0.0,,False,False,False,False,False,False,False,,False,0.0,False,False,False,False,0.0,False,False,False,False,False,,Site Cleanup Completed (NFA),1998-12-07,,Jose Ruiz
1210,9101664,980064,1998-04-29,,esadoyama,1998-04-29 15:48:54,1282,,,0.0,,False,False,False,False,False,False,False,,False,0.0,False,False,False,False,0.0,False,False,False,False,False,,Site Cleanup Completed (NFA),1998-04-06,,Janet Sherrer
1211,9102058,980050,1998-04-29,2013-10-14,anay.shende,2020-10-21 15:37:00,1283,Responsible Party,Leaking Tank,20000.0,Leak Detection,False,False,False,False,True,True,True,,False,0.0,True,True,False,False,0.0,False,False,False,False,True,ORC,Consolidated releases,2020-10-21,Tank,Anay Shende 
1212,9102591,980048,1998-04-29,2010-08-30,sli,2014-01-28 10:51:50,1284,,Leaking Tank and Piping,0.0,Tank Removal,False,False,False,False,False,True,True,,False,0.0,False,True,False,False,0.0,False,False,True,False,False,,Site Cleanup Completed with EHE/EHMP,2010-09-28,Unknown,Shaobin Li 
1213,9602875,980055,1998-05-01,,rkwan,2008-05-20 09:17:48,1285,Responsible Party,Leaking Tank,0.0,Tank Removal,False,False,False,False,False,False,False,,False,0.0,True,False,False,False,0.0,False,False,False,False,False,,Site Cleanup Completed (NFA),2008-02-19,Tank,Darren Park 
1214,9707213,980010,1998-05-26,,esadoyama,1998-05-26 18:30:02,1286,,,0.0,,False,False,False,False,False,False,False,,False,0.0,False,False,False,False,0.0,False,False,False,False,False,,Site Cleanup Completed (NFA),2000-09-12,,Shaobin Li
1215,9201724,980136,1998-06-02,,rkwan,2005-02-14 10:51:20,1287,,,0.0,,False,False,False,False,False,False,False,,False,0.0,False,False,False,False,0.0,False,False,False,False,False,,Site Cleanup Completed (NFA),2004-05-27,,Shaobin Li
1216,9200333,980137,1998-06-02,,esadoyama,1998-06-02 14:46:21,1288,,,0.0,,False,False,False,False,False,False,False,,False,0.0,False,False,False,False,0.0,False,False,False,False,False,,Site Cleanup Completed (NFA),2000-04-03,,Shaobin Li
1217,9201865,980138,1998-06-02,,esadoyama,1998-06-02 14:48:21,1289,,,0.0,,False,False,False,False,False,False,False,,False,0.0,False,False,False,False,0.0,False,False,False,False,False,,Site Cleanup Completed (NFA),1998-08-10,,Lene Ichinotsubo
1218,9201864,980139,1998-06-02,,rkwan,2000-08-10 10:41:59,1290,,,0.0,,False,False,False,False,False,False,False,,False,0.0,False,False,False,False,0.0,False,False,False,False,False,,Site Cleanup Completed (NFA),2000-08-16,,Shaobin Li
1219,9100325,980140,1998-06-02,2012-10-12,sli,2012-12-04 11:10:58,1291,,Unknown,0.0,Other,False,False,False,False,False,True,True,,False,0.0,False,True,True,False,0.0,False,False,False,False,False,,Site Cleanup Completed (NFA),2012-11-30,Unknown,Shaobin Li 
1220,9200324,980141,1998-06-02,,esadoyama,1998-06-02 15:02:20,1292,,,0.0,,False,False,False,False,False,False,False,,False,0.0,False,False,False,False,0.0,False,False,False,False,False,,Site Cleanup Completed (NFA),1999-03-23,,David Hodges
1221,9200327,980142,1998-06-02,,esadoyama,1998-06-02 15:04:07,1293,,,0.0,,False,False,False,False,False,False,False,,False,0.0,False,False,False,False,0.0,False,False,False,False,False,,Site Cleanup Completed (NFA),1999-03-16,,David Hodges
1222,9200329,980143,1998-06-02,,rmaniulit,2000-07-17 15:15:10,1294,,,0.0,,False,False,False,False,False,False,False,,False,0.0,False,False,False,False,0.0,False,False,False,False,False,,Site Cleanup Completed (NFA),2000-07-19,,Renato Maniulit
1223,9100328,980144,1998-06-02,,rmaniulit,2000-07-13 09:57:39,1295,,,0.0,,False,False,False,False,False,False,False,,False,0.0,False,False,False,False,0.0,False,False,False,False,False,,Site Cleanup Completed (NFA),2000-07-07,,Renato Maniulit
1224,9100339,980145,1998-06-02,,rtakaba,2006-05-22 14:50:48,1296,,,0.0,,False,False,False,False,False,False,False,,False,0.0,False,False,False,False,0.0,False,False,False,False,False,,Site Cleanup Completed (NFA),1999-03-30,,David Hodges
1225,9200326,980146,1998-06-02,,esadoyama,1998-06-02 15:11:31,1297,,,0.0,,False,False,False,False,False,False,False,,False,0.0,False,False,False,False,0.0,False,False,False,False,False,,Site Cleanup Completed (NFA),1999-12-09,,David Hodges
2535,9200330,980147,1998-06-02,2015-11-24,shaobin.li,2016-08-25 08:46:53,1298,Responsible Party,Unknown,0.0,Other,True,False,False,False,True,False,True,,False,0.0,False,False,False,False,0.0,False,False,False,False,False, free product recovery activities,Monitored Natural Attenuation,2015-07-08,Unknown,Shaobin Li 
1227,9100322,980148,1998-06-02,,rkwan,2005-11-30 10:45:28,1299,,,0.0,,False,False,False,False,True,True,True,,False,0.0,False,False,False,False,0.0,False,False,False,False,False,,Site Cleanup Completed (NFA),2005-03-08,,Chad Pritchard
1228,9200323,980149,1998-06-02,,esadoyama,1998-06-02 15:16:25,1300,,,0.0,,False,False,False,False,False,False,False,,False,0.0,False,False,False,False,0.0,False,False,False,False,False,,Site Cleanup Completed (NFA),2003-05-13,,Jose Ruiz
1229,9100343,980150,1998-06-02,,esadoyama,1998-06-02 15:17:44,1301,,,0.0,,False,False,False,False,False,False,False,,False,0.0,False,False,False,False,0.0,False,False,False,False,False,,Site Cleanup Completed (NFA),2000-05-08,,Jose Ruiz
1230,9101725,980151,1998-06-02,,esadoyama,1998-06-02 15:19:28,1302,,,0.0,,False,False,False,False,False,False,False,,False,0.0,False,False,False,False,0.0,False,False,False,False,False,,Site Cleanup Completed (NFA),2000-06-30,,Jose Ruiz
1231,9101866,980152,1998-06-02,,esadoyama,1998-06-02 15:20:58,1303,,,0.0,,False,False,False,False,False,False,False,,False,0.0,False,False,False,False,0.0,False,False,False,False,False,,Site Cleanup Completed (NFA),1998-10-20,,Jose Ruiz
1232,9707218,980161,1998-06-03,,rkwan,2007-03-16 14:41:19,1304,,,0.0,,False,False,False,False,False,False,False,,False,0.0,False,False,False,False,0.0,False,False,False,False,False,,Case Transferred to HEER (unregulated),2003-02-05,,To HEER 
1233,9707081,960096,1998-06-04,,esadoyama,1998-06-04 15:02:55,1305,,,0.0,,False,False,False,False,False,False,False,,False,0.0,False,False,False,False,0.0,False,False,False,False,False,,Site Cleanup Completed (NFA),1998-09-04,,Lene Ichinotsubo
1234,9600448,980154,1998-06-10,,esadoyama,1998-06-10 09:16:02,1306,,,0.0,,False,False,False,False,False,False,False,,False,0.0,False,False,False,False,0.0,False,False,False,False,False,,Site Cleanup Completed (NFA),1998-11-23,,Jeffrey Ung
1235,9501907,980156,1998-06-10,,rkwan,2006-10-12 10:38:42,1308,,,0.0,,False,False,False,False,False,True,False,,False,0.0,True,True,False,False,0.0,False,False,False,False,False,,Site Cleanup Completed (NFA),2005-06-22,,Haven Westerman
1236,9601821,980131,1998-06-10,,esadoyama,1998-06-10 09:28:39,1309,,,0.0,,False,False,False,False,False,False,False,,False,0.0,False,False,False,False,0.0,False,False,False,False,False,,Site Cleanup Completed (NFA),1999-03-01,,Jose Ruiz
1237,9202316,980135,1998-06-10,,esadoyama,1998-06-10 09:32:40,1310,,,0.0,,False,False,False,False,False,False,False,,False,0.0,False,False,False,False,0.0,False,False,False,False,False,,Site Cleanup Completed (NFA),1998-11-30,,David Hodges
1238,9707270,980157,1998-06-19,,rmaniulit,1999-04-28 08:00:24,1312,,,0.0,,False,False,False,False,False,False,False,,False,0.0,False,False,False,False,0.0,False,False,False,False,False,,Site Cleanup Completed (NFA),1999-05-06,,Renato Maniulit
1239,9201665,980187,1998-06-22,,esadoyama,1998-06-22 15:43:37,1313,,,0.0,,False,False,False,False,False,False,False,,False,0.0,False,False,False,False,0.0,False,False,False,False,False,,Site Cleanup Completed (NFA),1998-12-30,,Eric Sadoyama
1240,9202537,980164,1998-06-29,,esadoyama,1998-06-29 09:43:54,1323,,,0.0,,False,False,False,False,False,False,False,,False,0.0,False,False,False,False,0.0,False,False,False,False,False,,Site Cleanup Completed (NFA),1999-08-26,,Renato Maniulit
1241,9100322,980192,1998-06-29,,esadoyama,1998-06-29 11:34:16,1324,,,0.0,,False,False,False,False,False,False,False,,False,0.0,False,False,False,False,0.0,False,False,False,False,False,,Site Cleanup Completed (NFA),2000-05-08,,Jose Ruiz
1242,9100191,980162,1998-06-30,,esadoyama,1998-06-30 11:59:12,1325,,,0.0,,False,False,False,False,False,False,False,,False,0.0,False,False,False,False,0.0,False,False,False,False,False,,Site Cleanup Completed (NFA),1998-08-11,,Jose Ruiz
1243,9101486,970076,1998-06-30,,rmaniulit,1999-04-27 11:53:48,1326,,,0.0,,False,False,False,False,False,False,False,,False,0.0,False,False,False,False,0.0,False,False,False,False,False,,Site Cleanup Completed (NFA),1999-06-23,,Renato Maniulit
1244,9601394,970078,1998-06-30,,esadoyama,1998-06-30 13:32:05,1328,,,0.0,,False,False,False,False,False,False,False,,False,0.0,False,False,False,False,0.0,False,False,False,False,False,,Site Cleanup Completed (NFA),1997-10-22,,Jose Ruiz
1245,9103048,970094,1998-06-30,,esadoyama,1999-01-14 10:29:21,1329,,,0.0,,False,False,False,False,False,False,False,,False,0.0,False,False,False,False,0.0,False,False,False,False,False,,Site Cleanup Completed (NFA),2000-07-17,,Jose Ruiz
1246,9603074,970101,1998-06-30,,esadoyama,1999-01-14 10:30:08,1330,,,0.0,,False,False,False,False,False,False,False,,False,0.0,False,False,False,False,0.0,False,False,False,False,False,,Site Cleanup Completed (NFA),2001-12-31,,Jose Ruiz
1247,9602803,970102,1998-06-30,,esadoyama,1999-01-14 10:29:42,1331,,,0.0,,False,False,False,False,False,False,False,,False,0.0,False,False,False,False,0.0,False,False,False,False,False,,Site Cleanup Completed (NFA),2002-05-13,,Jose Ruiz
1248,9707204,970130,1998-06-30,,rtakaba,2002-02-05 13:42:08,1332,,,0.0,,False,False,False,False,False,False,False,,False,0.0,False,False,False,False,0.0,False,False,False,False,False,,Site Cleanup Completed (NFA),1999-01-19,,Jose Ruiz
1249,9707074,970132,1998-06-30,,esadoyama,1999-08-24 11:22:25,1333,,,0.0,,False,False,False,False,False,False,False,,False,0.0,False,False,False,False,0.0,False,False,False,False,False,,Site Cleanup Completed (NFA),2001-08-03,,To DERA
1250,9707074,970133,1998-06-30,,esadoyama,1999-08-24 11:22:31,1334,,,0.0,,False,False,False,False,False,False,False,,False,0.0,False,False,False,False,0.0,False,False,False,False,False,,Site Cleanup Completed (NFA),2001-08-03,,To DERA
1251,9707074,970134,1998-06-30,,esadoyama,1999-08-24 11:22:37,1335,,,0.0,,False,False,False,False,False,False,False,,False,0.0,False,False,False,False,0.0,False,False,False,False,False,,Site Cleanup Completed (NFA),2001-08-03,,To DERA
1252,9707074,970137,1998-06-30,,esadoyama,1999-08-24 11:22:43,1336,,,0.0,,False,False,False,False,False,False,False,,False,0.0,False,False,False,False,0.0,False,False,False,False,False,,Site Cleanup Completed (NFA),2001-08-03,,To DERA
1253,9707074,970138,1998-06-30,,esadoyama,1999-08-24 11:22:49,1337,,,0.0,,False,False,False,False,False,False,False,,False,0.0,False,False,False,False,0.0,False,False,False,False,False,,Site Cleanup Completed (NFA),2001-08-03,,To DERA
1254,9708001,970140,1998-06-30,,esadoyama,1998-07-10 17:16:25,1338,,,0.0,,False,False,False,False,False,False,False,,False,0.0,False,False,False,False,0.0,False,False,False,False,False,,Site Cleanup Completed (NFA),1999-12-29,,Richard Takaba
1255,9101095,980167,1998-06-30,,rkwan,2002-11-19 16:10:50,1339,,,0.0,,False,False,False,False,False,False,False,,False,0.0,False,False,False,False,0.0,False,False,False,False,False,,Site Cleanup Completed (NFA),1999-09-27,,Renato Maniulit
1256,9102381,980168,1998-06-30,,rmaniulit,1999-09-13 14:38:00,1340,,,0.0,,False,False,False,False,False,False,False,,False,0.0,False,False,False,False,0.0,False,False,False,False,False,,Site Cleanup Completed (NFA),1999-09-27,,Renato Maniulit
1257,9102396,980169,1998-06-30,,rmaniulit,1999-09-13 14:43:35,1341,,,0.0,,False,False,False,False,False,False,False,,False,0.0,False,False,False,False,0.0,False,False,False,False,False,,Site Cleanup Completed (NFA),1999-09-27,,Renato Maniulit
1258,9102631,980171,1998-06-30,,rkwan,2007-03-16 14:25:31,1342,,,0.0,,False,False,False,False,False,False,False,,False,0.0,False,False,False,False,0.0,False,False,False,False,False,,Case Transferred to HEER (unregulated),2003-04-23,,To HEER 
1259,9200331,980193,1998-07-06,,rtakaba,2001-12-03 11:34:34,1343,,,0.0,,False,False,False,False,False,False,False,,False,0.0,False,False,False,False,0.0,False,False,False,False,False,,Site Cleanup Completed (NFA),2002-01-11,,Mark Sutterfield
1260,9100340,980194,1998-07-06,,esadoyama,1998-07-08 09:22:30,1344,,,0.0,,False,False,False,False,False,False,False,,False,0.0,False,False,False,False,0.0,False,False,False,False,False,,Site Cleanup Completed (NFA),1999-03-08,,Richard Takaba
1261,9102632,980181,1998-07-06,,rkwan,1999-07-26 17:05:15,1345,,,0.0,,False,False,False,False,False,False,False,,False,0.0,False,False,False,False,0.0,False,False,False,False,False,,Site Cleanup Completed (NFA),1999-11-16,,Jose Ruiz
1262,9102632,980180,1998-07-06,,rkwan,1999-07-26 17:03:20,1346,,,0.0,,False,False,False,False,False,False,False,,False,0.0,False,False,False,False,0.0,False,False,False,False,False,,Site Cleanup Completed (NFA),1999-11-16,,Jose Ruiz
1263,9102632,980179,1998-07-06,,rkwan,1999-07-26 17:02:51,1347,,,0.0,,False,False,False,False,False,False,False,,False,0.0,False,False,False,False,0.0,False,False,False,False,False,,Site Cleanup Completed (NFA),1999-11-16,,Jose Ruiz
1264,9102632,980178,1998-07-06,,rkwan,1999-07-26 17:01:14,1348,,,0.0,,False,False,False,False,False,False,False,,False,0.0,False,False,False,False,0.0,False,False,False,False,False,,Site Cleanup Completed (NFA),1999-11-16,,Jose Ruiz
1265,9102632,980177,1998-07-06,,rkwan,1999-07-26 16:57:56,1349,,,0.0,,False,False,False,False,False,False,False,,False,0.0,False,False,False,False,0.0,False,False,False,False,False,,Site Cleanup Completed (NFA),1999-11-16,,Jose Ruiz
1266,9102632,980176,1998-07-06,,rkwan,1999-07-26 16:56:16,1350,,,0.0,,False,False,False,False,False,False,False,,False,0.0,False,False,False,False,0.0,False,False,False,False,False,,Site Cleanup Completed (NFA),1999-11-16,,Jose Ruiz
1267,9102632,980175,1998-07-06,,rkwan,1999-07-26 16:55:40,1351,,,0.0,,False,False,False,False,False,False,False,,False,0.0,False,False,False,False,0.0,False,False,False,False,False,,Site Cleanup Completed (NFA),1999-11-16,,Jose Ruiz
1268,9102632,980174,1998-07-06,,rkwan,1999-07-26 16:53:47,1352,,,0.0,,False,False,False,False,False,False,False,,False,0.0,False,False,False,False,0.0,False,False,False,False,False,,Site Cleanup Completed (NFA),1999-11-16,,Jose Ruiz
1269,9102632,980173,1998-07-06,,rkwan,1999-07-26 16:53:04,1353,,,0.0,,False,False,False,False,False,False,False,,False,0.0,False,False,False,False,0.0,False,False,False,False,False,,Site Cleanup Completed (NFA),1999-11-16,,Jose Ruiz
1270,9102632,980172,1998-07-06,,rkwan,1999-07-26 16:48:50,1354,,,0.0,,False,False,False,False,False,False,False,,False,0.0,False,False,False,False,0.0,False,False,False,False,False,,Site Cleanup Completed (NFA),1999-11-16,,Jose Ruiz
1271,9102826,980191,1998-07-09,,esadoyama,1998-07-09 14:29:19,1355,,,0.0,,False,False,False,False,False,False,False,,False,0.0,False,False,False,False,0.0,False,False,False,False,False,,Site Cleanup Completed (NFA),1999-08-11,,David Hodges
1272,9600576,980014,1998-07-09,,rtakaba,2002-02-05 13:42:47,1356,,,0.0,,False,False,False,False,False,False,False,,False,0.0,False,False,False,False,0.0,False,False,False,False,False,,Site Cleanup Completed (NFA),2002-04-29,,Shaobin Li
1273,9300546,980203,1998-07-09,,rkwan,2005-02-23 09:05:57,1357,,,0.0,,False,False,False,False,False,False,False,,False,0.0,False,False,False,False,0.0,False,False,False,False,False,,Site Cleanup Completed (NFA),2004-01-27,,Richard Takaba
1274,9707265,980130,1998-07-09,2011-03-03,rkwan,2011-05-06 15:46:27,1358,,,0.0,,False,False,False,False,False,True,True,,False,0.0,True,True,False,False,0.0,False,False,False,False,False,,Site Cleanup Completed (NFA),2011-03-14,,Richard Takaba 
1275,9707211,980185,1998-07-09,,rmaniulit,2000-08-24 17:36:03,1359,,,0.0,,False,False,False,False,False,False,False,,False,0.0,False,False,False,False,0.0,False,False,False,False,False,,Site Cleanup Completed (NFA),2000-08-29,,Renato Maniulit
1276,9103061,980184,1998-07-09,,esadoyama,1998-07-09 15:46:06,1360,,,0.0,,False,False,False,False,False,False,False,,False,0.0,False,False,False,False,0.0,False,False,False,False,False,,Site Cleanup Completed (NFA),1999-12-14,,Jeffrey Ung
1277,9707108,970043,1998-07-09,,esadoyama,1999-02-23 08:14:50,1361,,,0.0,,False,False,False,False,False,False,False,,False,0.0,False,False,False,False,0.0,False,False,False,False,False,,Site Cleanup Completed (NFA),2001-09-18,,Shaobin Li
1278,9700443,980001,1998-07-09,,rmaniulit,1999-08-26 11:09:21,1362,,,0.0,,False,False,False,False,False,False,False,,False,0.0,False,False,False,False,0.0,False,False,False,False,False,,Site Cleanup Completed (NFA),1999-08-27,,Renato Maniulit
1279,9500424,980002,1998-07-09,,esadoyama,1999-02-18 14:45:37,1363,,,0.0,,False,False,False,False,False,False,False,,False,0.0,False,False,False,False,0.0,False,False,False,False,False,,Site Cleanup Completed (NFA),1998-02-04,,Janet Sherrer
1280,9500552,980003,1998-07-09,,esadoyama,1999-02-18 15:53:31,1364,,,0.0,,False,False,False,False,False,False,False,,False,0.0,False,False,False,False,0.0,False,False,False,False,False,,Site Cleanup Completed (NFA),1997-10-17,,Renato Maniulit
1281,9707223,980005,1998-07-09,,rkwan,2011-06-23 09:26:51,1365,,,0.0,,False,False,False,False,False,False,False,,False,0.0,False,False,False,False,0.0,False,False,False,False,False,,Site Cleanup Completed (NFA),1998-12-30,,To DERA 
1282,9700615,980006,1998-07-09,,esadoyama,1999-02-18 14:57:03,1366,,,0.0,,False,False,False,False,False,False,False,,False,0.0,False,False,False,False,0.0,False,False,False,False,False,,Site Cleanup Completed (NFA),1997-10-20,,Janet Sherrer
1283,9101791,980007,1998-07-10,2010-04-09,sli,2010-04-15 09:39:39,1367,,Spill,0.0,Other,True,False,False,False,False,False,False,,False,0.0,True,False,False,False,0.0,False,False,False,False,False,,Site Cleanup Completed (NFA),2010-04-15,Dispenser,Shaobin Li 
1284,9600571,980017,1998-07-10,,rtakaba,2001-05-22 13:58:00,1369,,,0.0,,False,False,False,False,False,False,False,,False,0.0,False,False,False,False,0.0,False,False,False,False,False,,Site Cleanup Completed (NFA),2001-10-15,,Mark Sutterfield
1285,9500431,980020,1998-07-10,,rkwan,2000-12-12 15:48:55,1370,,,0.0,,False,False,False,False,False,False,False,,False,0.0,False,False,False,False,0.0,False,False,False,False,False,,Site Cleanup Completed (NFA),1998-01-27,,David Hodges
1286,9601869,980022,1998-07-10,,rtakaba,2001-05-22 13:59:39,1371,,,0.0,,False,False,False,False,False,False,False,,False,0.0,False,False,False,False,0.0,False,False,False,False,False,,Site Cleanup Completed (NFA),2001-10-26,,Mark Sutterfield
1287,9708001,980030,1998-07-10,,esadoyama,1998-07-10 17:18:18,1372,,,0.0,,False,False,False,False,False,False,False,,False,0.0,False,False,False,False,0.0,False,False,False,False,False,,Site Cleanup Completed (NFA),1999-12-29,,Richard Takaba
1288,9500431,980033,1998-07-10,,rkwan,2000-12-12 15:49:27,1373,,,0.0,,False,False,False,False,False,False,False,,False,0.0,False,False,False,False,0.0,False,False,False,False,False,,Site Cleanup Completed (NFA),1998-01-30,,David Hodges
1289,9707212,980034,1998-07-10,,rkwan,2000-11-27 13:55:42,1374,,,0.0,,False,False,False,False,False,False,False,,False,0.0,False,False,False,False,0.0,False,False,False,False,False,,Site Cleanup Completed (NFA),2002-06-13,,Shaobin Li
1290,9202313,980042,1998-07-10,,rtakaba,2006-05-22 15:24:49,1375,,,0.0,,False,False,False,False,False,False,False,,False,0.0,False,False,False,False,0.0,False,False,False,False,False,,Site Cleanup Completed (NFA),2004-09-07,,Richard Takaba
1291,9202313,980047,1998-07-10,,rtakaba,2006-05-22 15:25:01,1376,,,0.0,,False,False,False,False,False,False,False,,False,0.0,False,False,False,False,0.0,False,False,False,False,False,,Site Cleanup Completed (NFA),2004-09-07,,Richard Takaba
1292,9502879,980054,1998-07-10,,esadoyama,1998-07-10 18:04:22,1377,,,0.0,,False,False,False,False,False,False,False,,False,0.0,False,False,False,False,0.0,False,False,False,False,False,,Site Cleanup Completed (NFA),2000-10-16,,Shaobin Li
1293,9102881,980056,1998-07-10,,esadoyama,1998-07-10 17:59:01,1378,,,0.0,,False,False,False,False,False,False,False,,False,0.0,False,False,False,False,0.0,False,False,False,False,False,,Site Cleanup Completed (NFA),2000-10-04,,Shaobin Li
1294,9102881,980059,1998-07-10,,sli,2000-09-15 08:42:36,1379,,,0.0,,False,False,False,False,False,False,False,,False,0.0,False,False,False,False,0.0,False,False,False,False,False,,Site Cleanup Completed (NFA),2000-10-09,,Shaobin Li
1295,9502879,980057,1998-07-10,,esadoyama,1998-07-10 18:03:40,1380,,,0.0,,False,False,False,False,False,False,False,,False,0.0,False,False,False,False,0.0,False,False,False,False,False,,Site Cleanup Completed (NFA),2000-11-01,,Shaobin Li
1296,9502879,980058,1998-07-10,,esadoyama,1998-07-10 18:05:08,1381,,,0.0,,False,False,False,False,False,False,False,,False,0.0,False,False,False,False,0.0,False,False,False,False,False,,Site Cleanup Completed (NFA),2000-11-14,,Shaobin Li
1297,9102881,980060,1998-07-10,,esadoyama,1998-07-10 18:06:34,1382,,,0.0,,False,False,False,False,False,False,False,,False,0.0,False,False,False,False,0.0,False,False,False,False,False,,Site Cleanup Completed (NFA),2000-11-14,,Shaobin Li
1298,9700432,980086,1998-07-10,,esadoyama,1998-07-10 18:09:20,1383,,,0.0,,False,False,False,False,False,False,False,,False,0.0,False,False,False,False,0.0,False,False,False,False,False,,Site Cleanup Completed (NFA),1997-04-01,,Jose Ruiz
1299,9707278,980108,1998-07-10,,rkwan,2007-03-19 16:02:08,1384,,,0.0,,False,False,False,False,False,False,False,,False,0.0,False,False,False,False,0.0,False,False,False,False,False,,Case Transferred to HEER (unregulated),1999-08-12,,To HEER 
1300,9502616,980109,1998-07-10,,esadoyama,1998-07-10 18:20:42,1385,,,0.0,,False,False,False,False,False,False,False,,False,0.0,False,False,False,False,0.0,False,False,False,False,False,,Site Cleanup Completed (NFA),1998-08-03,,David Hodges
1301,9102557,980110,1998-07-10,,sli,1999-08-19 11:35:06,1386,,,0.0,,False,False,False,False,False,False,False,,False,0.0,False,False,False,False,0.0,False,False,False,False,False,,Site Cleanup Completed (NFA),1999-10-08,,Shaobin Li
1302,9102689,980111,1998-07-10,,rkwan,1999-12-27 10:24:26,1387,,,0.0,,False,False,False,False,False,False,False,,False,0.0,False,False,False,False,0.0,False,False,False,False,False,,Site Cleanup Completed (NFA),2000-09-06,,Jeffrey Ung
1303,9202033,980112,1998-07-10,,rkwan,2001-02-15 12:50:13,1388,,,0.0,,False,False,False,False,False,False,False,,False,0.0,False,False,False,False,0.0,False,False,False,False,False,,Site Cleanup Completed (NFA),2002-05-20,,Shaobin Li
1304,9102842,980114,1998-07-10,,esadoyama,1998-07-10 18:29:18,1389,,,0.0,,False,False,False,False,False,False,False,,False,0.0,False,False,False,False,0.0,False,False,False,False,False,,Site Cleanup Completed (NFA),2002-02-15,,Shaobin Li
1305,9202044,980115,1998-07-10,,esadoyama,1998-07-10 18:31:04,1390,,,0.0,,False,False,False,False,False,False,False,,False,0.0,False,False,False,False,0.0,False,False,False,False,False,,Site Cleanup Completed (NFA),1999-08-26,,Renato Maniulit
1306,9707167,980117,1998-07-10,,esadoyama,1998-07-10 18:38:51,1391,,,0.0,,False,False,False,False,False,False,False,,False,0.0,False,False,False,False,0.0,False,False,False,False,False,,Site Cleanup Completed (NFA),1999-08-21,,Jose Ruiz
1307,9101897,980119,1998-07-10,,esadoyama,1998-07-10 18:40:11,1392,,,0.0,,False,False,False,False,False,False,False,,False,0.0,False,False,False,False,0.0,False,False,False,False,False,,Site Cleanup Completed (NFA),1998-09-01,,Jose Ruiz
1308,9601616,980121,1998-07-10,,rkwan,2012-01-30 14:53:04,1393,,,0.0,,False,False,False,False,False,False,False,,False,0.0,False,False,False,False,0.0,False,False,False,False,False,,Site Cleanup Completed (NFA),1999-01-28,,David Hodges 
1309,9100262,980122,1998-07-10,,esadoyama,1998-07-10 18:43:12,1394,,,0.0,,False,False,False,False,False,False,False,,False,0.0,False,False,False,False,0.0,False,False,False,False,False,,Site Cleanup Completed (NFA),1998-12-29,,Lene Ichinotsubo
1310,9102077,980123,1998-07-10,,esadoyama,1998-07-10 18:44:35,1395,,,0.0,,False,False,False,False,False,False,False,,False,0.0,False,False,False,False,0.0,False,False,False,False,False,,Site Cleanup Completed (NFA),1999-08-02,,Jeffrey Ung
1311,9102077,980124,1998-07-10,,esadoyama,1998-07-10 18:46:09,1396,,,0.0,,False,False,False,False,False,False,False,,False,0.0,False,False,False,False,0.0,False,False,False,False,False,,Site Cleanup Completed (NFA),1999-08-02,,Jeffrey Ung
1312,9707284,980126,1998-07-10,,esadoyama,1998-07-10 18:57:01,1397,,,0.0,,False,False,False,False,False,False,False,,False,0.0,False,False,False,False,0.0,False,False,False,False,False,,Site Cleanup Completed (NFA),1999-08-25,,Eric Sadoyama
1313,9102077,980129,1998-07-10,,esadoyama,1998-07-10 19:00:24,1399,,,0.0,,False,False,False,False,False,False,False,,False,0.0,False,False,False,False,0.0,False,False,False,False,False,,Site Cleanup Completed (NFA),1999-08-02,,Jeffrey Ung
1314,9102077,980132,1998-07-10,,esadoyama,1998-07-10 19:01:27,1400,,,0.0,,False,False,False,False,False,False,False,,False,0.0,False,False,False,False,0.0,False,False,False,False,False,,Site Cleanup Completed (NFA),1999-08-02,,Jeffrey Ung
1315,9601943,980153,1998-07-10,,esadoyama,1998-07-10 19:04:40,1401,,,0.0,,False,False,False,False,False,False,False,,False,0.0,False,False,False,False,0.0,False,False,False,False,False,,Site Cleanup Completed (NFA),1998-09-01,,David Hodges
1316,9102853,980158,1998-07-10,,esadoyama,1998-07-10 19:06:34,1402,,,0.0,,False,False,False,False,False,False,False,,False,0.0,False,False,False,False,0.0,False,False,False,False,False,,Site Cleanup Completed (NFA),1999-08-25,,Eric Sadoyama
1317,9707280,980159,1998-07-10,,esadoyama,1998-10-23 10:07:19,1403,,,0.0,,False,False,False,False,False,False,False,,False,0.0,False,False,False,False,0.0,False,False,False,False,False,,Site Cleanup Completed (NFA),1999-01-04,,Jose Ruiz
1318,9101056,980163,1998-07-10,,rkwan,2008-10-10 14:30:36,1404,Responsible Party,,0.0,,False,False,False,False,False,False,False,,False,0.0,False,False,False,False,0.0,False,False,False,False,False,,Site Cleanup Completed (NFA),1998-12-14,,To DERA 
1319,9102495,980165,1998-07-10,,esadoyama,1998-07-10 19:11:51,1405,,,0.0,,False,False,False,False,False,False,False,,False,0.0,False,False,False,False,0.0,False,False,False,False,False,,Site Cleanup Completed (NFA),1998-08-18,,David Hodges
1320,9707279,980166,1998-07-10,,esadoyama,1998-07-10 19:13:02,1406,,,0.0,,False,False,False,False,False,False,False,,False,0.0,False,False,False,False,0.0,False,False,False,False,False,,Site Cleanup Completed (NFA),2000-09-22,,Shaobin Li
1321,9202938,980183,1998-07-10,,esadoyama,1998-07-10 19:16:01,1407,,,0.0,,False,False,False,False,False,False,False,,False,0.0,False,False,False,False,0.0,False,False,False,False,False,,Site Cleanup Completed (NFA),2000-06-20,,Shaobin Li
1322,9601618,980186,1998-07-10,,rmaniulit,1999-05-07 13:16:24,1408,,,0.0,,False,False,False,False,False,False,False,,False,0.0,False,False,False,False,0.0,False,False,False,False,False,,Site Cleanup Completed (NFA),1999-05-11,,Renato Maniulit
1323,9100970,980188,1998-07-10,,esadoyama,1999-08-23 08:23:06,1409,,,0.0,,False,False,False,False,False,False,False,,False,0.0,False,False,False,False,0.0,False,False,False,False,False,,Site Cleanup Completed (NFA),1999-09-27,,Renato Maniulit
1324,9201503,980189,1998-07-10,,esadoyama,1998-07-10 19:21:06,1410,,,0.0,,False,False,False,False,False,False,False,,False,0.0,False,False,False,False,0.0,False,False,False,False,False,,Site Cleanup Completed (NFA),1999-11-16,,Jose Ruiz
1325,9203149,980190,1998-07-10,,esadoyama,1998-07-10 19:24:08,1411,,,0.0,,False,False,False,False,False,False,False,,False,0.0,False,False,False,False,0.0,False,False,False,False,False,,Site Cleanup Completed (NFA),1998-07-22,,Lene Ichinotsubo
1326,9100155,980195,1998-07-10,,rtakaba,2001-06-01 11:36:32,1412,,,0.0,,False,False,False,False,False,False,False,,False,0.0,False,False,False,False,0.0,False,False,False,False,False,,Site Cleanup Completed (NFA),2001-11-08,,Mark Sutterfield
1327,9100833,980196,1998-07-10,,sfu,2008-11-14 15:01:26,1413,Responsible Party,Leaking Tank and Piping,0.0,Tank Removal,False,False,False,False,True,False,True,2006-12-01,False,0.0,False,False,False,False,0.0,False,False,False,False,False,,Site Cleanup Completed (NFA),2008-10-22,Tank,Shunsheng Fu 
1328,9102276,980198,1998-07-10,,esadoyama,1998-07-10 19:28:25,1414,,,0.0,,False,False,False,False,False,False,False,,False,0.0,False,False,False,False,0.0,False,False,False,False,False,,Site Cleanup Completed (NFA),2000-02-03,,Shaobin Li
1329,9102277,980199,1998-07-10,,esadoyama,1998-07-10 19:29:23,1415,,,0.0,,False,False,False,False,False,False,False,,False,0.0,False,False,False,False,0.0,False,False,False,False,False,,Site Cleanup Completed (NFA),2000-02-03,,Shaobin Li
1330,9102278,980200,1998-07-10,,esadoyama,1998-07-10 19:30:28,1416,,,0.0,,False,False,False,False,False,False,False,,False,0.0,False,False,False,False,0.0,False,False,False,False,False,,Site Cleanup Completed (NFA),2000-02-03,,Shaobin Li
1331,9102279,980201,1998-07-10,,esadoyama,1998-07-10 19:31:18,1417,,,0.0,,False,False,False,False,False,False,False,,False,0.0,False,False,False,False,0.0,False,False,False,False,False,,Site Cleanup Completed (NFA),2000-02-03,,Shaobin Li
1332,9601520,980202,1998-07-10,,rtakaba,2002-02-08 13:52:46,1418,,,0.0,,False,False,False,False,False,False,False,,False,0.0,False,False,False,False,0.0,False,False,False,False,False,,Site Cleanup Completed (NFA),2002-02-08,,Mark Sutterfield
1333,9202317,980204,1998-07-10,,esadoyama,1998-07-10 19:33:54,1419,,,0.0,,False,False,False,False,False,False,False,,False,0.0,False,False,False,False,0.0,False,False,False,False,False,,Site Cleanup Completed (NFA),2000-07-14,,Richard Takaba
1334,9202038,980116,1998-07-10,,esadoyama,1998-07-10 19:42:03,1420,,,0.0,,False,False,False,False,False,False,False,,False,0.0,False,False,False,False,0.0,False,False,False,False,False,,Site Cleanup Completed (NFA),2001-11-08,,Jose Ruiz
1335,9707300,980118,1998-07-13,,esadoyama,1998-07-13 13:55:42,1421,,,0.0,,False,False,False,False,False,False,False,,False,0.0,False,False,False,False,0.0,False,False,False,False,False,,Site Cleanup Completed (NFA),1999-10-26,,Richard Takaba
1336,9700432,980087,1998-07-14,,esadoyama,1998-07-14 07:49:11,1422,,,0.0,,False,False,False,False,False,False,False,,False,0.0,False,False,False,False,0.0,False,False,False,False,False,,Site Cleanup Completed (NFA),1997-04-01,,Jose Ruiz
1337,9200882,980210,1998-07-16,,esadoyama,1998-07-16 14:43:45,1423,,,0.0,,False,False,False,False,False,False,False,,False,0.0,False,False,False,False,0.0,False,False,False,False,False,,Site Cleanup Completed (NFA),1998-08-11,,David Hodges
1338,9200881,980211,1998-07-16,,esadoyama,1999-03-04 15:57:48,1424,,,0.0,,False,False,False,False,False,False,False,,False,0.0,False,False,False,False,0.0,False,False,False,False,False,,Site Cleanup Completed (NFA),1999-08-27,,Renato Maniulit
1339,9101480,980213,1998-07-17,,esadoyama,1998-07-17 19:54:57,1425,,,0.0,,False,False,False,False,False,False,False,,False,0.0,False,False,False,False,0.0,False,False,False,False,False,,Site Cleanup Completed (NFA),1999-12-29,,Richard Takaba
1340,9102920,980214,1998-07-30,,esadoyama,1998-07-30 18:45:53,1426,,,0.0,,False,False,False,False,False,False,False,,False,0.0,False,False,False,False,0.0,False,False,False,False,False,,Site Cleanup Completed (NFA),1999-12-21,,Shaobin Li
1341,9201370,980212,1998-08-11,,rmaniulit,1999-08-19 10:39:11,1427,,,0.0,,False,False,False,False,False,False,False,,False,0.0,False,False,False,False,0.0,False,False,False,False,False,,Site Cleanup Completed (NFA),1999-08-27,,Renato Maniulit
1342,9101799,980224,1998-08-11,,esadoyama,1999-03-05 09:10:50,1428,,,0.0,,False,False,False,False,False,False,False,,False,0.0,False,False,False,False,0.0,False,False,False,False,False,,Site Cleanup Completed (NFA),1999-10-05,,Renato Maniulit
1343,9301129,980226,1998-08-11,,sliu,2001-07-30 10:41:27,1429,,,0.0,,False,False,False,False,False,False,False,,False,0.0,False,False,False,False,0.0,False,False,False,False,False,,Site Cleanup Completed (NFA),2001-01-02,,Shumin Liu
1344,9301571,980227,1998-08-11,,golmsted,2002-07-25 09:11:36,1430,,,0.0,,False,False,False,False,False,False,False,,False,0.0,False,False,False,False,0.0,False,False,False,False,False,,Site Cleanup Completed (NFA),2003-02-28,,John Peard
1345,9202509,980155,1998-08-11,,rkwan,2002-02-25 14:39:43,1431,,,0.0,,False,False,False,False,False,False,False,,False,0.0,False,False,False,False,0.0,False,False,False,False,False,,Site Cleanup Completed (NFA),2000-02-29,,Jose Ruiz
1346,9100253,980228,1998-08-13,,esadoyama,1998-08-13 08:49:58,1432,,,0.0,,False,False,False,False,False,False,False,,False,0.0,False,False,False,False,0.0,False,False,False,False,False,,Site Cleanup Completed (NFA),1998-09-04,,Lene Ichinotsubo
1347,9707305,980205,1998-08-13,,esadoyama,1998-08-13 09:37:28,1433,,,0.0,,False,False,False,False,False,False,False,,False,0.0,False,False,False,False,0.0,False,False,False,False,False,,Site Cleanup Completed (NFA),1999-08-26,,Richard Takaba
1348,9100180,980206,1998-08-13,,esadoyama,1998-08-13 09:39:52,1434,,,0.0,,False,False,False,False,False,False,False,,False,0.0,False,False,False,False,0.0,False,False,False,False,False,,Site Cleanup Completed (NFA),1998-08-18,,Lene Ichinotsubo
1349,9100346,980207,1998-08-13,,esadoyama,1998-08-13 09:41:51,1435,,,0.0,,False,False,False,False,False,False,False,,False,0.0,False,False,False,False,0.0,False,False,False,False,False,,Site Cleanup Completed (NFA),1998-08-18,,Lene Ichinotsubo
1350,9707303,980208,1998-08-13,,esadoyama,1998-08-13 09:46:08,1436,,,0.0,,False,False,False,False,False,False,False,,False,0.0,False,False,False,False,0.0,False,False,False,False,False,,Site Cleanup Completed (NFA),1999-10-11,,Jeffrey Ung
1351,9102845,980209,1998-08-13,,esadoyama,1998-08-13 14:25:42,1437,,,0.0,,False,False,False,False,False,False,False,,False,0.0,False,False,False,False,0.0,False,False,False,False,False,,Site Cleanup Completed (NFA),1999-08-26,,Richard Takaba
1352,9601134,980215,1998-08-13,,esadoyama,1998-11-17 11:24:36,1438,,,0.0,,False,False,False,False,False,False,False,,False,0.0,False,False,False,False,0.0,False,False,False,False,False,,Site Cleanup Completed (NFA),1999-01-06,,Lene Ichinotsubo
1353,9707320,980216,1998-08-14,,esadoyama,1999-03-05 09:01:53,1439,,,0.0,,False,False,False,False,False,False,False,,False,0.0,False,False,False,False,0.0,False,False,False,False,False,,Site Cleanup Completed (NFA),1999-08-27,,Renato Maniulit
1354,9707289,980217,1998-08-14,,rmaniulit,1999-06-08 08:02:41,1440,,,0.0,,False,False,False,False,False,False,False,,False,0.0,False,False,False,False,0.0,False,False,False,False,False,,Site Cleanup Completed (NFA),1999-06-09,,Renato Maniulit
1355,9501603,980218,1998-08-14,,esadoyama,1998-08-14 11:52:05,1441,,,0.0,,False,False,False,False,False,False,False,,False,0.0,False,False,False,False,0.0,False,False,False,False,False,,Site Cleanup Completed (NFA),2000-02-29,,Jose Ruiz
1356,9100201,980219,1998-08-14,,esadoyama,1998-08-14 11:53:25,1442,,,0.0,,False,False,False,False,False,False,False,,False,0.0,False,False,False,False,0.0,False,False,False,False,False,,Site Cleanup Completed (NFA),1999-01-04,,Jose Ruiz
1357,9701839,980220,1998-08-14,,esadoyama,1998-08-14 11:57:33,1443,,,0.0,,False,False,False,False,False,False,False,,False,0.0,False,False,False,False,0.0,False,False,False,False,False,,Site Cleanup Completed (NFA),1998-12-09,,Jose Ruiz
1358,9200198,980221,1998-08-14,,esadoyama,1998-08-14 11:59:49,1444,,,0.0,,False,False,False,False,False,False,False,,False,0.0,False,False,False,False,0.0,False,False,False,False,False,,Site Cleanup Completed (NFA),1999-04-05,,Jose Ruiz
1359,9601404,980222,1998-08-19,,golmsted,2003-08-25 10:27:58,1445,,,0.0,,False,False,False,False,False,False,False,,False,0.0,False,False,False,False,0.0,False,False,False,False,False,,Site Cleanup Completed (NFA),2004-04-01,,Randall Heu
1360,9601405,980223,1998-08-19,,rtakaba,2005-08-16 15:35:43,1446,,,0.0,,False,False,False,False,False,False,False,,False,0.0,True,False,False,False,0.0,False,False,False,False,False,,Site Cleanup Completed (NFA),2005-07-11,,Richard Takaba
1361,9102215,980225,1998-08-19,,rtakaba,2002-02-05 13:59:02,1447,,,0.0,,False,False,False,False,False,False,False,,False,0.0,False,False,False,False,0.0,False,False,False,False,False,,Site Cleanup Completed (NFA),2002-05-13,,Jose Ruiz
1362,9101201,980229,1998-08-19,,rtakaba,2002-02-05 13:55:01,1448,,,0.0,,False,False,False,False,False,False,False,,False,0.0,False,False,False,False,0.0,False,False,False,False,False,,Site Cleanup Completed (NFA),2002-03-19,,Shunsheng Fu
1363,9601290,980231,1998-08-19,,esadoyama,1998-08-19 13:51:01,1449,,,0.0,,False,False,False,False,False,False,False,,False,0.0,False,False,False,False,0.0,False,False,False,False,False,,Site Cleanup Completed (NFA),1998-11-17,,David Hodges
1364,9202017,980120,1998-08-19,,esadoyama,1998-08-19 16:13:17,1452,,,0.0,,False,False,False,False,False,False,False,,False,0.0,False,False,False,False,0.0,False,False,False,False,False,,Site Cleanup Completed (NFA),1999-11-04,,Richard Takaba
1365,9201511,980074,1998-08-19,,esadoyama,1998-08-19 14:29:36,1453,,,0.0,,False,False,False,False,False,False,False,,False,0.0,False,False,False,False,0.0,False,False,False,False,False,,Site Cleanup Completed (NFA),1999-08-25,,Jose Ruiz
1366,9707282,980235,1998-08-24,,rkwan,2007-03-19 16:03:08,1454,,,0.0,,False,False,False,False,False,False,False,,False,0.0,False,False,False,False,0.0,False,False,False,False,False,,Case Transferred to HEER (unregulated),1998-09-18,,To HEER 
1367,9101482,980125,1998-08-27,,dpark,2007-07-24 15:35:35,1455,Responsible Party,Leaking Tank,0.0,Tank Removal,False,False,False,False,False,False,False,,False,0.0,False,False,False,False,0.0,False,False,False,False,False,,Site Cleanup Completed (NFA),2007-07-24,Tank,Darren Park 
1368,9101099,980238,1998-08-28,,esadoyama,1998-08-28 10:58:04,1456,,,0.0,,False,False,False,False,False,False,False,,False,0.0,False,False,False,False,0.0,False,False,False,False,False,,Site Cleanup Completed (NFA),1999-04-29,,Jose Ruiz
1369,9200822,980244,1998-09-01,,golmsted,2002-07-25 08:19:34,1457,,,0.0,,False,False,False,False,False,False,False,,False,0.0,False,False,False,False,0.0,False,False,False,False,False,,Site Cleanup Completed (NFA),2003-04-04,,Richard Takaba
1370,9701778,980245,1998-09-01,,esadoyama,1998-09-01 13:51:10,1458,,,0.0,,False,False,False,False,False,False,False,,False,0.0,False,False,False,False,0.0,False,False,False,False,False,,Site Cleanup Completed (NFA),2001-01-12,,Shaobin Li
1371,9301422,980237,1998-09-01,,esadoyama,1998-09-01 14:08:28,1459,,,0.0,,False,False,False,False,False,False,False,,False,0.0,False,False,False,False,0.0,False,False,False,False,False,,Site Cleanup Completed (NFA),1999-06-10,,Jose Ruiz
1372,9200151,980246,1998-09-01,2015-08-18,roxanne.kwan,2018-08-28 15:18:58,1460,Responsible Party,Leaking Tank,0.0,Tank Removal,False,True,False,False,False,False,False,,False,0.0,True,True,False,False,0.0,False,False,False,False,False,,Consolidated releases,2018-08-28,Tank,Shunsheng Fu 
1373,9707287,980134,1998-09-03,,esadoyama,1998-09-03 18:02:27,1461,,,0.0,,False,False,False,False,False,False,False,,False,0.0,False,False,False,False,0.0,False,False,False,False,False,,Site Cleanup Completed (NFA),1999-08-03,,Richard Takaba
1374,9101221,980241,1998-09-03,2015-05-11,jnagashima,2015-07-10 14:56:23,1462,Responsible Party,,0.0,Tank Removal,False,False,False,False,False,False,False,,False,0.0,False,False,False,False,0.0,False,False,False,False,False,,Site Cleanup Completed with EHE/EHMP,2015-06-25,Tank,Josh Nagashima 
1375,9707336,980230,1998-09-03,,esadoyama,1998-09-03 19:05:47,1463,,,0.0,,False,False,False,False,False,False,False,,False,0.0,False,False,False,False,0.0,False,False,False,False,False,,Site Cleanup Completed (NFA),1999-11-19,,Jeffrey Ung
1376,9707306,980232,1998-09-03,,rkwan,2007-03-19 15:53:59,1464,,,0.0,,False,False,False,False,False,False,False,,False,0.0,False,False,False,False,0.0,False,False,False,False,False,,Case Transferred to HEER (unregulated),1998-09-04,,To HEER 
1377,9601831,980233,1998-09-03,,rmaniulit,1999-05-10 09:29:51,1465,,,0.0,,False,False,False,False,False,False,False,,False,0.0,False,False,False,False,0.0,False,False,False,False,False,,Site Cleanup Completed (NFA),1999-05-11,,Renato Maniulit
1378,9600719,980234,1998-09-03,,esadoyama,1999-03-04 15:42:09,1466,,,0.0,,False,False,False,False,False,False,False,,False,0.0,False,False,False,False,0.0,False,False,False,False,False,,Site Cleanup Completed (NFA),1999-06-23,,Renato Maniulit
1379,9601886,980236,1998-09-03,,esadoyama,1998-09-03 20:11:39,1467,,,0.0,,False,False,False,False,False,False,False,,False,0.0,False,False,False,False,0.0,False,False,False,False,False,,Site Cleanup Completed (NFA),1999-08-17,,Jose Ruiz
1380,9202562,980239,1998-09-03,,rtakaba,2001-06-01 11:50:47,1468,,,0.0,,False,False,False,False,False,False,False,,False,0.0,False,False,False,False,0.0,False,False,False,False,False,,Site Cleanup Completed (NFA),2001-10-19,,Mark Sutterfield
1381,9101259,980240,1998-09-03,,esadoyama,1998-09-03 20:16:27,1469,,,0.0,,False,False,False,False,False,False,False,,False,0.0,False,False,False,False,0.0,False,False,False,False,False,,Site Cleanup Completed (NFA),2002-02-15,,Jose Ruiz
1382,9100810,980242,1998-09-03,,golmsted,2002-07-25 08:40:34,1470,,,0.0,,False,False,False,False,False,False,False,,False,0.0,False,False,False,False,0.0,False,False,False,False,False,,Site Cleanup Completed (NFA),2003-10-23,,Richard Takaba
1383,9100276,980243,1998-09-03,,rtakaba,2001-12-03 10:41:44,1472,,,0.0,,False,False,False,False,False,False,False,,False,0.0,False,False,False,False,0.0,False,False,False,False,False,,Site Cleanup Completed (NFA),1999-04-22,,Richard Takaba
1384,9101845,980247,1998-09-08,,esadoyama,1998-09-08 15:50:12,1473,,,0.0,,False,False,False,False,False,False,False,,False,0.0,False,False,False,False,0.0,False,False,False,False,False,,Site Cleanup Completed (NFA),1998-10-01,,Jeffrey Ung
1385,9101844,980248,1998-09-08,,rkwan,2007-03-27 16:02:56,1476,,,0.0,,False,False,False,False,False,False,False,,False,0.0,False,False,False,False,0.0,False,False,False,False,False,,Site Cleanup Completed (NFA),1998-10-01,,Jefffrey Ung
1386,9500426,980249,1998-09-08,,esadoyama,1998-09-08 16:03:22,1477,,,0.0,,False,False,False,False,False,False,False,,False,0.0,False,False,False,False,0.0,False,False,False,False,False,,Site Cleanup Completed (NFA),1999-06-16,,David Hodges
1387,9501349,980251,1998-09-15,,esadoyama,1998-09-15 15:50:30,1478,,,0.0,,False,False,False,False,False,False,False,,False,0.0,False,False,False,False,0.0,False,False,False,False,False,,Site Cleanup Completed (NFA),2001-04-20,,Shaobin Li
1388,9202537,980133,1998-09-18,,esadoyama,1998-09-18 13:48:19,1479,,,0.0,,False,False,False,False,False,False,False,,False,0.0,False,False,False,False,0.0,False,False,False,False,False,,Site Cleanup Completed (NFA),1999-08-26,,Renato Maniulit
1389,9100340,980250,1998-09-18,,esadoyama,1998-09-18 15:37:06,1480,,,0.0,,False,False,False,False,False,False,False,,False,0.0,False,False,False,False,0.0,False,False,False,False,False,,Site Cleanup Completed (NFA),1999-03-08,,Richard Takaba
1390,9200111,980252,1998-09-18,,esadoyama,1998-09-18 15:38:59,1481,,,0.0,,False,False,False,False,False,False,False,,False,0.0,False,False,False,False,0.0,False,False,False,False,False,,Site Cleanup Completed (NFA),1999-05-19,,Eric Sadoyama
2529,9600717,980253,1998-09-18,2011-09-01,rkwan,2011-09-01 16:19:14,1482,Responsible Party,Leaking Tank and Piping,0.0,Tank Removal,False,False,False,False,False,False,False,,False,0.0,True,True,True,False,0.0,False,False,False,False,False,,Monitored Natural Attenuation,2000-03-07,Tank,Shunsheng Fu 
1392,9707344,980254,1998-09-18,2011-05-18,sfu,2011-06-30 14:03:34,1483,Responsible Party,Leaking Tank,0.0,Tank Removal,True,False,True,False,True,False,True,,False,0.0,True,False,False,False,0.0,False,False,False,False,False,,Site Cleanup Completed (NFA),2011-05-31,Tank,Shunsheng Fu 
1393,9701778,980256,1998-09-23,,golmsted,2003-08-25 10:28:59,1484,,,0.0,,False,False,False,False,False,False,False,,False,0.0,False,False,False,False,0.0,False,False,False,False,False,,Site Cleanup Completed (NFA),2004-04-05,,Randall Heu
1394,9707359,990005,1998-10-07,,esadoyama,1998-10-07 15:26:55,1486,,,0.0,,False,False,False,False,False,False,False,,False,0.0,False,False,False,False,0.0,False,False,False,False,False,,Site Cleanup Completed (NFA),1999-07-20,,Richard Takaba
1395,9101424,980255,1998-10-09,,esadoyama,1998-10-09 14:50:10,1487,,,0.0,,False,False,False,False,False,False,False,,False,0.0,False,False,False,False,0.0,False,False,False,False,False,,Site Cleanup Completed (NFA),1999-11-12,,Jose Ruiz
1396,9200359,980257,1998-10-09,,esadoyama,1998-10-09 14:51:24,1488,,,0.0,,False,False,False,False,False,False,False,,False,0.0,False,False,False,False,0.0,False,False,False,False,False,,Site Cleanup Completed (NFA),1999-06-10,,Jose Ruiz
1397,9601820,990001,1998-10-09,,esadoyama,1998-10-09 14:54:20,1489,,,0.0,,False,False,False,False,False,False,False,,False,0.0,False,False,False,False,0.0,False,False,False,False,False,,Site Cleanup Completed (NFA),2000-01-24,,Jose Ruiz
1398,9707337,990002,1998-10-09,,esadoyama,1998-10-30 11:17:09,1490,,,0.0,,False,False,False,False,False,False,False,,False,0.0,False,False,False,False,0.0,False,False,False,False,False,,Site Cleanup Completed (NFA),1999-05-18,,Richard Takaba
1399,9102411,990003,1998-10-09,,rtakaba,2001-05-22 13:48:43,1491,,,0.0,,False,False,False,False,False,False,False,,False,0.0,False,False,False,False,0.0,False,False,False,False,False,,Site Cleanup Completed (NFA),1999-01-19,,Mark Sutterfield
1400,9100273,990004,1998-10-09,,rtakaba,2006-07-31 16:46:26,1492,,,0.0,,True,False,False,False,False,True,False,,False,0.0,True,True,False,False,0.0,False,False,False,False,False,,Site Cleanup Completed (NFA),2006-10-02,,Darren Park
1401,9707363,990006,1998-10-09,,esadoyama,1998-10-09 15:00:34,1493,,,0.0,,False,False,False,False,False,False,False,,False,0.0,False,False,False,False,0.0,False,False,False,False,False,,Site Cleanup Completed (NFA),1999-02-12,,Jeffrey Ung
1402,9101198,990010,1998-10-09,2017-02-19,roxanne.kwan,2024-04-01 15:54:35,1494,Responsible Party,Install Problem,10000.0,Other,True,True,False,False,True,True,True,,True,13600.0,True,True,True,True,20000.0,False,False,True,False,False,MPE unit stopped due to ltd recovery,Monitored Natural Attenuation,2017-06-30,Tank,Richard Takaba 
2530,9701682,990008,1998-10-09,2011-09-12,rkwan,2011-09-12 15:37:35,1495,Responsible Party,Leaking Tank and Piping,0.0,Tank Removal,False,False,False,False,False,False,False,,False,0.0,True,False,True,False,0.0,False,False,False,False,False,,Monitored Natural Attenuation,2005-01-05,Tank,Shunsheng Fu 
1404,9102634,990011,1998-10-16,2012-07-14,tperry,2012-08-30 10:02:27,1499,,,0.0,,False,False,False,False,False,False,False,,False,0.0,False,False,False,False,0.0,False,False,False,False,False,,Site Cleanup Completed (NFA),2012-07-30,,Thu Perry 
1405,9707275,990012,1998-10-16,2010-08-13,dpark,2010-08-12 16:16:03,1500,Responsible Party,Leaking Tank,0.0,Tank Removal,False,False,False,False,False,False,False,,False,0.0,True,True,False,False,0.0,False,False,False,False,False,,Site Cleanup Completed (NFA),2007-06-29,Tank,Darren Park 
1406,9707319,990013,1998-10-16,,esadoyama,1998-10-16 16:06:28,1502,,,0.0,,False,False,False,False,False,False,False,,False,0.0,False,False,False,False,0.0,False,False,False,False,False,,Site Cleanup Completed (NFA),1999-06-10,,Jose Ruiz
1407,9707298,990014,1998-10-16,,esadoyama,1998-10-16 16:07:52,1503,,,0.0,,False,False,False,False,False,False,False,,False,0.0,False,False,False,False,0.0,False,False,False,False,False,,Site Cleanup Completed (NFA),1999-06-10,,Jose Ruiz
1408,9103145,990028,1998-10-23,,rtakaba,2001-12-03 10:53:03,1504,,,0.0,,False,False,False,False,False,False,False,,False,0.0,False,False,False,False,0.0,False,False,False,False,False,,Site Cleanup Completed (NFA),2001-05-08,,Richard Takaba
1409,9102055,990029,1998-10-23,,esadoyama,1998-10-23 09:51:22,1505,,,0.0,,False,False,False,False,False,False,False,,False,0.0,False,False,False,False,0.0,False,False,False,False,False,,Site Cleanup Completed (NFA),1999-08-11,,Jose Ruiz
1410,9101419,990030,1998-10-23,,esadoyama,1998-10-23 09:53:59,1506,,,0.0,,False,False,False,False,False,False,False,,False,0.0,False,False,False,False,0.0,False,False,False,False,False,,Site Cleanup Completed (NFA),2002-03-12,,Jose Ruiz
1411,9201182,990031,1998-10-23,,esadoyama,1998-10-23 11:11:00,1507,,,0.0,,False,False,False,False,False,False,False,,False,0.0,False,False,False,False,0.0,False,False,False,False,False,,Site Cleanup Completed (NFA),1999-08-11,,Jose Ruiz
1412,9602718,990032,1998-10-23,,dpark,2008-10-28 10:10:41,1508,Responsible Party,Leaking Piping,0.0,Tank Removal,False,False,False,False,False,False,False,,False,0.0,True,True,False,False,0.0,False,False,False,False,False,,Site Cleanup Completed (NFA),2008-09-03,Piping,Darren Park 
1413,9101247,990016,1998-10-23,,esadoyama,1998-10-23 16:09:48,1509,,,0.0,,False,False,False,False,False,False,False,,False,0.0,False,False,False,False,0.0,False,False,False,False,False,,Disconfirmed Release,1999-08-11,,Jose Ruiz
1414,9701082,990017,1998-10-23,,esadoyama,1998-10-23 16:14:07,1510,,,0.0,,False,False,False,False,False,False,False,,False,0.0,False,False,False,False,0.0,False,False,False,False,False,,Site Cleanup Completed (NFA),1999-12-13,,Richard Takaba
1415,9701071,990018,1998-10-23,,esadoyama,1998-10-23 16:17:01,1511,,,0.0,,False,False,False,False,False,False,False,,False,0.0,False,False,False,False,0.0,False,False,False,False,False,,Site Cleanup Completed (NFA),1999-09-23,,Richard Takaba
1416,9701078,990019,1998-10-23,,esadoyama,1998-10-23 16:19:48,1512,,,0.0,,False,False,False,False,False,False,False,,False,0.0,False,False,False,False,0.0,False,False,False,False,False,,Site Cleanup Completed (NFA),1999-08-03,,Richard Takaba
1417,9701075,990020,1998-10-23,,esadoyama,1998-10-23 16:21:29,1513,,,0.0,,False,False,False,False,False,False,False,,False,0.0,False,False,False,False,0.0,False,False,False,False,False,,Site Cleanup Completed (NFA),1999-08-03,,Richard Takaba
1418,9707254,990021,1998-10-23,,esadoyama,1998-10-23 16:23:59,1514,,,0.0,,False,False,False,False,False,False,False,,False,0.0,False,False,False,False,0.0,False,False,False,False,False,,Site Cleanup Completed (NFA),1999-11-08,,Jeffrey Ung
1419,9707181,990022,1998-10-23,,esadoyama,1998-10-23 16:25:44,1515,,,0.0,,False,False,False,False,False,False,False,,False,0.0,False,False,False,False,0.0,False,False,False,False,False,,Site Cleanup Completed (NFA),1999-06-17,,Jeffrey Ung
1420,9707201,990023,1998-10-23,,esadoyama,1999-02-10 15:38:20,1516,,,0.0,,False,False,False,False,False,False,False,,False,0.0,False,False,False,False,0.0,False,False,False,False,False,,Site Cleanup Completed (NFA),1999-12-02,,David Hodges
1421,9707374,990024,1998-10-23,2017-10-03,shunsheng.fu,2018-01-12 11:04:06,1517,Responsible Party,Leaking Tank and Piping,0.0,Tank Removal,False,False,False,False,True,True,True,,False,0.0,True,True,False,False,0.0,False,False,False,True,False,Remedial  excavation,Site Cleanup Completed with EHE/EHMP,2017-10-27,Tank,Shunsheng Fu 
1422,9501753,990025,1998-10-23,,esadoyama,1998-10-23 16:39:40,1519,,,0.0,,False,False,False,False,False,False,False,,False,0.0,False,False,False,False,0.0,False,False,False,False,False,,Site Cleanup Completed (NFA),2000-06-30,,Shaobin Li
1423,9600581,990026,1998-10-23,,rmaniulit,1999-04-23 15:34:25,1520,,,0.0,,False,False,False,False,False,False,False,,False,0.0,False,False,False,False,0.0,False,False,False,False,False,,Site Cleanup Completed (NFA),1999-05-03,,Renato Maniulit
1424,9501303,990027,1998-10-23,,rmaniulit,1999-10-14 11:00:02,1521,,,0.0,,False,False,False,False,False,False,False,,False,0.0,False,False,False,False,0.0,False,False,False,False,False,,Site Cleanup Completed (NFA),1999-10-12,,Renato Maniulit
1425,9100212,990034,1998-10-23,,esadoyama,1998-10-23 16:46:33,1523,,,0.0,,False,False,False,False,False,False,False,,False,0.0,False,False,False,False,0.0,False,False,False,False,False,,Site Cleanup Completed (NFA),2003-08-04,,Richard Takaba
1426,9601820,990015,1998-10-30,,esadoyama,1998-10-30 12:01:36,1524,,,0.0,,False,False,False,False,False,False,False,,False,0.0,False,False,False,False,0.0,False,False,False,False,False,,Site Cleanup Completed (NFA),2000-01-24,,Jose Ruiz
1427,9707346,990035,1998-10-30,,rtakaba,2002-02-05 15:10:24,1525,,,0.0,,False,False,False,False,False,False,False,,False,0.0,False,False,False,False,0.0,False,False,False,False,False,,Site Cleanup Completed (NFA),2002-02-08,,Jose Ruiz
1428,9701066,990037,1998-10-30,,rtakaba,2002-02-05 15:11:19,1526,,,0.0,,False,False,False,False,False,False,False,,False,0.0,False,False,False,False,0.0,False,False,False,False,False,,Site Cleanup Completed (NFA),2002-06-26,,Jose Ruiz
1429,9100207,990038,1998-10-30,,golmsted,2000-02-28 12:34:46,1527,,,0.0,,False,False,False,False,False,False,False,,False,0.0,False,False,False,False,0.0,False,False,False,False,False,,Site Cleanup Completed (NFA),2000-09-08,,Jose Ruiz
1430,9501350,990039,1998-10-30,,esadoyama,1998-10-30 12:15:51,1528,,,0.0,,False,False,False,False,False,False,False,,False,0.0,False,False,False,False,0.0,False,False,False,False,False,,Site Cleanup Completed (NFA),2001-04-19,,Shaobin Li
1431,9201503,990040,1998-11-09,,esadoyama,1998-11-09 08:03:50,1529,,,0.0,,False,False,False,False,False,False,False,,False,0.0,False,False,False,False,0.0,False,False,False,False,False,,Site Cleanup Completed (NFA),1999-11-16,,Jose Ruiz
1432,9102254,990041,1998-11-09,,esadoyama,1998-11-09 08:05:13,1530,,,0.0,,False,False,False,False,False,False,False,,False,0.0,False,False,False,False,0.0,False,False,False,False,False,,Site Cleanup Completed (NFA),1999-03-11,,Eric Sadoyama
1433,9202315,990042,1998-11-09,,esadoyama,1998-12-07 13:50:20,1531,,,0.0,,False,False,False,False,False,False,False,,False,0.0,False,False,False,False,0.0,False,False,False,False,False,,Site Cleanup Completed (NFA),2000-03-24,,Shaobin Li
1434,9102652,990043,1998-11-09,,RMANIULIT,1999-04-30 08:43:25,1532,,,0.0,,False,False,False,False,False,False,False,,False,0.0,False,False,False,False,0.0,False,False,False,False,False,,Site Cleanup Completed (NFA),1999-04-20,,Renato Maniulit
1435,9707341,990044,1998-11-09,,esadoyama,1998-11-09 08:08:57,1533,,,0.0,,False,False,False,False,False,False,False,,False,0.0,False,False,False,False,0.0,False,False,False,False,False,,Site Cleanup Completed (NFA),2002-04-10,,Jose Ruiz
1436,9200151,990045,1998-11-09,2015-08-18,roxanne.kwan,2018-08-28 15:19:31,1534,Responsible Party,Leaking Tank,0.0,Tank Removal,False,True,False,False,False,False,False,,False,0.0,True,True,False,False,0.0,False,False,False,False,False,,Consolidated releases,2018-08-28,Tank,Shunsheng Fu 
1437,9707137,990046,1998-11-09,,rkwan,2007-03-19 16:46:42,1535,,,0.0,,False,False,False,False,False,False,False,,False,0.0,False,False,False,False,0.0,False,False,False,False,False,,Site Cleanup Completed (NFA),2006-06-21,,Richard Takaba 
1438,9601647,990047,1998-11-09,,rkwan,2000-08-28 10:48:16,1536,,,0.0,,False,False,False,False,False,False,False,,False,0.0,False,False,False,False,0.0,False,False,False,False,False,,Site Cleanup Completed (NFA),1999-07-20,,Richard Takaba
2531,9102271,990051,1998-11-10,2012-10-09,roxanne.kwan,2022-02-02 13:56:38,1537,Responsible Party,Leaking Tank,0.0,Other,False,True,False,False,False,True,True,,False,0.0,False,True,False,False,0.0,False,False,False,False,False,,Monitored Natural Attenuation,2011-11-11,Tank,Richard Takaba 
1440,9707231,990048,1998-11-13,,rtakaba,2001-05-22 13:52:18,1538,,,0.0,,False,False,False,False,False,False,False,,False,0.0,False,False,False,False,0.0,False,False,False,False,False,,Site Cleanup Completed (NFA),2001-10-26,,Mark Sutterfield
1441,9500770,990049,1998-11-13,2010-09-29,sli,2014-01-28 15:24:55,1539,,Leaking Tank and Piping,0.0,Tank Removal,True,False,False,False,True,True,False,,False,0.0,True,False,False,False,0.0,False,False,True,True,False,"free product recovery, in-situ bioremediation,",Site Cleanup Completed with EHE/EHMP,2010-10-12,Tank,Shaobin Li 
1442,9600581,990050,1998-11-13,,rmaniulit,1999-04-23 16:00:31,1540,,,0.0,,False,False,False,False,False,False,False,,False,0.0,False,False,False,False,0.0,False,False,False,False,False,,Site Cleanup Completed (NFA),1999-05-03,,Renato Maniulit
1443,9600584,990052,1998-11-13,,esadoyama,1998-11-13 16:08:32,1541,,,0.0,,False,False,False,False,False,False,False,,False,0.0,False,False,False,False,0.0,False,False,False,False,False,,Site Cleanup Completed (NFA),1999-02-26,,Jeffrey Ung
1444,9601634,990053,1998-11-13,,rtakaba,2001-06-01 11:53:48,1542,,,0.0,,False,False,False,False,False,False,False,,False,0.0,False,False,False,False,0.0,False,False,False,False,False,,Site Cleanup Completed (NFA),2001-11-05,,Mark Sutterfield
1445,9601629,990054,1998-11-13,,sli,2004-11-18 08:34:59,1543,,,0.0,,False,False,False,False,False,False,False,,False,0.0,False,False,False,False,0.0,False,False,False,False,False,,Site Cleanup Completed (NFA),2005-04-27,,Shaobin Li
1446,9101574,990055,1998-11-13,,esadoyama,1998-11-13 16:17:29,1544,,,0.0,,False,False,False,False,False,False,False,,False,0.0,False,False,False,False,0.0,False,False,False,False,False,,Site Cleanup Completed (NFA),1998-12-04,,Eric Sadoyama
1447,9707309,990056,1998-11-13,,esadoyama,1998-11-13 16:20:15,1545,,,0.0,,False,False,False,False,False,False,False,,False,0.0,False,False,False,False,0.0,False,False,False,False,False,,Site Cleanup Completed (NFA),2000-09-22,,Shaobin Li
1448,9707343,990057,1998-11-13,,esadoyama,1999-03-04 16:00:42,1546,,,0.0,,False,False,False,False,False,False,False,,False,0.0,False,False,False,False,0.0,False,False,False,False,False,,Site Cleanup Completed (NFA),1999-06-24,,Renato Maniulit
1449,9102058,990058,1998-11-13,2013-10-14,roxanne.kwan,2020-09-04 16:57:57,1547,Responsible Party,Leaking Tank,20000.0,Leak Detection,False,False,False,False,True,True,True,,False,0.0,True,True,False,False,0.0,False,False,False,False,True,ORC,Monitored Natural Attenuation,2012-06-15,Tank,Richard Takaba 
1450,9600569,990059,1998-11-13,,esadoyama,1998-11-13 16:24:16,1548,,,0.0,,False,False,False,False,False,False,False,,False,0.0,False,False,False,False,0.0,False,False,False,False,False,,Site Cleanup Completed (NFA),1999-05-25,,Eric Sadoyama
1451,9501345,990064,1998-11-19,,esadoyama,1998-11-19 12:43:10,1549,,,0.0,,False,False,False,False,False,False,False,,False,0.0,False,False,False,False,0.0,False,False,False,False,False,,Site Cleanup Completed (NFA),1999-08-25,,Jose Ruiz
1452,9707365,990060,1998-11-20,,esadoyama,1998-11-20 14:45:38,1550,,,0.0,,False,False,False,False,False,False,False,,False,0.0,False,False,False,False,0.0,False,False,False,False,False,,Site Cleanup Completed (NFA),2000-03-09,,Jose Ruiz
1453,9707365,990061,1998-11-20,,esadoyama,1998-11-20 14:46:07,1551,,,0.0,,False,False,False,False,False,False,False,,False,0.0,False,False,False,False,0.0,False,False,False,False,False,,Site Cleanup Completed (NFA),2000-03-09,,Jose Ruiz
1454,9707365,990062,1998-11-20,,esadoyama,1998-11-20 14:46:53,1552,,,0.0,,False,False,False,False,False,False,False,,False,0.0,False,False,False,False,0.0,False,False,False,False,False,,Site Cleanup Completed (NFA),2000-03-09,,Jose Ruiz
1455,9601842,990063,1998-11-20,,esadoyama,1998-11-20 14:48:28,1553,,,0.0,,False,False,False,False,False,False,False,,False,0.0,False,False,False,False,0.0,False,False,False,False,False,,Site Cleanup Completed (NFA),1998-12-29,,Richard Takaba
1456,9707136,990065,1998-11-20,,esadoyama,1998-11-20 14:50:32,1554,,,0.0,,False,False,False,False,False,False,False,,False,0.0,False,False,False,False,0.0,False,False,False,False,False,,Site Cleanup Completed (NFA),2000-11-20,,Richard Takaba
1457,9500423,990066,1998-11-20,,esadoyama,1998-11-20 14:51:31,1555,,,0.0,,False,False,False,False,False,False,False,,False,0.0,False,False,False,False,0.0,False,False,False,False,False,,Site Cleanup Completed (NFA),1999-04-01,,Richard Takaba
1458,9201023,990068,1998-11-27,,esadoyama,1998-11-27 15:39:17,1556,,,0.0,,False,False,False,False,False,False,False,,False,0.0,False,False,False,False,0.0,False,False,False,False,False,,Site Cleanup Completed (NFA),1999-08-03,,Richard Takaba
1459,9601942,990069,1998-11-27,,esadoyama,1998-11-27 15:40:55,1557,,,0.0,,False,False,False,False,False,False,False,,False,0.0,False,False,False,False,0.0,False,False,False,False,False,,Site Cleanup Completed (NFA),1999-02-03,,Jeffrey Ung
1460,9701067,990070,1998-11-27,,esadoyama,1998-11-27 15:43:41,1558,,,0.0,,False,False,False,False,False,False,False,,False,0.0,False,False,False,False,0.0,False,False,False,False,False,,Site Cleanup Completed (NFA),1999-09-07,,Jeffrey Ung
1461,9502687,990071,1998-11-27,,rtakaba,2005-01-26 10:30:18,1559,,,0.0,,False,False,False,False,False,False,False,,False,0.0,False,False,False,False,0.0,False,False,False,False,False,,Site Cleanup Completed (NFA),2005-05-06,,Chad Pritchard
1462,9201475,990072,1998-11-27,,golmsted,2003-08-25 10:30:33,1560,,,0.0,,False,False,False,False,True,False,False,,False,0.0,False,False,False,False,0.0,False,False,False,False,False,,Site Cleanup Completed (NFA),2004-10-01,,Randall Heu
1463,9601325,990073,1998-11-27,,esadoyama,1998-11-27 15:47:19,1561,,,0.0,,False,False,False,False,False,False,False,,False,0.0,False,False,False,False,0.0,False,False,False,False,False,,Site Cleanup Completed (NFA),1999-09-07,,Eric Sadoyama
1464,9502699,990078,1998-12-04,,esadoyama,1998-12-04 08:50:49,1562,,,0.0,,False,False,False,False,False,False,False,,False,0.0,False,False,False,False,0.0,False,False,False,False,False,,Site Cleanup Completed (NFA),2002-12-10,,Jose Ruiz
1465,9202987,990074,1998-12-07,,esadoyama,1999-03-04 15:28:04,1563,,,0.0,,False,False,False,False,False,False,False,,False,0.0,False,False,False,False,0.0,False,False,False,False,False,,Site Cleanup Completed (NFA),1999-05-11,,Renato Maniulit
1466,9202027,990075,1998-12-07,,esadoyama,1998-12-07 07:59:14,1564,,,0.0,,False,False,False,False,False,False,False,,False,0.0,False,False,False,False,0.0,False,False,False,False,False,,Site Cleanup Completed (NFA),1999-09-08,,Eric Sadoyama
1467,9202043,990076,1998-12-07,,esadoyama,1998-12-07 08:00:43,1565,,,0.0,,False,False,False,False,False,False,False,,False,0.0,False,False,False,False,0.0,False,False,False,False,False,,Site Cleanup Completed (NFA),2000-01-24,,Jose Ruiz
1468,9707383,990077,1998-12-07,,esadoyama,1998-12-07 08:02:41,1566,,,0.0,,False,False,False,False,False,False,False,,False,0.0,False,False,False,False,0.0,False,False,False,False,False,,Site Cleanup Completed (NFA),2000-11-20,,Jose Ruiz
1469,9201165,990079,1998-12-07,,esadoyama,1998-12-07 08:03:58,1567,,,0.0,,False,False,False,False,False,False,False,,False,0.0,False,False,False,False,0.0,False,False,False,False,False,,Site Cleanup Completed (NFA),1999-08-11,,Jose Ruiz
1470,9102346,970070,1998-12-07,,esadoyama,1998-12-07 13:29:14,1568,,,0.0,,False,False,False,False,False,False,False,,False,0.0,False,False,False,False,0.0,False,False,False,False,False,,Site Cleanup Completed (NFA),1999-02-18,,Eric Sadoyama
1471,9602517,990080,1998-12-14,,sliu,2001-07-27 16:22:26,1571,,,0.0,,False,False,False,False,False,False,False,,False,0.0,False,False,False,False,0.0,False,False,False,False,False,,Site Cleanup Completed (NFA),2001-06-19,,Shumin Liu
1472,9600568,990081,1998-12-14,,esadoyama,1998-12-14 08:17:47,1572,,,0.0,,False,False,False,False,False,False,False,,False,0.0,False,False,False,False,0.0,False,False,False,False,False,,Site Cleanup Completed (NFA),1999-08-26,,Richard Takaba
1473,9501331,990082,1998-12-14,,rtakaba,2001-05-22 13:55:28,1573,,,0.0,,False,False,False,False,False,False,False,,False,0.0,False,False,False,False,0.0,False,False,False,False,False,,Site Cleanup Completed (NFA),2001-10-19,,Mark Sutterfield
1474,9102443,990083,1998-12-14,,esadoyama,1998-12-14 08:20:07,1574,,,0.0,,False,False,False,False,False,False,False,,False,0.0,False,False,False,False,0.0,False,False,False,False,False,,Site Cleanup Completed (NFA),2001-01-12,,Richard Takaba
1475,9707364,990085,1998-12-21,,esadoyama,1998-12-21 08:42:41,1575,,,0.0,,False,False,False,False,False,False,False,,False,0.0,False,False,False,False,0.0,False,False,False,False,False,,Site Cleanup Completed (NFA),1999-07-20,,Jeffrey Ung
1476,9200139,990086,1998-12-21,,esadoyama,1998-12-21 08:44:21,1576,,,0.0,,False,False,False,False,False,False,False,,False,0.0,False,False,False,False,0.0,False,False,False,False,False,,Site Cleanup Completed (NFA),1999-02-09,,David Hodges
1477,9202037,990089,1998-12-21,,esadoyama,1998-12-21 08:47:51,1577,,,0.0,,False,False,False,False,False,False,False,,False,0.0,False,False,False,False,0.0,False,False,False,False,False,,Site Cleanup Completed (NFA),1999-08-25,,Eric Sadoyama
1478,9102144,990090,1998-12-21,,esadoyama,1998-12-21 08:49:59,1578,,,0.0,,False,False,False,False,False,False,False,,False,0.0,False,False,False,False,0.0,False,False,False,False,False,,Site Cleanup Completed (NFA),2000-04-20,,Jose Ruiz
1479,9102144,990091,1998-12-21,,esadoyama,1998-12-21 08:51:27,1579,,,0.0,,False,False,False,False,False,False,False,,False,0.0,False,False,False,False,0.0,False,False,False,False,False,,Site Cleanup Completed (NFA),2000-04-20,,Jose Ruiz
1480,9200233,990092,1998-12-21,,esadoyama,1998-12-21 08:53:23,1580,,,0.0,,False,False,False,False,False,False,False,,False,0.0,False,False,False,False,0.0,False,False,False,False,False,,Site Cleanup Completed (NFA),2000-09-08,,Jose Ruiz
1481,9103054,990084,1998-12-21,,esadoyama,1998-12-23 16:08:02,1582,,,0.0,,False,False,False,False,False,False,False,,False,0.0,False,False,False,False,0.0,False,False,False,False,False,,Site Cleanup Completed (NFA),1999-08-02,,Jeffrey Ung
1482,9102919,990087,1998-12-21,,esadoyama,1998-12-21 08:59:51,1583,,,0.0,,False,False,False,False,False,False,False,,False,0.0,False,False,False,False,0.0,False,False,False,False,False,,Site Cleanup Completed (NFA),1999-08-02,,Jeffrey Ung
1483,9102845,990088,1998-12-21,,esadoyama,1998-12-21 09:05:46,1584,,,0.0,,False,False,False,False,False,False,False,,False,0.0,False,False,False,False,0.0,False,False,False,False,False,,Site Cleanup Completed (NFA),1999-08-26,,Richard Takaba
1484,9301401,990093,1998-12-21,,esadoyama,1998-12-21 13:52:15,1585,,,0.0,,False,False,False,False,False,False,False,,False,0.0,False,False,False,False,0.0,False,False,False,False,False,,Site Cleanup Completed (NFA),2000-06-07,,Jose Ruiz
1485,9600654,990098,1998-12-23,,esadoyama,1998-12-23 09:50:41,1586,,,0.0,,False,False,False,False,False,False,False,,False,0.0,False,False,False,False,0.0,False,False,False,False,False,,Site Cleanup Completed (NFA),1999-03-30,,Jeffrey Ung
1486,9200846,990099,1998-12-23,,esadoyama,1998-12-23 14:32:24,1587,,,0.0,,False,False,False,False,False,False,False,,False,0.0,False,False,False,False,0.0,False,False,False,False,False,,Site Cleanup Completed (NFA),1999-06-17,,Jeffrey Ung
1487,9101062,990094,1998-12-28,,rkwan,2005-02-23 09:05:09,1588,,,0.0,,False,False,False,False,False,False,False,,False,0.0,False,False,False,False,0.0,False,False,False,False,False,,Site Cleanup Completed (NFA),2004-03-25,,Richard Takaba
1488,9202210,990095,1998-12-28,,rtakaba,2001-05-22 13:54:30,1589,,,0.0,,False,False,False,False,False,False,False,,False,0.0,False,False,False,False,0.0,False,False,False,False,False,,Site Cleanup Completed (NFA),2001-08-30,,Mark Sutterfield
1489,9100901,990096,1998-12-28,,esadoyama,1998-12-28 08:54:43,1590,,,0.0,,False,False,False,False,False,False,False,,False,0.0,False,False,False,False,0.0,False,False,False,False,False,,Site Cleanup Completed (NFA),1999-09-24,,Richard Takaba
1490,9501698,990097,1998-12-28,,rtakaba,2002-02-05 15:06:25,1591,,,0.0,,False,False,False,False,False,False,False,,False,0.0,False,False,False,False,0.0,False,False,False,False,False,,Site Cleanup Completed (NFA),2002-03-19,,Shaobin Li
1491,9707395,990100,1998-12-28,,dpark,2008-08-26 15:12:23,1592,,,0.0,,False,False,False,False,False,False,False,,False,0.0,False,False,False,False,0.0,False,False,False,False,False,,Site Cleanup Completed (NFA),2003-07-02,,To VRP 
1492,9707310,990101,1998-12-28,,esadoyama,1998-12-28 08:59:59,1593,,,0.0,,False,False,False,False,False,False,False,,False,0.0,False,False,False,False,0.0,False,False,False,False,False,,Site Cleanup Completed (NFA),1999-05-10,,Eric Sadoyama
1493,9500673,990102,1998-12-28,,esadoyama,1998-12-28 10:26:49,1594,,,0.0,,False,False,False,False,False,False,False,,False,0.0,False,False,False,False,0.0,False,False,False,False,False,,Site Cleanup Completed (NFA),2001-04-19,,Shaobin Li
1494,9101003,990103,1999-01-04,,esadoyama,1999-01-04 09:29:42,1597,,,0.0,,False,False,False,False,False,False,False,,False,0.0,False,False,False,False,0.0,False,False,False,False,False,,Site Cleanup Completed (NFA),1999-10-08,,Shaobin Li
1495,9707137,990104,1999-01-04,,rkwan,2007-03-19 16:44:55,1598,,,0.0,,False,False,False,False,True,True,False,,False,0.0,False,False,False,False,0.0,False,False,False,False,False,,Site Cleanup Completed (NFA),2005-04-27,,Chad Pritchard
1496,9707318,990105,1999-01-04,,esadoyama,1999-01-04 10:21:22,1599,,,0.0,,False,False,False,False,False,False,False,,False,0.0,False,False,False,False,0.0,False,False,False,False,False,,Site Cleanup Completed (NFA),2000-08-11,,Jose Ruiz
1497,9601310,990106,1999-01-04,,esadoyama,1999-01-04 10:24:15,1600,,,0.0,,False,False,False,False,False,False,False,,False,0.0,False,False,False,False,0.0,False,False,False,False,False,,Site Cleanup Completed (NFA),2001-06-27,,Jose Ruiz
1498,9601310,990107,1999-01-04,,esadoyama,1999-01-04 10:25:11,1601,,,0.0,,False,False,False,False,False,False,False,,False,0.0,False,False,False,False,0.0,False,False,False,False,False,,Site Cleanup Completed (NFA),2001-06-27,,Jose Ruiz
1499,9600351,990108,1999-01-04,,rkwan,2002-01-22 16:34:31,1603,,,0.0,,False,False,False,False,False,False,False,,False,0.0,False,False,False,False,0.0,False,False,False,False,False,,Site Cleanup Completed (NFA),1999-09-15,,Jose Ruiz
1500,9500378,990109,1999-01-04,,esadoyama,1999-01-04 10:32:50,1604,,,0.0,,False,False,False,False,False,False,False,,False,0.0,False,False,False,False,0.0,False,False,False,False,False,,Site Cleanup Completed (NFA),1999-12-20,,Richard Takaba
1501,9707372,990110,1999-01-04,,esadoyama,1999-01-04 10:35:38,1605,,,0.0,,False,False,False,False,False,False,False,,False,0.0,False,False,False,False,0.0,False,False,False,False,False,,Site Cleanup Completed (NFA),1999-08-09,,Richard Takaba
1502,9200096,990111,1999-01-04,,rkwan,2005-12-20 15:10:36,1606,,,0.0,,False,False,False,False,False,False,False,,False,0.0,False,False,False,False,0.0,False,False,False,False,False,,Site Cleanup Completed (NFA),2005-12-09,,Haven Westerman
1503,9202316,990112,1999-01-04,2010-04-09,jnagashima,2012-01-27 14:11:31,1607,Responsible Party,Leaking Piping,300.0,Tank Removal,False,True,False,False,False,False,False,,False,0.0,True,True,False,False,0.0,False,False,False,False,False,,Site Cleanup Completed with EHMP,2010-04-15,Piping,Josh Nagashima 
2532,9702559,990113,1999-01-12,2014-09-05,Allison.Hutto,2019-08-23 08:49:23,1608,Responsible Party,Leaking Tank and Piping,0.0,Tank Removal,False,False,False,False,False,False,False,,False,0.0,True,False,False,False,0.0,False,False,False,False,False,,Site Cleanup Completed with EHE/EHMP,2019-08-12,Tank,Allison Hutto 
1505,9707415,990114,1999-01-12,,esadoyama,1999-01-12 09:41:05,1609,,,0.0,,False,False,False,False,False,False,False,,False,0.0,False,False,False,False,0.0,False,False,False,False,False,,Site Cleanup Completed (NFA),1999-02-02,,Jeffrey Ung
1506,9707398,990115,1999-01-12,,esadoyama,1999-01-12 09:51:39,1610,,,0.0,,False,False,False,False,False,False,False,,False,0.0,False,False,False,False,0.0,False,False,False,False,False,,Site Cleanup Completed (NFA),1999-11-19,,Jeffrey Ung
1507,9102109,990116,1999-01-12,,golmsted,2000-02-28 12:38:25,1611,,,0.0,,False,False,False,False,False,False,False,,False,0.0,False,False,False,False,0.0,False,False,False,False,False,,Site Cleanup Completed (NFA),2000-06-20,,Shaobin Li
1508,9501353,990117,1999-01-12,,esadoyama,1999-02-05 09:59:34,1612,,,0.0,,False,False,False,False,False,False,False,,False,0.0,False,False,False,False,0.0,False,False,False,False,False,,Site Cleanup Completed (NFA),2000-09-05,,Shaobin Li
1509,9101367,990119,1999-01-12,2009-04-29,rtakaba,2009-05-20 14:47:42,1614,Responsible Party,Leaking Tank and Piping,0.0,Tank Removal,False,False,False,False,False,True,True,,False,0.0,False,True,False,False,0.0,False,False,False,False,False,,Site Cleanup Completed (NFA),2009-05-07,Tank,Richard Takaba 
1510,9101153,990120,1999-01-12,,rmaniulit,1999-11-04 14:15:52,1615,,,0.0,,False,False,False,False,False,False,False,,False,0.0,False,False,False,False,0.0,False,False,False,False,False,,Site Cleanup Completed (NFA),2002-08-19,,Shunsheng Fu
1511,9102921,970095,1997-01-10,,rkwan,2003-04-16 16:53:54,1616,,,0.0,,False,False,False,False,False,False,False,,False,0.0,False,False,False,False,0.0,False,False,False,False,False,,Site Cleanup Completed (NFA),1998-03-19,,Steven Okoji
1512,9501748,990122,1999-01-13,,esadoyama,1999-01-13 14:49:24,1617,,,0.0,,False,False,False,False,False,False,False,,False,0.0,False,False,False,False,0.0,False,False,False,False,False,,Site Cleanup Completed (NFA),1999-08-25,,Jose Ruiz
1513,9501754,990123,1999-01-13,,esadoyama,1999-01-13 14:50:37,1618,,,0.0,,False,False,False,False,False,False,False,,False,0.0,False,False,False,False,0.0,False,False,False,False,False,,Site Cleanup Completed (NFA),1999-08-25,,Jose Ruiz
1514,9501755,990124,1999-01-13,,esadoyama,1999-01-13 14:52:16,1619,,,0.0,,False,False,False,False,False,False,False,,False,0.0,False,False,False,False,0.0,False,False,False,False,False,,Site Cleanup Completed (NFA),1999-08-25,,Jose Ruiz
1515,9501344,990125,1999-01-13,,esadoyama,1999-01-13 14:53:45,1620,,,0.0,,False,False,False,False,False,False,False,,False,0.0,False,False,False,False,0.0,False,False,False,False,False,,Site Cleanup Completed (NFA),1999-08-23,,Richard Takaba
1516,9707332,990126,1999-01-14,,rtakaba,2001-05-22 14:00:11,1621,,,0.0,,False,False,False,False,False,False,False,,False,0.0,False,False,False,False,0.0,False,False,False,False,False,,Site Cleanup Completed (NFA),2001-12-03,,Mark Sutterfield
1517,9100760,990121,1999-01-14,,esadoyama,1999-01-14 15:36:06,1622,,,0.0,,False,False,False,False,False,False,False,,False,0.0,False,False,False,False,0.0,False,False,False,False,False,,Site Cleanup Completed (NFA),1999-04-29,,Jose Ruiz
1518,9202360,990128,1999-01-19,2019-02-04,roxanne.kwan,2019-02-12 08:24:23,1623,,,0.0,,False,False,False,False,False,False,False,,False,0.0,True,False,True,False,0.0,False,False,False,False,False,,LUST Cleanup Initiated,1999-01-13,,Richard Takaba
1519,9200997,990129,1999-01-19,,esadoyama,1999-01-19 14:36:51,1624,,,0.0,,False,False,False,False,False,False,False,,False,0.0,False,False,False,False,0.0,False,False,False,False,False,,Site Cleanup Completed (NFA),1999-02-02,,Jeffrey Ung
1520,9202355,990130,1999-01-19,,golmsted,2002-07-25 08:20:56,1625,,,0.0,,False,False,False,False,False,False,False,,False,0.0,False,False,False,False,0.0,False,False,False,False,False,,Site Cleanup Completed (NFA),2003-01-03,,Richard Takaba
1521,9202365,990131,1999-01-19,2018-06-27,shunsheng.fu,2018-12-10 15:47:14,1626,Responsible Party,Leaking Tank and Piping,0.0,Tank Removal,False,True,False,False,False,False,False,,False,0.0,True,True,True,False,0.0,False,False,False,False,False,,Site Cleanup Completed with EHE/EHMP,2018-10-30,Tank,Shunsheng Fu 
1522,9707354,990134,1999-01-22,,esadoyama,1999-07-19 13:49:00,1627,,,0.0,,False,False,False,False,False,False,False,,False,0.0,False,False,False,False,0.0,False,False,False,False,False,,Site Cleanup Completed (NFA),2001-05-25,,To DERA
1523,9707352,990135,1999-01-22,,esadoyama,1999-01-22 17:03:05,1628,,,0.0,,False,False,False,False,False,False,False,,False,0.0,False,False,False,False,0.0,False,False,False,False,False,,Site Cleanup Completed (NFA),2001-05-25,,To DERA
1524,9102240,990132,1999-01-22,,rkwan,2012-01-30 14:41:36,1629,,,0.0,,False,False,False,False,False,False,False,,False,0.0,False,False,False,False,0.0,False,False,False,False,False,,Site Cleanup Completed (NFA),2000-07-05,,Renato Maniulit
1525,9701643,990133,1999-01-22,,dpark,2007-04-09 15:07:50,1630,,,0.0,,False,False,False,False,True,True,True,,False,0.0,True,True,False,False,0.0,False,False,False,False,False,,Site Cleanup Completed (NFA),2007-03-30,,Darren Park 
1526,9501747,990136,1999-01-22,,esadoyama,1999-01-22 17:35:46,1631,,,0.0,,False,False,False,False,False,False,False,,False,0.0,False,False,False,False,0.0,False,False,False,False,False,,Site Cleanup Completed (NFA),2000-09-05,,Shaobin Li
1527,9501756,990137,1999-01-22,,rkwan,2001-07-11 12:07:43,1632,,,0.0,,False,False,False,False,False,False,False,,False,0.0,False,False,False,False,0.0,False,False,False,False,False,,Site Cleanup Completed (NFA),2000-10-03,,Shaobin Li
1528,9602404,990127,1999-02-01,,esadoyama,1999-02-01 09:01:58,1634,,,0.0,,False,False,False,False,False,False,False,,False,0.0,False,False,False,False,0.0,False,False,False,False,False,,Site Cleanup Completed (NFA),1999-05-07,,Richard Takaba
1529,9100171,990138,1999-02-01,,esadoyama,1999-02-01 09:04:13,1635,,,0.0,,False,False,False,False,False,False,False,,False,0.0,False,False,False,False,0.0,False,False,False,False,False,,Site Cleanup Completed (NFA),2001-01-08,,Jose Ruiz
1530,9707430,990139,1999-02-01,,rtakaba,2001-06-01 11:46:53,1636,,,0.0,,False,False,False,False,False,False,False,,False,0.0,False,False,False,False,0.0,False,False,False,False,False,,Site Cleanup Completed (NFA),2001-12-03,,Mark Sutterfield
1531,9100804,990140,1999-02-01,,rkwan,2008-01-10 11:13:49,1637,,,0.0,,False,False,False,False,True,True,True,,False,0.0,False,True,False,False,0.0,False,False,False,False,False,,Site Cleanup Completed (NFA),2007-09-13,,Richard Takaba 
1532,9501603,990141,1999-02-01,,esadoyama,1999-02-01 09:10:33,1638,,,0.0,,False,False,False,False,False,False,False,,False,0.0,False,False,False,False,0.0,False,False,False,False,False,,Site Cleanup Completed (NFA),2000-02-29,,Jose Ruiz
1533,9101676,990142,1999-02-01,,esadoyama,1999-02-01 09:15:06,1639,,,0.0,,False,False,False,False,False,False,False,,False,0.0,False,False,False,False,0.0,False,False,False,False,False,,Site Cleanup Completed (NFA),1999-09-15,,Jose Ruiz
1534,9601620,990145,1999-02-03,2011-04-13,sli,2011-04-21 08:01:17,1640,,Leaking Piping,0.0,Other,False,False,False,False,False,False,False,,False,0.0,True,False,False,False,0.0,False,False,False,False,False,,Site Cleanup Completed (NFA),2011-04-19,Piping,Shaobin Li 
1535,9101112,980015,1999-02-03,,esadoyama,1999-02-03 10:13:48,1641,,,0.0,,False,False,False,False,False,False,False,,False,0.0,False,False,False,False,0.0,False,False,False,False,False,,Site Cleanup Completed (NFA),1999-08-26,,Richard Takaba
1536,9707308,990146,1999-02-03,,golmsted,2003-08-25 10:31:38,1642,,,0.0,,False,False,False,False,False,False,False,,False,0.0,False,False,False,False,0.0,False,False,False,False,False,,Site Cleanup Completed (NFA),2004-05-10,,Randall Heu
1537,9101449,990147,1999-02-04,,esadoyama,1999-02-04 08:55:33,1643,,,0.0,,False,False,False,False,False,False,False,,False,0.0,False,False,False,False,0.0,False,False,False,False,False,,Site Cleanup Completed (NFA),1999-08-23,,Richard Takaba
1538,9707421,990143,1999-02-05,,esadoyama,1999-02-05 08:37:14,1644,,,0.0,,False,False,False,False,False,False,False,,False,0.0,False,False,False,False,0.0,False,False,False,False,False,,Site Cleanup Completed (NFA),1999-08-11,,Jose Ruiz
1539,9601304,990148,1999-02-05,,esadoyama,1999-02-05 09:34:23,1646,,,0.0,,False,False,False,False,False,False,False,,False,0.0,False,False,False,False,0.0,False,False,False,False,False,,Site Cleanup Completed (NFA),1999-06-18,,David Hodges
1540,9501750,990149,1999-02-05,,rkwan,2007-03-19 09:58:30,1647,,,0.0,,False,False,False,False,False,False,False,,False,0.0,False,False,False,False,0.0,False,False,False,False,False,,Case Transferred to HEER (unregulated),1999-07-30,,To HEER
1541,9501751,990150,1999-02-05,,rkwan,2007-03-19 09:59:11,1648,,,0.0,,False,False,False,False,False,False,False,,False,0.0,False,False,False,False,0.0,False,False,False,False,False,,Case Transferred to HEER (unregulated),1999-07-30,,To HEER
1542,9100975,990151,1999-02-05,,esadoyama,1999-02-05 16:24:14,1649,,,0.0,,False,False,False,False,False,False,False,,False,0.0,False,False,False,False,0.0,False,False,False,False,False,,Site Cleanup Completed (NFA),1999-11-26,,David Hodges
1543,9200830,990154,1999-02-10,,rtakaba,2001-07-26 11:58:36,1650,,,0.0,,False,False,False,False,False,False,False,,False,0.0,False,False,False,False,0.0,False,False,False,False,False,,Site Cleanup Completed (NFA),2001-12-11,,Richard Takaba
1544,9600561,990152,1999-02-11,,esadoyama,1999-02-12 16:11:59,1651,,,0.0,,False,False,False,False,False,False,False,,False,0.0,False,False,False,False,0.0,False,False,False,False,False,,Site Cleanup Completed (NFA),1999-08-23,,Jeffrey Ung
1545,9502418,990153,1999-02-12,,esadoyama,1999-02-12 16:15:19,1652,,,0.0,,False,False,False,False,False,False,False,,False,0.0,False,False,False,False,0.0,False,False,False,False,False,,Site Cleanup Completed (NFA),1999-07-20,,Jeffrey Ung
1546,9701076,990156,1999-02-12,,rmaniulit,1999-05-28 08:51:54,1653,,,0.0,,False,False,False,False,False,False,False,,False,0.0,False,False,False,False,0.0,False,False,False,False,False,,Site Cleanup Completed (NFA),1999-10-26,,Renato Maniulit
1547,9200230,990157,1999-02-16,,esadoyama,1999-02-16 08:42:22,1654,,,0.0,,False,False,False,False,False,False,False,,False,0.0,False,False,False,False,0.0,False,False,False,False,False,,Site Cleanup Completed (NFA),1999-05-17,,Renato Maniulit
1548,9707246,990158,1999-02-18,,rmaniulit,1999-05-28 13:51:58,1655,,,0.0,,False,False,False,False,False,False,False,,False,0.0,False,False,False,False,0.0,False,False,False,False,False,,Site Cleanup Completed (NFA),2001-10-15,,Shunsheng Fu
1549,9200104,010023,1999-02-19,,rkwan,2003-04-16 16:48:12,1656,,,0.0,,False,False,False,False,False,False,False,,False,0.0,False,False,False,False,0.0,False,False,False,False,False,,Site Cleanup Completed (NFA),2001-06-19,,Shumin Liu
1550,9200148,990160,1999-02-25,,esadoyama,1999-02-25 17:16:34,1658,,,0.0,,False,False,False,False,False,False,False,,False,0.0,False,False,False,False,0.0,False,False,False,False,False,,Site Cleanup Completed (NFA),1999-08-11,,Jose Ruiz
1551,9707426,990161,1999-03-01,2011-11-30,rkwan,2011-11-30 16:22:13,1659,,,0.0,,False,False,False,False,False,False,False,,False,0.0,True,True,False,False,0.0,False,False,False,False,False,,Site Cleanup Completed (NFA),2006-03-17,,Shunsheng Fu
1552,9201152,990163,1999-03-03,,esadoyama,1999-03-03 13:45:12,1660,,,0.0,,False,False,False,False,False,False,False,,False,0.0,False,False,False,False,0.0,False,False,False,False,False,,Site Cleanup Completed (NFA),2005-02-07,,Shunsheng Fu
1553,9707224,990165,1999-03-03,,rmaniulit,1999-05-19 07:57:44,1663,,,0.0,,False,False,False,False,False,False,False,,False,0.0,False,False,False,False,0.0,False,False,False,False,False,,Site Cleanup Completed (NFA),1999-05-24,,Renato Maniulit
1554,9501590,990162,1999-03-05,,esadoyama,1999-03-05 13:28:49,1664,,,0.0,,False,False,False,False,False,False,False,,False,0.0,False,False,False,False,0.0,False,False,False,False,False,,Site Cleanup Completed (NFA),1999-09-15,,Jose Ruiz
1555,9707127,990164,1999-03-05,,esadoyama,1999-03-05 13:30:27,1665,,,0.0,,False,False,False,False,False,False,False,,False,0.0,False,False,False,False,0.0,False,False,False,False,False,,Site Cleanup Completed (NFA),2003-06-02,,Jose Ruiz
1556,9707423,990166,1999-03-05,,rkwan,2005-08-01 11:32:56,1666,,,0.0,,False,False,False,False,False,False,True,,False,0.0,True,False,True,False,0.0,False,False,False,False,False,,Site Cleanup Completed (NFA),2005-07-26,,Haven Westerman
1557,9500431,990167,1999-03-05,,rkwan,2007-03-19 09:57:13,1667,,,0.0,,False,False,False,False,False,False,False,,False,0.0,False,False,False,False,0.0,False,False,False,False,False,,Case Transferred to HEER (unregulated),1999-06-01,,To HEER
1558,9102422,990168,1999-03-12,,RKWAN,2005-10-21 10:51:39,1670,,,0.0,,False,False,False,False,True,False,False,,False,0.0,False,False,False,False,0.0,False,False,False,False,False,,Site Cleanup Completed (NFA),2006-04-21,,Shunsheng Fu
1559,9100814,990169,1999-03-19,,esadoyama,1999-03-19 16:02:09,1671,,,0.0,,False,False,False,False,False,False,False,,False,0.0,False,False,False,False,0.0,False,False,False,False,False,,Site Cleanup Completed (NFA),1999-11-05,,Richard Takaba
1560,9707237,990170,1999-03-19,2009-06-19,jnagashima,2009-06-19 09:39:03,1672,,Spill,1.0,Tank Removal,False,False,True,False,False,True,False,,False,0.0,False,True,False,False,0.0,False,False,False,False,False,,Site Cleanup Completed (NFA),2009-06-08,Tank,Josh Nagashima 
1561,9707307,990171,1999-03-19,,esadoyama,1999-03-19 16:05:13,1673,,,0.0,,False,False,False,False,False,False,False,,False,0.0,False,False,False,False,0.0,False,False,False,False,False,,Site Cleanup Completed (NFA),1999-03-30,,David Hodges
1562,9707331,990172,1999-03-19,,esadoyama,1999-03-23 11:22:29,1674,,,0.0,,False,False,False,False,False,False,False,,False,0.0,False,False,False,False,0.0,False,False,False,False,False,,Site Cleanup Completed (NFA),1999-08-18,,David Hodges
1563,9201214,990173,1999-03-25,,esadoyama,1999-03-25 15:35:55,1675,,,0.0,,False,False,False,False,False,False,False,,False,0.0,False,False,False,False,0.0,False,False,False,False,False,,Site Cleanup Completed (NFA),1999-03-29,,David Hodges
1564,9707347,990174,1999-03-25,,esadoyama,1999-03-25 15:37:28,1676,,,0.0,,False,False,False,False,False,False,False,,False,0.0,False,False,False,False,0.0,False,False,False,False,False,,Site Cleanup Completed (NFA),1999-11-17,,David Hodges
1565,9501128,990175,1999-04-01,,esadoyama,1999-04-01 15:17:29,1677,,,0.0,,False,False,False,False,False,False,False,,False,0.0,False,False,False,False,0.0,False,False,False,False,False,,Site Cleanup Completed (NFA),2002-01-04,,Richard Takaba
1566,9101675,990176,1999-04-01,,rtakaba,2001-12-03 10:45:02,1678,,,0.0,,False,False,False,False,False,False,False,,False,0.0,False,False,False,False,0.0,False,False,False,False,False,,Site Cleanup Completed (NFA),2002-06-04,,Richard Takaba
1567,9101518,990177,1999-04-01,,esadoyama,1999-04-01 15:27:45,1680,,,0.0,,False,False,False,False,False,False,False,,False,0.0,False,False,False,False,0.0,False,False,False,False,False,,Site Cleanup Completed (NFA),1999-05-03,,Jeffrey Ung
1568,9102083,990178,1999-04-01,,RKWAN,2003-11-24 09:42:42,1681,,,0.0,,False,False,False,False,False,False,False,,False,0.0,False,False,False,False,0.0,False,False,False,False,False,,Site Cleanup Completed (NFA),1999-05-11,,Renato Maniulit
1569,9707353,990179,1999-04-01,,esadoyama,1999-04-15 15:59:59,1682,,,0.0,,False,False,False,False,False,False,False,,False,0.0,False,False,False,False,0.0,False,False,False,False,False,,Site Cleanup Completed (NFA),2001-05-25,,To DERA
1570,9707356,990180,1999-04-01,,esadoyama,1999-04-01 15:35:03,1683,,,0.0,,False,False,False,False,False,False,False,,False,0.0,False,False,False,False,0.0,False,False,False,False,False,,Site Cleanup Completed (NFA),2001-05-25,,To DERA
1571,9707357,990182,1999-04-05,,esadoyama,1999-04-05 13:32:36,1684,,,0.0,,False,False,False,False,False,False,False,,False,0.0,False,False,False,False,0.0,False,False,False,False,False,,Site Cleanup Completed (NFA),2001-05-25,,To DERA
1572,9101525,990181,1999-04-09,,rmaniulit,1999-11-05 08:30:20,1685,,,0.0,,False,False,False,False,False,False,False,,False,0.0,False,False,False,False,0.0,False,False,False,False,False,,Site Cleanup Completed (NFA),1999-11-08,,Renato Maniulit
1573,9601283,990183,1999-04-09,,esadoyama,1999-04-09 15:09:10,1686,,,0.0,,False,False,False,False,False,False,False,,False,0.0,False,False,False,False,0.0,False,False,False,False,False,,Disconfirmed Release,1999-05-27,,Renato Maniulit
1574,9601650,990184,1999-04-16,,rkwan,2002-01-04 09:35:38,1687,,,0.0,,False,False,False,False,False,False,False,,False,0.0,False,False,False,False,0.0,False,False,False,False,False,,Site Cleanup Completed (NFA),1999-10-11,,Jeffrey Ung
1575,9707148,990186,1999-04-21,2013-05-24,roxanne.kwan,2019-10-16 15:58:00,1688,,,0.0,,False,False,False,False,False,False,False,,False,0.0,False,False,False,False,0.0,False,False,False,False,False,,Site Cleanup Completed (NFA),2016-04-22,,To Heer 
1576,9707428,990185,1999-04-23,,esadoyama,1999-05-14 13:30:23,1689,,,0.0,,False,False,False,False,False,False,False,,False,0.0,False,False,False,False,0.0,False,False,False,False,False,,Site Cleanup Completed (NFA),1999-08-12,,Jose Ruiz
1577,9102690,990187,1999-04-23,,roxanne.kwan,2023-10-26 13:10:04,1690,,,0.0,,False,False,False,False,False,False,False,,False,0.0,False,False,False,False,0.0,False,False,False,False,False,,Case Transferred to HEER (unregulated),1999-08-17,,To HEER 
1578,9101430,990188,1999-04-30,,sli,2008-05-29 11:13:17,1691,,Unknown,0.0,Tank Removal,False,False,False,False,False,False,False,,False,0.0,True,False,False,False,0.0,False,False,False,False,False,,Site Cleanup Completed (NFA),2007-05-11,Unknown,Shaobin Li 
1579,9707424,990189,1999-04-30,,rmaniulit,1999-05-03 14:19:35,1692,,,0.0,,False,False,False,False,False,False,False,,False,0.0,False,False,False,False,0.0,False,False,False,False,False,,Site Cleanup Completed (NFA),1999-05-03,,Renato Maniulit
1580,9707440,990190,1999-05-03,,esadoyama,1999-05-03 16:23:58,1693,,,0.0,,False,False,False,False,False,False,False,,False,0.0,False,False,False,False,0.0,False,False,False,False,False,,Site Cleanup Completed (NFA),2000-01-31,,Jeffrey Ung
1581,9707341,990191,1999-05-07,,esadoyama,1999-05-07 15:33:02,1694,,,0.0,,False,False,False,False,False,False,False,,False,0.0,False,False,False,False,0.0,False,False,False,False,False,,Site Cleanup Completed (NFA),2002-04-10,,Jose Ruiz
1582,9707369,990192,1999-05-07,,jruiz,2001-06-13 11:03:18,1695,,,0.0,,False,False,False,False,False,False,False,,False,0.0,False,False,False,False,0.0,False,False,False,False,False,,Site Cleanup Completed (NFA),2001-07-26,,Jose Ruiz
1583,9707384,990194,1999-05-10,,esadoyama,1999-05-10 14:01:29,1696,,,0.0,,False,False,False,False,False,False,False,,False,0.0,False,False,False,False,0.0,False,False,False,False,False,,Site Cleanup Completed (NFA),1999-08-17,,Richard Takaba
1584,9202294,990193,1999-05-14,,golmsted,2002-07-25 08:21:27,1697,,,0.0,,False,False,False,False,False,False,False,,False,0.0,False,False,False,False,0.0,False,False,False,False,False,,Site Cleanup Completed (NFA),2003-01-30,,Richard Takaba
1585,9701856,990195,1999-05-14,,esadoyama,1999-05-14 15:45:16,1698,,,0.0,,False,False,False,False,False,False,False,,False,0.0,False,False,False,False,0.0,False,False,False,False,False,,Site Cleanup Completed (NFA),1999-11-01,,Jeffrey Ung
1586,9707447,990196,1999-05-14,,esadoyama,1999-05-14 15:47:20,1699,,,0.0,,False,False,False,False,False,False,False,,False,0.0,False,False,False,False,0.0,False,False,False,False,False,,Site Cleanup Completed (NFA),1999-12-20,,Richard Takaba
1587,9707294,990197,1999-05-14,,rmaniulit,1999-05-17 13:54:26,1700,,,0.0,,False,False,False,False,False,False,False,,False,0.0,False,False,False,False,0.0,False,False,False,False,False,,Site Cleanup Completed (NFA),1999-05-13,,Renato Maniulit
1588,9502437,990198,1999-05-24,,rmaniulit,1999-06-01 13:41:47,1701,,,0.0,,False,False,False,False,False,False,False,,False,0.0,False,False,False,False,0.0,False,False,False,False,False,,Site Cleanup Completed (NFA),1999-05-24,,Renato Maniulit
1589,9102967,990199,1999-05-28,,esadoyama,1999-05-28 16:43:36,1702,,,0.0,,False,False,False,False,False,False,False,,False,0.0,False,False,False,False,0.0,False,False,False,False,False,,Site Cleanup Completed (NFA),2000-02-25,,Richard Takaba
1590,9500431,990200,1999-05-28,,rkwan,2007-03-19 09:57:30,1703,,,0.0,,False,False,False,False,False,False,False,,False,0.0,False,False,False,False,0.0,False,False,False,False,False,,Case Transferred to HEER (unregulated),1999-06-01,,To HEER
1591,9201763,990201,1999-05-28,,esadoyama,1999-05-28 16:47:36,1704,,,0.0,,False,False,False,False,False,False,False,,False,0.0,False,False,False,False,0.0,False,False,False,False,False,,Site Cleanup Completed (NFA),1999-12-29,,Richard Takaba
1592,9707287,990202,1999-06-04,,esadoyama,1999-06-04 16:40:26,1705,,,0.0,,False,False,False,False,False,False,False,,False,0.0,False,False,False,False,0.0,False,False,False,False,False,,Site Cleanup Completed (NFA),2000-04-04,,Richard Takaba
1593,9202153,990204,1999-06-04,,esadoyama,1999-06-04 16:46:16,1706,,,0.0,,False,False,False,False,False,False,False,,False,0.0,False,False,False,False,0.0,False,False,False,False,False,,Site Cleanup Completed (NFA),2000-06-07,,Jose Ruiz
1594,9707342,990205,1999-06-10,,esadoyama,1999-06-10 16:27:43,1707,,,0.0,,False,False,False,False,False,False,False,,False,0.0,False,False,False,False,0.0,False,False,False,False,False,,Site Cleanup Completed (NFA),1999-07-07,,David Hodges
1595,9201510,990203,1999-06-10,,sli,2001-08-30 13:21:34,1708,,,0.0,,False,False,False,False,False,False,False,,False,0.0,False,False,False,False,0.0,False,False,False,False,False,,Site Cleanup Completed (NFA),2001-10-19,,Shaobin Li
1596,9707449,990206,1999-06-18,,rmaniulit,1999-07-13 08:54:34,1709,,,0.0,,False,False,False,False,False,False,False,,False,0.0,False,False,False,False,0.0,False,False,False,False,False,,Site Cleanup Completed (NFA),1999-06-25,,Renato Maniulit
1597,9101447,990207,1999-06-25,,rkwan,1999-11-02 11:43:57,1710,,,0.0,,False,False,False,False,False,False,False,,False,0.0,False,False,False,False,0.0,False,False,False,False,False,,Site Cleanup Completed (NFA),2002-10-03,,Shaobin Li
1598,9501254,990208,1999-06-25,,esadoyama,1999-06-25 15:19:21,1711,,,0.0,,False,False,False,False,False,False,False,,False,0.0,False,False,False,False,0.0,False,False,False,False,False,,Site Cleanup Completed (NFA),1999-06-23,,Renato Maniulit
1599,9100074,990209,1999-07-09,2011-12-14,jnagashima,2012-01-04 11:24:16,1712,Responsible Party,Leaking Piping,0.0,Tank Removal,False,False,True,False,True,True,True,,False,,True,False,False,False,0.0,False,False,False,False,False,,Site Cleanup Completed (NFA),2011-12-27,Piping,Josh Nagashima 
1600,9707441,990210,1999-07-16,,rkwan,2005-03-23 08:56:07,1713,,,0.0,,False,False,False,False,False,False,False,,False,0.0,False,False,False,False,0.0,False,False,False,False,False,,Site Cleanup Completed (NFA),2006-02-23,,Shaobin Li
1601,9707354,990211,1999-07-19,,esadoyama,1999-07-19 13:50:15,1714,,,0.0,,False,False,False,False,False,False,False,,False,0.0,False,False,False,False,0.0,False,False,False,False,False,,Site Cleanup Completed (NFA),2001-05-25,,To DERA
1602,9707354,990212,1999-07-19,,esadoyama,1999-07-19 13:50:22,1715,,,0.0,,False,False,False,False,False,False,False,,False,0.0,False,False,False,False,0.0,False,False,False,False,False,,Site Cleanup Completed (NFA),2001-05-25,,To DERA
1603,9103062,990213,1999-07-20,,golmsted,2002-07-25 09:24:15,1716,,,0.0,,False,False,False,False,False,False,False,,False,0.0,False,False,False,False,0.0,False,False,False,False,False,,Site Cleanup Completed (NFA),2002-11-04,,John Peard
1604,9700625,990214,1999-08-05,,esadoyama,1999-08-05 12:56:22,1717,,,0.0,,False,False,False,False,False,False,False,,False,0.0,False,False,False,False,0.0,False,False,False,False,False,,Site Cleanup Completed (NFA),1999-08-26,,Renato Maniulit
1605,9201485,990215,1999-08-05,2015-01-29,rkwan,2015-01-29 09:14:10,1718,Responsible Party,Leaking Tank and Piping,0.0,Tank Removal,False,False,False,False,False,False,False,,False,0.0,True,False,False,False,0.0,False,False,False,False,False,,LUST Cleanup Initiated,2000-08-17,Tank,Shunsheng Fu
1606,9600644,990216,1999-08-05,,esadoyama,1999-08-05 12:58:42,1719,,,0.0,,False,False,False,False,False,False,False,,False,0.0,False,False,False,False,0.0,False,False,False,False,False,,Site Cleanup Completed (NFA),1999-11-26,,David Hodges
1607,9707481,990217,1999-08-05,,rkwan,2007-03-21 10:20:33,1720,,,0.0,,False,False,False,False,False,False,False,,False,0.0,False,False,False,False,0.0,False,False,False,False,False,,Case Transferred to HEER (unregulated),1999-08-05,,To HEER 
1608,9201280,990218,1999-08-05,,RKWAN,2005-08-31 12:03:53,1721,,,0.0,,True,False,False,False,True,True,True,,False,0.0,True,False,False,False,0.0,False,False,False,False,False,,Site Cleanup Completed (NFA),2005-08-26,,Chad Pritchard
1609,9707474,990219,1999-08-06,,esadoyama,1999-08-06 16:20:23,1722,,,0.0,,False,False,False,False,False,False,False,,False,0.0,False,False,False,False,0.0,False,False,False,False,False,,Site Cleanup Completed (NFA),2001-05-25,,To DERA
1610,9707480,990220,1999-08-06,,esadoyama,1999-08-06 16:22:09,1723,,,0.0,,False,False,False,False,False,False,False,,False,0.0,False,False,False,False,0.0,False,False,False,False,False,,Site Cleanup Completed (NFA),2001-05-25,,To DERA
1611,9707461,990221,1999-08-06,,esadoyama,1999-08-06 16:23:09,1724,,,0.0,,False,False,False,False,False,False,False,,False,0.0,False,False,False,False,0.0,False,False,False,False,False,,Site Cleanup Completed (NFA),2001-05-25,,To DERA
1612,9707456,990222,1999-08-13,,rmaniulit,2000-04-28 11:22:28,1725,,,0.0,,False,False,False,False,False,False,False,,False,0.0,False,False,False,False,0.0,False,False,False,False,False,,Site Cleanup Completed (NFA),2001-05-03,,Shunsheng Fu
1613,9707478,990223,1999-08-13,,rkwan,2007-03-21 11:14:29,1726,,,0.0,,False,False,False,False,False,False,False,,False,0.0,False,False,False,False,0.0,False,False,False,False,False,,Case Transferred to HEER (unregulated),1999-08-19,,To HEER 
1614,9707468,990224,1999-08-16,,rkwan,2011-06-23 09:27:49,1727,,,0.0,,False,False,False,False,False,False,False,,False,0.0,False,False,False,False,0.0,False,False,False,False,False,,Site Cleanup Completed (NFA),2010-09-20,,To DERA 
1615,9707479,990225,1999-08-16,,esadoyama,1999-08-16 09:11:31,1728,,,0.0,,False,False,False,False,False,False,False,,False,0.0,False,False,False,False,0.0,False,False,False,False,False,,Site Cleanup Completed (NFA),2001-09-18,,To DERA
1616,9707478,990226,1999-08-19,,rkwan,2007-03-21 11:14:11,1729,,,0.0,,False,False,False,False,False,False,False,,False,0.0,False,False,False,False,0.0,False,False,False,False,False,,Case Transferred to HEER (unregulated),1999-08-19,,To HEER 
1617,9100932,990227,1999-08-19,,esadoyama,1999-08-19 14:17:31,1730,,,0.0,,False,False,False,False,False,False,False,,False,0.0,False,False,False,False,0.0,False,False,False,False,False,,Site Cleanup Completed (NFA),1999-08-26,,Renato Maniulit
1618,9101675,990228,1999-08-19,,sliu,2001-07-30 09:53:12,1731,,,0.0,,False,False,False,False,False,False,False,,False,0.0,False,False,False,False,0.0,False,False,False,False,False,,Site Cleanup Completed (NFA),2001-05-21,,Shumin Liu
1619,9707452,990232,1999-08-27,,esadoyama,1999-08-27 11:10:14,1732,,,0.0,,False,False,False,False,False,False,False,,False,0.0,False,False,False,False,0.0,False,False,False,False,False,,Site Cleanup Completed (NFA),2001-10-23,,Jose Ruiz
1620,9707489,990229,1999-08-27,,rmaniulit,1999-11-19 09:46:20,1733,,,0.0,,False,False,False,False,False,False,False,,False,0.0,False,False,False,False,0.0,False,False,False,False,False,,Site Cleanup Completed (NFA),1999-11-04,,Renato Maniulit
1621,9101061,990230,1999-08-27,,esadoyama,1999-08-27 16:09:43,1734,,,0.0,,False,False,False,False,False,False,False,,False,0.0,False,False,False,False,0.0,False,False,False,False,False,,Site Cleanup Completed (NFA),1999-09-23,,Renato Maniulit
1622,9707245,990231,1999-08-27,,esadoyama,1999-08-27 16:11:08,1735,,,0.0,,False,False,False,False,False,False,False,,False,0.0,False,False,False,False,0.0,False,False,False,False,False,,Site Cleanup Completed (NFA),1999-11-16,,Jose Ruiz
1623,9707260,990233,1999-09-03,,esadoyama,1999-09-03 11:05:08,1736,,,0.0,,False,False,False,False,False,False,False,,False,0.0,False,False,False,False,0.0,False,False,False,False,False,,Site Cleanup Completed (NFA),2002-12-10,,Jose Ruiz
1624,9202035,980113,1999-09-08,,esadoyama,1999-09-08 09:42:58,1737,,,0.0,,False,False,False,False,False,False,False,,False,0.0,False,False,False,False,0.0,False,False,False,False,False,,Site Cleanup Completed (NFA),1999-10-11,,Jeffrey Ung
1625,9102120,990234,1999-09-09,,rkwan,2005-05-24 17:18:35,1738,,,0.0,,False,False,False,False,False,True,False,,False,0.0,False,True,False,False,0.0,False,False,False,False,False,,Site Cleanup Completed (NFA),2004-03-22,,Richard Takaba
1626,9707399,990235,1999-09-10,,esadoyama,1999-09-10 12:53:52,1739,,,0.0,,False,False,False,False,False,False,False,,False,0.0,False,False,False,False,0.0,False,False,False,False,False,,Site Cleanup Completed (NFA),2001-03-20,,Jose Ruiz
1627,9707313,980127,1999-09-17,,roxanne.kwan,2023-10-27 14:42:12,1740,,,0.0,,False,False,False,False,False,False,False,,False,0.0,False,False,False,False,0.0,False,False,False,False,False,,Case Transferred to HEER (unregulated),1999-07-27,,To Heer 
1628,9202025,980107,1999-09-17,,rmaniulit,1999-10-01 14:23:20,1741,,,0.0,,False,False,False,False,False,False,False,,False,0.0,False,False,False,False,0.0,False,False,False,False,False,,Site Cleanup Completed (NFA),2000-07-18,,Renato Maniulit
1629,9202509,980160,1999-09-17,,esadoyama,1999-09-17 09:14:33,1742,,,0.0,,False,False,False,False,False,False,False,,False,0.0,False,False,False,False,0.0,False,False,False,False,False,,Site Cleanup Completed (NFA),2000-02-29,,Jose Ruiz
1630,9102624,960049,1999-09-17,,esadoyama,1999-09-29 11:13:56,1743,,,0.0,,False,False,False,False,False,False,False,,False,0.0,False,False,False,False,0.0,False,False,False,False,False,,Site Cleanup Completed (NFA),2000-06-27,,Renato Maniulit
1631,9707488,990236,1999-09-17,,rkwan,2005-02-23 09:04:56,1744,,,0.0,,False,False,False,False,True,False,False,,False,0.0,False,False,False,False,0.0,False,False,False,False,False,,Site Cleanup Completed (NFA),2004-12-23,,Richard Takaba
1632,9601039,990237,1999-09-17,,RKWAN,1999-11-15 08:45:04,1745,,,0.0,,False,False,False,False,False,False,False,,False,0.0,False,False,False,False,0.0,False,False,False,False,False,,Site Cleanup Completed (NFA),2000-07-17,,Richard Takaba
1633,9707492,990238,1999-09-17,,rtakaba,2000-12-06 15:29:25,1746,,,0.0,,False,False,False,False,False,False,False,,False,0.0,False,False,False,False,0.0,False,False,False,False,False,,Site Cleanup Completed (NFA),2000-11-20,,Richard Takaba
1634,9707125,990241,1999-09-23,,sfu,2008-11-14 14:50:31,1747,Responsible Party,Leaking Tank and Piping,0.0,Tank Removal,False,False,False,False,False,False,False,,False,0.0,True,True,True,False,0.0,False,False,False,False,False,,Site Cleanup Completed (NFA),2008-10-31,Tank,Shunsheng Fu 
1635,9707124,990242,1999-09-23,,RKWAN,2005-04-08 09:41:05,1748,,,0.0,,False,False,False,False,False,False,False,,False,0.0,True,True,False,False,0.0,False,False,False,False,False,,Site Cleanup Completed (NFA),2005-04-04,,Haven Westerman
1636,9202783,990243,1999-09-23,,rkwan,2005-09-28 14:46:58,1749,,,0.0,,False,False,False,False,False,False,False,,False,0.0,True,True,True,False,0.0,False,False,False,False,False,,Site Cleanup Completed (NFA),2005-09-21,,Haven Westerman
1637,9701714,990239,1999-09-24,,esadoyama,1999-09-24 16:01:14,1750,,,0.0,,False,False,False,False,False,False,False,,False,0.0,False,False,False,False,0.0,False,False,False,False,False,,Site Cleanup Completed (NFA),2000-06-24,,Richard Takaba
1638,9201033,990240,1999-09-24,,knatarajan,2000-01-19 16:29:34,1751,,,0.0,,False,False,False,False,False,False,False,,False,0.0,False,False,False,False,0.0,False,False,False,False,False,,Site Cleanup Completed (NFA),1999-12-22,,Shaobin Li
1639,9707499,990244,1999-09-27,,esadoyama,1999-09-27 09:33:25,1752,,,0.0,,False,False,False,False,False,False,False,,False,0.0,False,False,False,False,0.0,False,False,False,False,False,,Site Cleanup Completed (NFA),1999-12-01,,Jeffrey Ung
1640,9202784,990245,1999-09-28,,roxanne.kwan,2019-04-30 17:33:45,1753,,,0.0,,False,False,False,False,False,False,False,,False,0.0,False,False,False,False,0.0,False,False,False,False,False,,Site Cleanup Completed (NFA),2001-01-04,,Jeffrey Ung 
1641,9102085,990247,1999-09-28,,roxanne.kwan,2023-10-24 14:50:55,1754,,,0.0,,False,False,False,False,False,False,False,,False,0.0,False,False,False,False,0.0,False,False,False,False,False,,Case Transferred to HEER (unregulated),1997-04-22,,To HEER 
1642,9102629,990248,1999-09-29,,rmaniulit,1999-11-12 10:29:32,1755,,,0.0,,False,False,False,False,False,False,False,,False,0.0,False,False,False,False,0.0,False,False,False,False,False,,Site Cleanup Completed (NFA),2003-07-24,,Shunsheng Fu
1643,9707191,990250,1999-09-29,,rkwan,2009-04-27 07:52:35,1757,Responsible Party,Leaking Tank and Piping,0.0,Tank Removal,True,False,False,False,False,False,False,,False,0.0,True,True,False,False,0.0,False,False,False,False,False,,Case Transferred to HEER (unregulated),2006-11-09,Tank,Shunsheng Fu 
1644,9102084,990246,1999-09-30,,roxanne.kwan,2023-10-17 10:05:44,1758,Responsible Party,,0.0,,False,False,False,False,False,False,False,,False,0.0,False,False,False,False,0.0,False,False,False,False,False,,Case Transferred to HEER (unregulated),2000-11-24,,To HEER 
1645,9707502,000003,1999-10-06,,rkwan,1999-10-06 15:08:48,1759,,,0.0,,False,False,False,False,False,False,False,,False,0.0,False,False,False,False,0.0,False,False,False,False,False,,Disconfirmed Release,1997-06-01,,Jose Ruiz
1646,9707455,000001,1999-10-11,,rmaniulit,1999-11-15 09:46:51,1761,,,0.0,,False,False,False,False,False,False,False,,False,0.0,False,False,False,False,0.0,False,False,False,False,False,,Site Cleanup Completed (NFA),2003-02-25,,Shunsheng Fu
1647,9103090,000005,1999-10-11,,rkwan,2007-03-16 14:34:45,1764,,,0.0,,False,False,False,False,False,False,False,,False,0.0,False,False,False,False,0.0,False,False,False,False,False,,Case Transferred to HEER (unregulated),1997-11-28,,To HEER 
1648,9101210,000006,1999-10-12,,rtakaba,2005-05-03 14:25:34,1765,,,0.0,,False,False,False,False,False,False,False,,False,0.0,False,False,False,False,0.0,False,False,False,False,False,,Site Cleanup Completed (NFA),2005-05-25,,Chad Pritchard
1649,9101051,000008,1999-10-15,,RKWAN,1999-10-15 16:06:20,1766,,,0.0,,False,False,False,False,False,False,False,,False,0.0,False,False,False,False,0.0,False,False,False,False,False,,Site Cleanup Completed (NFA),2000-05-08,,Jose Ruiz
1650,9201049,000009,1999-10-15,,rtakaba,2002-02-08 13:54:09,1767,,,0.0,,False,False,False,False,False,False,False,,False,0.0,False,False,False,False,0.0,False,False,False,False,False,,Site Cleanup Completed (NFA),2002-02-08,,Mark Sutterfield
1651,9103130,000010,1999-10-15,2010-10-01,sfu,2011-01-12 14:43:41,1768,,,0.0,,False,False,False,False,False,False,False,,False,0.0,False,False,False,False,0.0,False,False,False,False,False,,Site Cleanup Completed (NFA),2010-11-12,,Shunsheng Fu 
1652,9102068,000012,1999-10-15,2010-12-28,jnagashima,2011-01-11 11:47:08,1772,Responsible Party,,0.0,Tank Removal,False,False,False,False,False,False,False,,False,0.0,False,False,False,False,0.0,False,False,False,False,False,,Site Cleanup Completed (NFA),2011-01-06,Tank,Josh Nagashima 
1653,9103091,000011,1999-10-15,,rkwan,2007-03-16 14:38:19,1773,,,0.0,,False,False,False,False,False,False,False,,False,0.0,False,False,False,False,0.0,False,False,False,False,False,,Case Transferred to HEER (unregulated),1998-02-13,,To HEER 
1654,9600238,000013,1999-10-21,,rkwan,2008-03-27 13:32:04,1778,,,0.0,,False,False,False,False,False,False,False,,False,0.0,False,False,False,False,0.0,False,False,False,False,False,,Site Cleanup Completed (NFA),2000-07-14,,Richard Takaba 
1655,9201455,000007,1999-10-25,,golmsted,1999-10-25 11:12:55,1781,,,0.0,,False,False,False,False,False,False,False,,False,0.0,False,False,False,False,0.0,False,False,False,False,False,,Site Cleanup Completed (NFA),2000-01-24,,Jose Ruiz
1656,9201493,000004,1999-10-28,,jruiz,2000-06-27 07:47:59,1783,,,0.0,,False,False,False,False,False,False,False,,False,0.0,False,False,False,False,0.0,False,False,False,False,False,,Site Cleanup Completed (NFA),2000-06-27,,Jose Ruiz
1657,9103061,000002,1999-10-28,,jung,2000-01-06 14:42:57,1784,,,0.0,,False,False,False,False,False,False,False,,False,0.0,False,False,False,False,0.0,False,False,False,False,False,,Site Cleanup Completed (NFA),2000-07-06,,Jeffrey Ung
1658,9301401,000015,1999-11-02,,rkwan,1999-11-02 10:38:14,1786,,,0.0,,False,False,False,False,False,False,False,,False,0.0,False,False,False,False,0.0,False,False,False,False,False,,Site Cleanup Completed (NFA),2000-09-08,,Jose Ruiz
1659,9707151,000016,1999-11-03,,rkwan,1999-11-03 14:40:43,1787,,,0.0,,False,False,False,False,False,False,False,,False,0.0,False,False,False,False,0.0,False,False,False,False,False,,Site Cleanup Completed (NFA),1999-11-29,,Richard Takaba
1660,9102098,000017,1999-11-03,,rkwan,1999-11-03 16:11:11,1788,,,0.0,,False,False,False,False,False,False,False,,False,0.0,False,False,False,False,0.0,False,False,False,False,False,,Site Cleanup Completed (NFA),1999-12-06,,Richard Takaba
1661,9102122,000018,1999-11-04,,RKWAN,1999-11-04 15:19:51,1789,,,0.0,,False,False,False,False,False,False,False,,False,0.0,False,False,False,False,0.0,False,False,False,False,False,,Site Cleanup Completed (NFA),2000-01-12,,Shaobin Li
1662,9102105,000019,1999-11-08,,rkwan,1999-11-08 16:33:08,1790,,,0.0,,False,False,False,False,False,False,False,,False,0.0,False,False,False,False,0.0,False,False,False,False,False,,Site Cleanup Completed (NFA),2000-01-13,,Shaobin Li
1663,9102103,000020,1999-11-08,,sli,2014-01-28 10:40:24,1791,,Unknown,0.0,Tank Removal,False,False,False,False,False,False,False,,False,0.0,False,False,False,False,0.0,False,False,False,False,False,removal of 20 cubic yard of impacted soil,Site Cleanup Completed with EHE/EHMP,2008-10-08,Unknown,Shaobin Li 
1664,9102119,000021,1999-11-08,,rkwan,1999-11-08 16:58:28,1792,,,0.0,,False,False,False,False,False,False,False,,False,0.0,False,False,False,False,0.0,False,False,False,False,False,,Site Cleanup Completed (NFA),2000-01-13,,Shaobin Li
1665,9102101,000022,1999-11-08,,rkwan,1999-11-08 17:04:06,1793,,,0.0,,False,False,False,False,False,False,False,,False,0.0,False,False,False,False,0.0,False,False,False,False,False,,Site Cleanup Completed (NFA),1999-11-26,,Jeffrey Ung
1666,9707240,000023,1999-11-09,,rkwan,1999-11-09 15:43:55,1794,,,0.0,,False,False,False,False,False,False,False,,False,0.0,False,False,False,False,0.0,False,False,False,False,False,,Site Cleanup Completed (NFA),2001-02-12,,Jeffrey Ung
1667,9102094,000025,1999-11-10,2009-07-28,dpark,2009-07-28 15:03:09,1795,Responsible Party,Leaking Tank,0.0,Tank Removal,True,False,False,False,True,True,True,,False,0.0,True,True,True,False,0.0,False,False,False,False,False,,Site Cleanup Completed (NFA),2009-07-17,Tank,Darren Park 
1668,9102143,000026,1999-11-15,,rmaniulit,1999-11-19 15:06:53,1796,,,0.0,,False,False,False,False,False,False,False,,False,0.0,False,False,False,False,0.0,False,False,False,False,False,,Site Cleanup Completed (NFA),1999-11-22,,Renato Maniulit
1669,9102138,000027,1999-11-15,,rmaniulit,1999-11-18 11:01:39,1797,,,0.0,,False,False,False,False,False,False,False,,False,0.0,False,False,False,False,0.0,False,False,False,False,False,,Site Cleanup Completed (NFA),1999-11-22,,Renato Maniulit
1670,9102142,000028,1999-11-15,,rmaniulit,1999-11-19 14:51:01,1798,,,0.0,,False,False,False,False,False,False,False,,False,0.0,False,False,False,False,0.0,False,False,False,False,False,,Site Cleanup Completed (NFA),1999-11-22,,Renato Maniulit
1671,9102097,000029,1999-11-15,,RKWAN,1999-11-15 11:17:05,1799,,,0.0,,False,False,False,False,False,False,False,,False,0.0,False,False,False,False,0.0,False,False,False,False,False,,Site Cleanup Completed (NFA),2000-06-27,,Jose Ruiz
1672,9707148,000030,1999-11-15,2013-05-24,roxanne.kwan,2019-10-16 16:01:46,1800,,,0.0,,False,False,False,False,False,False,False,,False,0.0,False,False,False,False,0.0,False,False,False,False,False,,Site Cleanup Completed with EHE/EHMP,2016-04-22,,To Heer 
1673,9102100,000031,1999-11-17,,rkwan,2007-03-19 15:13:04,1802,,,0.0,,False,False,False,False,False,False,False,,False,0.0,False,False,False,False,0.0,False,False,False,False,False,,Case Transferred to HEER (unregulated),2004-01-05,,To HEER
1674,9202159,000014,1999-11-19,,rmaniulit,1999-11-22 08:15:13,1805,,,0.0,,False,False,False,False,False,False,False,,False,0.0,False,False,False,False,0.0,False,False,False,False,False,,Site Cleanup Completed (NFA),1999-11-02,,Renato Maniulit
1675,9101276,000024,1999-11-19,,rkwan,2007-03-23 09:19:56,1806,,,0.0,,False,False,False,False,False,False,False,,False,0.0,False,False,False,False,0.0,False,False,False,False,False,,Disconfirmed Release,1999-12-14,,Renato Maniulit
1676,9101000,000032,1999-11-19,,rkwan,2000-04-26 11:11:04,1807,,,0.0,,False,False,False,False,False,False,False,,False,0.0,False,False,False,False,0.0,False,False,False,False,False,,Site Cleanup Completed (NFA),2000-05-08,,Jose Ruiz
1677,9707147,000033,1999-11-19,,rmaniulit,1999-11-30 09:00:59,1808,,,0.0,,False,False,False,False,False,False,False,,False,0.0,False,False,False,False,0.0,False,False,False,False,False,,Site Cleanup Completed (NFA),1999-11-22,,Renato Maniulit
1678,9707494,000036,1999-11-29,,RKWAN,2003-09-10 12:09:13,1809,,,0.0,,False,False,False,False,False,False,False,,False,0.0,False,False,False,False,0.0,False,False,False,False,False,,Site Cleanup Completed (NFA),2001-05-25,,To DERA
1679,9707545,000038,1999-11-30,,rkwan,1999-11-30 09:51:25,1810,,,0.0,,False,False,False,False,False,False,False,,False,0.0,False,False,False,False,0.0,False,False,False,False,False,,Site Cleanup Completed (NFA),1999-12-13,,Richard Takaba
1680,9707547,000041,1999-12-02,,rkwan,1999-12-02 15:01:56,1812,,,0.0,,False,False,False,False,False,False,False,,False,0.0,False,False,False,False,0.0,False,False,False,False,False,,Site Cleanup Completed (NFA),2000-02-10,,Richard Takaba
1681,9100857,000046,1999-12-14,,rkwan,1999-12-14 11:11:36,1813,,,0.0,,False,False,False,False,False,False,False,,False,0.0,False,False,False,False,0.0,False,False,False,False,False,,Site Cleanup Completed (NFA),2001-06-20,,Shaobin Li
1682,9202645,000034,1999-12-27,,rkwan,1999-12-27 09:30:31,1814,,,0.0,,False,False,False,False,False,False,False,,False,0.0,False,False,False,False,0.0,False,False,False,False,False,,Site Cleanup Completed (NFA),2000-06-28,,Richard Takaba
1683,9502183,000035,1999-12-27,,rmaniulit,2000-01-27 10:58:17,1815,,,0.0,,False,False,False,False,False,False,False,,False,0.0,False,False,False,False,0.0,False,False,False,False,False,,Site Cleanup Completed (NFA),1999-11-29,,Renato Maniulit
1684,9102920,000037,1999-12-27,,rkwan,1999-12-27 09:46:55,1818,,,0.0,,False,False,False,False,False,False,False,,False,0.0,False,False,False,False,0.0,False,False,False,False,False,,Site Cleanup Completed (NFA),2000-07-26,,Richard Takaba
1685,9102139,000039,1999-12-27,,rkwan,1999-12-27 09:49:42,1819,,,0.0,,False,False,False,False,False,False,False,,False,0.0,False,False,False,False,0.0,False,False,False,False,False,,Site Cleanup Completed (NFA),1999-12-02,,Renato Maniulit
1686,9707155,000040,1999-12-27,,RMANIULIT,2000-01-07 10:34:40,1820,,,0.0,,False,False,False,False,False,False,False,,False,0.0,False,False,False,False,0.0,False,False,False,False,False,,Site Cleanup Completed (NFA),1999-12-02,,Renato Maniulit
1687,9707239,000042,1999-12-27,,RMANIULIT,2000-01-07 10:52:08,1821,,,0.0,,False,False,False,False,False,False,False,,False,0.0,False,False,False,False,0.0,False,False,False,False,False,,Site Cleanup Completed (NFA),1999-12-03,,Renato Maniulit
1688,9707457,000043,1999-12-27,,rkwan,1999-12-27 09:54:44,1822,,,0.0,,False,False,False,False,False,False,False,,False,0.0,False,False,False,False,0.0,False,False,False,False,False,,Site Cleanup Completed (NFA),2000-03-23,,Richard Takaba
1689,9707543,000044,1999-12-27,,rkwan,1999-12-27 09:57:57,1823,,,0.0,,False,False,False,False,False,False,False,,False,0.0,False,False,False,False,0.0,False,False,False,False,False,,Site Cleanup Completed (NFA),2000-02-10,,Shaobin Li
1690,9201364,000045,1999-12-27,,rkwan,1999-12-27 09:58:38,1824,,,0.0,,False,False,False,False,False,False,False,,False,0.0,False,False,False,False,0.0,False,False,False,False,False,,Site Cleanup Completed (NFA),2000-07-11,,Shaobin Li
1691,9701796,000047,1999-12-27,,rkwan,1999-12-27 10:00:33,1825,,,0.0,,False,False,False,False,False,False,False,,False,0.0,False,False,False,False,0.0,False,False,False,False,False,,Site Cleanup Completed (NFA),2000-08-08,,Shaobin Li
1692,9500214,000048,1999-12-27,,rkwan,2000-01-18 13:01:45,1826,,,0.0,,False,False,False,False,False,False,False,,False,0.0,False,False,False,False,0.0,False,False,False,False,False,,Site Cleanup Completed (NFA),2000-03-08,,Jeffrey Ung
1693,9201428,000049,1999-12-27,,rmaniulit,2000-01-07 07:47:10,1827,,,0.0,,False,False,False,False,False,False,False,,False,0.0,False,False,False,False,0.0,False,False,False,False,False,,Site Cleanup Completed (NFA),1999-12-28,,Renato Maniulit
1694,9101439,000050,1999-12-27,,golmsted,2003-08-25 10:03:59,1828,,,0.0,,False,False,False,False,False,False,True,,False,0.0,True,True,False,False,0.0,False,False,False,False,False,,Site Cleanup Completed (NFA),2004-08-13,,Randall Heu
1695,9707487,000051,1999-12-27,,rmaniulit,1999-12-28 08:57:53,1829,,,0.0,,False,False,False,False,False,False,False,,False,0.0,False,False,False,False,0.0,False,False,False,False,False,,Site Cleanup Completed (NFA),2000-07-18,,Renato Maniulit
1696,9501008,000056,2000-01-03,,rkwan,2000-01-03 10:03:38,1830,,,0.0,,False,False,False,False,False,False,False,,False,0.0,False,False,False,False,0.0,False,False,False,False,False,,Site Cleanup Completed (NFA),2000-02-29,,Jose Ruiz
1697,9102678,000052,2000-01-18,,rmaniulit,2000-01-27 10:04:43,1833,,,0.0,,False,False,False,False,False,False,False,,False,0.0,False,False,False,False,0.0,False,False,False,False,False,,Site Cleanup Completed (NFA),1999-12-28,,Renato Maniulit
1698,9600465,000053,2000-01-18,,golmsted,2003-08-25 10:17:11,1834,,,0.0,,False,False,False,False,False,False,False,,False,0.0,False,False,False,False,0.0,False,False,False,False,False,,Site Cleanup Completed (NFA),2004-05-21,,Randall Heu
1699,9707370,000054,2000-01-18,,rmaniulit,2000-02-14 15:51:00,1835,,,0.0,,False,False,False,False,False,False,False,,False,0.0,False,False,False,False,0.0,False,False,False,False,False,,Site Cleanup Completed (NFA),2000-04-05,,Renato Maniulit
1700,9707422,000055,2000-01-18,,rkwan,2000-01-18 14:41:25,1836,,,0.0,,False,False,False,False,False,False,False,,False,0.0,False,False,False,False,0.0,False,False,False,False,False,,Site Cleanup Completed (NFA),2001-03-12,,Jose Ruiz
1701,9202421,000057,2000-01-18,,rtakaba,2001-10-30 15:51:23,1837,,,0.0,,False,False,False,False,False,False,False,,False,0.0,False,False,False,False,0.0,False,False,False,False,False,,Site Cleanup Completed (NFA),2001-11-09,,Richard Takaba
1702,9102845,000058,2000-01-18,,rkwan,2000-04-26 10:58:25,1838,,,0.0,,False,False,False,False,False,False,False,,False,0.0,False,False,False,False,0.0,False,False,False,False,False,,Site Cleanup Completed (NFA),2001-11-08,,Jose Ruiz
1703,9102923,000059,2000-01-18,,rtakaba,2001-05-22 13:50:18,1839,,,0.0,,False,False,False,False,False,False,False,,False,0.0,False,False,False,False,0.0,False,False,False,False,False,,Site Cleanup Completed (NFA),2001-11-05,,Mark Sutterfield
1704,9202045,000060,2000-01-18,,rkwan,2000-04-26 11:01:33,1840,,,0.0,,False,False,False,False,False,False,False,,False,0.0,False,False,False,False,0.0,False,False,False,False,False,,Site Cleanup Completed (NFA),2000-09-28,,Richard Takaba
1705,9102004,000061,2000-01-18,,rtakaba,2002-02-05 13:56:38,1841,,,0.0,,False,False,False,False,False,False,False,,False,0.0,False,False,False,False,0.0,False,False,False,False,False,,Site Cleanup Completed (NFA),2004-02-20,,Shunsheng Fu
1706,9100117,000062,2000-01-18,,rkwan,2013-11-07 11:03:48,1842,,,0.0,,False,False,False,False,False,False,False,,False,0.0,False,False,False,False,0.0,False,False,False,False,False,,Site Cleanup Completed (NFA),2003-06-25,,richard takaba
1707,9100174,000063,2000-01-31,,rkwan,2000-03-06 11:53:43,1843,,,0.0,,False,False,False,False,False,False,False,,False,0.0,False,False,False,False,0.0,False,False,False,False,False,,Site Cleanup Completed (NFA),2000-04-26,,Shaobin Li
1708,9201033,000064,2000-01-31,,RKWAN,2005-12-05 12:19:47,1844,,,0.0,,False,False,False,False,False,False,False,,False,0.0,False,False,False,False,0.0,False,False,False,False,False,,Site Cleanup Completed (NFA),2000-03-15,,Shaobin Li
1709,9707500,000065,2000-01-31,,rkwan,2001-02-16 14:34:29,1846,,,0.0,,False,False,False,False,False,False,False,,False,0.0,False,False,False,False,0.0,False,False,False,False,False,,Site Cleanup Completed (NFA),2001-04-02,,Shaobin Li
1710,9707425,000068,2000-02-15,,rkwan,2000-02-15 08:52:31,1847,,,0.0,,False,False,False,False,False,False,False,,False,0.0,False,False,False,False,0.0,False,False,False,False,False,,Site Cleanup Completed (NFA),2000-04-19,,To DERA
1711,9707387,000066,2000-02-15,,RMANIULIT,2000-05-18 10:04:05,1848,,,0.0,,False,False,False,False,False,False,False,,False,0.0,False,False,False,False,0.0,False,False,False,False,False,,Site Cleanup Completed (NFA),2000-02-07,,Renato Maniulit
1712,9101174,000067,2000-02-15,,JRICHARDSON,2005-05-13 13:20:22,1849,,,0.0,,False,False,False,False,False,False,False,,False,0.0,False,False,False,False,0.0,False,False,False,False,False,,Site Cleanup Completed (NFA),2005-05-13,,Shaobin Li
1713,9100110,000071,2000-03-01,,rmaniulit,2000-08-31 13:56:41,1851,,,0.0,,False,False,False,False,False,False,False,,False,0.0,False,False,False,False,0.0,False,False,False,False,False,,Site Cleanup Completed (NFA),2001-06-19,,Shunsheng Fu
1714,9707558,000070,2000-03-06,,rtakaba,2001-06-01 11:51:11,1853,,,0.0,,False,False,False,False,False,False,False,,False,0.0,False,False,False,False,0.0,False,False,False,False,False,,Site Cleanup Completed (NFA),2001-10-26,,Mark Sutterfield
1715,9100312,000072,2000-03-16,,RMANIULIT,2000-03-24 15:40:23,1854,,,0.0,,False,False,False,False,False,False,False,,False,0.0,False,False,False,False,0.0,False,False,False,False,False,,Site Cleanup Completed (NFA),2000-04-17,,Renato Maniulit
1716,9100321,000073,2000-03-20,,rkwan,2000-08-04 09:00:35,1855,,,0.0,,False,False,False,False,False,False,False,,False,0.0,False,False,False,False,0.0,False,False,False,False,False,,Site Cleanup Completed (NFA),2003-02-11,,Shunsheng Fu
1717,9707563,000075,2000-03-28,,rkwan,2000-03-29 10:20:18,1856,,,0.0,,False,False,False,False,False,False,False,,False,0.0,False,False,False,False,0.0,False,False,False,False,False,,Site Cleanup Completed (NFA),2001-06-13,,Jose Ruiz
1718,9707562,000076,2000-04-03,,rkwan,2000-04-03 17:04:03,1858,,,0.0,,False,False,False,False,False,False,False,,False,0.0,False,False,False,False,0.0,False,False,False,False,False,,Site Cleanup Completed (NFA),2000-06-27,,Jose Ruiz
1719,9102014,000074,2000-04-26,,rtakaba,2006-07-31 16:47:32,1860,,,0.0,,False,False,False,False,False,False,True,,False,0.0,False,False,True,False,0.0,False,False,False,False,False,,Site Cleanup Completed (NFA),2006-10-02,,Darren Park
1720,9101119,000077,2000-04-26,,rkwan,2000-04-26 11:13:25,1861,,,0.0,,False,False,False,False,False,False,False,,False,0.0,False,False,False,False,0.0,False,False,False,False,False,,Site Cleanup Completed (NFA),2000-04-26,,Richard Takaba
1721,9201009,000078,2000-04-26,,rkwan,2000-04-26 11:16:01,1862,,,0.0,,False,False,False,False,False,False,False,,False,0.0,False,False,False,False,0.0,False,False,False,False,False,,Site Cleanup Completed (NFA),2001-01-30,,Jose Ruiz
1722,9707557,000079,2000-05-01,,rkwan,2000-05-01 08:52:16,1863,,,0.0,,False,False,False,False,False,False,False,,False,0.0,False,False,False,False,0.0,False,False,False,False,False,,Site Cleanup Completed (NFA),2001-06-13,,Jose Ruiz
1723,9707577,000080,2000-05-31,,rmaniulit,2000-05-31 15:10:59,1864,,,0.0,,False,False,False,False,False,False,False,,False,0.0,False,False,False,False,0.0,False,False,False,False,False,,Site Cleanup Completed (NFA),2000-08-25,,Renato Maniulit
1724,9707559,000081,2000-06-01,,sliu,2001-07-31 11:36:12,1865,,,0.0,,False,False,False,False,False,False,False,,False,0.0,False,False,False,False,0.0,False,False,False,False,False,,Site Cleanup Completed (NFA),2001-04-30,,Shumin Liu
1725,9100035,000082,2000-06-01,2010-11-18,rkwan,2011-07-26 08:48:29,1866,Responsible Party,Leaking Piping,0.0,Leak Detection,False,False,False,False,True,True,True,,False,0.0,False,False,False,False,0.0,False,False,True,False,False,,Site Cleanup Completed with EHMP,2010-12-21,Piping,Shunsheng Fu 
1726,9101521,000083,2000-06-02,,rkwan,2000-06-02 09:19:04,1867,,,0.0,,False,False,False,False,False,False,False,,False,0.0,False,False,False,False,0.0,False,False,False,False,False,,Site Cleanup Completed (NFA),2000-10-17,,Richard Takaba
1727,9202666,000084,2000-06-08,,rmaniulit,2000-06-29 14:29:15,1868,,,0.0,,False,False,False,False,False,False,False,,False,0.0,False,False,False,False,0.0,False,False,False,False,False,,Site Cleanup Completed (NFA),2000-06-20,,Renato Maniulit
1728,9501802,000085,2000-06-28,,rtakaba,2001-05-22 13:56:40,1869,,,0.0,,False,False,False,False,False,False,False,,False,0.0,False,False,False,False,0.0,False,False,False,False,False,,Disconfirmed Release,2001-07-09,,Mark Sutterfield
1729,9101395,000086,2000-06-28,2011-06-15,rkwan,2011-07-26 09:26:23,1870,Responsible Party,Leaking Tank,0.0,Tank Removal,False,False,False,False,True,True,True,,False,0.0,True,True,False,False,0.0,False,False,False,False,True,ORC,LUST Cleanup Initiated,2011-01-19,Tank,Richard Takaba 
1730,9101000,000087,2000-06-28,,sli,2007-08-07 08:46:51,1873,Responsible Party,Spill,0.0,Tank Removal,False,False,False,False,False,True,False,,False,0.0,False,True,False,False,0.0,False,False,False,False,False,,Site Cleanup Completed (NFA),2000-10-04,Piping,Shaobin Li
1731,9500667,000089,2000-07-24,,rmaniulit,2000-07-28 08:30:20,1874,,,0.0,,False,False,False,False,False,False,False,,False,0.0,False,False,False,False,0.0,False,False,False,False,False,,Site Cleanup Completed (NFA),2003-05-16,,Shunsheng Fu
1732,9200177,000088,2000-07-24,,RKWAN,2000-07-24 11:26:52,1875,,,0.0,,False,False,False,False,False,False,False,,False,0.0,False,False,False,False,0.0,False,False,False,False,False,,Site Cleanup Completed (NFA),2001-06-04,,Shaobin Li
1733,9202399,000091,2000-08-08,,rkwan,2000-08-08 08:52:05,1876,,,0.0,,False,False,False,False,False,False,False,,False,0.0,False,False,False,False,0.0,False,False,False,False,False,,Site Cleanup Completed (NFA),2000-08-11,,Shaobin Li
1734,9202439,000090,2000-08-11,,rkwan,2007-03-19 09:55:49,1877,,,0.0,,False,False,False,False,False,False,False,,False,0.0,False,False,False,False,0.0,False,False,False,False,False,,Case Transferred to HEER (unregulated),2000-08-03,,To HEER
1735,9701679,000092,2000-08-18,,rkwan,2000-08-24 17:17:32,1878,,,0.0,,False,False,False,False,False,False,False,,False,0.0,False,False,False,False,0.0,False,False,False,False,False,,Site Cleanup Completed (NFA),2000-08-25,,Jeffrey Ung
1736,9102691,000093,2000-08-24,,rkwan,2000-08-24 17:20:41,1879,,,0.0,,False,False,False,False,False,False,False,,False,0.0,False,False,False,False,0.0,False,False,False,False,False,,Site Cleanup Completed (NFA),2000-09-05,,Richard Takaba
1737,9100785,000094,2000-08-24,,RKWAN,2002-05-01 15:41:16,1880,,,0.0,,False,False,False,False,False,False,False,,False,0.0,False,False,False,False,0.0,False,False,False,False,False,,Site Cleanup Completed (NFA),2002-06-04,,Shunsheng Fu
1738,9102014,000095,2000-08-24,,rheu,2003-10-21 12:00:09,1883,,,0.0,,False,False,False,False,False,False,False,,False,0.0,False,True,False,False,0.0,False,False,False,False,False,,Site Cleanup Completed (NFA),2004-02-20,,Randall Heu
1739,9201458,000096,2000-09-28,,rmaniulit,2000-09-28 15:17:56,1889,,,0.0,,False,False,False,False,False,False,False,,False,0.0,False,False,False,False,0.0,False,False,False,False,False,,Site Cleanup Completed (NFA),2000-09-20,,Renato Maniulit
1740,9201503,000097,2000-10-03,,rmaniulit,2000-10-10 10:04:36,1892,,,0.0,,False,False,False,False,False,False,False,,False,0.0,False,False,False,False,0.0,False,False,False,False,False,,Site Cleanup Completed (NFA),2000-10-03,,Renato Maniulit
1741,9102014,010002,2000-10-06,,rkwan,2005-03-28 17:25:18,1894,,,0.0,,False,False,False,False,False,False,False,,False,0.0,False,True,False,False,0.0,False,False,False,False,False,,Site Cleanup Completed (NFA),2002-12-03,,John Peard
1742,9102133,010001,1999-10-12,,golmsted,2002-07-25 08:11:09,1896,,,0.0,,False,False,False,False,False,False,False,,False,0.0,False,False,False,False,0.0,False,False,False,False,False,,Site Cleanup Completed (NFA),2002-07-10,,Richard Takaba
1743,9100163,010003,2000-10-02,2021-04-24,roxanne.kwan,2021-04-26 10:30:53,1897,Responsible Party,Leaking Tank and Piping,0.0,Tank Removal,False,False,False,False,True,False,True,,False,0.0,True,False,False,False,0.0,False,False,False,False,False,,Site Cleanup Completed with EHMP,2010-04-16,Tank,Shunsheng Fu 
1744,9102121,000098,1999-10-12,,rheu,2003-12-31 11:46:02,1898,,,0.0,,False,False,False,False,False,False,False,,False,0.0,False,False,False,False,0.0,False,False,False,False,False,,Site Cleanup Completed (NFA),2000-11-01,,Randall Heu
1745,9707544,000099,2000-10-06,,golmsted,2002-07-25 08:31:22,1899,,,0.0,,False,False,False,False,False,False,False,,False,0.0,False,False,False,False,0.0,False,False,False,False,False,,Site Cleanup Completed (NFA),2000-11-01,,Richard Takaba
1746,9100936,010005,2000-11-06,,rkwan,2000-11-06 09:52:09,1901,,,0.0,,False,False,False,False,False,False,False,,False,0.0,False,False,False,False,0.0,False,False,False,False,False,,Site Cleanup Completed (NFA),2003-07-24,,Shunsheng Fu
1747,9707448,010007,2000-11-06,,RKWAN,2000-11-16 13:21:13,1902,,,0.0,,False,False,False,False,False,False,False,,False,0.0,False,False,False,False,0.0,False,False,False,False,False,,Site Cleanup Completed (NFA),2001-06-13,,Jose Ruiz
1748,9102215,010008,2000-11-28,,rtakaba,2002-03-08 09:57:34,1903,,,0.0,,False,False,False,False,False,False,False,,False,0.0,False,False,False,False,0.0,False,False,False,False,False,,Site Cleanup Completed (NFA),2002-02-08,,Mark Sutterfield
1749,9202420,010009,2000-11-17,,rkwan,2000-12-06 15:42:06,1904,,,0.0,,False,False,False,False,False,False,False,,False,0.0,False,False,False,False,0.0,False,False,False,False,False,,Site Cleanup Completed (NFA),2000-11-17,,Richard Takaba
1750,9502711,010010,2000-12-01,,jruiz,2001-04-03 13:47:29,1905,,,0.0,,False,False,False,False,False,False,False,,False,0.0,False,False,False,False,0.0,False,False,False,False,False,,Site Cleanup Completed (NFA),2001-06-13,,Jose Ruiz
1751,9102215,010006,2000-11-03,,roxanne.kwan,2023-10-18 14:13:05,1906,,,0.0,,False,False,False,False,False,False,False,,False,0.0,False,False,False,False,0.0,False,False,False,False,False,,Case Transferred to HEER (unregulated),2002-03-12,,To HEER 
1752,9501588,010004,2000-10-25,,rkwan,2001-07-11 15:52:10,1909,,,0.0,,False,False,False,False,False,False,False,,False,0.0,False,False,False,False,0.0,False,False,False,False,False,,Site Cleanup Completed (NFA),2003-05-15,,Shunsheng Fu
2533,9102271,010011,2000-12-01,2012-10-09,rkwan,2012-10-09 12:57:42,1910,Responsible Party,Leaking Tank,0.0,Other,False,True,False,False,False,True,True,,False,0.0,False,True,False,False,0.0,False,False,False,False,False,,Monitored Natural Attenuation,2011-11-11,Tank,Richard Takaba 
1754,9100184,010012,2000-11-28,,rkwan,2000-12-12 10:10:56,1911,,,0.0,,False,False,False,False,False,False,False,,False,0.0,False,False,False,False,0.0,False,False,False,False,False,,Disconfirmed Release,2000-12-26,,Richard Takaba
1755,9200020,010013,2000-12-12,,sli,2009-02-09 15:33:53,1913,,Leaking Piping,0.0,Leak Detection,False,False,False,False,False,True,True,,False,0.0,True,False,False,False,0.0,False,False,False,False,False,,Site Cleanup Completed (NFA),2008-11-03,Dispenser,Shaobin Li 
1756,9500417,010014,2000-12-14,,sli,2003-09-30 10:51:04,1915,,,0.0,,False,False,False,False,False,False,False,,False,0.0,False,False,False,False,0.0,False,False,False,False,False,,Site Cleanup Completed (NFA),2003-04-30,,Shaobin Li
1757,9707094,010054,2000-01-16,,rkwan,2001-10-01 16:49:28,1919,,,0.0,,False,False,False,False,False,False,False,,False,0.0,False,False,False,False,0.0,False,False,False,False,False,,Site Cleanup Completed (NFA),2001-10-23,,Jose Ruiz
1758,9500421,010016,2001-01-02,2011-01-07,jnagashima,2011-02-03 08:52:42,1921,Responsible Party,Overfill,0.0,Tank Removal,False,False,False,False,False,False,False,,False,0.0,False,False,False,False,0.0,False,False,False,False,False,,Site Cleanup Completed (NFA),2011-01-26,Dispenser,Josh Nagashima 
1759,9201465,010019,2001-01-31,2009-10-05,jnagashima,2010-05-04 10:11:04,1922,,Overfill,0.0,Tank Removal,False,False,False,False,False,False,False,,False,0.0,False,False,False,False,0.0,False,False,False,False,False,,Site Cleanup Completed (NFA),2010-03-18,Tank,Josh Nagashima 
1760,9707606,010017,2001-01-23,,rkwan,2001-02-01 09:50:38,1923,,,0.0,,False,False,False,False,False,False,False,,False,0.0,False,False,False,False,0.0,False,False,False,False,False,,Site Cleanup Completed (NFA),2002-06-18,,Shaobin Li
1761,9102408,010022,2001-01-09,,sliu,2001-07-30 10:36:23,1924,,,0.0,,False,False,False,False,False,False,False,,False,0.0,False,False,False,False,0.0,False,False,False,False,False,,Site Cleanup Completed (NFA),2001-02-27,,Shumin Liu
1762,9100278,010024,2001-02-15,,rtakaba,2002-02-05 11:16:16,1925,,,0.0,,False,False,False,False,False,False,False,,False,0.0,False,False,False,False,0.0,False,False,False,False,False,,Site Cleanup Completed (NFA),2003-09-02,,Shaobin Li
1763,9707581,010015,2001-03-02,,dpark,2007-04-23 14:13:26,1927,,Leaking Tank,0.0,Tank Removal,True,False,False,False,False,False,False,,False,0.0,True,True,False,False,0.0,False,False,False,False,False,,Site Cleanup Completed (NFA),2007-04-17,Tank,Darren Park 
1764,9100287,010018,2001-03-02,,rtakaba,2001-05-31 16:38:58,1928,,,0.0,,False,False,False,False,False,False,False,,False,0.0,False,False,False,False,0.0,False,False,False,False,False,,Site Cleanup Completed (NFA),2001-06-07,,Richard Takaba
1765,9500379,010020,2001-03-02,,golmsted,2002-07-25 08:07:04,1929,,,0.0,,False,False,False,False,False,False,False,,False,0.0,False,False,False,False,0.0,False,False,False,False,False,,Site Cleanup Completed (NFA),2001-12-03,,John Peard
1766,9707106,010021,2001-03-02,,RKWAN,2001-03-02 09:44:11,1930,,,0.0,,False,False,False,False,False,False,False,,False,0.0,False,False,False,False,0.0,False,False,False,False,False,,Site Cleanup Completed (NFA),2001-03-21,,Richard Takaba
1767,9101121,010025,2001-03-02,,RKWAN,2001-03-02 09:46:49,1932,,,0.0,,False,False,False,False,False,False,False,,False,0.0,False,False,False,False,0.0,False,False,False,False,False,,Site Cleanup Completed (NFA),2001-02-28,,Richard Takaba
1768,9102056,010028,2001-03-28,,rkwan,2011-06-22 16:18:31,1933,,,0.0,,False,False,False,False,False,False,False,,False,0.0,False,False,False,False,0.0,False,False,False,False,False,,Site Cleanup Completed (NFA),2009-08-04,,To DERA 
1769,9707594,010026,2001-02-08,,sliu,2001-07-30 10:01:51,1934,,,0.0,,False,False,False,False,False,False,False,,False,0.0,False,False,False,False,0.0,False,False,False,False,False,,Site Cleanup Completed (NFA),2001-05-14,,Shumin Liu
1770,9202159,010027,2001-04-17,,dpark,2008-08-26 15:20:55,1935,,,0.0,,False,False,False,False,True,False,False,,False,0.0,False,False,False,False,0.0,False,False,False,False,False,,Site Cleanup Completed (NFA),2008-06-30,,To VRP 
1771,9101524,010031,2001-04-10,,rkwan,2001-04-26 08:43:11,1936,,,0.0,,False,False,False,False,False,False,False,,False,0.0,False,False,False,False,0.0,False,False,False,False,False,,Site Cleanup Completed (NFA),2001-08-13,,Shunsheng Fu
1772,9707645,010032,2001-05-03,,rkwan,2001-05-03 08:49:43,1937,,,0.0,,False,False,False,False,False,False,False,,False,0.0,False,False,False,False,0.0,False,False,False,False,False,,Site Cleanup Completed (NFA),2001-05-25,,Shunsheng Fu
1773,9703039,010033,2001-05-08,,jruiz,2001-12-03 07:46:45,1938,,,0.0,,False,False,False,False,False,False,False,,False,0.0,False,False,False,False,0.0,False,False,False,False,False,,Site Cleanup Completed (NFA),2001-12-03,,Jose Ruiz
1774,9201242,010034,2001-05-11,,rkwan,2001-05-16 08:48:36,1939,,,0.0,,False,False,False,False,False,False,False,,False,0.0,False,False,False,False,0.0,False,False,False,False,False,,Site Cleanup Completed (NFA),2001-09-05,,Jose Ruiz
1775,9707660,010035,2001-05-25,,rkwan,2001-06-06 14:43:57,1940,,,0.0,,False,False,False,False,False,False,False,,False,0.0,False,False,False,False,0.0,False,False,False,False,False,,Site Cleanup Completed (NFA),2001-10-01,,Jose Ruiz
1776,9707596,010029,2001-03-29,,RKWAN,2001-06-18 10:46:41,1941,,,0.0,,False,False,False,False,False,False,False,,False,0.0,False,False,False,False,0.0,False,False,False,False,False,,Site Cleanup Completed (NFA),2001-11-23,,Shunsheng Fu
1777,9202903,010036,2001-05-10,,RKWAN,2001-06-18 11:44:00,1942,,,0.0,,False,False,False,False,False,False,False,,False,0.0,False,False,False,False,0.0,False,False,False,False,False,,Site Cleanup Completed (NFA),2001-06-27,,Jose Ruiz
1778,9102087,010037,2001-05-09,,RKWAN,2001-06-18 11:52:06,1943,,,0.0,,False,False,False,False,False,False,False,,False,0.0,False,False,False,False,0.0,False,False,False,False,False,,Site Cleanup Completed (NFA),2001-09-18,,Shaobin Li
1779,9202015,970093,2001-06-18,,rtakaba,2002-02-05 15:03:09,1944,,,0.0,,False,False,False,False,False,False,False,,False,0.0,False,False,False,False,0.0,False,False,False,False,False,,Site Cleanup Completed (NFA),2002-10-21,,Jose Ruiz
1780,9102132,010039,2001-06-18,,rkwan,2001-06-18 16:41:46,1945,,,0.0,,False,False,False,False,False,False,False,,False,0.0,False,False,False,False,0.0,False,False,False,False,False,,Site Cleanup Completed (NFA),2001-08-15,,Shaobin Li
1781,9102130,010038,2001-06-18,,rtakaba,2005-05-03 14:19:48,1946,,,0.0,,False,False,False,False,False,False,False,,False,0.0,False,False,False,False,0.0,False,False,False,False,False,,Site Cleanup Completed (NFA),2005-08-12,,Chad Pritchard
1782,9700691,010040,2001-05-31,,rkwan,2001-06-27 10:04:12,1947,,,0.0,,False,False,False,False,False,False,False,,False,0.0,False,False,False,False,0.0,False,False,False,False,False,,Site Cleanup Completed (NFA),2001-09-18,,Shaobin Li
1783,9200949,010041,2001-05-16,,golmsted,2003-08-25 10:19:36,1948,,,0.0,,False,False,False,False,False,False,False,,False,0.0,False,False,False,False,0.0,False,False,False,False,False,,Site Cleanup Completed (NFA),2004-02-20,,Randall Heu
1784,9707439,010042,2001-07-03,,sliu,2001-10-01 13:09:46,1949,,,0.0,,False,False,False,False,False,False,False,,False,0.0,False,False,False,False,0.0,False,False,False,False,False,,Site Cleanup Completed (NFA),2001-09-28,,Shumin Liu
1785,9201541,010044,2001-07-31,2017-11-13,richard.takaba,2017-11-13 13:34:55,1950,Responsible Party,Leaking Tank and Piping,50000.0,Leak Detection,True,False,True,False,True,True,True,,False,0.0,True,True,False,False,0.0,False,False,False,True,False,,Site Cleanup Completed with EHE/EHMP,2017-02-27,Tank,Richard Takaba 
1786,9202535,970092,2001-07-31,,rkwan,2007-03-19 09:56:40,1953,,,0.0,,False,False,False,False,False,False,False,,False,0.0,False,False,False,False,0.0,False,False,False,False,False,,Case Transferred to HEER (unregulated),2001-12-11,,To HEER 
1787,9707666,010043,2001-07-31,,rtakaba,2001-11-30 16:13:36,1954,,,0.0,,False,False,False,False,False,False,False,,False,0.0,False,False,False,False,0.0,False,False,False,False,False,,Site Cleanup Completed (NFA),2001-12-11,,Richard Takaba
1788,9200845,010047,2001-06-07,,rkwan,2001-08-10 11:41:50,1955,,,0.0,,False,False,False,False,False,False,False,,False,0.0,False,False,False,False,0.0,False,False,False,False,False,,Site Cleanup Completed (NFA),2001-08-28,,Mark Sutterfield
1789,9707667,010046,2001-08-10,,rtakaba,2002-02-05 15:30:06,1956,,,0.0,,False,False,False,False,False,False,False,,False,0.0,False,False,False,False,0.0,False,False,False,False,False,,Site Cleanup Completed (NFA),2005-08-25,,Richard Takaba
1790,9707668,010048,2001-08-14,,rkwan,2011-06-22 16:35:26,1957,,,0.0,,False,False,False,False,False,False,False,,False,0.0,False,False,False,False,0.0,False,False,False,False,False,,Site Cleanup Completed (NFA),2005-11-06,,To DERA 
1791,9101020,010045,2001-08-21,,rkwan,2001-08-21 14:00:25,1958,,,0.0,,False,False,False,False,False,False,False,,False,0.0,False,False,False,False,0.0,False,False,False,False,False,,Site Cleanup Completed (NFA),2002-04-10,,Jose Ruiz
1792,9707592,010049,2001-07-25,,rkwan,2001-08-22 09:08:55,1959,,,0.0,,False,False,False,False,False,False,False,,False,0.0,False,False,False,False,0.0,False,False,False,False,False,,Site Cleanup Completed (NFA),2001-12-03,,Mark Sutterfield
1793,9302408,010050,2001-08-22,,rkwan,2001-08-22 09:11:16,1960,,,0.0,,False,False,False,False,False,False,False,,False,0.0,False,False,False,False,0.0,False,False,False,False,False,,Site Cleanup Completed (NFA),2001-10-02,,Shunsheng Fu
1794,9302409,010051,2001-08-22,,rkwan,2001-08-22 09:14:05,1961,,,0.0,,False,False,False,False,False,False,False,,False,0.0,False,False,False,False,0.0,False,False,False,False,False,,Site Cleanup Completed (NFA),2001-09-18,,Shunsheng Fu
1795,9502944,010052,2001-08-20,,rkwan,2001-08-30 09:05:00,1962,,,0.0,,False,False,False,False,False,False,False,,False,0.0,False,False,False,False,0.0,False,False,False,False,False,,Site Cleanup Completed (NFA),2002-05-07,,Shunsheng Fu
1796,9200288,940201,2001-09-05,,rkwan,2008-11-10 09:26:00,1964,,,0.0,,False,False,False,False,False,False,False,,False,0.0,False,False,False,False,0.0,False,False,False,False,False,,Site Cleanup Completed (NFA),1995-08-31,,Roger Brewer
1797,9707323,010053,2001-09-12,,rkwan,2001-09-12 16:00:04,1965,,,0.0,,False,False,False,False,False,False,False,,False,0.0,False,False,False,False,0.0,False,False,False,False,False,,Site Cleanup Completed (NFA),2001-10-15,,Shunsheng Fu
1798,9103042,010056,2001-09-20,,rkwan,2011-06-22 16:38:51,1966,,,0.0,,False,False,False,False,False,False,False,,False,0.0,False,False,False,False,0.0,False,False,False,False,False,,Site Cleanup Completed (NFA),2005-11-06,,To DERA 
1799,9202428,990159,1999-02-22,,dpark,2007-04-27 15:34:29,1967,,Leaking Tank,0.0,Tank Removal,True,False,False,False,True,True,True,2001-11-05,False,0.0,True,True,False,False,0.0,False,False,False,False,False,,Site Cleanup Completed (NFA),2007-04-23,Tank,Darren Park 
1800,9707673,010059,2001-09-26,,rkwan,2001-10-04 11:06:07,1968,,,0.0,,False,False,False,False,False,False,False,,False,0.0,False,False,False,False,0.0,False,False,False,False,False,,Site Cleanup Completed (NFA),2002-03-12,,Jose Ruiz
1801,9100207,010055,2001-08-24,,rkwan,2001-10-08 09:34:43,1969,,,0.0,,False,False,False,False,False,False,False,,False,0.0,False,False,False,False,0.0,False,False,False,False,False,,Site Cleanup Completed (NFA),2001-10-02,,Richard Takaba
1802,9100807,010057,2001-09-17,,rkwan,2001-10-08 09:35:55,1970,,,0.0,,False,False,False,False,False,False,False,,False,0.0,False,False,False,False,0.0,False,False,False,False,False,,Site Cleanup Completed (NFA),2002-06-17,,Richard Takaba
1803,9707669,010058,2001-08-14,,rkwan,2001-10-08 09:38:09,1971,,,0.0,,False,False,False,False,False,False,False,,False,0.0,False,False,False,False,0.0,False,False,False,False,False,,Site Cleanup Completed (NFA),2001-10-15,,Shumin Liu
1804,9707670,020001,2001-10-02,,rkwan,2001-10-08 09:40:58,1972,,,0.0,,False,False,False,False,False,False,False,,False,0.0,False,False,False,False,0.0,False,False,False,False,False,,Site Cleanup Completed (NFA),2002-02-15,,Jose Ruiz
1805,9200324,020002,2001-10-08,,rkwan,2001-10-22 11:13:06,1973,,,0.0,,False,False,False,False,False,False,False,,False,0.0,False,False,False,False,0.0,False,False,False,False,False,,Site Cleanup Completed (NFA),2002-02-15,,Jose Ruiz
1806,9707677,020003,2001-10-23,,rkwan,2002-04-11 11:19:08,1974,,,0.0,,False,False,False,False,False,False,False,,False,0.0,False,False,False,False,0.0,False,False,False,False,False,,Site Cleanup Completed (NFA),2002-06-14,,Shaobin Li
1807,9707676,020004,2001-11-07,,rkwan,2001-11-13 09:15:32,1975,,,0.0,,False,False,False,False,False,False,False,,False,0.0,False,False,False,False,0.0,False,False,False,False,False,,Site Cleanup Completed (NFA),2002-07-15,,Shaobin Li
1808,9200327,020007,2001-11-27,,rtakaba,2002-02-08 13:55:28,1976,,,0.0,,False,False,False,False,False,False,False,,False,0.0,False,False,False,False,0.0,False,False,False,False,False,,Site Cleanup Completed (NFA),2002-02-08,,Mark Sutterfield
1809,9707646,020008,2001-12-05,,rkwan,2001-12-18 09:38:05,1977,,,0.0,,False,False,False,False,False,False,False,,False,0.0,False,False,False,False,0.0,False,False,False,False,False,,Site Cleanup Completed (NFA),2004-09-30,,Shunsheng Fu
1810,9601309,020009,2001-08-01,,rkwan,2001-12-27 15:32:49,1978,,,0.0,,False,False,False,False,False,False,False,,False,0.0,False,False,False,False,0.0,False,False,False,False,False,,Site Cleanup Completed (NFA),2002-01-18,,Shaobin Li
1811,9707207,020010,1997-09-04,,dpark,2008-08-26 15:03:14,1979,,,,,False,False,False,False,True,False,False,,False,0.0,True,False,False,False,0.0,False,False,False,False,False,,Site Cleanup Completed (NFA),2008-03-27,,To VRP 
1812,9707554,020006,2001-11-19,,rkwan,2002-01-14 11:06:20,1980,,,0.0,,False,False,False,False,False,False,False,,False,0.0,False,False,False,False,0.0,False,False,False,False,False,,Site Cleanup Completed (NFA),2003-09-08,,Shaobin Li
1813,9201240,020013,2002-01-17,,RKWAN,2002-01-17 09:50:54,1982,,,0.0,,False,False,False,False,False,False,False,,False,0.0,False,False,False,False,0.0,False,False,False,False,False,,Site Cleanup Completed (NFA),2002-04-10,,Jose Ruiz
1814,9102671,020015,2002-01-30,2017-03-26,Allison.Hutto,2019-09-10 08:24:18,1983,Responsible Party,Leaking Tank,0.0,Tank Removal,False,False,False,False,False,False,False,,False,0.0,True,False,False,False,0.0,False,False,False,False,False,,Site Cleanup Completed with EHE/EHMP,2019-09-10,Tank,Allison Hutto 
1815,9100049,020005,1998-06-01,,golmsted,2003-08-25 11:03:17,1984,,,0.0,,False,False,False,False,False,False,False,,False,0.0,False,False,False,False,0.0,False,False,False,False,False,,Site Cleanup Completed (NFA),2003-07-03,,John Peard
1816,9707690,020016,2002-02-05,2010-05-10,sfu,2010-08-24 10:36:16,1985,Responsible Party,Leaking Tank and Piping,0.0,Tank Removal,False,False,False,False,False,False,False,,False,0.0,False,False,False,False,0.0,False,False,False,False,False,,Site Cleanup Completed (NFA),2010-05-13,Tank,Shunsheng Fu 
1817,9707680,020017,2002-01-09,,RKWAN,2002-02-11 15:51:24,1986,,,0.0,,False,False,False,False,False,False,False,,False,0.0,False,False,False,False,0.0,False,False,False,False,False,,Site Cleanup Completed (NFA),2002-03-12,,Richard Takaba
1818,9100023,020011,2001-12-07,,rkwan,2002-02-14 11:17:12,1987,,,0.0,,False,False,False,False,False,False,False,,False,0.0,False,False,False,False,0.0,False,False,False,False,False,,Site Cleanup Completed (NFA),2002-02-08,,Shunsheng Fu
1819,9707685,020020,2002-02-15,2010-02-04,jnagashima,2010-02-23 09:12:44,1988,Responsible Party,Overfill,30.0,Tank Removal,False,True,False,False,False,False,False,,False,0.0,True,False,False,False,0.0,False,False,False,False,False,,Site Cleanup Completed with EHMP,2010-02-11,Piping,Josh Nagashima 
1820,9100835,020019,2002-02-14,,rkwan,2005-02-23 09:00:58,1989,,,0.0,,False,False,False,False,False,False,False,,False,0.0,True,True,False,False,0.0,False,False,False,False,False,,Site Cleanup Completed (NFA),2004-05-26,,Richard Takaba
1821,9601874,020012,2002-02-20,,RKWAN,2002-02-20 15:38:31,1990,,,0.0,,False,False,False,False,False,False,False,,False,0.0,False,False,False,False,0.0,False,False,False,False,False,,Site Cleanup Completed (NFA),2002-09-10,,Shunsheng Fu
1822,9600010,020021,2002-02-19,,rkwan,2002-02-26 10:52:24,1991,,,0.0,,False,False,False,False,False,False,False,,False,0.0,False,False,False,False,0.0,False,False,False,False,False,,Site Cleanup Completed (NFA),2002-12-04,,Richard Takaba
1823,9201468,020018,2002-02-13,,rkwan,2002-02-26 14:26:30,1992,,,0.0,,False,False,False,False,True,False,True,,False,0.0,True,True,False,False,0.0,False,False,False,False,False,,Site Cleanup Completed (NFA),2005-06-30,,Richard Takaba
1824,9707689,020022,2002-02-26,,rkwan,2002-03-04 10:15:01,1993,,,0.0,,False,False,False,False,False,False,False,,False,0.0,False,False,False,False,0.0,False,False,False,False,False,,Site Cleanup Completed (NFA),2002-06-05,,Shunsheng Fu
1825,9201529,020014,2002-01-28,,rkwan,2002-03-04 10:17:32,1994,,,0.0,,False,False,False,False,False,True,False,,False,0.0,False,True,False,False,0.0,False,False,False,False,False,,Site Cleanup Completed (NFA),2005-08-23,,Richard Takaba
1826,9707692,020024,2002-03-20,,RKWAN,2002-03-20 15:35:55,1995,,,0.0,,False,False,False,False,False,False,False,,False,0.0,False,False,False,False,0.0,False,False,False,False,False,,Site Cleanup Completed (NFA),2002-07-12,,Richard Takaba
1827,9101471,020025,2002-03-25,,rkwan,2002-03-25 11:57:05,1996,,,0.0,,False,False,False,False,False,False,False,,False,0.0,False,False,False,False,0.0,False,False,False,False,False,,Site Cleanup Completed (NFA),2002-11-27,,Shunsheng Fu
1828,9100171,020026,2002-03-25,,rkwan,2002-03-27 09:38:20,1997,,,0.0,,False,False,False,False,False,False,False,,False,0.0,False,False,False,False,0.0,False,False,False,False,False,,Site Cleanup Completed (NFA),2002-08-12,,Shunsheng Fu
1829,9707695,020027,2002-04-10,,RKWAN,2002-04-15 10:20:35,1998,,,0.0,,False,False,False,False,False,False,False,,False,0.0,False,False,False,False,0.0,False,False,False,False,False,,Site Cleanup Completed (NFA),2002-08-22,,Shunsheng Fu
1830,9102108,020023,1999-03-20,,rkwan,2007-03-15 14:16:20,1999,,,0.0,,False,False,False,False,True,False,True,,False,0.0,True,False,False,False,0.0,False,False,False,False,False,,Case Transferred to HEER (unregulated),2004-09-09,,To HEER 
1831,9102271,020028,2002-04-18,2012-10-09,roxanne.kwan,2022-02-02 13:18:50,2000,Responsible Party,Leaking Tank,0.0,Other,False,True,False,False,False,True,True,,False,0.0,False,True,False,False,0.0,False,False,False,False,False,,Monitored Natural Attenuation,2011-11-11,Tank,Richard Takaba 
1832,9200050,020030,2002-05-14,2014-03-18,jnagashima,2014-04-08 11:42:45,2001,Responsible Party,Overfill,0.0,Leak Detection,True,False,False,False,True,True,True,,False,0.0,True,True,True,False,0.0,True,False,False,False,False,,Site Cleanup Completed with EHE/EHMP,2014-03-27,Submersible Turbine Pump,Josh Nagashima 
1833,9707697,020031,2002-05-23,,jnagashima,2012-04-12 15:35:21,2002,,,0.0,,False,False,False,False,False,False,False,,False,0.0,False,False,False,False,0.0,False,False,False,False,False,,Site Cleanup Completed (NFA),2002-10-11,,Jose Ruiz 
1834,9601320,020029,2002-05-08,,rkwan,2002-07-01 10:01:12,2003,,,0.0,,False,False,False,False,False,False,False,,False,0.0,False,False,False,False,0.0,False,False,False,False,False,,Site Cleanup Completed (NFA),2002-09-18,,Jose Ruiz
1835,9201014,020032,2002-05-28,2016-11-23,shaobin.li,2016-12-06 14:23:16,2004,,Unknown,0.0,Tank Removal,True,False,False,False,True,False,False,,False,0.0,True,False,False,False,0.0,False,False,True,False,False,Free product removal and limited soil removal,Site Cleanup Completed with EHE/EHMP,2016-11-29,Unknown,Shaobin Li 
1836,9101026,020033,2002-06-12,,rkwan,2002-06-21 09:38:04,2005,,,0.0,,False,False,False,False,False,False,False,,False,0.0,False,False,False,False,0.0,False,False,False,False,False,,Site Cleanup Completed (NFA),2002-11-01,,Shaobin Li
1837,9201495,020034,2002-06-14,2011-10-25,jnagashima,2011-11-15 10:26:02,2006,Responsible Party,Overfill,0.0,Tank Removal,False,False,False,False,False,False,False,,False,0.0,True,False,False,False,0.0,False,False,False,False,False,,Site Cleanup Completed (NFA),2011-11-02,Tank,Josh Nagashima 
1838,9201495,020035,2002-06-14,2011-10-25,jnagashima,2011-11-15 10:24:41,2007,Responsible Party,Overfill,0.0,Tank Removal,False,False,False,False,False,False,False,,False,0.0,True,False,False,False,0.0,False,False,False,False,False,,Site Cleanup Completed (NFA),2011-11-02,Tank,Josh Nagashima 
1839,9101186,020036,2002-07-10,2017-02-19,roxanne.kwan,2023-10-23 12:17:49,2008,Responsible Party,Leaking Tank and Piping,0.0,Tank Removal,False,False,False,False,True,False,True,,False,0.0,True,False,False,False,0.0,True,False,False,False,False,,Active Remediation,2009-12-09,Tank,Shunsheng Fu 
1840,9700688,020037,2002-07-25,,dpark,2008-10-28 13:45:16,2009,Responsible Party,Leaking Tank,0.0,Tank Removal,False,False,False,False,False,True,False,,False,0.0,True,True,False,False,0.0,False,False,False,False,False,,Site Cleanup Completed (NFA),2008-09-16,Tank,Darren Park 
1841,9201241,020039,2002-08-13,,rtakaba,2007-05-04 17:13:59,2010,,,0.0,,False,False,False,False,True,False,True,,False,0.0,False,True,False,False,0.0,False,False,False,False,False,,Site Cleanup Completed (NFA),2007-03-22,,Richard Takaba 
1842,9101107,020041,2002-09-09,,rkwan,2002-09-09 09:13:57,2011,,,0.0,,False,False,False,False,False,False,False,,False,0.0,False,False,False,False,0.0,False,False,False,False,False,,Site Cleanup Completed (NFA),2003-07-09,,Richard Takaba
1843,9100341,020038,2002-09-20,2017-03-26,shunsheng.fu,2017-05-17 11:36:12,2012,Responsible Party,Leaking Tank and Piping,0.0,Tank Removal,False,False,False,False,True,True,True,,False,0.0,False,False,False,False,0.0,False,False,False,False,False,,Site Cleanup Completed with EHE/EHMP,2017-04-10,Tank,Shunsheng Fu 
1844,9707700,030001,2002-10-07,,rkwan,2002-10-07 14:55:44,2013,,,0.0,,False,False,False,False,False,False,False,,False,0.0,False,False,False,False,0.0,False,False,False,False,False,,Site Cleanup Completed (NFA),2003-01-31,,Jose Ruiz
1845,9603106,030002,2002-10-07,,rkwan,2002-10-07 15:41:56,2014,,,0.0,,False,False,False,False,False,False,False,,False,0.0,False,False,False,False,0.0,False,False,False,False,False,,Site Cleanup Completed (NFA),2002-10-31,,Richard Takaba
1846,9100375,020040,2002-10-10,,rkwan,2002-10-10 11:49:34,2015,,,0.0,,False,False,False,False,False,False,False,,False,0.0,False,False,False,False,0.0,False,False,False,False,False,,Site Cleanup Completed (NFA),2002-09-05,,Richard Takaba
1847,9100268,020042,2002-10-10,,rkwan,2002-10-10 11:54:46,2016,,,0.0,,False,False,False,False,False,False,False,,False,0.0,False,False,False,False,0.0,False,False,False,False,False,,Site Cleanup Completed (NFA),2002-10-11,,Richard Takaba
1848,9101259,030003,2002-10-14,2012-03-07,sfu,2012-07-09 14:52:49,2018,Responsible Party,Leaking Tank and Piping,0.0,Tank Removal,False,False,False,False,True,False,False,,False,0.0,True,False,False,False,0.0,False,False,False,False,False,0ver-excavation,Site Cleanup Completed with EHMP,2012-03-27,Tank,Shunsheng Fu 
1849,9102386,030009,2002-11-18,,roxanne.kwan,2023-10-25 16:33:13,2019,,,0.0,,False,False,False,False,False,False,False,,False,0.0,False,False,False,False,0.0,False,False,False,False,False,,Case Transferred to HEER (regulated),1996-10-01,,To HEER 
1850,9100325,030010,2002-11-26,2021-05-10,roxanne.kwan,2021-05-27 20:10:15,2020,Responsible Party,Spill,0.0,Other,False,False,False,False,False,True,False,,False,0.0,False,True,False,False,0.0,False,False,False,False,False,,Site Cleanup Completed with EHE/EHMP,2020-03-17,Unknown,Allison Hutto 
1851,9707277,030011,2002-12-02,,RKWAN,2002-12-02 16:08:07,2021,,,0.0,,False,False,False,False,False,False,False,,False,0.0,False,False,False,False,0.0,False,False,False,False,False,,Site Cleanup Completed (NFA),2002-12-11,,John Peard
1852,9201010,030012,2002-12-02,,RKWAN,2002-12-02 15:44:46,2023,,,0.0,,False,False,False,False,False,False,False,,False,0.0,False,False,False,False,0.0,False,False,False,False,False,,Site Cleanup Completed (NFA),2002-12-13,,Richard Takaba
1853,9102245,030013,2002-12-02,,RKWAN,2002-12-02 16:08:46,2024,,,0.0,,False,False,False,False,False,False,False,,False,0.0,False,False,False,False,0.0,False,False,False,False,False,,Site Cleanup Completed (NFA),2003-11-07,,Richard Takaba
1854,9101259,030004,2002-10-28,2012-03-07,sfu,2012-07-09 14:53:59,2025,Responsible Party,Leaking Tank and Piping,0.0,Tank Removal,True,False,False,False,False,False,True,,False,0.0,True,False,True,False,0.0,False,False,False,False,False,over-excavation,Site Cleanup Completed with EHMP,2012-03-27,Tank,Shunsheng Fu 
1855,9102440,030005,2002-12-02,,RKWAN,2002-12-02 16:16:36,2026,,,0.0,,False,False,False,False,False,False,False,,False,0.0,False,False,False,False,0.0,False,False,False,False,False,,Site Cleanup Completed (NFA),2004-11-08,,Shaobin Li
1856,9600676,030006,2002-12-02,,RKWAN,2002-12-02 16:18:00,2027,,,0.0,,False,False,False,False,False,False,False,,False,0.0,False,False,False,False,0.0,False,False,False,False,False,,Site Cleanup Completed (NFA),2004-03-16,,Shunsheng Fu
1857,9600676,030007,2002-12-02,,RKWAN,2002-12-02 16:18:53,2028,,,0.0,,False,False,False,False,False,False,False,,False,0.0,False,False,False,False,0.0,False,False,False,False,False,,Site Cleanup Completed (NFA),2004-03-16,,Shunsheng Fu
1858,9600676,030008,2002-12-02,,RKWAN,2002-12-02 16:19:44,2029,,,0.0,,False,False,False,False,False,False,False,,False,0.0,False,False,False,False,0.0,False,False,False,False,False,,Site Cleanup Completed (NFA),2004-03-16,,Shunsheng Fu
2544,9200034,030014,2003-01-15,2018-02-23,roxanne.kwan,2021-09-23 16:07:44,2030,Responsible Party,,0.0,,True,False,False,False,True,True,True,,False,0.0,True,True,False,False,0.0,False,True,False,False,True,,Site Cleanup Completed (NFA) with Restrictions,2020-04-17,,Richard Takaba 
1860,9701555,030015,2003-01-15,,rtakaba,2006-05-22 15:12:59,2031,,,0.0,,False,False,False,False,False,False,False,,False,0.0,True,True,False,False,0.0,False,False,False,False,False,,Site Cleanup Completed (NFA),2005-08-25,,Richard Takaba
1861,9400773,030016,2003-01-21,,rkwan,2007-03-14 16:19:23,2035,,,0.0,,False,False,False,False,False,False,False,,False,0.0,False,False,False,False,0.0,False,False,False,False,False,,Site Cleanup Completed (NFA),2007-02-12,,Darren Park 
1862,9101112,030019,2003-01-27,,rkwan,2003-01-27 12:11:06,2036,,,0.0,,False,False,False,False,False,False,False,,False,0.0,False,False,False,False,0.0,False,False,False,False,False,,Site Cleanup Completed (NFA),2003-05-15,,Shunsheng Fu
1863,9101220,030017,2003-01-22,,RKWAN,2003-02-03 09:49:37,2037,,,0.0,,False,False,False,False,False,False,False,,False,0.0,False,False,False,False,0.0,False,False,False,False,False,,Site Cleanup Completed (NFA),2003-05-05,,Richard Takaba
1864,9601135,030018,2003-02-03,,RKWAN,2003-02-03 09:51:44,2038,,,0.0,,False,False,False,False,False,False,False,,False,0.0,False,False,False,False,0.0,False,False,False,False,False,,Site Cleanup Completed (NFA),2003-06-25,,Shaobin Li
1865,9200151,030020,2003-03-10,,rheu,2004-02-13 11:33:17,2039,,,0.0,,False,False,False,False,False,False,False,,False,0.0,False,False,False,False,0.0,False,False,False,False,False,,Site Cleanup Completed (NFA),2004-04-01,,Randall Heu
1866,9200151,030021,2003-03-10,2015-08-18,Allison.Hutto,2020-09-04 08:21:05,2040,Responsible Party,Leaking Tank,0.0,Tank Removal,False,True,False,False,False,False,False,,False,0.0,True,True,False,False,0.0,False,False,False,False,False,,Monitored Natural Attenuation,2018-10-26,Tank,Allison Hutto 
1868,9101026,030030,2003-04-28,,RKWAN,2003-04-28 08:49:26,2043,,,0.0,,False,False,False,False,False,False,False,,False,0.0,False,False,False,False,0.0,False,False,False,False,False,,Site Cleanup Completed (NFA),2003-11-07,,Shaobin Li
1869,9200881,030029,2003-04-02,,rkwan,2003-04-30 13:29:46,2044,,,0.0,,False,False,False,False,False,False,False,,False,0.0,False,False,False,False,0.0,False,False,False,False,False,,Site Cleanup Completed (NFA),2003-04-23,,Richard Takaba
1870,9707083,030032,2003-04-25,,dpark,2008-08-25 13:24:55,2045,Responsible Party,Leaking Tank,0.0,Tank Removal,True,False,False,False,True,True,True,2003-12-23,False,0.0,True,True,True,False,0.0,False,False,False,False,False,,Site Cleanup Completed (NFA),2008-08-08,Tank,Darren Park 
1871,9600731,030027,2003-04-01,,rkwan,2003-04-30 13:49:23,2046,,,0.0,,False,False,False,False,False,False,False,,False,0.0,False,False,False,False,0.0,False,False,False,False,False,,Site Cleanup Completed (NFA),2003-05-07,,Richard Takaba
1872,9100832,030031,2003-04-02,,RKWAN,2004-09-23 11:59:30,2047,,,0.0,,False,False,False,False,False,False,False,,False,0.0,False,False,False,False,0.0,False,False,False,False,False,,Site Cleanup Completed (NFA),2003-04-25,,Shunsheng Fu
1873,9200151,030024,2003-02-27,2015-08-18,roxanne.kwan,2018-08-28 15:20:07,2048,Responsible Party,Leaking Tank,0.0,Tank Removal,False,True,False,False,False,False,False,,False,0.0,True,True,False,False,0.0,False,False,False,False,False,,Consolidated releases,2018-08-28,Tank,Shunsheng Fu 
1874,9201889,030025,2003-04-01,,RKWAN,2003-05-28 09:07:47,2049,,,0.0,,False,False,False,False,False,False,False,,False,0.0,False,False,False,False,0.0,False,False,False,False,False,,Site Cleanup Completed (NFA),2003-10-24,,Shaobin Li
1875,9201889,030026,2003-04-01,,RKWAN,2003-05-28 09:08:49,2050,,,0.0,,False,False,False,False,False,False,False,,False,0.0,False,False,False,False,0.0,False,False,False,False,False,,Site Cleanup Completed (NFA),2003-10-24,,Shaobin Li
1876,9201022,030028,2003-04-02,,RKWAN,2003-05-28 09:10:09,2051,,,0.0,,False,False,False,False,False,False,False,,False,0.0,False,False,False,False,0.0,False,False,False,False,False,,Site Cleanup Completed (NFA),2003-09-15,,Shunsheng Fu
1877,9102596,030033,2003-05-08,,RKWAN,2003-05-28 09:12:49,2052,,,0.0,,False,False,False,False,False,False,False,,False,0.0,False,False,False,False,0.0,False,False,False,False,False,,Site Cleanup Completed (NFA),2004-01-05,,Jose Ruiz
1878,9201240,030034,2003-06-03,,RKWAN,2003-06-03 09:39:35,2053,,,0.0,,False,False,False,False,False,False,False,,False,0.0,False,False,False,False,0.0,False,False,False,False,False,,Site Cleanup Completed (NFA),2003-11-24,,Jose Ruiz
1879,9101330,030035,2003-06-03,,RKWAN,2003-06-03 11:37:05,2054,,,0.0,,False,False,False,False,False,False,False,,False,0.0,False,False,False,False,0.0,False,False,False,False,False,,Site Cleanup Completed (NFA),2003-06-25,,Richard Takaba
1880,9201240,030036,2003-06-09,,RKWAN,2003-06-13 16:03:59,2055,,,0.0,,False,False,False,False,False,False,False,,False,0.0,False,False,False,False,0.0,False,False,False,False,False,,Site Cleanup Completed (NFA),2003-11-24,,Jose Ruiz
1881,9102867,030037,2003-06-10,,rkwan,2005-02-23 09:01:14,2056,,,0.0,,False,False,False,False,False,False,False,,False,0.0,False,True,False,False,0.0,False,False,False,False,False,,Site Cleanup Completed (NFA),2004-08-05,,Richard Takaba
1882,9200063,030038,2003-06-10,,RKWAN,2003-07-10 09:32:07,2057,,,0.0,,False,False,False,False,False,False,False,,False,0.0,False,False,False,False,0.0,False,False,False,False,False,,Site Cleanup Completed (NFA),2004-10-20,,Shaobin Li
1883,9707703,030040,2003-07-11,,RKWAN,2003-07-11 14:31:57,2058,,,0.0,,False,False,False,False,False,False,False,,False,0.0,False,False,False,False,0.0,False,False,False,False,False,,Site Cleanup Completed (NFA),2003-07-21,,Richard Takaba
1884,9707723,030041,2003-07-11,,rkwan,2013-02-27 14:32:58,2059,,,0.0,Other,True,False,True,False,True,False,False,,False,0.0,True,False,False,False,0.0,True,False,True,False,False,Temporary Groundwater Extraction and Product Recovery System Report,Site Cleanup Completed (NFA),2007-12-11,Unknown,To VRP 
1885,9707724,030043,2003-07-30,,RKWAN,2003-08-01 15:43:10,2062,,,0.0,,False,False,False,False,False,False,False,,False,0.0,False,False,False,False,0.0,False,False,False,False,False,,Site Cleanup Completed (NFA),2004-01-05,,Jose Ruiz
1886,9601136,030044,2003-09-16,,rtakaba,2006-05-22 15:25:49,2063,,,0.0,,False,False,False,False,False,False,False,,False,0.0,False,False,False,False,0.0,False,False,False,False,False,,Site Cleanup Completed (NFA),2004-09-07,,Richard Takaba
1887,9602710,030046,2003-09-16,,RKWAN,2003-09-16 16:33:39,2064,,,0.0,,False,False,False,False,False,False,False,,False,0.0,False,False,False,False,0.0,False,False,False,False,False,,Site Cleanup Completed (NFA),2003-11-26,,Shaobin Li
1888,9601138,030047,2003-09-16,,RKWAN,2003-09-18 09:43:16,2065,,,0.0,,False,False,False,False,False,False,False,,False,0.0,False,False,False,False,0.0,False,False,False,False,False,,Site Cleanup Completed (NFA),2005-07-14,,Shunsheng Fu
1889,9601137,030048,2003-09-16,,RKWAN,2005-08-18 09:09:15,2066,,,0.0,,False,False,False,False,False,False,False,,False,0.0,False,True,False,False,0.0,False,False,False,False,False,,Site Cleanup Completed (NFA),2005-08-09,,Haven Westerman
1890,9101115,040001,2003-10-07,,rtakaba,2005-02-10 17:09:21,2067,,,0.0,,False,False,False,False,False,False,True,,False,0.0,False,True,False,False,0.0,False,False,False,False,False,,Site Cleanup Completed (NFA),2005-03-02,,Shaobin Li
1891,9707296,030039,2003-10-07,,rkwan,2011-08-22 13:39:38,2068,,,0.0,,False,False,False,False,False,False,False,,False,0.0,False,False,False,False,0.0,False,False,False,False,False,,Site Cleanup Completed (NFA),2011-06-27,,To DERA 
1892,9201178,030042,2003-07-22,,sfu,2007-05-01 14:37:28,2069,,,0.0,,False,False,False,False,False,False,False,,False,0.0,False,False,False,False,0.0,False,False,False,False,False,,Site Cleanup Completed (NFA),2007-04-16,,Shunsheng Fu
1893,9707100,030045,2003-09-12,2019-07-24,roxanne.kwan,2023-02-20 16:22:26,2070,Responsible Party,,0.0,,False,False,False,False,True,True,True,,False,0.0,True,True,False,False,0.0,False,False,False,False,False,,Confirmed Release,2013-01-09,,Richard Takaba 
1894,9707209,040003,2003-10-09,2012-08-10,rtakaba,2012-10-10 10:32:12,2071,,Leaking Tank,0.0,Tank Removal,False,False,False,False,False,False,False,,False,0.0,True,False,False,False,0.0,False,False,False,False,False,impacted soil overexcavation &product recovery,Site Cleanup Completed with EHMP,2012-08-30,Tank,Richard Takaba 
1895,9701556,040002,2003-10-08,,rtakaba,2006-05-22 15:08:45,2072,,,0.0,,False,False,False,False,False,False,False,,False,0.0,False,True,False,False,0.0,False,False,False,False,False,,Site Cleanup Completed (NFA),2004-03-31,,Richard Takaba
1896,9707726,040004,2003-10-17,,sfu,2003-10-27 13:31:59,2073,,,0.0,,False,False,False,False,False,False,False,,False,0.0,False,False,False,False,0.0,False,False,False,False,False,,Site Cleanup Completed (NFA),2004-10-01,,Shunsheng Fu
1897,9201224,040005,2003-10-29,,rkwan,2005-08-03 16:06:43,2074,,,0.0,,False,False,False,False,False,False,False,,False,0.0,False,False,False,False,0.0,False,False,False,False,False,,Site Cleanup Completed (NFA),2004-12-22,,Randall Heu
1898,9707504,040008,2003-11-21,,rtakaba,2005-05-03 14:17:17,2075,,,0.0,,False,False,False,False,True,False,False,,False,0.0,False,False,False,False,0.0,False,False,False,False,False,,Site Cleanup Completed (NFA),2005-08-12,,Chad Pritchard
1899,9201097,040009,2003-12-04,,rtakaba,2005-01-26 10:05:58,2076,,,0.0,,False,False,False,False,False,False,False,,False,0.0,False,False,False,False,0.0,False,False,False,False,False,,Site Cleanup Completed (NFA),2005-08-09,,Chad Pritchard
1900,9201097,040010,2003-12-04,,rtakaba,2005-01-26 10:06:11,2077,,,0.0,,False,False,False,False,False,False,False,,False,0.0,False,False,False,False,0.0,False,False,False,False,False,,Site Cleanup Completed (NFA),2005-08-09,,Chad Pritchard
1901,9201124,040013,2004-01-07,,rtakaba,2005-04-14 14:04:28,2089,,,0.0,,False,False,False,False,False,False,False,,False,0.0,False,False,False,False,0.0,False,False,False,False,False,,Site Cleanup Completed (NFA),2005-12-07,,Haven Westerman
1902,9101212,040014,2004-01-13,,rkwan,2005-02-14 16:24:00,2090,,,0.0,,False,False,False,False,False,False,False,,False,0.0,False,False,False,False,0.0,False,False,False,False,False,,Site Cleanup Completed (NFA),2004-10-18,,Shaobin Li
1903,9201109,040015,2004-01-16,,rkwan,2006-03-23 13:22:50,2092,,,0.0,,False,False,False,False,False,False,False,,False,0.0,False,False,False,False,0.0,False,False,False,False,False,,Site Cleanup Completed (NFA),2004-11-04,,Shunsheng Fu
1904,9101246,040016,2004-01-16,,RKWAN,2005-08-18 09:11:13,2093,,,0.0,,False,False,False,False,False,False,False,,False,0.0,False,False,False,False,0.0,False,False,False,False,False,,Site Cleanup Completed (NFA),2005-08-09,,Haven Westerman
1905,9708135,040019,2004-01-23,,roxanne.kwan,2023-04-05 14:32:55,2094,Responsible Party,Unknown,0.0,Other,False,False,False,False,True,False,True,,False,0.0,True,False,False,False,0.0,False,False,False,False,False,,Site Cleanup Completed (NFA),2008-01-10,Unknown,Darren Park 
1906,9501565,040018,2004-01-23,,rkwan,2005-02-23 09:05:38,2095,,,0.0,,False,False,False,False,False,False,False,,False,0.0,False,False,False,False,0.0,False,False,False,False,False,,Site Cleanup Completed (NFA),2004-02-04,,Richard Takaba
1907,9101211,040012,2004-01-28,,rtakaba,2006-06-13 16:49:14,2097,,,0.0,,False,False,False,False,False,False,False,,False,0.0,False,False,False,False,0.0,False,False,False,False,False,,Site Cleanup Completed (NFA),2004-11-15,,Richard Takaba
1908,9501245,040011,2004-01-06,2009-05-20,rtakaba,2009-07-16 14:42:53,2098,,,0.0,,False,False,False,False,False,True,False,,False,0.0,False,False,False,False,0.0,False,False,False,False,False,,Site Cleanup Completed (NFA),2009-06-08,,Richard Takaba 
1909,9200288,040022,2004-01-28,,RKWAN,2004-01-28 14:06:18,2099,,,0.0,,False,False,False,False,False,False,False,,False,0.0,False,False,False,False,0.0,False,False,False,False,False,,Site Cleanup Completed (NFA),2004-03-09,,Shunsheng Fu
1910,9200846,040023,2004-01-28,,RKWAN,2004-01-28 14:07:55,2100,,,0.0,,False,False,False,False,False,False,False,,False,0.0,True,False,False,False,0.0,False,False,False,False,False,,Site Cleanup Completed (NFA),2004-03-09,,Shunsheng Fu
1911,9707727,040020,2004-01-26,,RKWAN,2004-01-30 10:51:31,2101,,,0.0,,False,False,False,False,False,False,False,,False,0.0,False,False,False,False,0.0,False,False,False,False,False,,Site Cleanup Completed (NFA),2004-06-26,,Shaobin Li
1912,9601133,040017,2004-01-22,,rtakaba,2007-07-23 11:28:01,2102,,,0.0,,False,False,False,False,False,False,False,,False,0.0,False,False,False,False,0.0,False,False,False,False,False,,Site Cleanup Completed (NFA),2004-04-20,,Richard Takaba 
1913,9501740,040025,2004-02-02,,rkwan,2005-02-23 09:05:24,2104,,,0.0,,False,False,False,False,False,False,False,,False,0.0,False,False,False,False,0.0,False,False,False,False,False,,Site Cleanup Completed (NFA),2004-02-13,,Richard Takaba
1914,9100322,040026,2004-02-03,,rtakaba,2005-01-26 10:24:07,2105,,,0.0,,False,False,False,False,False,False,False,,False,0.0,False,False,False,False,0.0,False,False,False,False,False,,Site Cleanup Completed (NFA),2005-06-20,,Chad Pritchard
1915,9101212,040027,2004-02-04,,rkwan,2005-02-14 16:24:20,2106,,,0.0,,False,False,False,False,False,False,False,,False,0.0,False,False,False,False,0.0,False,False,False,False,False,,Site Cleanup Completed (NFA),2004-10-18,,Shaobin Li
1916,9101099,040021,2004-01-27,,rtakaba,2005-01-26 10:06:55,2107,,,0.0,,False,False,False,False,False,False,False,,False,0.0,False,False,False,False,0.0,False,False,False,False,False,,Site Cleanup Completed (NFA),2005-08-09,,Chad Pritchard
1917,9101720,040024,2004-01-29,,rkwan,2005-08-08 15:51:08,2109,,,0.0,,False,False,False,False,False,False,False,,False,0.0,False,False,False,False,0.0,False,False,False,False,False,,Site Cleanup Completed (NFA),2005-08-08,,Haven Westerman
1918,9201256,040028,2004-02-05,,jishihara,2004-05-10 12:05:22,2110,,,0.0,,False,False,False,False,False,False,False,,False,0.0,False,False,False,False,0.0,False,False,False,False,False,,Site Cleanup Completed (NFA),2005-07-11,,Shunsheng Fu
1919,9201228,040031,2004-02-17,,rkwan,2005-12-20 15:10:05,2111,,,0.0,,False,False,False,False,False,False,False,,False,0.0,False,False,False,False,0.0,False,False,False,False,False,,Site Cleanup Completed (NFA),2005-12-07,,Haven Westerman
1920,9602673,040033,2004-03-24,,rkwan,2005-02-23 09:00:42,2112,,,0.0,,False,False,False,False,False,False,False,,False,0.0,False,False,False,False,0.0,False,False,False,False,False,,Site Cleanup Completed (NFA),2004-03-31,,Richard Takaba
1921,9200532,040032,2004-03-08,,rkwan,2005-02-14 16:26:50,2113,,,0.0,,False,False,False,False,False,False,False,,False,0.0,False,False,False,False,0.0,False,False,False,False,False,,Site Cleanup Completed (NFA),2004-03-10,,Shaobin Li
1922,9100032,040006,2003-11-06,2013-06-10,rtakaba,2013-10-18 13:25:50,2114,Responsible Party,Leaking Piping,0.0,Other,False,True,False,False,True,True,True,,False,0.0,False,True,False,False,0.0,False,True,False,False,True,ozone,Site Cleanup Completed with EHE,2013-07-26,Piping,Richard Takaba 
1923,9600659,040007,2003-11-14,,jishihara,2004-05-10 12:06:28,2115,,,0.0,,False,False,False,False,False,False,False,,False,0.0,True,False,False,False,0.0,False,False,False,False,False,,Site Cleanup Completed (NFA),2005-04-01,,Richard Takaba
1924,9100728,040029,2004-02-06,,jnagashima,2008-08-14 10:47:41,2116,Responsible Party,Leaking Tank,0.0,Tank Removal,True,False,False,False,False,False,False,,False,0.0,True,False,False,False,0.0,False,False,False,False,False,,Site Cleanup Completed (NFA),2008-08-07,Tank,Josh Nagashima 
1925,9100313,040030,2004-02-10,,rkwan,2005-02-22 15:23:45,2117,,,0.0,,False,False,False,False,False,False,False,,False,0.0,False,False,False,False,0.0,False,False,False,False,False,,Site Cleanup Completed (NFA),2005-02-09,,Chad Pritchard
1926,9707731,040034,2004-03-23,2009-01-05,rkwan,2011-06-22 16:01:01,2118,Responsible Party,Leaking Tank,0.0,Tank Removal,False,True,False,False,False,False,False,,False,0.0,True,False,False,False,0.0,False,False,False,False,False,,Site Cleanup Completed (NFA),2008-07-23,Tank,To DERA 
1927,9201022,040037,2004-04-06,,jishihara,2004-05-10 12:02:31,2119,,,0.0,,False,False,False,False,False,False,False,,False,0.0,False,False,False,False,0.0,False,False,False,False,False,,Site Cleanup Completed (NFA),2004-05-27,,Shunsheng Fu
1928,9707734,040036,2004-04-02,,rtakaba,2005-01-26 09:57:24,2120,,,0.0,,False,False,False,False,False,False,False,,False,0.0,True,True,False,False,0.0,False,False,False,False,False,,Site Cleanup Completed (NFA),2005-03-08,,Chad Pritchard
1929,9701131,040035,2004-03-31,,jishihara,2004-05-10 12:03:14,2121,,,0.0,,False,False,False,False,False,False,False,,False,0.0,False,False,False,False,0.0,False,False,False,False,False,,Site Cleanup Completed (NFA),2005-07-14,,Shunsheng Fu
1930,9100833,040039,2004-04-22,,jishihara,2004-05-10 12:00:22,2122,,,0.0,,False,False,False,False,False,False,False,,False,0.0,False,False,False,False,0.0,False,False,False,False,False,,Site Cleanup Completed (NFA),2005-06-22,,Shunsheng Fu
1931,9501125,040038,2004-04-12,,RKWAN,2004-04-27 12:02:42,2125,,,0.0,,False,False,False,False,False,False,False,,False,0.0,False,False,False,False,0.0,False,False,False,False,False,,Site Cleanup Completed (NFA),2005-07-11,,Shunsheng Fu
1932,9601394,040040,2004-05-06,,rtakaba,2005-01-06 16:17:46,2130,,,0.0,,False,False,False,False,False,False,False,,False,0.0,True,True,False,False,0.0,False,False,False,False,False,,Site Cleanup Completed (NFA),2005-05-03,,Haven Westerman
1933,9101052,040041,2004-05-06,,rkwan,2011-06-08 16:36:31,2131,,,0.0,,False,False,False,False,False,False,False,,False,0.0,False,False,False,False,0.0,False,False,False,False,False,,Site Cleanup Completed (NFA),2009-08-27,,To DERA 
1934,9601223,040042,2004-05-11,,RKWAN,2004-05-24 09:37:53,2133,,,0.0,,False,False,False,False,False,False,False,,False,0.0,False,False,False,False,0.0,False,False,False,False,False,,Site Cleanup Completed (NFA),2006-05-03,,Shaobin Li
1935,9101212,040043,2004-05-12,,sli,2005-04-13 13:54:00,2134,,,0.0,,False,False,False,False,True,False,False,,False,0.0,True,False,False,False,0.0,False,False,False,False,False,,Site Cleanup Completed (NFA),2006-03-23,,Shaobin Li
1936,9200102,040045,2004-06-14,2011-01-27,sli,2011-02-16 14:48:50,2135,,,0.0,,True,False,False,False,False,True,False,,False,0.0,False,True,False,False,0.0,False,False,False,False,False,,Site Cleanup Completed (NFA),2011-02-08,,Shaobin Li 
1937,9200029,040047,2004-06-29,2011-01-31,rtakaba,2011-06-09 16:41:10,2136,,,0.0,,False,False,False,False,False,False,False,,False,0.0,False,False,False,False,0.0,False,False,False,False,False,,Site Cleanup Completed (NFA),2011-02-24,,Richard Takaba 
1938,9500668,040044,2004-06-08,,rtakaba,2005-01-06 16:14:33,2137,,,0.0,,False,False,False,False,False,False,False,,False,0.0,False,False,False,False,0.0,False,False,False,False,False,,Site Cleanup Completed (NFA),2005-04-28,,Haven Westerman
1939,9502457,040046,2004-06-25,,rkwan,2007-03-27 12:34:55,2138,,,0.0,,False,False,False,False,False,False,False,,False,0.0,False,False,False,False,0.0,False,False,False,False,False,,Site Cleanup Completed (NFA),2006-12-29,,Shunsheng Fu 
1940,9200862,040048,2004-06-29,,RKWAN,2004-07-06 11:09:34,2139,,,0.0,,False,False,False,False,False,False,False,,False,0.0,False,False,False,False,0.0,False,False,False,False,False,,Site Cleanup Completed (NFA),2005-07-26,,Shaobin Li
1941,9707741,040049,2004-06-28,,RKWAN,2004-07-06 11:17:46,2140,,,0.0,,False,False,False,False,False,False,False,,False,0.0,False,False,False,False,0.0,False,False,False,False,False,,Site Cleanup Completed (NFA),2005-01-11,,Shaobin Li
2017,9707791,060015,2006-02-16,,rkwan,2007-03-27 13:50:31,2226,,,0.0,,False,False,False,False,False,False,False,,False,0.0,False,False,False,False,0.0,False,False,False,False,False,,Site Cleanup Completed (NFA),2006-11-09,,Shaobin Li 
1942,9100046,040050,2004-07-19,2011-01-26,sfu,2011-02-16 14:36:38,2141,Responsible Party,Unknown,0.0,Other,False,False,False,False,True,True,True,,False,0.0,False,False,False,False,0.0,False,False,False,False,False,,Site Cleanup Completed (NFA),2011-02-14,Tank,Shunsheng Fu 
1943,9100040,040051,2004-07-14,,rtakaba,2006-07-31 16:46:03,2142,,,0.0,,False,False,False,False,False,False,False,,False,0.0,False,False,False,False,0.0,False,False,False,False,False,,Site Cleanup Completed (NFA),2006-12-21,,Darren Park
1944,9503023,040052,2004-07-20,,rkwan,2004-07-21 10:21:28,2143,,,0.0,,False,False,False,False,False,False,False,,False,0.0,False,False,False,False,0.0,False,False,False,False,False,,Site Cleanup Completed (NFA),2005-10-14,,Richard Takaba
1945,9500008,040058,2004-07-23,2010-12-03,rtakaba,2011-01-05 17:01:13,2144,Responsible Party,Unknown,0.0,Other,False,False,False,False,False,True,False,,False,0.0,False,True,False,False,0.0,False,False,False,False,False,,Site Cleanup Completed (NFA),2010-12-20,Unknown,Richard Takaba 
1946,9100039,040057,2004-07-23,,sfu,2009-05-11 16:23:59,2146,Responsible Party,Unknown,0.0,Other,False,False,False,False,False,False,False,,False,0.0,False,False,False,False,0.0,False,False,False,False,False,,Site Cleanup Completed (NFA),2009-03-12,Unknown,Shunsheng Fu 
1947,9100043,040056,2004-07-23,2009-07-16,rkwan,2010-07-27 11:01:24,2147,,Unknown,0.0,Baseline Site Assessment,False,False,False,False,False,False,False,,False,0.0,False,False,False,False,0.0,False,False,False,False,False,,Site Cleanup Completed (NFA),2009-07-23,Unknown,Shaobin Li 
1948,9200030,040055,2004-07-23,,rkwan,2005-11-30 10:44:52,2148,,,0.0,,False,False,False,False,False,False,False,,False,0.0,False,False,False,False,0.0,False,False,False,False,False,,Site Cleanup Completed (NFA),2005-03-02,,Chad Pritchard
1949,9200021,040054,2004-07-23,,rkwan,2007-03-28 08:05:18,2149,,,0.0,,False,False,False,False,False,False,False,,False,0.0,False,False,False,False,0.0,False,False,False,False,False,,Site Cleanup Completed (NFA),2007-01-04,,Shunsheng Fu 
1950,9600013,040053,2004-07-23,2009-02-13,jnagashima,2009-02-13 13:12:12,2150,Responsible Party,Unknown,0.0,Other,False,False,False,False,False,False,False,,False,0.0,True,False,False,False,0.0,False,False,False,False,False,,Site Cleanup Completed (NFA),2009-02-09,Unknown,Josh Nagashima 
1951,9600014,040059,2004-08-06,,rtakaba,2006-01-30 14:44:45,2151,,,0.0,,False,False,False,False,False,False,False,,False,0.0,False,False,False,False,0.0,False,False,False,False,False,,Site Cleanup Completed (NFA),2006-05-08,,Richard Takaba
1952,9600011,040060,2004-08-09,,rkwan,2008-03-27 13:55:42,2152,,,0.0,,False,False,False,False,False,False,False,,False,0.0,False,False,False,False,0.0,False,False,False,False,False,,Site Cleanup Completed (NFA),2006-05-26,,Shaobin Li 
1953,9200016,040061,2004-08-06,,rkwan,2007-03-27 12:27:56,2153,,,0.0,,False,False,False,False,False,False,False,,False,0.0,False,False,False,False,0.0,False,False,False,False,False,,Site Cleanup Completed (NFA),2007-01-30,,Shunsheng Fu 
1954,9600104,040062,2004-08-09,2011-06-03,dkam,2011-07-01 10:12:22,2154,,,0.0,,False,False,False,False,False,False,False,,False,0.0,False,False,False,False,0.0,False,False,False,False,False,,Site Cleanup Completed (NFA),2011-06-14,,Deena Kam 
1955,9101143,040063,2004-08-09,2009-07-16,sli,2009-08-10 14:19:20,2155,,Unknown,0.0,Other,False,False,False,False,False,False,False,,False,0.0,True,False,False,False,0.0,False,False,False,False,False,,Site Cleanup Completed (NFA),2009-07-23,Unknown,Shaobin Li 
1956,9707574,040064,2004-08-09,,rkwan,2007-03-27 12:28:54,2156,,,0.0,,False,False,False,False,False,False,False,,False,0.0,False,False,False,False,0.0,False,False,False,False,False,,Site Cleanup Completed (NFA),2007-01-30,,Shunsheng Fu 
1957,9707742,040065,2004-08-11,,RKWAN,2004-08-11 15:48:58,2157,,,0.0,,False,False,False,False,False,False,False,,False,0.0,False,False,False,False,0.0,False,False,False,False,False,,Site Cleanup Completed (NFA),2004-10-27,,Randall Heu
1958,9501245,040068,2004-08-27,2009-05-20,rtakaba,2009-07-16 14:43:26,2158,,,0.0,,False,False,False,False,False,False,False,,False,0.0,False,False,False,False,0.0,False,False,False,False,False,,Site Cleanup Completed (NFA),2009-06-08,,Richard Takaba 
1959,9701131,040066,2004-08-16,,RKWAN,2004-10-14 16:16:54,2159,,,0.0,,False,False,False,False,False,False,False,,False,0.0,False,False,False,False,0.0,False,False,False,False,False,,Site Cleanup Completed (NFA),2006-06-06,,Shunsheng Fu
1960,9101770,040067,2004-09-17,,RKWAN,2004-09-21 09:03:56,2160,,,0.0,,False,False,False,False,False,False,False,,False,0.0,False,False,False,False,0.0,False,False,False,False,False,,Site Cleanup Completed (NFA),2005-12-22,,Shaobin Li
1961,9701892,040069,2004-09-14,,rtakaba,2005-04-14 14:26:09,2161,,,0.0,,False,False,False,False,False,False,False,,False,0.0,False,False,False,False,0.0,False,False,False,False,False,,Site Cleanup Completed (NFA),2005-05-27,,Chad Pritchard
1962,9707746,050001,2004-10-13,,rkwan,2005-02-23 08:54:52,2162,,,0.0,,False,False,False,False,False,False,False,,False,0.0,False,False,False,False,0.0,False,False,False,False,False,,Site Cleanup Completed (NFA),2005-04-26,,Shunsheng Fu
1963,9102349,050002,2004-10-13,2013-09-04,rkwan,2013-09-04 15:33:25,2163,Responsible Party,Leaking Tank and Piping,1000.0,Tank Removal,False,True,False,False,True,True,True,,False,0.0,True,True,False,False,0.0,False,False,False,False,False,,Site Cleanup Completed with EHMP,2011-07-08,Tank,Josh Nagashima 
1964,9601134,040071,2004-10-01,,RKWAN,2005-11-01 10:40:02,2164,,,0.0,,False,False,False,False,False,False,False,,False,0.0,False,False,False,False,0.0,False,False,False,False,False,,Site Cleanup Completed (NFA),2006-04-21,,Richard Takaba
1965,9101765,050005,2004-11-23,,dpark,2007-04-24 08:24:34,2166,,Leaking Tank,0.0,Tank Removal,False,False,False,False,False,False,False,,False,0.0,False,False,False,False,0.0,False,False,False,False,False,,Site Cleanup Completed (NFA),2007-04-17,Tank,Darren Park 
1966,9707740,050003,2004-12-02,,jnagashima,2009-04-03 14:55:50,2168,Responsible Party,Leaking Tank and Piping,0.0,Tank Removal,False,False,False,False,False,False,False,,False,0.0,False,False,False,False,0.0,False,False,False,False,False,,Site Cleanup Completed (NFA),2009-03-13,Tank,Josh Nagashima 
1967,9601629,050004,2004-11-19,,sli,2007-05-03 13:04:24,2170,,Unknown,0.0,Tank Removal,False,False,False,False,False,False,False,,False,0.0,False,False,False,False,0.0,False,False,False,False,False,,Site Cleanup Completed (NFA),2005-07-26,Unknown,Shaobin Li
1968,9100045,050006,2004-12-21,,rkwan,2008-03-27 13:45:05,2171,,,0.0,,True,False,False,False,True,False,False,,False,0.0,True,False,False,False,0.0,False,False,False,False,False,,Site Cleanup Completed (NFA),2006-07-13,,Shaobin Li 
1969,9201124,050007,2005-01-18,,DEBUG,2007-01-10 14:05:09,2172,,,0.0,,False,False,False,False,False,False,False,,False,0.0,False,False,False,False,0.0,False,False,False,False,False,,Site Cleanup Completed (NFA),2006-12-29,,Darren Park
1970,9708135,050008,2005-02-25,,rtakaba,2006-08-01 14:56:17,2175,,,0.0,,False,False,False,False,False,False,False,,False,0.0,False,False,False,False,0.0,False,False,False,False,False,,Site Cleanup Completed (NFA),2006-11-24,,Darren Park
1971,9707753,050010,2005-02-18,,rkwan,2005-03-01 10:27:59,2176,,,0.0,,False,False,False,False,False,False,False,,False,0.0,False,False,False,False,0.0,False,False,False,False,False,,Site Cleanup Completed (NFA),2005-07-14,,Shunsheng Fu
1972,9702492,050013,2005-03-08,,rkwan,2005-03-28 10:50:10,2178,,,0.0,,False,False,False,False,False,False,False,,False,0.0,False,False,False,False,0.0,False,False,False,False,False,,Site Cleanup Completed (NFA),2005-08-12,,Chad Pritchard
1973,9102574,050015,2005-03-22,,rkwan,2007-03-15 15:25:45,2180,,,0.0,,False,False,False,False,False,False,False,,False,0.0,False,False,False,False,0.0,False,False,False,False,False,,Site Cleanup Completed (NFA),2006-10-16,,Shaobin Li 
1974,9707756,050014,2005-03-28,,roxanne.kwan,2023-10-27 14:06:42,2182,,,0.0,,False,False,False,False,False,False,False,,False,0.0,False,False,False,False,0.0,False,False,False,False,False,,Case Transferred to HEER (unregulated),2006-04-19,,To HEER 
1975,9200116,050011,2005-04-08,,dpark,2007-03-06 16:04:29,2183,,,0.0,,False,False,False,False,False,False,False,,False,0.0,False,False,False,False,0.0,False,False,False,False,False,,Site Cleanup Completed (NFA),2007-03-06,,Darren Park 
1976,9601195,050009,2005-02-25,,jnagashima,2008-08-18 09:07:29,2184,,Leaking Piping,144.0,Other,True,False,False,False,False,False,False,,False,0.0,True,False,False,False,0.0,False,False,False,False,False,,Site Cleanup Completed (NFA),2008-08-11,Piping,Josh Nagashima 
1977,9201208,050012,2005-03-04,,rtakaba,2007-03-22 11:06:30,2185,,,0.0,,False,False,False,False,False,False,False,,False,0.0,False,False,False,False,0.0,False,False,False,False,False,,Site Cleanup Completed (NFA),2007-01-30,,Richard Takaba 
1978,9101893,050017,2005-04-25,,RKWAN,2005-08-31 12:02:55,2186,,,0.0,,False,False,False,False,False,False,False,,False,0.0,False,False,False,False,0.0,False,False,False,False,False,,Site Cleanup Completed (NFA),2005-08-26,,Chad Pritchard
1979,9200329,050027,2005-05-11,2016-11-22,roxanne.kwan,2018-08-28 15:22:03,2187,Responsible Party,Leaking Tank and Piping,0.0,Other,False,False,False,False,False,False,False,,False,0.0,True,False,False,False,0.0,False,False,False,False,False,EPMP,Consolidated releases,2018-08-28,Tank,Shunsheng Fu 
1980,9100343,050025,2005-05-04,2018-07-25,roxanne.kwan,2018-08-13 18:00:49,2188,Responsible Party,Unknown,0.0,Other,False,False,False,False,True,False,True,,False,0.0,False,False,False,False,0.0,False,False,False,False,False,,Site Cleanup Completed with EHE/EHMP,2018-08-13,Unknown,Randall Heu 
1981,9201864,050020,2005-05-11,,rtakaba,2006-08-01 14:53:16,2189,,,0.0,,False,False,False,False,False,False,False,,False,0.0,False,False,False,False,0.0,False,False,False,False,False,,Site Cleanup Completed (NFA),2006-12-22,,Darren Park
1982,9100328,050016,2005-05-11,,jnagashima,2008-05-28 07:56:34,2190,Responsible Party,Unknown,0.0,Other,False,False,False,False,False,False,False,,False,0.0,False,False,False,False,0.0,False,False,False,False,False,,Site Cleanup Completed (NFA),2008-05-05,Unknown,Josh Nagashima 
1983,9201724,050023,2005-05-12,2008-12-16,rkwan,2009-03-31 10:38:53,2191,Responsible Party,Unknown,0.0,Other,False,False,False,False,True,False,True,,False,0.0,True,False,False,False,0.0,False,False,False,False,False,,Site Cleanup Completed (NFA),2008-12-16,Unknown,Shaobin Li 
1984,9200330,050018,2005-05-12,2015-11-24,roxanne.kwan,2019-12-12 16:30:02,2192,Responsible Party,Unknown,0.0,Other,True,False,False,False,True,False,True,,False,0.0,False,False,False,False,0.0,False,False,False,False,False,free product recovery activities,Monitored Natural Attenuation,2015-07-08,Unknown,Shaobin Li 
1985,9201865,050019,2005-05-13,,rkwan,2005-06-21 15:42:39,2193,,,0.0,,False,False,False,False,False,False,False,,False,0.0,False,False,False,False,0.0,False,False,False,False,False,,Site Cleanup Completed (NFA),2005-09-27,,Shunsheng Fu
1986,9101867,050028,2005-05-18,,rkwan,2005-05-18 11:39:59,2194,,,0.0,,False,False,False,False,False,False,False,,False,0.0,False,False,False,False,0.0,False,False,False,False,False,,Site Cleanup Completed (NFA),2005-09-02,,Shaobin Li
1987,9601223,050032,2005-05-18,,jnagashima,2008-12-16 15:07:33,2195,Responsible Party,Overfill,0.0,Tank Removal,False,True,False,True,False,False,False,,False,0.0,True,False,False,False,0.0,False,False,False,False,False,,Site Cleanup Completed (NFA),2008-12-05,Unknown,Josh Nagashima 
1988,9100049,050021,2005-04-29,,dpark,2007-03-07 08:02:25,2196,,,0.0,,False,False,False,False,False,False,False,,False,0.0,False,False,False,False,0.0,False,False,False,False,False,,Site Cleanup Completed (NFA),2007-03-07,,Darren Park 
1989,9200323,050031,2005-06-06,,rkwan,2005-11-30 10:21:25,2197,,,0.0,,False,False,False,False,False,False,False,,False,0.0,False,False,False,False,0.0,False,False,False,False,False,,Site Cleanup Completed (NFA),2006-03-06,,Richard Takaba
1990,9200331,050029,2005-06-06,,rtakaba,2006-08-01 14:52:12,2198,,,0.0,,False,False,False,False,False,False,False,,False,0.0,False,False,False,False,0.0,False,False,False,False,False,,Site Cleanup Completed (NFA),2006-11-22,,Darren Park
1991,9201863,050024,2005-06-06,,roxanne.kwan,2021-09-23 17:04:15,2199,,,0.0,,False,False,False,False,False,False,False,,False,0.0,False,False,False,False,0.0,False,False,False,False,False,,Site Cleanup Completed (NFA),2005-11-09,,Shunsheng Fu 
1992,9200326,050033,2005-06-08,,rkwan,2005-06-21 15:44:08,2201,,,0.0,,False,False,False,False,False,False,False,,False,0.0,False,False,False,False,0.0,False,False,False,False,False,,Site Cleanup Completed (NFA),2006-02-07,,Shunsheng Fu
1993,9600456,050022,2005-05-03,2011-12-15,rkwan,2012-04-04 09:33:34,2202,Responsible Party,,0.0,Other,False,False,False,False,False,False,False,,False,0.0,False,False,False,False,0.0,False,False,False,False,False,,Site Cleanup Completed with EHE,2011-12-30,,Deena Kam 
1994,9100337,050026,2005-05-05,,rkwan,2005-06-21 15:43:49,2203,,,0.0,,False,False,False,False,False,False,False,,False,0.0,False,False,False,False,0.0,False,False,False,False,False,,Site Cleanup Completed (NFA),2006-03-08,,Shunsheng Fu
1995,9101725,050030,2005-05-06,,rtakaba,2006-08-01 14:59:23,2204,,,0.0,,False,False,False,False,False,False,False,,False,0.0,False,False,False,False,0.0,False,False,False,False,False,,Site Cleanup Completed (NFA),2006-11-09,,Darren Park
1996,9707760,050034,2005-06-13,,rkwan,2005-06-21 15:44:35,2205,,,0.0,,False,False,False,False,False,False,False,,False,0.0,False,False,False,False,0.0,False,False,False,False,False,,Site Cleanup Completed (NFA),2005-08-25,,Shunsheng Fu
1997,9707597,050035,2005-07-19,2009-01-05,rkwan,2011-06-22 16:01:44,2206,Responsible Party,Leaking Tank,0.0,Tank Removal,False,False,True,False,False,False,False,,False,0.0,True,False,False,False,0.0,False,False,False,False,False,,Site Cleanup Completed (NFA),2010-09-21,Tank,To DERA 
1998,9201123,050037,2005-07-25,,rkwan,2005-11-30 10:18:38,2207,,,0.0,,False,False,False,False,False,False,False,,False,0.0,False,False,False,False,0.0,False,False,False,False,False,,Site Cleanup Completed (NFA),2006-02-17,,Shunsheng Fu
1999,9100937,050036,2005-07-08,,rkwan,2005-11-30 10:18:09,2208,,,0.0,,False,False,False,False,False,False,False,,False,0.0,False,False,False,False,0.0,False,False,False,False,False,,Site Cleanup Completed (NFA),2006-08-22,,Shaobin Li
2000,9101187,050038,2005-08-09,,dpark,2007-04-23 14:51:12,2209,,Leaking Piping,0.0,Leak Detection,False,False,False,False,False,False,False,,False,0.0,False,False,False,False,0.0,False,False,False,False,False,,Site Cleanup Completed (NFA),2007-04-17,Piping,Darren Park 
2001,9601874,050039,2005-08-09,,sli,2008-05-30 11:41:19,2210,,Leaking Piping,0.0,Leak Detection,False,False,False,False,False,False,False,,False,0.0,True,False,False,False,0.0,False,False,False,False,False,,Site Cleanup Completed (NFA),2007-06-05,Piping,Shaobin Li 
2002,9702155,050040,2005-08-15,,rkwan,2009-09-10 10:27:15,2211,,,0.0,Other,False,False,False,False,False,False,False,,False,0.0,False,False,False,False,0.0,False,False,False,False,False,,Site Cleanup Completed (NFA),2008-02-19,Piping,Shunsheng Fu 
2003,9701714,050041,2005-08-29,,rtakaba,2007-10-22 16:33:13,2212,,,0.0,,False,False,False,False,False,False,False,,False,0.0,False,False,False,False,0.0,False,False,False,False,False,,Site Cleanup Completed (NFA),2007-10-10,,Richard Takaba 
2004,9100210,050043,2005-09-20,,rkwan,2005-11-30 10:48:30,2213,,,0.0,,False,False,False,False,False,False,False,,False,0.0,False,False,False,False,0.0,False,False,False,False,False,,Site Cleanup Completed (NFA),2005-11-27,,Richard Takaba
2005,9200136,050042,2005-08-07,2013-10-14,sli,2013-11-05 13:50:19,2214,,Unknown,0.0,Tank Removal,False,False,False,False,False,False,False,,False,0.0,False,False,False,False,0.0,False,False,False,False,False,,Site Cleanup Completed (NFA),2013-10-21,Tank,Shaobin Li 
2006,9101276,060001,2005-10-20,,rkwan,2005-11-30 10:48:09,2215,,,0.0,,False,False,False,False,False,False,False,,False,0.0,False,False,False,False,0.0,False,False,False,False,False,,Site Cleanup Completed (NFA),2005-11-03,,Richard Takaba
2007,9200326,060003,2005-11-14,,rkwan,2005-11-30 10:13:04,2216,,,0.0,,False,False,False,False,False,False,False,,False,0.0,False,False,False,False,0.0,False,False,False,False,False,,Site Cleanup Completed (NFA),2006-02-07,,Shunsheng Fu
2008,9707781,060002,2005-11-02,,rkwan,2005-11-30 10:14:17,2217,,,0.0,,False,False,False,False,False,False,False,,False,0.0,False,False,False,False,0.0,False,False,False,False,False,,Site Cleanup Completed (NFA),2006-04-21,,Shunsheng Fu
2009,9102674,060007,2005-11-30,,rkwan,2011-07-26 09:33:53,2218,,,0.0,,False,False,False,False,False,False,False,,False,0.0,False,False,False,False,0.0,False,False,False,False,False,,Site Cleanup Completed (NFA),2006-04-26,,Shunsheng Fu 
2010,9102326,060009,2005-11-30,2019-09-05,roxanne.kwan,2019-09-10 16:42:46,2219,Responsible Party,Leaking Tank and Piping,0.0,Tank Removal,False,False,False,False,False,True,True,,False,0.0,True,False,False,False,0.0,False,False,False,False,False,,LUST Cleanup Initiated,2002-10-01,Tank,Shunsheng Fu 
2011,9102339,060006,2005-11-30,,rkwan,2005-11-30 09:57:15,2220,,,0.0,,False,False,False,False,False,False,False,,False,0.0,False,False,False,False,0.0,False,False,False,False,False,,Site Cleanup Completed (NFA),2006-02-08,,Shaobin Li
2012,9102335,060008,2005-11-30,,rkwan,2005-11-30 09:59:43,2221,,,0.0,,False,False,False,False,False,False,False,,False,0.0,False,False,False,False,0.0,False,False,False,False,False,,Site Cleanup Completed (NFA),2006-01-20,,Shaobin Li
2013,9102329,060005,2005-11-30,2011-07-12,dkam,2011-08-09 09:45:15,2222,Responsible Party,,0.0,,False,False,False,False,False,False,False,,False,0.0,False,False,False,False,0.0,False,False,False,False,False,,Site Cleanup Completed (NFA),2011-08-03,,Deena Kam 
2014,9707775,060010,2006-01-04,,rkwan,2006-01-04 14:11:04,2223,,,0.0,,False,False,False,False,False,False,False,,False,0.0,False,False,False,False,0.0,False,False,False,False,False,,Site Cleanup Completed (NFA),2006-01-19,,Richard Takaba
2015,9201024,060011,2006-01-11,2017-07-14,roxanne.kwan,2023-02-20 16:29:31,2224,Responsible Party,Leaking Tank,0.0,Other,False,False,False,False,True,False,False,,False,0.0,False,False,False,False,0.0,False,False,False,False,False,,Confirmed Release,2016-12-15,Unknown,Shaobin Li 
2016,9707759,060014,2006-02-03,,rkwan,2006-02-03 10:22:21,2225,,,0.0,,False,False,False,False,False,False,False,,False,0.0,False,False,False,False,0.0,False,False,False,False,False,,Site Cleanup Completed (NFA),2006-02-17,,Richard Takaba
2018,9707790,060016,2006-02-17,2009-07-16,sfu,2009-09-23 11:10:48,2227,Responsible Party,Leaking Tank and Piping,0.0,Tank Removal,True,False,False,False,True,True,True,,False,0.0,False,False,False,False,0.0,False,False,False,False,False,,Site Cleanup Completed with EHMP,2009-07-28,Tank,Shunsheng Fu 
2019,9202779,060017,2006-02-21,2014-12-19,sli,2015-01-08 09:19:19,2229,,Leaking Tank and Piping,0.0,Other,False,False,False,False,True,True,False,,False,0.0,True,True,False,False,0.0,False,False,False,False,False,,Site Cleanup Completed with EHE/EHMP,2015-01-06,Tank,Shaobin Li 
2020,9100227,060019,2006-11-01,,RKWAN,2006-03-06 14:49:22,2230,,,0.0,,False,False,False,False,False,False,False,,False,0.0,False,False,False,False,0.0,False,False,False,False,False,,Site Cleanup Completed (NFA),2006-03-15,,Richard Takaba
2021,9201109,060013,2006-03-23,,sfu,2008-03-18 12:00:58,2231,,,0.0,,False,False,False,False,False,False,False,,False,0.0,False,False,False,False,0.0,False,False,False,False,False,,Site Cleanup Completed (NFA),2008-01-10,,Shunsheng Fu 
2022,9502466,060021,2006-04-30,,rkwan,2007-09-26 09:04:27,2232,,,0.0,,False,False,False,False,False,False,False,,False,0.0,False,False,False,False,0.0,False,False,False,False,False,,Site Cleanup Completed (NFA),2006-10-16,,Shaobin Li 
2023,9100783,060022,2006-04-19,,rkwan,2007-03-27 13:53:30,2233,,,0.0,,False,False,False,False,False,False,False,,False,0.0,False,False,False,False,0.0,False,False,False,False,False,,Site Cleanup Completed (NFA),2007-01-30,,Shunsheng Fu
2024,9707752,060023,2006-04-21,,rkwan,2006-04-21 10:12:26,2234,,,0.0,,False,False,False,False,False,False,False,,False,0.0,False,False,False,False,0.0,False,False,False,False,False,,Site Cleanup Completed (NFA),2006-04-28,,Richard Takaba
2025,9102947,060004,2005-11-09,,rkwan,2006-04-21 13:44:24,2235,,,0.0,,False,False,False,False,False,False,False,,False,0.0,False,False,False,False,0.0,False,False,False,False,False,,Site Cleanup Completed (NFA),2006-03-08,,Richard Takaba
2026,9500422,060024,2006-04-21,2011-01-31,sfu,2011-02-16 14:35:30,2236,Responsible Party,Leaking Tank and Piping,0.0,Tank Removal,False,False,False,False,False,True,True,,False,0.0,True,False,False,False,0.0,False,False,False,False,False,,Site Cleanup Completed (NFA),2011-02-11,Tank,Shunsheng Fu 
2027,9102524,060025,2006-05-01,2011-09-16,dkam,2011-09-29 15:58:41,2237,Responsible Party,Leaking Tank and Piping,0.0,Tank Removal,True,False,False,False,True,False,False,,False,0.0,False,True,True,False,0.0,False,False,False,False,False,,Site Cleanup Completed (NFA),2011-09-23,Tank,Deena Kam 
2028,9100999,060026,2006-05-08,,sli,2008-09-29 14:05:07,2238,Responsible Party,Leaking Piping,0.0,Tank Removal,False,False,False,False,False,False,False,,False,0.0,True,True,False,False,0.0,False,False,False,False,False,excavation,Site Cleanup Completed (NFA),2007-08-27,Piping,Shaobin Li 
2029,9100999,060027,2006-05-31,,sli,2008-09-29 14:04:48,2239,Responsible Party,Leaking Tank,0.0,Tank Removal,False,False,False,False,False,False,False,,False,0.0,True,True,False,False,0.0,False,False,False,False,False,excavation,Site Cleanup Completed (NFA),2007-08-27,Tank,Shaobin Li 
2030,9707793,060028,2006-06-01,,rkwan,2007-03-27 13:55:11,2240,,,0.0,,False,False,False,False,False,False,False,,False,0.0,False,False,False,False,0.0,False,False,False,False,False,,Site Cleanup Completed (NFA),2007-01-30,,Shunsheng Fu 
2031,9707433,060012,2006-01-17,,sfu,2008-05-13 15:36:50,2242,,,0.0,,False,False,False,False,False,False,False,,False,0.0,False,False,False,False,0.0,False,False,False,False,False,,Site Cleanup Completed (NFA),2008-03-10,,Shunsheng Fu 
2032,9100337,060018,2005-11-01,,sfu,2007-05-01 15:25:48,2243,,,0.0,,False,False,False,False,False,False,False,,False,0.0,False,False,False,False,0.0,False,False,False,False,False,,Site Cleanup Completed (NFA),2007-02-12,,Shunsheng Fu
2033,9100819,060020,2006-03-15,,rtakaba,2007-10-22 16:35:22,2244,,,0.0,,False,False,False,False,False,False,False,,False,0.0,False,False,False,False,0.0,False,False,False,False,False,,Site Cleanup Completed (NFA),2007-10-16,,Richard Takaba 
2034,9701131,060029,2006-06-06,,rtakaba,2007-03-22 10:51:37,2245,,,0.0,,False,False,False,False,False,False,False,,False,0.0,False,False,False,False,0.0,False,False,False,False,False,,Disconfirmed Release,2006-07-24,,Richard Takaba 
2035,9707658,060031,2006-07-17,,rkwan,2009-08-11 15:06:38,2246,,,0.0,,False,False,False,False,False,False,False,,False,0.0,False,False,False,False,0.0,False,False,False,False,False,,Site Cleanup Completed (NFA),2005-12-22,,To HEER 
2037,9707800,060032,2006-06-14,,rtakaba,2007-05-04 16:40:15,2248,,Leaking Tank,500.0,Tank Removal,False,False,True,False,False,False,False,,False,0.0,True,True,False,False,0.0,False,False,False,False,False,,Site Cleanup Completed (NFA),2007-03-30,Tank,Richard Takaba 
2038,9707407,060035,2006-08-16,2009-07-10,rkwan,2011-08-15 14:55:43,2249,Responsible Party,Leaking Tank and Piping,0.0,Other,True,False,False,False,False,False,False,,False,0.0,False,False,False,False,0.0,False,False,False,False,False,,Case Transferred to HEER (unregulated),2009-08-20,Tank,Shunsheng Fu 
2039,9707809,060036,2006-09-05,2009-03-04,dpark,2009-03-04 10:27:09,2252,Responsible Party,Leaking Tank,0.0,Tank Removal,False,False,False,False,False,False,False,,False,0.0,True,False,False,False,0.0,False,False,False,False,False,,Site Cleanup Completed (NFA),2008-03-31,Tank,Josh Nagashima 
2040,9707433,060033,2006-08-04,,sfu,2008-05-13 15:37:23,2255,,,0.0,,False,False,False,False,False,False,False,,False,0.0,False,False,False,False,0.0,False,False,False,False,False,,Site Cleanup Completed (NFA),2008-03-10,,Shunsheng Fu 
2041,9707810,060037,2006-09-15,,rtakaba,2008-05-01 15:49:36,2256,,,0.0,Tank Removal,False,False,False,False,False,False,False,,False,0.0,False,False,False,False,0.0,False,False,False,False,False,,Site Cleanup Completed (NFA),2008-02-19,,Richard Takaba 
2042,9200976,070001,2006-10-12,2010-01-14,sli,2010-02-03 11:27:38,2257,,Leaking Piping,0.0,Leak Detection,False,False,False,False,False,False,False,,False,0.0,True,False,False,False,0.0,False,False,False,False,False,,Site Cleanup Completed (NFA),2010-01-21,Piping,Shaobin Li 
2043,9201102,070003,2006-10-23,2020-10-23,Allison.Hutto,2020-10-22 12:19:09,2258,Responsible Party,Overfill,1140.0,Leak Detection,False,False,False,False,True,False,True,,False,0.0,False,False,False,False,0.0,False,False,False,False,False,,Monitored Natural Attenuation,2019-05-23,Delivery,Allison Hutto 
2044,9100322,070002,2006-10-25,,sfu,2008-09-08 15:16:16,2259,Responsible Party,Leaking Piping,0.0,Leak Detection,False,False,False,False,False,True,False,,False,0.0,True,True,False,False,0.0,False,False,False,False,False,over-excavation,Site Cleanup Completed with EHMP,2008-05-30,Piping,Shunsheng Fu 
2045,9707817,070004,1996-11-01,,rkwan,2007-03-20 15:07:26,2260,,,0.0,,False,False,False,False,False,False,False,,False,0.0,False,False,False,False,0.0,False,False,False,False,False,,Site Cleanup Completed (NFA),2007-01-12,,Shunsheng Fu 
2046,9102001,070005,2006-12-19,2017-10-31,roxanne.kwan,2018-08-28 15:59:42,2261,Responsible Party,Leaking Piping,5.0,Leak Detection,False,False,False,False,True,True,True,2008-11-12,False,0.0,True,True,False,False,0.0,False,False,False,False,False,,Consolidated releases,2018-08-20,Piping,Randall Heu 
